,LOG_LIQ,EDUC,LOG_INCOME,HHOUSES,AGE,FINLIT,EMERGSAV,KIDS,MARRIED,OCCAT1,YESFINRISK,LOG_DEBT,SPENDMOR,LATE,LOG_RET_ASSETS
0,9.48044384215367,9,10.566323310283456,1,70,1,1,2,2,3,0,12.180759965737863,5,0,13.12854622415384
5,10.609081944147828,12,12.323102772577545,1,46,3,1,0,2,2,0,13.159082888234298,3,0,12.390479526523466
10,9.295692039075686,14,13.00658583990648,1,68,3,1,0,1,3,0,16.682272507104123,3,1,17.925595438840958
15,12.00762780434872,12,11.934326696707894,0,74,3,1,0,2,3,0,0.0,3,0,15.113520277291379
20,7.00397413672268,8,10.936821754744528,0,19,0,0,0,1,1,0,9.305741456739435,2,0,7.00397413672268
25,12.122696471358964,12,12.553908279925931,1,74,2,0,0,1,3,0,11.6172944892629,5,0,15.690845104081916
30,11.669937760751914,13,16.413428504006223,1,52,3,1,1,1,2,0,0.0,2,0,16.53458648507231
35,7.313886831633462,12,10.596503161315887,0,60,1,0,0,2,3,0,0.0,3,0,7.313886831633462
40,12.278397958261774,12,13.415281215273463,1,43,3,1,2,1,2,1,13.73755009757506,5,0,12.59473402514672
45,10.238208256118535,12,10.674462827538377,1,67,2,0,0,1,3,0,12.11943029135234,4,1,10.238208256118535
50,9.928228944424575,13,12.263679624391456,1,46,3,1,0,2,1,0,12.111767460549332,2,0,9.928228944424575
55,7.576097340623111,9,10.64914561257346,0,51,2,1,1,2,1,0,9.271529540288606,5,0,7.576097340623111
60,9.472781556562168,12,9.847813990029195,0,77,3,1,0,2,3,0,0.0,3,0,12.409017571151187
65,6.236369590203704,8,10.974561423798537,1,57,0,0,2,2,1,0,11.722545990951964,2,0,6.236369590203704
70,10.491857380698828,13,11.639529406064158,0,30,2,1,0,1,1,0,12.403286919899765,2,0,10.839012122525581
75,8.098946748943339,8,10.91740401772286,1,56,0,0,1,1,1,0,10.012386799492118,4,0,8.098946748943339
80,7.8826922062890254,4,10.030126736355644,1,70,2,0,0,1,3,0,6.398594934535208,5,1,7.8826922062890254
85,10.969938154395841,8,11.30306069379871,1,57,1,0,0,1,3,0,0.0,5,0,13.525293274579292
90,9.472781556562168,12,10.814221753204105,0,32,2,0,0,2,2,0,0.0,4,0,9.472781556562168
95,7.824445930877619,13,11.367598443988374,1,46,3,0,0,2,1,1,11.889997957243736,4,0,7.824445930877619
100,12.240478903153711,12,14.4506435113393,1,75,2,1,0,1,2,0,0.0,5,0,17.291877284039572
105,12.960317277281595,12,12.634537740790055,1,52,3,1,2,1,1,0,0.0,1,0,15.459388736941142
110,6.90875477931522,10,10.95586961402582,1,62,3,0,0,1,3,0,10.428245666832275,3,0,6.90875477931522
115,12.301387370778713,14,12.689345803522986,1,63,3,1,0,1,1,0,12.013706813470414,4,0,14.577717741091163
120,14.266586814266963,12,15.062697170906063,1,57,3,1,0,1,2,0,13.567050480716235,2,0,16.61947687646566
125,5.771441123130016,8,10.64914561257346,0,41,0,0,3,2,1,0,9.19023970026918,4,1,8.394121193826242
130,6.255750041753367,9,9.470543987306165,0,19,2,0,0,2,4,0,0.0,5,0,6.255750041753367
135,5.707110264748875,8,11.175229004346514,0,51,2,0,1,1,1,0,6.90875477931522,4,1,5.707110264748875
140,8.216358332386156,11,10.674462827538377,0,62,1,0,0,2,1,0,11.759793355371237,4,0,8.216358332386156
145,12.345838935721968,12,11.462907572501242,1,68,3,1,0,1,3,0,0.0,4,0,14.56928283092878
150,6.8679744089702925,9,10.674462827538377,0,23,2,1,0,2,1,1,0.0,2,0,6.8679744089702925
155,8.699681400989514,8,12.689345803522986,1,52,3,0,0,1,1,0,12.995667994503354,2,0,11.097425172408931
160,6.2166061010848646,11,11.159961747859198,1,42,2,0,1,2,1,0,10.640675541671662,5,0,10.703266939811954
165,13.837762144893725,12,13.483843787831688,1,42,3,1,2,1,1,0,13.366095129723817,2,0,14.811536627201628
170,6.90875477931522,12,10.897601753215403,1,50,2,0,0,2,1,0,12.468440756144114,3,0,6.90875477931522
175,7.601402334583733,3,10.511947979456522,0,49,2,0,0,1,2,0,0.0,5,0,9.105090961257085
180,6.68586094706836,6,10.897601753215403,0,55,2,0,0,1,1,0,0.0,4,0,6.68586094706836
185,16.14668320499196,14,15.673339893066565,1,67,3,1,0,1,2,0,0.0,2,0,17.216707972959764
190,8.294299608857235,8,9.182887610990473,1,60,2,0,0,2,1,0,11.19822841866684,5,0,8.294299608857235
195,9.036106025364846,13,12.05447026579311,1,52,3,0,0,1,1,0,12.377927112974284,5,0,12.29865638469802
200,7.560601162768557,11,9.69367212060944,1,69,2,1,1,1,3,0,7.307202314764738,4,1,13.224777356283198
205,9.34145634983372,8,10.792243293398966,0,73,3,0,0,2,1,1,10.563879076356082,5,0,9.873079890114703
210,4.61512051684126,4,9.470543987306165,0,68,1,0,0,2,3,0,0.0,2,0,4.61512051684126
215,5.707110264748875,10,8.266751042186463,1,36,2,0,0,2,4,0,11.561725152903833,4,1,11.574029971623514
220,7.601402334583733,8,9.288237848223762,0,53,1,0,0,2,1,0,8.006700845440367,1,1,7.696667081526462
225,9.239996256883693,12,11.234068703381137,1,81,2,1,1,2,3,0,10.627915353129104,4,0,14.342780824360272
230,9.989711119284745,9,11.367598443988374,0,61,2,1,0,2,2,0,8.699681400989514,5,0,9.989711119284745
235,12.150036542839864,12,13.835687391217062,1,55,3,0,1,1,2,1,13.657687643730208,5,0,13.834431424074277
240,13.314636915215106,12,15.534252282831947,1,61,3,1,0,1,2,0,15.05966544010744,2,0,17.234416906155435
245,10.985309671896763,12,12.546245434332967,1,56,2,1,3,1,1,0,13.049579758676577,5,0,14.064712423020696
250,10.736418414365376,14,12.44939597018852,1,39,3,1,2,1,1,0,13.920771968711371,4,0,11.6172944892629
255,4.51085950651685,8,10.030126736355644,1,50,2,0,5,1,4,0,0.0,1,0,4.51085950651685
260,10.545367754151743,12,12.602334706882178,0,57,3,1,0,1,2,0,0.0,4,0,15.450226472590424
265,6.523562306149512,12,11.079920226254767,0,39,2,0,0,2,1,0,10.915106645867503,2,1,6.523562306149512
270,7.544861068658458,8,11.063113369269185,0,25,3,0,0,1,1,0,10.463131911491967,4,0,7.890208213109961
275,9.105090961257085,9,11.28963784015293,1,54,3,1,2,2,1,0,11.944714374881176,2,0,9.105090961257085
280,8.412054873292933,9,11.756252709710795,1,58,2,0,1,1,3,0,11.909020140718255,2,0,8.412054873292933
285,7.578656850594762,8,8.777473893219948,0,34,2,0,0,2,1,0,10.585346257326217,5,0,8.332308352219117
290,11.49782197939291,13,11.821849494415464,1,63,3,1,0,2,1,0,0.0,5,0,11.59451466851004
295,12.439170488085749,13,14.756205869536675,1,65,3,0,0,2,2,0,14.53335083891935,2,0,15.302215931132501
300,10.839600519357369,12,13.988626544885074,1,58,3,1,0,1,2,0,15.05330520078888,1,0,15.504314210519537
305,5.402677381872279,10,10.31779779558084,0,50,2,0,0,1,3,0,5.707110264748875,5,0,5.402677381872279
310,10.950824090522445,8,11.649008066953392,1,53,3,0,0,1,2,0,11.089820688682373,5,0,13.614618838078025
315,9.546884034617925,12,12.379191996605552,1,37,3,1,0,1,1,0,12.595581121014076,4,0,11.626263078808801
320,9.648659816955295,13,11.53944687502236,1,35,2,1,2,1,1,0,12.346273621950562,3,0,9.648659816955295
325,13.089842251812337,12,12.909818516118985,1,33,2,1,0,1,2,0,13.75713010361925,4,0,13.546324377048325
330,10.308985993422082,4,10.204473075038809,1,90,1,0,0,2,3,0,0.0,5,0,10.308985993422082
335,0.0,13,9.930047914868675,0,74,3,0,0,2,3,0,0.0,5,0,0.0
340,10.877688637695117,9,11.190266672490848,0,44,2,0,0,1,1,0,10.645448706505872,5,0,12.037541561549427
345,8.987321812850125,10,11.73915841150484,1,37,1,0,3,1,1,0,11.892737666219704,1,1,8.987321812850125
350,12.59473402514672,14,12.195051453346123,1,63,3,1,0,2,2,0,12.10625783509458,4,0,12.921472880009725
355,5.707110264748875,6,10.076644749570697,0,58,2,1,0,2,3,0,0.0,1,0,5.707110264748875
360,10.020870508171171,12,11.821849494415464,1,38,2,1,0,1,1,0,12.429220196836383,5,0,11.956912324065804
365,10.736418414365376,9,10.482095840823943,1,80,3,1,0,2,3,0,0.0,3,0,12.955129822091815
370,13.171155446333852,12,15.534252282831947,1,71,3,1,0,1,1,0,16.204273438942487,4,0,18.56239730524952
375,5.8888779583328805,8,10.482095840823943,0,55,3,0,0,2,1,0,0.0,2,0,5.8888779583328805
380,8.863757191604241,8,11.190266672490848,0,51,2,0,0,2,1,0,9.259225769705994,4,0,12.969377685381849
385,10.322230781590136,8,11.367598443988374,1,47,2,1,1,1,1,0,11.80560254159177,4,0,12.558140493079444
390,8.160803920954665,12,10.974561423798537,1,73,2,1,0,2,1,0,12.280256686219182,5,0,13.821791789660372
395,8.987321812850125,9,10.511947979456522,1,72,1,1,0,1,3,0,0.0,5,0,9.392745258631441
400,11.552155793461898,12,13.324155957794543,1,55,3,1,0,2,2,0,13.122365377402328,3,0,15.449641278110677
405,6.55250788703459,13,10.31779779558084,0,55,2,0,0,2,2,0,11.561725152903833,2,0,11.9873007744816
410,8.294299608857235,12,11.046019206267971,0,38,3,0,2,1,1,0,10.219793524324475,2,1,8.294299608857235
415,9.581972891547895,11,13.57723524613773,1,67,2,1,0,1,2,0,12.77138929548529,5,0,14.324254616776361
420,11.635151947212842,12,0.0,1,46,3,0,3,1,2,0,13.911276088626114,4,0,14.372265686684402
425,9.865837605084222,13,11.969173203349216,1,43,3,1,2,1,1,0,13.070229730019086,4,0,11.64273368518212
430,16.568406710601305,13,14.841105281563589,1,55,3,1,1,1,2,0,14.858258066275946,4,0,18.704113809646667
435,4.624972813284271,9,9.875983398597374,0,37,2,0,2,2,4,1,10.685126264117057,2,1,4.624972813284271
440,14.176676104039727,8,13.890311942980292,1,64,3,1,0,2,3,1,0.0,2,0,16.87116136882157
445,10.203629181337648,11,11.355019808159389,1,38,2,1,2,1,1,0,12.524530013005734,5,0,10.203629181337648
450,7.601402334583733,8,11.355019808159389,1,44,1,0,2,1,1,0,10.785207543360087,2,1,10.67130147767883
455,12.739054008205294,12,12.576550677614923,1,60,3,1,0,1,2,0,10.275085591132715,3,0,14.92433749898519
460,11.820417517632333,12,14.73056344906956,1,60,3,0,0,1,2,0,0.0,5,1,16.605816462411642
465,4.127134385045092,8,9.383539618396707,1,62,2,0,0,2,3,0,6.089044875446846,4,0,4.127134385045092
470,10.62135173563291,9,11.41638805747596,1,31,2,1,3,1,1,0,12.345838935721968,4,0,11.418625774449596
475,11.434974734252892,13,13.748290821525979,1,57,3,1,2,1,1,0,12.52815976788113,4,0,16.061260820053885
480,0.0,2,9.550580764956187,1,58,1,0,1,2,1,0,9.392745258631441,5,0,0.0
485,11.127277689932466,12,13.101454412807064,1,50,3,1,0,1,1,0,0.0,4,0,14.475618401241752
490,7.2485040723706105,10,10.31779779558084,1,70,2,0,0,1,2,0,0.0,1,0,7.2485040723706105
495,6.68586094706836,9,10.386788464403516,0,41,3,0,0,1,1,0,11.264476926102367,3,0,7.170888478512505
500,10.043292972227004,14,12.689345803522986,1,51,2,1,1,1,1,0,12.358368749551493,4,0,13.148033073468746
505,7.8083230503910555,11,10.699154876036824,0,49,1,0,2,2,1,0,9.852246888342531,4,1,10.38779464774131
510,7.223295679562314,8,11.451478997511787,1,47,2,0,2,1,1,0,11.978174056923724,4,0,7.223295679562314
515,10.206956848388238,8,12.172951219287846,1,52,2,1,2,1,1,0,11.6172944892629,5,0,12.660616764976298
520,10.835671318412196,12,12.232589186385791,1,53,2,0,2,1,1,0,12.468440756144114,5,0,12.973401545524444
525,15.323137425686562,14,13.817946214642854,1,77,3,1,0,1,3,0,0.0,5,0,16.62287509335178
530,8.699681400989514,14,13.114612470684651,1,58,3,0,3,1,2,0,14.731801689838349,2,0,13.051943059028227
535,11.104972264124868,9,11.451478997511787,1,52,2,1,0,1,1,0,12.380030154325457,2,0,12.303657509006147
540,14.70545772517636,13,15.328400269608222,1,76,3,1,0,1,2,0,0.0,3,0,18.779424553312406
545,13.592368256649284,12,15.524515109305181,1,40,3,1,3,1,1,0,14.635290829986122,4,0,15.86603821814647
550,11.626977103169516,13,13.379152546081027,1,81,3,1,0,1,3,0,0.0,5,0,16.601822250546693
555,8.648396877031582,12,11.226900308980577,1,56,3,1,0,1,1,0,11.835016210489899,3,0,13.781127166084312
560,10.707751151716078,9,11.439918298765717,1,48,3,1,3,1,2,0,12.793862088206213,5,0,11.780667550692455
565,8.987321812850125,13,11.063113369269185,1,30,2,0,0,2,1,0,12.072832639020023,4,0,8.987321812850125
570,8.000014093678072,10,11.301726487246508,1,47,3,1,0,1,1,0,10.829352306844557,1,0,11.461432150580011
575,8.594339400592892,11,11.496429917961313,1,62,3,0,0,1,1,0,11.992885613168797,5,0,12.640776116195056
580,13.023649611968253,14,15.635534709735996,1,65,3,1,0,1,2,0,0.0,4,0,17.258521474408127
585,8.577535420422398,12,10.540934738927314,0,24,2,0,0,1,1,0,10.085850775128717,3,0,8.891649112650057
590,13.802730236462393,13,16.178754552281323,1,48,3,1,3,1,1,0,14.564092918449106,2,0,17.656924407850404
595,7.155396301896734,8,9.75820678716859,1,66,3,1,0,2,3,0,0.0,2,0,7.155396301896734
600,11.002116507732017,13,11.658397725704077,1,39,3,1,0,2,1,0,12.235636302128867,2,0,12.034696963475044
605,6.2166061010848646,9,10.386788464403516,0,42,0,0,3,2,1,0,10.454523783963511,4,0,7.170888478512505
610,5.303304908059076,10,10.540934738927314,0,31,0,1,1,1,1,0,9.933094897288786,1,0,5.303304908059076
615,8.37816098272068,3,10.87739942351305,1,74,3,0,1,2,3,0,0.0,2,0,12.557964669521446
620,0.6931471805599453,4,9.69367212060944,1,84,1,0,0,2,3,0,9.648659816955295,1,0,6.400257445308821
625,8.648396877031582,12,11.392290774522229,1,37,3,0,0,1,1,0,12.250094315624496,3,0,11.426288563310505
630,8.343077871169383,13,11.518169685974078,1,52,2,1,0,2,1,0,12.612207529288542,5,0,11.200964361058276
635,13.407543823396258,13,14.566260469282453,1,52,3,1,2,1,1,0,0.0,3,0,16.518414271924257
640,7.601402334583733,9,11.128709656194046,1,75,2,0,0,2,3,0,11.776066350866136,3,0,7.601402334583733
645,9.210440366976517,13,12.991915683347502,1,62,3,0,0,1,1,0,12.628070334272698,2,0,14.062371417145494
650,9.942756341456828,10,11.367598443988374,1,32,2,1,1,1,1,0,12.04355959836804,5,0,12.436394371990376
655,6.803505257608338,12,10.482095840823943,0,63,2,0,0,2,1,0,6.329720905522696,5,0,6.803505257608338
660,12.631343648903034,9,13.239390835772962,1,64,3,1,0,1,2,0,14.346139397261565,5,0,13.716795688777268
665,14.395489600328839,8,16.354612387125037,1,79,3,1,0,1,3,0,0.0,5,0,19.26373820224321
670,10.477316144080852,13,13.811021285824332,1,50,3,1,2,1,1,0,13.815511557963774,4,0,15.571556662760937
675,10.043292972227004,12,12.258564547947534,0,45,3,0,1,1,1,1,9.87822102528824,4,0,13.777809729201323
680,5.802118375377063,5,10.31779779558084,1,52,1,0,3,1,3,0,9.642187721358466,1,0,5.802118375377063
685,11.736077016252437,12,11.941393817766459,1,71,3,1,0,2,1,0,11.961456448214491,5,0,12.314931534737134
690,11.38737357979909,12,10.699154876036824,1,39,0,0,1,2,1,0,10.056251557087757,3,0,11.729656499978892
695,10.239995502805316,8,10.674462827538377,1,47,3,1,1,1,1,0,11.450102804235202,3,0,10.34177474101152
700,9.680406499268875,8,10.35288797609956,0,22,2,1,0,1,1,0,9.088285725968877,2,1,10.2328272702548
705,10.34177474101152,12,13.219972784794315,0,53,3,1,0,2,3,0,14.04662307257814,3,0,15.573541046832258
710,5.831882477283517,13,11.010928456106528,0,39,2,1,2,1,1,0,10.27163147557801,5,0,11.516329664103791
715,3.9318256327243257,2,10.204473075038809,0,68,1,0,0,1,3,0,0.0,3,0,3.9318256327243257
720,6.255750041753367,8,10.281431375093115,0,40,1,0,0,2,1,0,0.0,5,0,8.166500319155052
725,3.713572066704308,1,10.35288797609956,1,75,3,0,2,2,3,0,0.0,4,0,3.713572066704308
730,8.24301946898925,8,11.367598443988374,1,67,3,0,0,1,1,0,12.907463255470907,5,0,8.24301946898925
735,10.26014749636236,8,11.276032359350232,1,37,2,1,2,1,2,0,11.461642696843066,4,0,10.26014749636236
740,10.730968928388284,12,11.821849494415464,1,28,3,1,1,1,1,0,12.147388951394372,3,0,12.23442197879482
745,8.556606193773073,11,10.835727530509162,0,46,0,1,0,2,1,0,5.993961427306569,1,1,8.556606193773073
750,6.966967138613983,8,11.30306069379871,1,56,2,0,2,1,1,0,11.299868373857027,2,0,6.966967138613983
755,8.853808274977197,14,12.14462086116848,1,69,3,1,1,1,3,0,9.472781556562168,3,0,17.45349140295008
760,7.496097345175956,7,11.234068703381137,1,77,2,1,0,2,3,0,0.0,5,0,12.215037342290755
765,8.853808274977197,12,10.64914561257346,0,34,1,1,0,2,1,0,10.861131337893761,3,0,8.853808274977197
770,15.797890524542016,12,16.908360154001652,1,63,3,1,0,1,1,0,0.0,4,0,18.859193712556678
775,8.294299608857235,12,11.580689440046534,1,76,3,1,0,1,2,0,12.01830227085359,4,0,10.275085591132715
780,7.244941546337007,2,11.046019206267971,1,72,1,1,1,1,1,0,9.792611856190192,5,1,7.244941546337007
785,13.157732451741687,8,10.769770904774587,1,78,2,1,0,1,3,0,5.993961427306569,4,0,13.719000758904409
790,0.0,8,9.08980721551555,0,29,1,1,1,2,4,0,0.0,4,0,0.0
795,7.905072849498666,11,10.792243293398966,1,85,3,0,1,2,3,0,9.820160289946374,5,0,7.905072849498666
800,11.128012703048789,13,12.440885314014933,1,45,2,1,2,1,1,0,12.504327379899443,2,0,13.35037665234405
805,10.645448706505872,8,11.74774208708152,1,67,2,1,0,1,3,0,10.485731104959568,3,0,13.415332946376147
810,11.63956692643747,2,14.423944319315101,1,62,2,1,0,1,3,0,14.151983508870947,4,0,16.85236083022496
815,10.596659732783579,13,11.316305758236654,0,39,2,1,0,2,1,0,9.646722582719068,5,0,12.019749091416921
820,9.116139576577355,2,10.511947979456522,1,66,2,1,0,1,2,0,14.196410395373745,3,0,9.116139576577355
825,11.571203807011969,14,17.60248770408975,1,87,3,1,0,1,2,0,0.0,2,0,20.207973587644094
830,12.354065835437861,12,13.173826267837656,1,68,3,1,0,1,3,0,0.0,5,0,17.776931181119814
835,13.484226240787052,13,13.286347737247365,1,41,3,1,2,1,1,0,12.754196944209095,2,0,15.287064992603373
840,7.438971592395862,12,11.730500418141487,1,31,2,1,1,1,1,0,12.04355959836804,4,0,12.137263685701864
845,8.909370405197466,8,11.41638805747596,1,54,3,0,0,1,1,0,9.503084610020228,5,1,12.130276325842603
850,10.239995502805316,12,11.686049021222916,1,50,2,1,4,1,1,0,11.983060335603437,3,0,10.933124826700707
855,16.274586533231687,14,15.347268749797214,1,58,3,1,4,1,2,0,15.85932505153463,5,0,18.047789320794955
860,12.657151449598695,14,13.060908402931776,1,74,3,1,0,1,3,0,0.0,2,1,16.585972081820973
865,4.61512051684126,8,8.85750474181683,0,56,1,0,0,2,3,0,0.0,1,0,4.61512051684126
870,12.837347081942964,12,13.353749018292671,1,63,3,1,0,1,1,0,12.650761671914688,5,0,15.568009486579278
875,11.211833885608513,12,11.518169685974078,1,64,3,0,0,1,1,0,9.210440366976517,4,0,14.275401349403301
880,10.275085591132715,12,11.549918073413814,1,50,3,0,3,1,1,0,12.359656021613945,2,0,12.269052139516223
885,5.017279836814924,8,9.930047914868675,1,62,1,0,0,2,1,0,0.0,2,0,5.017279836814924
890,13.081543466215237,11,15.479280269723738,1,79,3,1,0,1,2,0,14.532423580331772,3,0,16.468048119608387
895,7.824445930877619,9,10.16365262239305,0,21,3,1,0,2,1,0,0.0,4,0,8.160803920954665
900,13.119160252873913,11,14.305425787551254,1,61,2,1,0,1,2,0,15.321807933208326,1,0,17.737947173054
905,6.710523109452428,12,10.596503161315887,0,40,3,0,0,2,1,0,11.682170225273435,5,1,7.550135342488429
910,11.884495917930655,12,13.639713957447423,1,52,3,1,4,1,1,0,12.682309930111785,5,0,16.1972118680335
915,7.00397413672268,9,11.610542128340578,1,51,1,0,1,2,1,0,11.90868361260825,5,0,7.00397413672268
920,8.006700845440367,8,10.992910250981359,0,52,2,1,0,1,1,0,10.16203685698089,5,0,10.950824090522445
925,7.601402334583733,7,9.550580764956187,0,74,0,1,0,2,3,0,0.0,2,0,7.601402334583733
930,7.601402334583733,8,10.243692364956795,0,27,1,0,0,2,1,0,9.62911649414402,1,1,7.601402334583733
935,10.687411927154141,12,10.769770904774587,0,69,1,1,0,2,1,0,0.0,4,0,12.234664961456772
940,10.12667110305036,9,11.686049021222916,0,43,1,0,0,2,1,0,8.006700845440367,5,1,10.12667110305036
945,10.636119834372657,13,11.639529406064158,1,73,2,1,0,1,3,0,11.52387529615648,5,0,13.722968642976783
950,8.03947991910045,8,9.288237848223762,1,91,3,0,0,2,3,0,0.0,4,0,8.03947991910045
955,7.450660796211539,4,10.31779779558084,0,42,2,0,1,1,1,0,10.819798284210286,2,1,7.450660796211539
960,8.294299608857235,8,11.112709551691127,0,31,1,0,1,1,1,1,5.707110264748875,1,0,8.294299608857235
965,4.51085950651685,8,9.550580764956187,0,21,3,0,0,2,4,0,0.0,2,0,4.51085950651685
970,15.479298577968338,12,15.272081851788203,1,62,3,1,2,1,2,0,15.539883186775358,5,0,16.462767818918646
975,10.915106645867503,12,14.844973756944004,1,63,3,1,0,1,1,0,12.531776395271262,5,0,12.779875885354993
980,10.968215530759236,13,12.542391878732674,1,52,3,1,0,1,1,0,12.273735966890268,5,0,14.307765407391587
985,7.0909098220799835,3,10.030126736355644,0,48,2,0,2,2,4,0,0.0,2,0,7.0909098220799835
990,7.544861068658458,7,10.596503161315887,1,82,3,0,0,2,3,0,11.502885230075814,2,0,7.544861068658458
995,14.310207409556293,8,14.776256658858411,1,75,3,1,0,1,3,0,0.0,3,0,16.930802110941475
1000,8.962007209588313,12,12.283882237332369,1,43,3,0,2,1,1,0,12.144096172875006,3,0,11.81894585784987
1005,9.967447781495006,9,11.212407496011593,1,76,3,1,0,1,3,0,9.99884318585288,4,0,12.351561635278546
1010,9.741027444837728,13,11.496429917961313,1,73,3,1,0,2,3,0,0.0,4,0,14.136144456244882
1015,10.896757843893464,13,11.219680157476482,1,62,2,1,0,1,3,0,13.048288327785578,5,0,12.804911893867851
1020,8.575650760987806,13,10.95586961402582,0,60,3,0,0,2,2,0,12.655876756228816,5,0,8.575650760987806
1025,13.116347317149176,13,14.058830746545782,1,54,3,1,3,2,2,0,13.883170141017091,3,0,15.83692579458963
1030,12.38380451915696,10,11.962300367785085,1,56,3,1,1,2,1,0,0.0,1,0,14.025691253324744
1035,10.668978650219241,12,10.204473075038809,1,67,2,1,0,2,3,0,0.0,4,0,13.8915461710239
1040,6.133398042996649,8,10.814221753204105,0,42,2,0,2,2,3,0,0.0,5,0,6.133398042996649
1045,7.601402334583733,8,11.144457783705516,1,41,2,0,1,1,1,0,0.0,5,0,11.002116507732017
1050,11.722383799419628,13,12.53167836081994,1,59,2,1,0,1,3,0,12.611541086966115,5,0,14.83950741240823
1055,7.937731775260109,8,10.814221753204105,0,54,1,0,3,2,1,0,8.497194544909547,5,0,7.937731775260109
1060,11.932300052847731,8,13.074607218350305,1,61,3,0,0,1,2,0,0.0,5,0,13.766426400583073
1065,13.639847980870867,12,15.345631897212035,1,74,3,1,0,1,3,0,15.57887072413838,5,0,17.925382297227287
1070,10.085850775128717,10,11.982778769792814,1,68,3,1,0,1,3,0,11.441440204346033,5,0,10.434145214930487
1075,2.3978952727983707,5,9.550580764956187,0,62,2,0,0,2,3,0,0.0,5,0,2.3978952727983707
1080,9.210440366976517,12,9.818828007928495,1,81,3,0,0,2,3,0,0.0,3,0,9.210440366976517
1085,7.8826922062890254,9,9.383539618396707,0,77,1,0,0,2,3,0,0.0,5,0,7.8826922062890254
1090,8.456593569287309,11,12.332672181245634,1,33,1,0,2,1,1,0,13.155026095375646,1,0,11.71754652925895
1095,6.803505257608338,7,9.470543987306165,0,45,1,0,3,1,2,0,10.308985993422082,3,1,6.803505257608338
1100,9.472781556562168,14,10.91740401772286,0,75,2,1,0,2,3,0,0.0,5,1,12.297288089699112
1105,13.94960516695268,12,13.807758643473145,1,62,3,1,0,1,2,0,14.403297778421795,5,0,16.997631149484544
1110,9.60245002503719,9,11.159961747859198,1,50,1,1,0,2,1,0,0.0,2,0,11.781432363235949
1115,6.111467339502679,8,10.511947979456522,0,29,2,0,2,2,1,0,0.0,5,0,6.111467339502679
1120,12.623140184369177,12,13.585432002979864,1,41,3,1,2,1,1,1,13.161586013632684,3,0,15.028492953757103
1125,5.351858133476067,1,10.674462827538377,0,46,1,0,0,1,1,0,0.0,3,0,5.351858133476067
1130,10.211009016314167,12,11.773059697378923,1,39,3,0,2,1,1,0,12.926350926565435,4,0,13.398783774566539
1135,1.791759469228055,9,10.511947979456522,0,60,2,0,0,2,1,0,9.38437770918244,1,1,1.791759469228055
1140,0.0,4,9.69367212060944,0,67,2,1,0,2,3,0,0.0,5,0,0.0
1145,8.006700845440367,13,11.046019206267971,1,41,2,0,0,2,1,0,12.382547979752006,5,0,8.77971129020447
1150,5.529429087511423,11,9.930047914868675,0,54,2,0,0,2,3,0,9.99884318585288,1,0,5.529429087511423
1155,14.585619242623203,14,15.137470384633229,1,58,3,1,0,1,2,1,12.013706813470414,2,0,15.833874383008219
1160,5.303304908059076,8,10.792243293398966,1,70,3,0,0,1,3,0,10.868587496017359,1,0,9.913487387114461
1165,8.594339400592892,12,10.243692364956795,1,71,3,1,0,1,1,0,12.67420264562853,5,0,9.642187721358466
1170,12.92396365688101,9,12.216673809199175,1,79,3,1,0,1,3,0,0.0,5,0,15.759564843111866
1175,9.259225769705994,12,11.813881383532228,1,70,3,1,1,1,3,0,7.601402334583733,5,0,12.964775798198861
1180,9.296609807128359,8,10.674462827538377,1,63,3,1,0,1,3,0,5.707110264748875,5,0,9.296609807128359
1185,5.303304908059076,3,9.69367212060944,0,69,3,0,0,2,3,0,0.0,3,0,5.303304908059076
1190,10.950824090522445,13,12.854859771599198,1,70,0,1,0,1,2,0,13.444448325847754,2,0,15.741946742850622
1195,2.3978952727983707,8,10.540934738927314,0,21,3,0,2,1,1,0,9.952325334619427,4,0,2.3978952727983707
1200,6.90875477931522,8,11.73915841150484,1,36,3,0,3,1,1,0,12.892449458789203,5,0,12.91657092142417
1205,8.294299608857235,9,9.875983398597374,1,62,3,0,1,2,1,0,11.616393190430356,3,0,9.692828247710418
1210,9.071193240566025,9,11.128709656194046,1,50,3,1,2,2,1,0,11.286037411751035,5,0,9.539716058977092
1215,12.190964083849375,9,12.51895339047802,1,65,3,1,0,1,2,0,12.94491234034926,4,0,12.190964083849375
1220,8.999742789830492,13,11.175229004346514,1,57,2,0,0,2,3,0,12.906197922445111,1,0,8.999742789830492
1225,8.006700845440367,2,11.079920226254767,0,35,2,0,2,1,2,0,0.0,4,0,8.006700845440367
1230,11.394153190178114,12,12.757004250263085,1,52,2,1,2,1,1,0,14.375126917328105,4,0,13.96375899664173
1235,11.655301379246426,10,10.936821754744528,1,59,2,1,0,1,1,0,11.813037464800539,5,0,12.161603382806213
1240,6.530877627725885,8,10.569104881654322,0,55,1,0,1,1,1,0,9.751559401061966,5,0,6.530877627725885
1245,11.440365524765756,14,12.766306616236962,1,52,3,1,0,1,1,0,10.491301994830229,5,0,15.085833023572862
1250,4.61512051684126,12,10.204473075038809,0,40,1,0,0,2,1,0,9.711176264112805,4,0,4.61512051684126
1255,4.61512051684126,8,10.482095840823943,0,43,3,0,1,2,1,0,0.0,4,0,8.630700432209832
1260,12.54254845357358,12,12.323102772577545,1,64,3,1,0,1,2,0,10.596659732783579,2,0,15.10427505259708
1265,6.274762021241939,8,10.699154876036824,0,20,1,0,2,2,1,0,7.01301578963963,5,1,6.274762021241939
1270,10.524090921620362,8,11.845379821066128,1,72,2,0,0,1,2,0,11.995357787034976,1,0,10.803669227477098
1275,7.170888478512505,13,9.930047914868675,0,26,2,0,0,2,1,0,8.525359754082631,2,0,7.496097345175956
1280,9.680406499268875,14,12.526827418238932,0,58,3,1,0,2,1,0,0.0,5,0,15.230392618890372
1285,13.429849547739444,14,14.163343367496264,1,56,3,1,0,1,2,0,13.70122253263775,5,0,14.459993091477184
1290,4.61512051684126,8,10.511947979456522,0,52,3,0,0,1,1,0,9.105090961257085,3,1,4.61512051684126
1295,5.351858133476067,12,0.0,1,78,2,0,1,1,1,0,13.102162710901053,1,0,5.351858133476067
1300,9.038483865029992,12,10.91740401772286,0,39,2,0,2,1,1,0,11.314486721293981,5,0,11.319595537796637
1305,9.575052927597383,8,9.470543987306165,1,65,2,1,0,2,3,0,5.707110264748875,4,0,9.575052927597383
1310,5.802118375377063,8,10.31779779558084,1,48,2,0,3,1,2,0,9.210440366976517,3,0,5.802118375377063
1315,8.517393171418904,12,17.13914485451019,1,79,3,1,1,1,3,0,13.062615496138552,2,0,17.177100519711725
1320,8.612685172875459,14,12.397210427038146,1,64,3,0,0,1,1,0,12.52815976788113,1,0,12.200059603373045
1325,0.6931471805599453,8,10.74678187553037,1,63,3,0,1,2,3,0,12.899222326086994,5,0,0.6931471805599453
1330,8.922791623969637,12,10.992910250981359,0,51,2,1,1,2,1,0,9.79929302351827,4,0,10.736853093036018
1335,7.824445930877619,8,10.769770904774587,1,66,3,0,0,1,3,0,12.503213591456063,5,1,7.824445930877619
1340,14.115615891155079,14,13.26969613214558,1,68,1,1,0,1,3,0,0.0,5,0,16.80210122406016
1345,9.310276200588783,12,10.482095840823943,0,38,2,1,0,2,1,0,9.148571345578551,4,0,11.198913106339084
1350,12.092909546513004,13,13.286347737247365,0,37,3,1,2,1,1,0,10.839600519357369,2,0,14.525318671155993
1355,9.99884318585288,12,11.30306069379871,1,61,2,1,0,1,2,0,12.065090709265014,4,0,11.835016210489899
1360,11.729656499978892,14,11.439918298765717,1,73,3,0,0,2,3,0,12.190964083849375,4,0,13.849139705874752
1365,8.55468163582723,8,11.234068703381137,0,35,1,1,2,1,1,0,6.2166061010848646,4,1,8.55468163582723
1370,12.071975378543236,11,12.243060435545859,1,61,3,1,0,1,3,0,0.0,2,0,14.661765446073503
1375,8.922791623969637,14,11.248253152234346,1,59,3,0,0,2,2,0,11.736077016252437,5,1,8.922791623969637
1380,8.517393171418904,13,7.679169891098901,0,39,3,0,0,2,4,0,0.0,4,0,10.985309671896763
1385,9.04793908261736,12,11.485380194730258,1,31,2,0,3,1,1,0,11.156264806643742,4,0,11.19135563385109
1390,10.571342565808699,12,13.112431449146431,1,47,2,0,2,1,2,0,14.473549079276907,2,0,14.246644062593385
1395,10.807725945886109,8,12.138857187204595,1,55,1,1,1,1,2,0,8.517393171418904,1,0,13.554666437492209
1400,7.00397413672268,9,10.31779779558084,0,26,2,0,0,2,1,0,3.9318256327243257,3,0,7.00397413672268
1405,10.91018555548575,8,11.610542128340578,0,39,2,0,1,1,1,0,13.10093747330697,5,0,12.062958340260431
1410,11.225256725762893,8,10.85678052964002,1,90,1,1,0,2,3,0,11.289794413577894,5,0,11.813037464800539
1415,9.692828247710418,13,11.485380194730258,1,65,3,0,0,1,1,0,11.736077016252437,3,0,12.837878854006087
1420,8.699681400989514,8,9.818828007928495,1,48,2,0,0,2,1,0,4.51085950651685,2,0,8.699681400989514
1425,12.994532278619134,13,12.689345803522986,0,48,3,0,1,1,1,0,0.0,5,0,13.07107218827772
1430,6.2166061010848646,12,10.540934738927314,1,59,1,0,0,2,1,0,5.707110264748875,4,0,7.650168700845001
1435,15.484160518531617,12,18.628724195070475,1,72,3,1,0,1,1,0,0.0,5,0,18.541667539861646
1440,8.101980731853192,9,10.386788464403516,0,57,1,0,0,2,2,0,8.517393171418904,5,0,8.101980731853192
1445,3.4339872044851463,9,9.75820678716859,0,36,2,0,0,2,3,0,0.0,1,0,7.601402334583733
1450,10.477597786622002,9,11.730500418141487,1,59,2,0,0,1,1,0,12.220966184120165,2,0,14.288965100951893
1455,5.707110264748875,8,10.281431375093115,0,55,3,0,1,2,1,0,0.0,5,0,5.707110264748875
1460,8.086717920303906,12,9.75820678716859,0,73,2,0,1,2,2,0,11.51782345023242,5,0,9.632400353656184
1465,13.664688831019712,13,13.04934760525682,1,50,3,0,4,1,1,0,13.169248871698304,5,0,14.793837056697662
1470,8.853808274977197,13,11.580689440046534,1,53,3,1,0,2,1,0,12.32785212918379,5,0,9.852246888342531
1475,5.8888779583328805,8,8.653441606018836,0,31,3,0,0,2,4,0,0.0,1,0,5.8888779583328805
1480,10.32584255331256,10,11.658397725704077,1,63,1,0,2,1,3,0,11.765247163561801,4,0,10.32584255331256
1485,10.407318772389159,8,12.56529356217316,1,41,2,0,0,1,1,0,12.800506612529052,5,0,12.359227115018937
1490,13.65882282921501,14,0.0,1,52,3,0,3,1,2,1,11.314486721293981,1,0,15.030711391390703
1495,8.131824785007195,12,11.428222385556161,1,64,2,0,0,1,2,0,12.764547783171325,5,1,10.6782377612977
1500,5.303304908059076,8,10.16365262239305,0,27,3,1,1,2,1,0,0.0,2,0,5.303304908059076
1505,4.61512051684126,8,11.046019206267971,0,64,3,0,0,2,1,0,10.947309210188068,3,1,12.571066392083603
1510,10.545367754151743,10,11.404411999129266,1,61,2,0,0,2,1,0,12.094252421922532,3,1,10.859018228147887
1515,9.61587214452889,12,12.374636199286815,1,67,3,0,0,1,3,0,12.20507715018907,2,0,15.848253627610632
1520,8.881975184248867,11,10.451325058234776,1,57,3,1,0,1,3,0,12.853963535427878,5,0,8.97094039814245
1525,8.987321812850125,4,10.723251890363157,0,45,1,0,1,1,1,0,7.00397413672268,5,0,8.987321812850125
1530,7.601402334583733,10,10.076644749570697,1,59,3,0,1,2,3,0,8.824824939175638,5,0,8.412054873292933
1535,9.559658319461347,8,10.674462827538377,1,74,1,0,0,1,3,0,9.99884318585288,5,0,9.559658319461347
1540,6.2166061010848646,10,11.028627743384128,0,66,3,0,0,1,3,0,6.621405651764134,5,1,9.259225769705994
1545,9.711176264112805,13,15.587094754974654,1,64,3,1,0,1,2,0,0.0,3,0,18.88513463308929
1550,9.210440366976517,8,11.392290774522229,1,64,3,0,0,1,1,0,11.711784520403112,2,0,12.616196883019061
1555,7.273092595999522,12,10.792243293398966,0,49,2,0,2,2,1,0,10.128669025875903,5,1,9.318387276059317
1560,11.48082573731012,10,12.930983275509183,1,64,2,1,0,1,3,0,0.0,4,0,14.7812925415219
1565,6.53813982376767,5,10.41957729248823,0,58,0,0,1,2,3,1,0.0,3,0,6.53813982376767
1570,8.35490952835879,11,11.234068703381137,1,51,3,0,0,1,1,0,12.51723073716405,3,0,10.027959280046968
1575,10.94889243537189,13,11.667700038278326,1,44,3,1,2,1,1,0,12.483708170000067,5,0,11.797284522317934
1580,9.852246888342531,14,11.883406949070103,1,77,3,1,0,1,2,0,12.6410997921206,5,0,14.241432327807471
1585,5.942799375126701,8,10.64914561257346,0,35,2,0,3,1,1,1,0.0,5,0,8.761080103868347
1590,13.063888568084156,8,14.350740956645689,1,65,3,0,0,1,2,0,13.996164892381724,5,0,15.09661133393711
1595,7.824445930877619,-1,9.383539618396707,0,74,3,0,0,1,3,0,0.0,3,0,7.824445930877619
1600,13.171155446333852,14,12.370059551652831,1,61,3,1,0,1,2,0,0.0,4,0,15.564710586686562
1605,5.484796933490655,6,10.121094683881875,0,61,2,0,0,2,3,0,0.0,5,0,5.484796933490655
1610,9.084890521258767,12,10.41957729248823,1,49,3,0,0,2,4,1,12.433212202169729,5,0,14.725308658247348
1615,6.68586094706836,4,8.973561317359966,0,46,1,0,0,2,3,0,7.00397413672268,3,0,6.68586094706836
1620,7.901377353792616,12,11.549918073413814,0,26,3,1,0,2,1,0,0.0,4,0,9.278092474027002
1625,6.621405651764134,8,10.540934738927314,0,26,2,0,0,1,2,0,10.085850775128717,1,0,6.621405651764134
1630,9.332646496360152,8,10.31779779558084,0,45,1,0,1,2,1,0,0.0,2,0,10.55323128448846
1635,9.61587214452889,8,11.079920226254767,0,68,3,0,1,1,1,0,8.764209507142004,4,0,9.61587214452889
1640,9.241935933565934,8,11.175229004346514,0,56,2,0,1,1,1,0,8.665785595466064,4,0,10.06266841688844
1645,11.695255355062795,14,14.231215972568375,1,83,3,1,0,1,2,0,12.388398368982115,5,0,16.22110349124454
1650,12.793862088206213,14,13.377478908120041,1,71,3,1,0,2,3,0,13.989464705423494,5,0,15.923539677973178
1655,10.819798284210286,10,11.667700038278326,1,39,1,0,1,2,1,0,9.305741456739435,4,0,11.264476926102367
1660,8.699681400989514,2,11.276032359350232,1,61,2,1,0,1,1,0,12.742568940017076,5,0,8.699681400989514
1665,2.3978952727983707,4,9.98133877479715,1,78,2,0,0,2,3,0,10.70101727068921,4,1,6.236369590203704
1670,14.630530621563638,12,15.102276146044932,1,71,3,1,0,1,3,1,0.0,1,0,16.21877511758149
1675,0.6931471805599453,8,10.243692364956795,0,74,2,0,0,1,3,0,6.398594934535208,1,0,7.379008127628304
1680,12.899222326086994,14,15.946156502692192,1,42,3,0,2,1,1,0,15.77278460691283,1,0,16.954225711534836
1685,7.601402334583733,2,10.74678187553037,1,49,2,0,0,2,1,0,11.259335592686217,4,1,11.034905792929415
1690,9.90353755128617,11,11.658397725704077,1,34,3,1,2,1,1,0,12.386312871189734,3,0,11.643962499267984
1695,5.993961427306569,8,11.112709551691127,0,38,0,0,0,2,1,0,10.043292972227004,2,0,10.885210156391135
1700,10.53212287826962,13,12.731766391333682,1,34,3,1,2,1,1,0,12.718899265966332,5,0,12.867422094315353
1705,6.398594934535208,8,9.550580764956187,1,58,2,0,0,2,4,0,0.0,1,0,6.398594934535208
1710,5.351858133476067,11,10.897601753215403,1,51,2,0,0,2,4,0,11.288418484608913,5,0,13.459136997176506
1715,7.601402334583733,8,9.013830214534465,0,35,3,0,1,2,1,0,9.210440366976517,1,0,7.601402334583733
1720,8.612685172875459,10,11.686049021222916,1,40,3,1,1,2,2,1,12.829336379587506,2,1,10.815790343132422
1725,10.42171570981886,12,12.580275063860539,1,85,3,1,0,2,3,0,0.0,4,0,14.586350456364096
1730,10.336600252573104,13,11.73915841150484,1,39,1,1,2,1,1,0,12.969214528909768,5,0,12.583278872799415
1735,11.970356641102999,8,13.913119058332606,1,70,3,0,0,2,2,0,0.0,1,0,12.788291058675025
1740,12.674140026456397,13,13.390790232268193,1,43,3,0,3,1,1,0,13.942144089954521,2,0,14.603686515102007
1745,12.429220196836383,13,14.734883108513179,1,64,3,1,0,1,2,0,0.0,3,0,16.436549454804126
1750,8.987321812850125,13,12.351540583185312,0,74,2,0,0,2,2,0,10.05195066017375,1,0,14.37854962265312
1755,8.556606193773073,9,10.030126736355644,0,34,2,0,1,2,1,0,4.110873864173311,2,0,9.97119292889014
1760,11.775297421715827,12,14.893947744478057,1,65,3,1,0,1,2,1,13.815511557963774,5,0,16.220652329536115
1765,8.114025442356757,10,9.288237848223762,0,23,1,0,1,1,1,0,9.54831148472113,5,1,8.114025442356757
1770,8.585038738311304,9,11.496429917961313,0,48,1,0,5,1,1,0,11.29788648273253,4,1,9.93066488054092
1775,13.215491177549588,9,13.070061765530255,1,80,2,1,0,1,3,1,0.0,2,0,16.750632637722745
1780,14.597584405175057,13,14.325098541209098,1,55,3,1,2,1,1,0,13.273367970629833,3,0,15.554220981849422
1785,4.110873864173311,8,9.875983398597374,0,53,1,0,0,2,4,0,9.61587214452889,4,1,4.110873864173311
1790,9.61587214452889,11,12.016004213152664,0,63,3,1,0,2,1,0,10.62135173563291,4,0,12.459555277114108
1795,6.68586094706836,7,10.076644749570697,0,56,0,0,0,2,3,0,0.0,4,0,6.68586094706836
1800,6.198478716492308,10,10.243692364956795,0,40,3,0,3,1,1,0,10.119445348035613,5,0,6.198478716492308
1805,8.869398159883518,10,10.897601753215403,0,25,2,0,0,2,1,0,9.751559401061966,4,0,9.418248450647615
1810,4.2626798770413155,9,9.818828007928495,0,73,2,0,0,2,3,1,0.0,1,0,4.2626798770413155
1815,11.451060699493427,12,12.440885314014933,1,55,3,1,1,1,2,0,13.171155446333852,4,0,12.694655727828803
1820,7.937731775260109,8,11.610542128340578,0,68,1,0,0,2,3,0,9.985113621416073,3,0,12.448238127319225
1825,9.350189267092581,9,11.063113369269185,1,65,2,1,0,2,1,0,12.007749747389278,4,0,12.40697467786825
1830,6.90875477931522,8,10.95586961402582,0,33,2,0,2,2,1,0,0.0,1,0,6.90875477931522
1835,10.034559673629849,12,11.773059697378923,1,29,1,0,2,1,1,0,12.879019669789754,3,0,12.174587138384211
1840,16.833004372223456,13,15.315459761196253,1,77,3,1,0,1,3,0,0.0,4,0,18.61526020637363
1845,9.472781556562168,12,14.092167141073084,1,82,3,1,0,1,1,0,12.409017571151187,5,0,16.431445543258093
1850,10.264687244346277,13,11.329377681719818,1,81,2,1,2,1,1,0,12.006407555388575,1,0,10.691967639914864
1855,7.989899374942939,4,10.674462827538377,0,33,1,0,1,1,1,0,0.0,2,0,7.989899374942939
1860,5.993961427306569,12,11.28963784015293,0,25,3,0,0,2,1,0,10.203629181337648,1,1,5.993961427306569
1865,10.021315031649332,9,14.163343367496264,1,51,3,1,0,1,2,0,13.597355791941425,1,0,13.295477677197345
1870,4.795790545596741,12,10.540934738927314,0,42,1,0,2,2,1,0,11.645715332733134,5,0,4.795790545596741
1875,12.345838935721968,12,14.43564035276491,1,71,2,1,0,1,2,0,0.0,5,0,17.22434539983536
1880,11.451060699493427,9,11.813881383532228,1,74,2,0,1,1,1,0,9.30027247947679,4,0,13.714585745568392
1885,10.239995502805316,13,13.074607218350305,0,29,3,0,0,1,1,0,9.210440366976517,5,0,13.416525906265674
1890,12.25486757159303,9,13.979494069068629,1,32,3,1,0,1,2,0,13.455975814408239,2,0,13.755761615129062
1895,15.256002105592804,14,16.35546526555562,1,68,3,1,0,1,2,0,14.200773639026796,5,0,17.452722200199318
1900,9.499346567390095,14,12.84634910427047,1,42,3,1,2,1,1,0,14.015181572093326,5,0,9.585414998760278
1905,7.0825485693553,8,9.6246836542707,0,70,2,0,0,2,3,0,9.90353755128617,4,0,8.172164452111904
1910,8.4252971767117,8,11.41638805747596,0,36,2,0,2,1,1,1,9.625821815359835,2,1,11.881456842785072
1915,8.006700845440367,12,10.674462827538377,0,38,3,0,0,2,2,0,10.019535750898795,4,0,9.852246888342531
1920,11.532737896139919,12,12.542391878732674,1,47,3,1,0,1,1,0,13.603555432133808,3,0,11.744045122410057
1925,14.030622744032508,12,13.439186700886735,1,59,3,1,1,1,3,0,9.61587214452889,4,0,16.748622522767725
1930,6.364750756851911,10,10.386788464403516,0,71,0,0,1,2,2,0,9.741027444837728,5,0,6.364750756851911
1935,7.0909098220799835,13,8.973561317359966,0,28,3,0,0,2,1,0,9.828278974938373,4,0,7.438971592395862
1940,8.936035096566041,13,11.144457783705516,0,26,3,1,0,2,1,0,9.90353755128617,4,0,10.69151300145826
1945,8.493105395887147,8,11.046019206267971,0,59,3,0,0,1,1,0,10.518700218288165,5,0,8.493105395887147
1950,0.6931471805599453,8,9.383539618396707,1,59,2,0,0,2,3,0,0.0,4,0,0.6931471805599453
1955,10.819798284210286,6,12.20050103062022,1,63,2,1,2,2,1,0,13.161586013632684,5,0,13.770514238058096
1960,9.488047863280759,8,11.112709551691127,0,35,2,1,0,2,1,0,7.601402334583733,5,0,10.576457535657255
1965,5.707110264748875,10,9.875983398597374,1,88,1,1,1,2,3,0,0.0,1,0,6.803505257608338
1970,15.329538505615695,14,14.867875513171883,1,73,3,1,1,1,1,0,0.0,4,0,17.93169816441539
1975,14.274201059420788,13,15.38171531695265,1,71,3,1,0,1,2,0,0.0,4,0,18.366646866015085
1980,10.819798284210286,13,12.351540583185312,1,46,1,1,2,1,1,0,10.799595985047786,5,0,13.769467666582738
1985,8.160803920954665,13,11.570537163972045,0,70,3,1,0,1,3,0,0.0,3,0,13.579156379301477
1990,13.286183160425152,8,0.0,1,62,3,1,0,1,2,0,13.567050480716235,1,0,14.74333492106523
1995,10.76004951120163,14,12.47036101733073,1,56,3,0,0,2,1,0,12.921472880009725,3,0,12.763116557597762
2000,6.985641817639208,12,12.035422182721987,1,66,2,0,1,1,1,0,0.0,5,0,12.341830931785502
2005,6.68586094706836,9,10.569104881654322,0,23,3,0,0,2,2,0,10.879574327756249,4,0,6.68586094706836
2010,12.834683971615659,12,13.171770772552284,1,63,3,1,0,2,2,0,0.0,2,0,14.737783759130211
2015,9.61587214452889,14,12.374636199286815,1,69,3,1,0,1,2,1,13.756822622060419,4,0,13.67854584967945
2020,11.918397239722838,13,13.942106569283686,1,52,3,1,2,1,1,0,14.357835430184815,2,0,15.663965528349177
2025,9.059633754551479,8,10.64914561257346,1,95,3,1,0,2,3,0,9.680406499268875,4,0,9.059633754551479
2030,5.303304908059076,9,10.076644749570697,0,28,1,0,2,2,4,0,8.853808274977197,5,0,5.303304908059076
2035,11.225256725762893,9,15.296958750803128,1,71,3,1,0,1,2,0,0.0,4,0,16.99268904697942
2040,5.14166355650266,9,10.540934738927314,0,34,1,0,1,2,1,0,7.9865049385539955,2,0,5.14166355650266
2045,3.044522437723423,8,9.818828007928495,1,80,3,1,0,1,3,0,0.0,4,0,3.044522437723423
2050,9.68477168454907,10,11.342280932513091,1,45,1,0,0,2,1,0,11.48247656671073,2,0,9.68477168454907
2055,15.449836380990021,12,15.982707511084989,1,74,2,1,0,1,3,0,16.508785541143325,2,0,17.50753508614378
2060,9.702044336534586,8,10.386788464403516,1,66,2,0,0,2,3,0,9.575052927597383,5,0,9.702044336534586
2065,13.529162262303307,12,12.55008419699409,1,53,3,0,2,1,1,0,11.51293546492023,4,0,14.442144468853595
2070,10.203999469426009,8,10.674462827538377,0,41,1,0,2,1,2,0,10.819798284210286,4,1,10.203999469426009
2075,11.141876276228,14,13.011428453540553,1,94,3,1,0,2,3,0,0.0,2,0,16.271760584258406
2080,15.069701363757492,12,16.51362687818268,1,81,3,1,0,1,2,0,0.0,5,0,18.069490744451777
2085,8.006700845440367,8,10.386788464403516,1,69,3,0,1,2,3,0,0.0,1,0,8.006700845440367
2090,10.003378135350923,12,11.686049021222916,1,30,2,0,0,1,1,0,12.537894801551152,5,0,10.003378135350923
2095,12.549665896013254,13,12.84349604282837,1,53,3,1,1,1,1,0,12.628070334272698,4,0,14.80207371567977
2100,9.148571345578551,8,11.485380194730258,1,52,1,1,2,1,1,0,12.552498749066196,5,0,9.642187721358466
2105,11.23850177707664,12,12.14462086116848,1,65,3,1,0,1,2,0,12.657533540980497,5,0,14.977410898759368
2110,10.596659732783579,9,11.219680157476482,1,73,3,1,0,1,3,0,0.0,4,0,13.749371823835228
2115,4.110873864173311,8,9.470543987306165,0,64,2,0,0,2,3,0,8.24301946898925,4,0,8.309184527686298
2120,7.784057002639929,8,10.596503161315887,1,30,3,0,2,1,1,0,12.133507329024972,2,1,7.784057002639929
2125,5.564520407322694,3,10.992910250981359,1,72,2,0,1,1,1,0,8.682877107057168,1,0,5.564520407322694
2130,8.160803920954665,6,11.079920226254767,0,58,3,0,0,2,1,0,8.748463629942055,2,1,8.160803920954665
2135,12.04355959836804,14,13.004155710524866,1,69,3,1,0,2,2,0,13.353476685668044,2,0,15.486984049287734
2140,12.12541016250223,12,12.47036101733073,1,73,3,1,0,1,2,0,13.100119813444692,3,0,14.202472873624796
2145,9.210440366976517,12,11.28963784015293,1,62,3,0,0,2,1,0,11.561725152903833,5,0,9.680406499268875
2150,11.840075816082267,11,13.36398799942572,1,84,2,1,0,2,3,0,0.0,5,0,16.37035526574303
2155,7.919719760924575,12,11.028627743384128,1,47,1,0,2,2,1,0,11.583859118587247,2,0,8.682877107057168
2160,11.891368749982085,12,16.70632621632205,1,72,3,1,0,1,2,0,0.0,3,0,17.75701471213357
2165,11.470028402317833,13,13.004155710524866,1,63,3,1,0,1,1,0,12.011886987792716,3,0,14.630123318616262
2170,7.244941546337007,13,11.342280932513091,0,60,2,0,3,1,1,0,11.5501345407525,4,1,11.804855999911272
2175,13.420986873572868,13,15.134584380497696,1,69,3,1,0,1,2,0,0.0,5,0,18.210194265373982
2180,10.751520856703959,12,16.468976607533,1,61,3,1,0,1,2,0,8.366602832783736,5,0,18.68779295751106
2185,5.707110264748875,9,10.511947979456522,0,58,0,0,0,2,3,0,5.198497031265826,5,0,5.707110264748875
2190,0.6931471805599453,8,10.121094683881875,0,63,2,1,0,2,3,0,9.127067452782361,4,0,0.6931471805599453
2195,9.200391041122515,1,10.95586961402582,1,49,1,0,3,1,2,0,9.820160289946374,4,0,10.431199791458543
2200,9.546884034617925,8,11.59073968241829,0,48,1,0,2,1,1,0,10.239995502805316,5,0,9.546884034617925
2205,7.993282328101591,7,9.24741970815207,0,82,1,0,0,2,3,0,0.0,1,0,7.993282328101591
2210,9.287394001418473,9,11.028627743384128,1,66,2,0,0,2,3,0,11.270866642542865,4,0,9.375939552625749
2215,10.88950954988395,9,11.262239213240827,1,71,2,1,0,1,1,0,11.326607934898927,5,0,12.649510894024447
2220,7.630946580890459,9,10.897601753215403,0,31,2,0,0,2,1,0,8.517393171418904,1,0,11.712276198757044
2225,11.218567827096358,12,12.283882237332369,1,53,3,1,0,1,1,0,12.452155077423383,3,0,13.203945207713025
2230,11.518917476956224,8,11.404411999129266,1,65,3,1,0,2,3,0,10.518700218288165,5,0,13.515217297717287
2235,11.472113887062386,13,15.363491581835282,0,57,3,1,0,1,2,1,0.0,5,0,17.639751001843678
2240,6.994849985833071,11,9.383539618396707,0,78,3,0,0,2,3,0,8.497194544909547,4,0,6.994849985833071
2245,8.294299608857235,9,11.128709656194046,0,67,1,1,0,2,1,0,8.974744612722734,4,0,8.294299608857235
2250,10.463131911491967,12,12.138857187204595,1,58,3,0,0,2,1,0,13.047641986378483,4,0,14.152697539094763
2255,9.210440366976517,12,11.941393817766459,0,42,3,0,0,1,1,0,0.0,2,0,12.122696471358964
2260,7.327123292259293,9,10.835727530509162,1,69,3,0,0,1,3,0,9.60245002503719,2,0,7.719129840906732
2265,10.887455624298198,13,11.676916614849558,1,40,3,1,0,1,1,0,10.576457535657255,4,0,11.445727410406752
2270,5.707110264748875,8,9.470543987306165,1,62,0,0,0,2,3,0,11.571203807011969,5,0,5.707110264748875
2275,9.332646496360152,12,11.507358877993518,1,57,3,1,0,2,1,1,10.968215530759236,5,0,9.350189267092581
2280,12.468825296104477,12,13.448591145274635,1,42,3,1,2,1,2,0,13.854732232655556,4,0,15.601604173179373
2285,8.089789175789319,11,11.316305758236654,1,38,2,0,0,2,1,0,10.32518683708304,1,1,11.335722784346121
2290,5.303304908059076,12,10.540934738927314,0,63,3,0,1,1,2,0,8.716207971151853,5,0,5.303304908059076
2295,8.006700845440367,9,11.159961747859198,1,63,3,1,1,1,1,0,14.269766465162304,5,0,13.223115088821102
2300,13.28787951079572,14,14.215399693591849,1,57,3,1,0,1,2,0,0.0,1,0,15.306165159633608
2305,9.15704507491796,12,11.620298215285262,1,28,2,0,0,1,1,0,12.34104487465108,4,0,12.49941740466552
2310,6.647688373563329,12,9.550580764956187,1,46,2,0,2,2,4,0,12.130276325842603,4,0,6.647688373563329
2315,12.206077645517674,8,13.470196893138885,1,73,3,0,0,1,3,0,13.38318953651709,2,0,13.997832948091215
2320,9.405989388981,12,10.596503161315887,1,65,2,1,1,2,2,0,10.566201298475118,5,0,11.814221939439507
2325,7.0909098220799835,3,9.818828007928495,0,83,1,1,0,2,3,0,0.0,1,0,7.0909098220799835
2330,14.78666856992365,14,14.278578554215343,1,70,3,1,0,1,1,0,0.0,3,0,16.6852277491002
2335,7.645397699428633,12,11.868369176293065,1,56,3,1,0,1,1,0,0.0,5,0,11.590728743917088
2340,9.004668301573977,12,11.079920226254767,0,25,2,0,0,2,1,0,10.229223792606835,3,0,9.318387276059317
2345,8.188966863648876,9,10.076644749570697,0,68,3,0,0,2,3,0,0.0,2,0,8.188966863648876
2350,16.91920001790666,12,18.7452676671564,1,54,2,1,0,1,2,0,0.0,3,0,18.70878773361404
2355,9.105090961257085,12,12.232589186385791,1,39,1,1,2,1,1,0,12.51723073716405,4,0,13.31957518872681
2360,11.744045122410057,14,12.96949885609716,1,41,3,0,2,1,1,0,0.0,2,0,12.703816069256568
2365,0.0,8,9.930047914868675,0,35,1,0,4,1,1,0,0.0,5,0,0.0
2370,5.942799375126701,9,9.6246836542707,0,53,1,0,0,2,3,0,0.0,3,0,5.942799375126701
2375,8.160803920954665,13,11.789588872889583,1,65,1,0,0,2,1,0,12.147919030759663,5,1,10.419330568113901
2380,10.53212287826962,7,11.046019206267971,0,27,2,0,2,1,1,0,0.0,2,0,11.258046118484
2385,6.68586094706836,12,10.16365262239305,0,51,2,0,1,2,2,0,0.0,1,0,6.68586094706836
2390,9.918425424900335,13,12.954270171159468,0,80,2,1,0,1,3,0,0.0,4,0,15.225887833651342
2395,10.849356503939038,12,11.485380194730258,1,43,2,0,2,1,1,0,13.355379632796451,2,0,10.959557617938563
2400,14.316892328595602,13,15.8349308815524,1,50,3,1,2,1,2,0,0.0,4,0,14.776009927204552
2405,13.102162710901053,13,13.820745826002494,1,53,3,1,4,1,1,0,14.284889617206765,5,0,15.309369479050877
2410,10.87806606028079,8,12.258051598342753,1,69,3,1,0,1,3,0,0.0,4,0,15.3635412549354
2415,10.545367754151743,12,11.845379821066128,0,57,3,1,0,1,3,0,11.112462823634855,2,0,12.955129822091815
2420,10.459984195277682,12,12.243060435545859,1,49,1,0,3,1,1,0,10.382853468483827,4,0,13.471174885409118
2425,0.0,10,10.35288797609956,0,44,2,0,3,2,4,0,10.859018228147887,5,0,0.0
2430,5.739792912179234,6,10.451325058234776,0,45,2,0,1,2,4,0,7.523481312573497,1,0,5.968707559985366
2435,10.308985993422082,13,11.428222385556161,0,37,3,0,2,1,1,0,11.870606902224587,2,0,12.219783224513362
2440,3.713572066704308,8,9.75820678716859,1,70,2,0,0,1,3,0,9.61587214452889,5,0,4.948759890378168
2445,9.220389707829185,13,12.002846208646966,1,55,2,0,1,1,1,0,13.126357390703754,2,0,9.220389707829185
2450,9.134646527606982,9,11.629960039799675,1,31,2,0,1,1,1,0,12.793862088206213,2,0,10.284352543776059
2455,4.875197323201151,8,10.835727530509162,0,36,2,0,2,1,1,0,0.0,5,0,4.875197323201151
2460,10.757924157061597,12,12.675922824878075,1,52,2,0,2,1,1,0,13.758941264676379,4,0,13.753636218075409
2465,9.798182590890704,12,11.439918298765717,1,28,3,1,0,2,1,0,11.982935344196433,4,0,12.301387370778713
2470,10.373522431293592,13,13.04934760525682,1,34,3,1,2,1,1,0,13.084663587061359,5,1,10.373522431293592
2475,11.184435286790631,13,12.379191996605552,1,42,3,1,2,1,1,0,13.322526489522392,5,0,13.356646255406224
2480,9.62450089845157,12,12.715663031744286,1,56,3,1,1,1,2,0,12.961022577169068,3,0,14.769532817782556
2485,7.0909098220799835,12,10.974561423798537,0,35,3,1,0,2,1,0,10.659867714887898,5,0,10.675931008412125
2490,9.148571345578551,6,11.485380194730258,0,33,1,0,0,1,2,0,0.0,2,0,9.148571345578551
2495,0.0,5,8.777473893219948,0,31,1,1,0,2,3,0,0.0,2,0,0.0
2500,15.167472498735838,13,16.64250772769741,1,56,3,1,0,1,1,0,0.0,2,0,17.72711349517612
2505,12.983103608918753,13,12.95682444491998,1,48,3,1,2,1,1,1,12.628070334272698,1,0,13.31050297651918
2510,6.7464121285733745,14,11.09644927542817,1,91,2,0,0,1,2,0,11.06665398721974,1,0,12.812711050048197
2515,6.398594934535208,12,10.723251890363157,1,67,2,0,1,1,3,0,11.539966537281268,1,0,7.8636512654486515
2520,10.980212041446208,7,10.451325058234776,1,87,3,1,0,2,3,0,0.0,4,0,10.980212041446208
2525,6.803505257608338,8,11.248253152234346,1,71,2,0,0,2,3,0,11.179562389893048,2,0,13.10399775711883
2530,8.85666093701725,12,10.835727530509162,0,30,3,0,0,2,1,0,0.0,3,0,8.85666093701725
2535,11.225256725762893,13,13.590859417909023,1,43,3,0,2,1,1,0,14.631318193542185,4,0,14.917783139579392
2540,8.14060704285845,8,9.930047914868675,1,59,2,0,0,2,3,0,3.713572066704308,4,0,8.14060704285845
2545,0.6931471805599453,10,9.98133877479715,0,61,2,0,0,1,3,0,8.517393171418904,3,0,0.6931471805599453
2550,10.74507628970625,9,11.219680157476482,1,75,2,1,2,1,3,0,7.438971592395862,4,0,10.78727575364831
2555,13.375455557880317,13,11.74774208708152,1,77,2,1,0,2,3,0,0.0,4,0,13.925486307029107
2560,10.819798284210286,12,11.234068703381137,1,61,3,1,1,1,3,0,11.635151947212842,5,0,14.084010575524983
2565,9.928228944424575,12,10.992910250981359,1,66,1,1,0,2,3,0,11.626263078808801,5,0,9.928228944424575
2570,10.328787967145063,12,12.002846208646966,1,60,3,1,0,1,2,0,12.676079399771027,2,1,13.816111377436101
2575,8.699681400989514,8,11.316305758236654,0,26,1,0,0,2,1,1,9.952325334619427,2,0,9.392745258631441
2580,5.484796933490655,10,10.835727530509162,0,35,3,0,2,2,1,0,4.61512051684126,3,1,5.484796933490655
2585,6.90875477931522,9,10.540934738927314,0,29,1,0,1,1,1,1,9.90353755128617,4,0,6.90875477931522
2590,11.849404844423074,12,11.451478997511787,0,47,3,1,0,2,1,0,9.305741456739435,3,0,12.358798024384122
2595,8.24564690087386,12,11.773059697378923,1,62,2,0,0,1,1,0,10.465984899076615,5,1,10.077902937758985
2600,6.90875477931522,8,11.686049021222916,1,66,2,0,0,1,2,0,12.022396171249941,5,1,13.887832149776026
2605,4.110873864173311,12,11.773059697378923,1,52,3,0,0,1,1,0,12.554194616855805,4,1,11.003115991415362
2610,0.6931471805599453,8,11.20508155522288,1,43,3,0,3,1,1,0,12.001511614739405,5,1,9.980541181978419
2615,7.244941546337007,8,11.485380194730258,0,39,1,0,0,1,1,0,9.952325334619427,1,0,7.244941546337007
2620,9.44943600950432,12,10.936821754744528,1,21,3,1,0,2,1,0,13.056225711649638,4,0,10.090008612393838
2625,10.308985993422082,8,10.95586961402582,1,53,3,0,0,2,1,0,10.694237736914808,5,0,11.849404844423074
2630,6.3473892096560105,12,10.74678187553037,0,65,3,0,1,2,3,0,0.0,2,0,6.3473892096560105
2635,3.9318256327243257,8,11.639529406064158,1,42,2,0,2,1,1,0,12.295460779128113,5,0,11.642821507710412
2640,10.408828161071545,12,13.988626544885074,1,40,3,0,0,1,2,0,11.502885230075814,1,0,14.633151981343815
2645,9.358846580275406,12,11.813881383532228,1,37,3,1,0,1,1,0,12.195016753769698,1,0,12.015644317482284
2650,13.395440819535605,9,12.313440904836163,1,61,2,0,0,1,2,0,0.0,5,0,13.395440819535605
2655,5.707110264748875,8,10.31779779558084,0,24,2,0,1,2,1,0,10.085850775128717,2,1,5.707110264748875
2660,10.211009016314167,12,12.303684773907628,1,63,3,0,2,1,1,0,12.095984304632118,4,0,13.80798329909965
2665,9.918425424900335,10,11.404411999129266,1,39,3,0,1,2,1,0,8.294299608857235,4,0,13.779158765519611
2670,10.379752786950895,12,11.30306069379871,0,57,1,0,1,2,1,0,7.6783263565068856,5,0,12.155836686703159
2675,9.60245002503719,13,11.234068703381137,0,49,2,1,0,1,1,1,9.758519582283522,2,1,9.60245002503719
2680,12.160033942617156,8,11.59073968241829,1,59,2,1,0,1,1,0,11.314486721293981,3,0,14.028200459781736
2685,7.606387389772652,8,11.813881383532228,1,48,2,0,0,1,1,0,12.122696471358964,4,0,11.644050213949724
2690,9.23024103368252,8,11.90554792375787,0,41,3,0,2,1,1,1,11.165224420592418,1,0,11.235734831071847
2695,10.203814342520987,12,12.308574737108612,0,80,2,0,0,1,3,0,9.210440366976517,2,0,10.203814342520987
2700,5.017279836814924,9,11.010928456106528,0,35,1,0,1,2,1,0,11.1154434073529,5,0,5.017279836814924
2705,10.404293143019792,8,10.723251890363157,1,78,1,0,0,2,3,0,6.698268054115413,5,0,13.267330877756825
2710,14.151983508870947,12,13.767753349994845,1,60,2,1,0,1,2,0,10.859018228147887,5,0,15.720598861308845
2715,9.417435838868785,8,12.634537740790055,1,84,3,1,0,2,2,0,0.0,1,0,15.349858693355003
2720,9.90353755128617,13,11.883406949070103,1,65,3,1,0,1,3,0,0.0,3,0,15.909840835290563
2725,4.709530201312334,2,10.35288797609956,0,47,3,0,2,1,1,0,6.698268054115413,4,1,4.709530201312334
2730,18.09691544515073,9,18.16775696092454,1,69,3,1,0,1,2,0,16.59743066955244,4,0,19.156513785753308
2735,11.350418300109132,8,10.911504402933277,1,89,0,1,0,2,3,0,0.0,5,0,12.037659911047468
2740,10.220522095264865,10,10.897601753215403,1,53,2,0,1,2,3,0,12.441148720271016,5,1,13.241853399774012
2745,9.278092474027002,8,9.818828007928495,0,67,3,1,0,2,2,0,7.170888478512505,2,0,13.025193669749251
2750,7.741099090035366,12,11.159961747859198,1,31,3,1,0,2,1,0,11.225256725762893,5,0,12.488620309436481
2755,9.99884318585288,12,12.56529356217316,1,58,3,1,0,1,1,0,12.682309930111785,1,0,13.934182975780846
2760,8.071218539969863,11,11.190266672490848,0,43,2,0,1,2,2,0,0.0,2,0,8.071218539969863
2765,19.378700582635993,14,19.931973725691734,1,77,3,1,0,1,3,0,0.0,2,0,20.684081044187984
2770,11.225256725762893,12,12.051320675255708,0,73,2,1,0,2,2,0,0.0,2,0,13.683122511470389
2775,5.303304908059076,8,10.243692364956795,0,43,2,0,0,2,1,0,0.0,2,0,5.303304908059076
2780,10.404293143019792,12,11.996201706795759,1,27,3,1,0,1,1,0,12.667606129157875,1,0,12.61686023076031
2785,6.621405651764134,4,11.234068703381137,1,43,3,0,0,1,1,0,9.99884318585288,4,0,6.90875477931522
2790,11.522885696764481,12,11.948411344841539,0,69,3,1,0,2,2,0,9.305741456739435,3,0,12.95749109270188
2795,11.51293546492023,12,12.557717794903569,1,54,1,0,0,1,1,0,10.673618922112436,4,1,13.356646255406224
2800,14.979286484843557,13,18.523666017635076,1,58,0,1,0,1,2,0,0.0,4,0,17.82587552451788
2805,12.0437360523493,12,12.51895339047802,1,46,3,1,2,1,1,0,13.442998001373553,2,0,13.568370120735754
2810,10.628641991731053,11,12.156049496587327,1,56,2,1,0,1,1,0,12.873904582205107,5,0,11.984808576881369
2815,7.496097345175956,8,10.076644749570697,0,39,3,0,2,1,1,0,10.12667110305036,2,0,7.496097345175956
2820,15.448469860790356,14,16.096080383987406,1,50,3,1,2,1,2,0,0.0,4,0,17.548024073030877
2825,10.239995502805316,12,11.92720927582913,1,38,3,0,2,1,1,0,12.362824225795887,5,0,11.58989576532275
2830,4.875197323201151,8,9.550580764956187,0,80,2,0,0,2,3,0,0.0,5,0,4.875197323201151
2835,8.993551586299981,8,10.511947979456522,0,30,2,0,1,1,1,1,9.239996256883693,1,0,8.993551586299981
2840,12.577639650232573,13,14.686308458214125,1,65,3,1,0,1,2,0,9.071193240566025,3,0,18.299777857869856
2845,6.431331081933479,8,9.98133877479715,0,53,1,0,0,2,1,0,0.0,5,0,6.580639137284949
2850,8.81001204797317,8,12.263679624391456,1,40,2,0,1,1,1,0,11.49273296168228,5,0,12.43996225063003
2855,17.577640497052002,13,18.97964624964297,1,79,3,1,0,1,3,0,0.0,5,0,20.81060799347246
2860,9.200391041122515,8,11.392290774522229,1,56,2,0,0,1,1,0,11.437458107732674,4,0,11.395278670032656
2865,13.500801182986649,13,14.789403926203606,1,53,3,1,1,1,2,0,14.488455541410652,4,0,15.38994306832464
2870,14.114874876479462,14,14.803588555904236,1,73,3,1,0,1,3,0,0.0,2,0,18.108009028467706
2875,6.85751406254539,9,10.16365262239305,1,59,2,0,0,2,2,0,0.0,5,0,11.774912735307439
2880,7.438971592395862,9,10.121094683881875,0,21,3,0,0,2,1,0,9.239996256883693,3,1,7.438971592395862
2885,11.83985950008702,11,13.25465828094871,1,46,3,1,1,1,2,0,12.923914877701906,2,0,13.314092213335128
2890,8.76732914779405,9,12.216673809199175,1,69,3,0,2,1,2,0,11.845109950883979,5,0,10.337572510881479
2895,9.716012740501373,13,11.079920226254767,1,38,3,0,1,1,1,0,11.588042213851855,5,0,9.716012740501373
2900,9.680406499268875,8,10.566323310283456,1,85,1,0,1,2,3,0,13.1421679654829,2,0,11.80560254159177
2905,5.8888779583328805,9,9.026900715393559,0,63,2,0,0,2,3,0,0.0,4,0,5.8888779583328805
2910,12.055255569732177,13,11.367598443988374,1,70,3,1,0,1,3,0,0.0,4,0,13.29463628184505
2915,7.8636512654486515,14,12.049426148323555,1,78,3,1,0,1,3,0,0.0,5,0,14.600599068302014
2920,7.170888478512505,8,10.596503161315887,1,28,2,1,2,2,1,0,11.089820688682373,4,0,7.244941546337007
2925,10.819798284210286,13,11.620298215285262,1,62,2,1,0,1,1,0,9.61587214452889,5,0,11.58989576532275
2930,6.803505257608338,10,9.75820678716859,0,31,1,0,4,2,2,0,10.12667110305036,5,1,6.803505257608338
2935,8.45553053102413,12,11.20508155522288,0,30,3,1,0,1,1,0,11.07443600653965,2,0,8.824824939175638
2940,0.6931471805599453,8,10.769770904774587,0,37,1,0,3,1,1,0,6.2166061010848646,5,0,0.6931471805599453
2945,11.849404844423074,13,10.897601753215403,0,66,3,1,0,2,2,1,11.918397239722838,2,0,13.343907249914384
2950,10.373522431293592,14,13.634545993471658,1,54,3,1,2,1,1,0,13.845070331079134,1,0,15.210764908225675
2955,9.38437770918244,8,11.975999125353795,1,58,2,0,0,1,1,0,12.524530013005734,5,0,9.38437770918244
2960,5.993961427306569,-1,11.028627743384128,0,51,1,0,2,1,1,0,0.0,2,0,5.993961427306569
2965,6.928537818164665,8,9.930047914868675,0,60,2,0,2,2,1,0,8.852378886511985,5,0,10.621839409681249
2970,15.324686269552151,8,12.766306616236962,1,66,3,0,0,1,2,0,14.53335083891935,5,0,16.31061511521655
2975,7.313886831633462,9,10.386788464403516,0,21,2,0,0,2,1,1,0.0,4,0,7.313886831633462
2980,8.474494436883122,12,12.507024863496335,0,57,1,0,3,1,1,0,11.711784520403112,4,0,10.8235910067382
2985,6.61472560020376,8,9.6246836542707,0,80,2,1,0,2,2,0,6.255750041753367,5,1,6.716594773520978
2990,11.73632498352203,13,11.639529406064158,1,67,3,1,0,2,1,0,11.982935344196433,4,0,12.928856295218425
2995,16.426418308345223,13,16.266359166936255,1,60,3,1,0,1,2,0,0.0,2,0,17.904654972826314
3000,12.175618592671356,14,13.20615225441208,1,39,3,1,3,1,1,0,12.827189309914244,4,0,14.053740534718278
3005,8.294299608857235,12,10.540934738927314,0,64,1,0,0,2,1,0,9.741027444837728,4,1,8.294299608857235
3010,11.002116507732017,13,12.808608877654882,1,73,3,1,0,1,3,0,9.546884034617925,5,0,16.0625830467363
3015,5.707110264748875,8,10.596503161315887,0,36,1,0,2,1,4,0,9.99884318585288,4,0,9.024131268455035
3020,12.240478903153711,13,14.092167141073084,1,59,3,1,0,2,2,0,14.297937324492327,2,0,15.633912120423709
3025,5.916202062607435,8,10.243692364956795,0,40,1,0,0,2,1,0,0.0,2,0,5.916202062607435
3030,8.784315349902657,13,11.316305758236654,0,47,3,0,1,2,1,0,11.977545880687074,1,1,8.784315349902657
3035,11.350418300109132,9,10.723251890363157,1,63,2,1,0,2,3,0,0.0,5,0,11.92504173829169
3040,10.003378135350923,12,11.620298215285262,1,46,3,1,4,1,1,0,12.699551683459445,4,0,13.554276954059157
3045,9.36314729221994,12,11.73915841150484,0,46,3,1,0,1,1,0,10.322230781590136,2,0,9.36314729221994
3050,9.472781556562168,8,11.219680157476482,1,47,1,0,0,1,1,0,11.0186455364637,5,0,9.472781556562168
3055,6.68586094706836,8,9.6246836542707,1,67,3,0,0,2,3,0,6.042632833682381,4,0,6.68586094706836
3060,9.546884034617925,12,0.0,0,40,3,0,0,2,1,0,8.006700845440367,5,0,9.546884034617925
3065,13.915356797910956,14,13.076872220227296,1,79,3,1,0,1,2,0,0.0,5,0,14.559826500157888
3070,7.484930283289661,8,9.930047914868675,0,70,3,0,0,2,3,0,8.31898612539206,4,0,7.484930283289661
3075,10.901266101256551,13,13.94590885189448,1,51,3,1,2,1,3,0,14.04275050757067,3,0,15.68272453283897
3080,11.51293546492023,13,14.625683862550812,1,61,3,1,0,1,2,0,13.384729180332174,4,0,16.775615705688583
3085,13.623139877437296,12,16.959972179043863,1,68,3,1,0,1,1,0,16.145710915267554,4,0,18.379598309270516
3090,9.986034813503693,12,11.937866500281881,1,67,3,0,1,1,1,0,12.30592250537653,3,0,13.029636059139497
3095,11.502885230075814,11,12.189572015326258,1,50,0,0,2,1,1,0,6.68586094706836,4,0,14.408285317168877
3100,9.798182590890704,8,11.234068703381137,1,44,3,0,3,1,1,0,11.471175957109097,1,0,10.545367754151743
3105,7.496097345175956,9,10.623170750425082,1,70,1,0,1,1,3,0,11.442513730229855,2,0,7.496097345175956
3110,7.244941546337007,8,10.540934738927314,0,48,2,0,0,2,1,0,7.313886831633462,3,0,10.922352923113982
3115,13.249878458265119,12,13.136164986101782,1,66,2,1,0,1,2,0,0.0,3,0,15.630009677081324
3120,10.308985993422082,12,10.090188408975822,1,76,2,1,0,2,3,0,0.0,2,0,13.710151153416941
3125,1.791759469228055,7,10.992910250981359,0,48,1,0,4,2,1,0,8.987321812850125,4,1,10.463274754350781
3130,0.6931471805599453,8,9.470543987306165,1,44,1,0,1,1,3,0,10.12667110305036,4,1,0.6931471805599453
3135,7.3783837129967145,11,10.386788464403516,0,50,1,1,5,2,4,0,10.409431279210512,3,1,7.3783837129967145
3140,10.376673612473162,13,12.474501794120155,1,44,3,1,3,1,1,0,11.958258512632908,5,0,13.93737591625779
3145,8.618123909994678,8,10.95586961402582,0,27,2,1,1,1,1,0,0.0,1,0,8.618123909994678
3150,8.006700845440367,14,10.769770904774587,1,74,3,1,0,2,3,0,0.0,4,0,12.881567435377423
3155,8.9947928972836,9,10.674462827538377,0,24,2,1,0,1,1,0,0.0,4,0,9.061956366209925
3160,7.528869256642251,8,11.367598443988374,0,41,1,0,3,1,1,0,6.398594934535208,2,1,9.973992613421482
3165,6.918695219020472,9,10.623170750425082,0,43,2,0,1,2,1,0,0.0,5,0,6.918695219020472
3170,9.18204377282107,12,11.471957313311206,1,81,2,1,0,1,3,0,12.413090879946887,3,0,13.710950832699329
3175,12.026353699006034,13,12.17852223565681,1,47,2,0,0,1,1,0,12.273735966890268,1,0,13.979414378058229
3180,6.7464121285733745,8,11.428222385556161,0,65,1,0,1,1,1,0,10.97388896343752,4,0,10.850908666606845
3185,11.178864319331653,13,11.90554792375787,1,35,3,1,2,1,1,0,12.640128449875998,5,0,13.14939666311494
3190,11.736077016252437,13,11.73915841150484,1,67,3,1,0,1,3,0,10.927394254617141,4,0,13.573440270649085
3195,5.707110264748875,3,10.16365262239305,0,38,2,0,0,2,1,0,0.0,5,0,5.707110264748875
3200,12.225880174775122,11,12.507024863496335,1,63,2,1,1,1,3,0,0.0,5,0,14.080947788339607
3205,9.249657234353133,10,10.723251890363157,0,22,3,1,0,2,1,0,8.517393171418904,3,0,9.933094897288786
3210,14.502640169216638,13,15.423645492230891,1,73,3,1,0,1,3,0,0.0,2,0,17.79977982220423
3215,7.048386408721883,12,9.75820678716859,0,54,2,0,0,2,3,0,7.2305631534092925,3,1,10.64901368794098
3220,2.3978952727983707,6,10.35288797609956,0,35,3,0,0,2,1,0,0.0,1,0,2.3978952727983707
3225,11.856522261533737,13,11.90554792375787,1,71,3,1,0,1,2,0,0.0,4,0,14.546916931873147
3230,11.350418300109132,13,14.108427649734772,1,45,3,1,4,1,2,0,13.448786721172443,1,0,13.208542908506082
3235,0.6931471805599453,8,10.540934738927314,0,77,1,0,0,1,3,0,9.19023970026918,4,0,0.6931471805599453
3240,8.006700845440367,9,10.974561423798537,0,35,2,0,1,2,2,1,9.741027444837728,5,0,8.294299608857235
3245,0.0,13,10.835727530509162,0,62,3,0,0,2,1,0,8.006700845440367,4,0,0.0
3250,9.04793908261736,8,11.262239213240827,0,78,2,0,0,2,3,1,9.401043372798053,5,0,9.62911649414402
3255,11.542493975902508,13,12.514993003785928,1,44,3,0,2,1,1,0,12.724869415131389,5,0,15.193520951576092
3260,11.781738124545766,12,12.583985630506856,1,37,3,1,2,1,1,0,13.146081857144738,3,0,14.809740001047533
3265,11.23850177707664,12,11.30306069379871,1,48,3,1,0,1,1,0,12.292254928916668,4,0,11.320565693461432
3270,3.9318256327243257,4,8.902618898708385,1,55,3,0,0,2,1,0,0.0,5,0,3.9318256327243257
3275,9.15915233520675,9,11.74774208708152,1,71,3,0,0,1,3,0,8.682877107057168,4,0,15.303797494593313
3280,9.825580063659602,14,10.814221753204105,0,57,2,0,0,1,1,0,0.0,1,0,11.648338835562747
3285,16.913664076749875,8,15.93971733117624,1,52,3,1,0,2,2,1,14.774861162440565,4,0,17.334698390807763
3290,12.07254696717504,12,10.95586961402582,1,74,2,1,0,2,3,0,7.170888478512505,4,0,14.104442598879876
3295,12.367345048436391,14,13.30992086542189,1,66,3,0,1,1,2,0,13.756822622060419,4,0,16.095584260272894
3300,8.748463629942055,11,12.778576674022425,1,46,2,1,2,1,1,0,12.855792879125431,3,0,13.7475539351005
3305,9.546884034617925,12,11.883406949070103,1,74,2,1,0,1,2,0,11.744045122410057,2,0,14.301080525660659
3310,7.601402334583733,12,11.47420700963637,0,25,2,1,0,1,1,0,10.491301994830229,3,0,7.601402334583733
3315,8.412054873292933,12,11.996201706795759,0,38,3,0,2,1,1,0,9.99884318585288,2,0,9.770013301136158
3320,7.0909098220799835,9,11.451478997511787,0,39,3,1,3,1,1,0,10.187575674477692,2,1,7.0909098220799835
3325,12.250572667806054,13,12.060739842420068,1,56,3,1,0,2,1,0,0.0,5,0,12.840268335059427
3330,9.401043372798053,12,11.695098780943722,0,25,3,1,0,2,1,1,0.0,1,0,13.721552563545094
3335,5.303304908059076,8,9.930047914868675,0,68,3,0,0,2,3,0,9.488047863280759,4,0,5.303304908059076
3340,5.993961427306569,8,10.936821754744528,0,42,2,1,2,1,1,0,8.867990898182093,2,0,5.993961427306569
3345,7.170888478512505,8,11.128709656194046,0,51,2,0,0,1,1,0,11.538017997581926,4,1,7.170888478512505
3350,6.2166061010848646,9,9.470543987306165,0,46,2,0,0,2,4,0,9.179984251961283,1,1,6.2166061010848646
3355,8.699681400989514,14,12.879965627928186,1,64,3,1,1,1,2,0,0.0,1,0,14.465750759433474
3360,9.210440366976517,13,12.602334706882178,1,74,3,1,0,1,3,0,12.601490784782536,3,0,14.452087916136215
3365,8.839421607620602,14,11.41638805747596,1,67,3,1,0,1,3,0,14.06627005452127,5,0,12.916325191593053
3370,11.350418300109132,13,14.092167141073084,1,50,3,1,2,1,4,0,14.363632544508476,1,0,15.459736489046083
3375,11.523083695002944,9,13.497306949363745,1,44,3,0,1,1,1,0,14.163347259450243,2,0,14.173304575506503
3380,15.032853877243967,12,13.191533016429645,1,69,3,0,0,1,2,1,14.227620871042543,3,0,17.101304607727684
3385,7.048386408721883,8,11.144457783705516,1,61,0,0,2,1,1,0,11.429554725537322,5,0,7.048386408721883
3390,8.556606193773073,12,10.569104881654322,0,29,3,1,0,2,2,1,9.305741456739435,5,0,8.556606193773073
3395,12.539329002463175,14,12.392736165137526,0,72,3,1,0,2,3,0,0.0,4,1,18.00132613679535
3400,13.739709923296061,14,13.951585304981755,1,62,3,1,2,1,2,0,13.898012700285907,4,0,15.329978452732348
3405,8.38958706681109,8,11.09644927542817,1,52,2,0,1,2,1,0,11.663076729214897,4,0,11.103467395592086
3410,5.968707559985366,2,10.674462827538377,0,46,1,0,2,1,1,0,8.006700845440367,3,1,5.968707559985366
3415,5.198497031265826,12,11.485380194730258,0,63,2,0,2,1,1,0,12.076595878931464,3,1,5.198497031265826
3420,13.037243301685471,12,12.383727132769591,1,61,3,0,0,1,1,0,0.0,4,0,15.045794469289653
3425,8.594339400592892,8,8.777473893219948,0,20,1,0,0,2,4,0,9.105090961257085,2,0,8.909370405197466
3430,8.77971129020447,9,11.496429917961313,0,21,1,0,0,1,1,1,4.394449154672439,2,0,8.77971129020447
3435,11.06665398721974,13,14.873895092807814,1,65,3,1,0,1,2,0,0.0,4,0,17.55253713620837
3440,10.373522431293592,12,13.169711043521142,1,70,3,1,0,1,2,0,11.93558195089097,5,0,15.75956198065752
3445,6.90875477931522,8,10.596503161315887,0,52,1,0,4,1,2,1,11.211833885608513,5,1,6.90875477931522
3450,10.862856930775358,10,12.370059551652831,1,43,3,1,2,1,1,0,11.703554089007538,5,0,13.740356962413816
3455,12.95749109270188,13,14.785313942513437,1,69,3,1,0,1,2,0,0.0,2,0,17.147143511975226
3460,8.853808274977197,6,10.85678052964002,0,68,3,0,0,1,3,0,0.0,1,0,10.261196961231647
3465,13.531821834802397,13,13.988626544885074,1,64,3,1,0,2,2,0,14.349076255209846,2,0,16.26418544323823
3470,7.601402334583733,10,10.897601753215403,1,57,3,1,0,1,1,0,11.206142119216047,4,0,7.601402334583733
3475,11.626263078808801,14,10.64914561257346,1,70,2,1,0,2,2,0,0.0,5,0,12.624786269856633
3480,5.860786223465865,8,9.75820678716859,1,81,3,0,0,2,3,0,0.0,5,0,8.11701408773731
3485,9.648659816955295,8,12.253423172919685,0,38,0,1,2,1,1,0,6.90875477931522,1,0,10.389026137075234
3490,13.270785106659046,8,14.264879718520943,1,80,3,1,0,1,2,0,0.0,2,0,17.556935046462268
3495,11.48247656671073,12,11.853101811967846,1,80,3,1,0,2,2,0,8.699681400989514,1,0,14.299787462639484
3500,10.829748417047593,8,11.507358877993518,1,77,3,0,0,1,3,0,11.58989576532275,1,0,13.764744492987921
3505,5.087596335232384,13,11.20508155522288,0,60,3,0,0,2,1,0,11.103467395592086,5,1,12.418203782179827
3510,7.550135342488429,8,11.175229004346514,0,38,2,0,1,1,1,0,7.824445930877619,4,1,10.16203685698089
3515,10.027517700952979,14,10.74678187553037,0,67,3,0,1,1,1,0,10.819798284210286,2,0,10.112167001239515
3520,7.00397413672268,2,11.883406949070103,1,40,2,0,4,1,4,0,11.81066429825487,3,0,7.00397413672268
3525,9.936487030799237,12,10.91740401772286,0,69,3,1,0,2,1,0,10.491301994830229,3,0,9.970725551801806
3530,7.8636512654486515,12,10.674462827538377,0,25,3,0,0,2,1,0,10.743998145734295,2,0,8.434028950155469
3535,0.6931471805599453,8,11.028627743384128,0,40,2,0,1,1,1,0,10.629126124296002,5,1,0.6931471805599453
3540,7.333676395657684,7,10.35288797609956,0,26,2,0,3,1,1,0,8.160803920954665,2,1,7.333676395657684
3545,5.198497031265826,2,9.6246836542707,1,83,0,0,0,1,3,0,0.0,3,0,5.198497031265826
3550,0.0,6,9.6246836542707,0,62,2,0,0,2,3,0,0.0,1,0,0.0
3555,9.55044884660634,9,11.30306069379871,1,43,3,1,0,2,1,0,12.445093483000798,4,1,10.788308256940795
3560,13.169248871698304,10,14.170947961505675,1,60,1,1,0,1,2,0,0.0,2,0,15.961792773480953
3565,8.748463629942055,12,11.273288908229832,1,72,3,1,0,1,2,0,9.680406499268875,2,0,12.939163835294043
3570,12.965711906537503,12,13.782384997019546,1,74,3,1,0,1,2,0,11.141876276228,5,0,15.318142688624215
3575,10.043292972227004,12,12.002846208646966,1,60,2,0,0,1,3,0,13.169248871698304,5,0,13.419502094509863
3580,7.741099090035366,12,11.159961747859198,0,55,0,0,0,2,1,0,9.942756341456828,4,0,12.889929302516245
3585,5.25227342804663,9,9.818828007928495,1,23,2,0,0,2,1,0,12.226419242495082,3,1,7.107425474110705
3590,9.371693622333941,9,11.355019808159389,1,55,3,1,1,2,1,0,11.934270483892945,2,0,12.662709207270272
3595,6.580639137284949,6,9.470543987306165,1,75,2,0,0,2,3,0,10.34177474101152,4,0,7.908754738783246
3600,14.411045460924983,14,12.526827418238932,1,44,3,0,0,1,2,0,14.774861162440565,4,0,16.44350701244313
3605,11.010415172807951,13,12.546245434332967,1,56,2,1,0,1,1,0,13.461690107508359,4,0,15.080343532833453
3610,9.807031716718498,13,11.629960039799675,0,26,3,1,0,1,1,0,9.90353755128617,4,0,11.333332183047432
3615,17.126454987130572,12,15.962706846689562,1,72,3,1,0,1,2,0,0.0,3,0,18.071747200755407
3620,15.608935472900727,14,19.328913500167303,1,85,3,0,0,1,2,0,15.24582204373536,5,0,21.316866678385427
3625,5.017279836814924,12,10.540934738927314,0,27,2,0,0,2,1,0,9.65509029374725,4,0,5.017279836814924
3630,8.699681400989514,10,11.813881383532228,0,36,3,0,2,1,1,0,9.90353755128617,4,0,8.699681400989514
3635,8.33110454805304,8,11.190266672490848,1,58,2,0,1,1,1,0,10.803669227477098,4,0,8.33110454805304
3640,7.0909098220799835,8,9.875983398597374,0,33,1,0,2,2,2,0,8.922791623969637,2,1,7.0909098220799835
3645,8.169336395928386,10,11.28963784015293,1,52,3,1,2,1,1,0,12.031903765172496,4,0,9.371693622333941
3650,5.996452088619021,6,10.992910250981359,1,60,1,0,1,1,4,0,10.292179440058462,5,0,5.996452088619021
3655,13.475751726401855,12,14.596413493470822,1,52,3,1,0,1,2,0,14.408837955728044,4,0,15.991618404948984
3660,12.683023958628754,14,0.0,1,52,3,1,1,1,2,1,15.004877514314805,3,0,15.800673150438689
3665,9.852246888342531,12,11.248253152234346,1,27,2,0,0,2,1,0,11.951831796597101,1,0,10.985309671896763
3670,7.783640596221253,9,10.076644749570697,0,59,2,0,0,1,3,0,0.0,2,0,8.497194544909547
3675,9.546884034617925,8,11.175229004346514,1,75,3,0,0,1,1,1,12.90034669093937,2,0,11.070241239179373
3680,10.114599007626499,10,11.969173203349216,1,71,3,0,1,1,1,0,11.002116507732017,5,0,13.135676365016424
3685,10.118639253920785,14,12.283882237332369,1,61,2,1,2,1,2,0,11.314486721293981,3,0,12.406565597924235
3690,7.783640596221253,13,10.451325058234776,0,54,2,1,0,2,1,0,9.76428295481558,5,0,8.216358332386156
3695,9.392745258631441,9,12.150351505528926,1,69,3,0,0,1,3,0,11.532737896139919,5,0,12.452155077423383
3700,13.517240631484604,13,14.338001938359346,1,61,3,1,1,1,1,0,0.0,4,0,16.404184029153768
3705,2.772588722239781,7,10.030126736355644,0,63,2,0,0,2,4,0,0.0,4,0,2.772588722239781
3710,6.495265555937008,8,10.281431375093115,0,50,2,0,0,2,4,1,9.99884318585288,4,1,6.495265555937008
3715,12.6118743636455,13,14.886567639690568,1,41,3,1,2,1,2,1,13.124363376072994,1,0,15.297138053170492
3720,3.9318256327243257,8,10.623170750425082,0,39,1,0,3,1,2,0,0.0,1,0,3.9318256327243257
3725,9.874625007851026,8,11.380020821211883,0,39,3,1,1,1,1,0,9.60245002503719,2,0,11.65642822783055
3730,11.687307251711735,14,13.248960269830526,1,72,3,1,0,1,3,0,0.0,4,0,16.975869206292447
3735,11.695255355062795,13,13.65759436159652,1,59,3,0,0,1,1,0,13.738630593541341,3,0,15.12546395566011
3740,11.752186430142705,12,13.22388667703438,1,37,3,0,2,2,3,1,13.167338655091122,1,1,14.309432719789935
3745,9.692828247710418,12,12.351540583185312,1,75,3,1,0,2,1,0,0.0,4,0,14.879600757635652
3750,8.188966863648876,9,10.74678187553037,1,41,2,1,2,1,1,0,11.608244735642321,4,0,9.358846580275406
3755,8.33110454805304,5,11.316305758236654,1,59,3,0,0,1,1,0,0.0,5,0,12.858790983442205
3760,9.61587214452889,9,10.91740401772286,1,47,2,0,2,1,1,0,10.457401400981889,1,0,9.61587214452889
3765,11.51293546492023,12,12.115464434225991,0,66,3,1,0,2,3,0,11.63956692643747,5,0,15.027541111260373
3770,10.604131561522696,12,12.150351505528926,1,44,3,1,2,1,1,0,11.367911253546788,5,0,14.36305434303426
3775,12.385059481651881,13,16.019676543773564,1,79,2,1,0,1,2,0,0.0,2,0,16.637674909624398
3780,8.699681400989514,14,13.862857270286732,1,65,2,1,0,1,2,1,11.034905792929415,4,0,13.94566212039206
3785,7.065613363597717,12,9.470543987306165,1,39,2,0,0,1,2,0,9.852246888342531,2,0,7.065613363597717
3790,8.042699496897637,12,12.016004213152664,1,34,3,0,0,1,1,0,14.103693255082613,4,0,13.713600748432677
3795,11.429554725537322,12,16.753228127454697,1,64,3,1,0,1,2,0,0.0,2,0,16.459697636462632
3800,12.384223015005313,13,13.25843899716391,1,53,3,0,3,1,1,0,14.478714377349366,5,0,12.871337193291367
3805,12.354496960983985,13,12.725356131972566,1,48,3,1,1,1,1,0,13.167147432585944,5,0,13.658857917508856
3810,10.957817003758691,13,12.009446852348587,1,51,3,0,2,1,1,0,11.038126355768453,5,0,13.646027434664866
3815,8.412054873292933,8,11.159961747859198,1,53,2,0,2,1,1,0,12.562000810699038,4,0,8.412054873292933
3820,11.225256725762893,13,14.298781248939573,1,49,2,1,2,1,1,0,14.403297778421795,5,0,16.613096785334363
3825,10.609081944147828,8,12.115464434225991,0,67,1,0,0,1,3,0,11.075985169527042,4,0,12.580050526513531
3830,6.90875477931522,8,10.16365262239305,0,43,1,1,0,2,1,0,0.0,5,0,6.90875477931522
3835,8.294299608857235,13,10.769770904774587,1,66,2,0,0,2,3,0,11.502885230075814,4,0,10.451637862362272
3840,9.90353755128617,13,9.930047914868675,1,43,3,0,0,1,2,0,11.794345471549745,3,1,13.641158361294979
3845,6.90875477931522,8,10.451325058234776,1,61,3,0,1,2,1,0,0.0,4,0,11.042937835596494
3850,11.938199736300925,12,11.30306069379871,1,70,2,1,0,2,1,0,10.016860879703811,4,0,13.578522867254332
3855,10.34177474101152,14,11.996201706795759,0,38,3,1,0,1,2,0,14.045034511154766,4,0,13.836294076578252
3860,5.771441123130016,11,10.87739942351305,0,41,0,0,1,1,1,0,9.77571099759397,4,0,5.771441123130016
3865,10.623787731088578,8,11.496429917961313,1,32,3,1,1,1,1,0,12.157412722878947,4,0,10.841559345471941
3870,10.064798252418377,8,11.428222385556161,1,64,3,0,0,1,3,0,11.464795582766675,3,0,11.413116179350727
3875,9.90353755128617,13,12.133060100630725,1,81,3,1,0,2,1,0,7.313886831633462,4,0,14.42201047705467
3880,7.030857476116121,13,11.028627743384128,0,36,3,0,0,2,1,0,12.027370530646527,5,1,7.030857476116121
3885,11.385103457032141,12,12.453624289743354,1,36,3,1,0,1,1,0,13.42246945133505,2,0,14.49303686549315
3890,13.497370652597287,14,16.08965092008335,1,79,2,0,0,1,2,0,0.0,2,0,18.232391427450448
3895,10.74937727911096,8,11.248253152234346,1,63,3,0,1,1,1,0,0.0,4,0,12.339733404786474
3900,7.972810784121404,8,11.712956250852091,0,29,2,0,2,1,1,0,10.34884622430597,5,0,10.494075844768336
3905,13.676249640055394,11,15.399612882686796,1,59,3,1,0,1,2,0,0.0,5,0,17.40650153883008
3910,8.429672593886743,14,12.342150883607493,1,43,3,1,2,1,1,0,13.296318365198623,5,0,13.217820819092363
3915,10.416341118636355,8,12.423643576356815,1,40,3,0,0,1,1,0,13.179690332595941,5,0,13.171498244061793
3920,8.35490952835879,8,11.667700038278326,1,30,2,1,2,1,1,0,12.57846689132745,4,0,10.096213132628804
3925,12.644330802262578,13,14.257959280130619,1,71,3,0,0,1,2,0,14.650591668252272,4,0,15.844973861243904
3930,11.441440204346033,14,13.646136579473488,1,53,3,1,0,1,2,0,13.329379172803593,5,0,14.590284268212317
3935,13.380566689411136,13,13.299109967325496,1,67,3,1,0,1,1,0,13.489989537282215,4,0,15.095972347581064
3940,5.993961427306569,8,9.69367212060944,1,78,2,0,0,2,3,0,9.717218213494077,5,1,5.993961427306569
3945,11.002116507732017,11,11.773059697378923,1,61,3,0,0,1,1,0,11.373674891823535,5,0,13.83727302821889
3950,9.717218213494077,6,11.74774208708152,1,42,2,0,1,1,1,0,11.089820688682373,2,0,11.613684409620816
3955,8.418697944667139,12,11.686049021222916,0,71,3,1,3,1,3,0,0.0,3,1,12.136352724092163
3960,5.3981627015177525,11,9.930047914868675,0,67,3,0,0,2,3,0,10.571342565808699,1,1,9.410911062438
3965,10.819798284210286,9,11.063113369269185,1,40,2,0,0,2,4,0,12.81584093453868,4,0,10.97679912709094
3970,9.568084743872936,12,12.12722921174015,1,61,3,1,1,1,2,0,8.748463629942055,5,0,13.337960123083075
3975,11.519911009143941,13,11.969173203349216,1,52,2,0,2,1,2,0,11.918397239722838,4,0,12.233206179086634
3980,11.409795792463761,14,12.866095815680177,1,69,3,0,0,1,2,0,14.044636976184343,3,0,13.321543690070312
3985,13.304686600863562,8,12.009446852348587,1,69,2,0,0,1,2,0,13.710151153416941,5,0,14.425276673063282
3990,8.006700845440367,12,10.897601753215403,0,40,3,0,0,2,1,0,8.987321812850125,4,0,9.305741456739435
3995,6.608000625296087,13,10.16365262239305,0,59,2,0,1,2,1,0,9.539716058977092,5,0,7.039660349862076
4000,9.200391041122515,8,10.961513933396654,1,80,3,1,1,2,3,0,11.814887590396737,4,0,12.412684294889793
4005,7.601402334583733,9,10.540934738927314,1,65,2,1,0,2,3,0,6.803505257608338,5,0,10.373522431293592
4010,9.90353755128617,12,14.0380225455641,1,63,1,1,0,2,2,0,12.180759965737863,4,0,13.47442911525415
4015,9.99884318585288,12,12.70587505492555,0,37,3,1,1,1,2,0,10.407318772389159,4,0,11.947955847790901
4020,11.779136168550774,8,11.428222385556161,1,64,3,1,0,1,3,0,9.642187721358466,5,0,13.639371052850533
4025,8.517393171418904,6,10.699154876036824,1,57,1,0,1,1,3,0,0.0,5,0,8.594339400592892
4030,8.309184527686298,10,11.09644927542817,1,81,3,1,0,1,2,0,9.888424674859083,2,0,9.21642184229205
4035,6.85751406254539,8,10.699154876036824,1,45,2,0,1,2,1,0,12.891694078557842,5,0,8.507344855361422
4040,7.1316985104669115,8,10.204473075038809,0,46,2,0,1,2,4,0,8.24301946898925,3,0,7.1316985104669115
4045,16.039593530969935,12,14.338001938359346,1,49,3,1,1,1,2,0,13.07107218827772,2,0,16.298582275292933
4050,16.072051817168948,13,15.151776776475545,1,52,3,1,1,1,2,0,0.0,5,0,17.011076854340185
4055,9.350189267092581,8,11.773059697378923,1,57,2,0,0,1,2,0,0.0,5,0,12.558492047480835
4060,7.972810784121404,10,11.845379821066128,1,41,3,0,1,1,1,0,0.0,2,0,12.727544397630073
4065,8.470311205516108,12,11.079920226254767,0,28,2,0,0,1,2,0,9.90353755128617,4,0,10.129467078669546
4070,7.601402334583733,8,11.712956250852091,1,67,2,0,0,1,3,0,11.900097605672068,2,1,11.434974734252892
4075,14.914123179965662,12,16.776438905014512,1,66,3,0,1,1,2,1,15.375758436291614,3,0,19.988859172431663
4080,0.0,9,9.98133877479715,1,29,2,0,0,2,4,0,6.68586094706836,5,1,0.0
4085,5.739792912179234,9,8.85750474181683,0,39,2,0,0,2,4,0,8.839421607620602,2,1,5.739792912179234
4090,9.90353755128617,14,11.079920226254767,1,80,3,1,0,2,3,0,8.630700432209832,2,0,15.379532816160461
4095,7.762596048540069,8,11.845379821066128,0,35,2,0,0,1,1,0,10.288783966353765,1,0,7.804251383528112
4100,9.883335864325275,13,11.59073968241829,1,44,2,1,1,1,1,0,12.59473402514672,4,0,11.622685289462678
4105,12.317618492524995,8,13.439186700886735,1,65,2,1,0,1,3,0,0.0,4,0,15.025247020455234
4110,12.84265212010087,13,13.814273317948402,1,60,1,1,2,1,1,0,13.049794835104816,5,0,16.191346205634712
4115,8.240385115516334,9,10.623170750425082,1,66,2,0,0,1,1,0,0.0,5,0,8.66406026722579
4120,14.779448324693963,12,14.205934758544721,1,77,3,1,0,1,2,0,15.434898999271326,3,0,17.102493566213486
4125,14.540156890079597,12,14.108427649734772,1,67,2,1,0,1,2,0,15.551757493442464,2,0,16.86677218860996
4130,9.658290091690503,12,11.797752121925635,1,40,2,0,1,1,1,0,8.699681400989514,2,1,9.658290091690503
4135,10.981914140544825,12,15.114145718356587,1,63,3,1,0,1,3,0,0.0,4,0,17.623478883648524
4140,11.483300960570345,11,11.969173203349216,1,38,3,1,1,1,1,0,11.440365524765756,2,0,12.159405476211566
4145,9.720225553665117,9,11.629960039799675,1,61,1,0,0,1,1,0,11.643962499267984,5,0,12.523256479761772
4150,9.431161227920747,12,11.600689921732425,1,40,3,1,2,1,1,0,11.636036503798104,5,0,11.838416196403573
4155,5.916202062607435,12,10.835727530509162,0,23,3,0,0,1,1,0,8.732465848349879,3,0,6.19644412779452
4160,9.32375833901174,11,11.41638805747596,0,45,3,0,1,2,1,0,9.412546252075513,3,0,12.480673277818179
4165,5.303304908059076,8,10.16365262239305,0,25,2,0,2,1,1,0,5.303304908059076,4,0,5.303304908059076
4170,7.039660349862076,7,10.699154876036824,0,47,2,0,3,2,4,0,9.850666776352545,4,0,7.039660349862076
4175,7.2868764117507,2,10.897601753215403,0,41,2,0,2,1,1,0,8.45553053102413,2,1,7.2868764117507
4180,6.066108090103747,6,9.26803702884847,0,28,2,0,2,1,1,1,0.0,4,0,6.066108090103747
4185,9.259225769705994,13,11.219680157476482,0,35,3,0,1,1,1,0,10.672460871214069,3,0,9.259225769705994
4190,6.814542897259958,6,11.59073968241829,0,59,0,0,0,1,1,0,9.908524844053396,5,0,6.814542897259958
4195,7.300472814267799,8,10.723251890363157,0,36,1,0,4,2,3,0,10.24106631958382,4,0,7.300472814267799
4200,14.080410834801567,12,13.468669011125677,1,41,3,1,2,1,4,0,12.524530013005734,5,0,14.548984090233867
4205,5.017279836814924,8,10.792243293398966,0,41,0,0,2,2,1,0,0.0,5,0,5.017279836814924
4210,12.956287541372633,14,11.485380194730258,1,67,3,0,0,1,3,0,8.517393171418904,4,0,13.917607654457573
4215,4.110873864173311,2,9.065117423169948,0,69,2,0,0,1,3,0,0.0,4,0,4.110873864173311
4220,11.608244735642321,12,11.367598443988374,0,58,3,1,0,2,1,0,0.0,3,0,14.699278511355924
4225,7.490529402060711,13,12.066970356293535,1,46,3,0,2,1,1,0,13.241622656210733,1,1,11.437673762082719
4230,9.546884034617925,12,10.451325058234776,1,70,3,0,0,2,3,0,0.0,4,0,14.040253629363907
4235,6.2166061010848646,9,10.386788464403516,0,39,2,0,4,1,1,0,0.0,4,0,6.2166061010848646
4240,9.105090961257085,8,10.674462827538377,0,28,1,0,0,2,1,0,7.0909098220799835,1,0,9.105090961257085
4245,7.438971592395862,9,11.063113369269185,1,78,2,0,0,1,3,0,8.556606193773073,5,0,7.438971592395862
4250,3.044522437723423,10,9.00058661065466,0,25,1,0,1,2,1,0,9.261128538808288,4,1,3.044522437723423
4255,5.802118375377063,8,11.09644927542817,1,52,2,0,0,1,1,0,11.518917476956224,5,0,7.645397699428633
4260,4.61512051684126,9,9.69367212060944,1,63,2,0,0,2,4,0,0.0,2,0,10.130662964963708
4265,13.548938754204904,13,13.96656684555146,1,85,3,1,0,1,3,0,0.0,5,0,15.964478278897191
4270,13.384729180332174,9,12.951709356349655,1,39,2,0,3,1,2,0,14.06627005452127,4,0,13.894322662602555
4275,6.1779441140506,9,9.383539618396707,0,68,1,0,0,2,3,0,8.131824785007195,5,0,6.1779441140506
4280,13.478639641880966,8,13.862857270286732,1,39,3,1,3,1,1,0,12.919024904363686,5,0,14.57510116293097
4285,9.30027247947679,9,10.699154876036824,1,41,3,1,0,2,1,0,11.002116507732017,5,0,9.30027247947679
4290,13.833351458410394,12,0.0,0,75,3,0,0,1,2,1,0.0,1,0,14.702166896739968
4295,10.819798284210286,8,11.639529406064158,0,25,1,0,0,1,2,0,10.645448706505872,2,0,10.819798284210286
4300,9.680406499268875,8,10.897601753215403,1,48,1,0,1,1,1,0,10.594156665220533,5,0,9.680406499268875
4305,5.303304908059076,3,9.470543987306165,0,68,2,0,1,2,3,0,0.0,5,0,5.303304908059076
4310,14.498607907721096,14,13.088120909354299,1,82,3,0,0,1,3,0,0.0,2,0,16.700311326676903
4315,11.586185220346932,14,11.30306069379871,0,55,3,1,0,2,3,0,0.0,5,0,11.68352019721342
4320,13.597355791941425,12,13.979494069068629,1,64,3,1,1,1,1,0,14.095413198954706,2,0,15.265718479349365
4325,0.6931471805599453,8,9.6246836542707,1,68,1,0,1,2,3,0,0.0,5,0,0.6931471805599453
4330,11.608244735642321,8,11.549918073413814,1,33,2,1,0,1,1,0,12.5421912482017,5,0,11.841300723646832
4335,9.472781556562168,8,10.74678187553037,0,61,1,1,0,2,3,0,6.792344427470809,2,0,9.472781556562168
4340,8.870803443982124,9,10.897601753215403,1,57,3,0,0,1,1,0,12.013706813470414,4,0,9.02653771890043
4345,15.299385474180372,12,14.978505104936554,1,56,1,1,0,1,2,0,13.609716873485151,4,0,17.254324835300466
4350,8.006700845440367,8,10.31779779558084,1,66,2,0,0,2,2,0,0.0,1,0,8.006700845440367
4355,10.959557617938563,12,11.175229004346514,1,71,2,1,0,2,2,0,0.0,5,0,12.87774334868815
4360,9.027738775974909,10,12.356202576168052,1,45,2,0,0,1,2,0,12.154784614286667,4,0,9.89298256789098
4365,4.51085950651685,8,9.039802580037927,1,62,3,0,2,2,3,0,0.0,5,0,4.51085950651685
4370,10.736418414365376,9,10.87739942351305,1,70,3,1,0,2,1,0,0.0,5,0,12.783811780410995
4375,11.542493975902508,12,11.74774208708152,1,86,3,1,0,1,3,0,0.0,5,0,14.222974334070885
4380,10.596659732783579,8,11.128709656194046,1,54,1,1,2,1,2,0,12.895465286619547,5,0,12.388398368982115
4385,3.4339872044851463,8,11.367598443988374,1,24,3,0,0,1,1,0,11.341911733058936,1,1,6.7226297948554485
4390,13.418610167725486,13,12.138857187204595,1,62,3,1,0,1,2,0,0.0,2,0,15.099883206183014
4395,7.901377353792616,8,11.159961747859198,1,22,1,0,1,1,1,0,11.427269532586738,4,0,10.751520856703959
4400,10.463131911491967,11,11.837597736678639,1,62,3,1,0,2,1,0,11.156264806643742,3,0,14.58427574856807
4405,11.695255355062795,12,12.20592107089332,1,48,3,0,3,1,1,0,12.74578014344445,2,0,12.700771936142122
4410,8.79497643168877,11,11.392290774522229,1,57,1,0,0,2,1,0,12.671820356188537,1,0,13.155026095375646
4415,11.0186455364637,12,11.853101811967846,0,28,3,0,0,1,1,0,0.0,2,0,11.0186455364637
4420,8.294299608857235,8,11.610542128340578,0,26,2,0,2,1,1,0,10.860939421415225,1,0,8.517393171418904
4425,5.303304908059076,13,11.485380194730258,1,83,1,0,1,2,3,0,0.0,3,0,5.303304908059076
4430,10.413342705547674,12,11.079920226254767,0,30,2,0,0,1,1,0,11.964007453736912,2,0,10.413342705547674
4435,5.198497031265826,9,10.674462827538377,0,59,2,0,0,2,3,1,8.716207971151853,5,0,5.198497031265826
4440,5.303304908059076,1,9.6246836542707,1,81,0,0,0,1,3,0,0.0,4,0,5.303304908059076
4445,6.566672429803241,9,9.930047914868675,0,22,2,0,0,2,1,0,8.343077871169383,5,0,7.555381944240273
4450,13.597355791941425,9,11.435256335922215,0,78,3,1,0,1,3,0,0.0,4,0,13.811503540582295
4455,12.345838935721968,13,12.138857187204595,1,34,3,1,0,1,1,0,12.07824495582233,3,0,13.444448325847754
4460,5.5254529391317835,8,8.084480867798195,0,25,2,0,0,2,4,0,3.4339872044851463,2,0,5.5254529391317835
4465,9.952325334619427,12,10.243692364956795,1,52,3,0,2,2,4,0,13.569611298299009,2,0,9.961803629358965
4470,6.274762021241939,10,9.69367212060944,1,56,0,0,0,2,3,0,8.497194544909547,5,0,6.274762021241939
4475,10.275085591132715,14,12.388241794252275,1,64,3,1,1,1,1,0,13.239258908233676,5,0,14.279873935855239
4480,12.886643575525625,12,13.25465828094871,1,61,3,1,0,1,2,0,13.171155446333852,4,0,14.96766392951613
4485,6.62273632394984,8,9.818828007928495,0,25,1,0,1,1,4,0,0.0,4,0,6.62273632394984
4490,13.8924725250259,13,12.938805982316715,1,70,1,1,0,1,3,0,0.0,2,0,15.91720283082831
4495,13.208542908506082,12,14.052028004566143,1,73,0,1,0,1,3,0,0.0,5,0,16.474300554445346
4500,9.680406499268875,12,13.231668803461037,1,65,3,1,0,1,3,0,11.918397239722838,1,0,14.939465979296001
4505,11.869207331664223,9,12.085432314014094,0,44,3,1,0,1,4,0,11.918397239722838,4,0,12.239512257194662
4510,13.912365907015863,8,13.71179475671078,1,75,3,1,0,1,2,0,15.623963414041532,5,0,17.280799517149582
4515,7.601402334583733,8,10.936821754744528,0,59,3,1,0,1,1,0,10.707751151716078,4,0,7.601402334583733
4520,12.031368006227389,9,11.458351803974335,1,74,3,1,0,1,2,0,0.0,5,0,13.231291322213183
4525,10.905974329106854,9,11.20508155522288,1,47,3,0,1,1,2,0,12.397110273442197,1,0,10.905974329106854
4530,10.979189389621132,14,12.097553606596385,1,41,3,0,2,2,1,0,13.049794835104816,4,0,12.098993988044977
4535,10.043292972227004,8,10.569104881654322,1,82,2,0,1,2,3,0,10.494075844768336,2,0,10.12667110305036
4540,5.968707559985366,9,9.818828007928495,0,56,2,0,0,2,3,1,9.210440366976517,2,1,5.968707559985366
4545,12.180759965737863,13,12.436602669205573,1,61,3,1,0,1,2,0,0.0,4,0,16.125567765052597
4550,6.2166061010848646,12,9.818828007928495,0,59,1,0,0,2,2,0,8.160803920954665,4,0,6.2166061010848646
4555,9.392745258631441,14,11.485380194730258,1,59,3,0,0,1,1,0,8.169336395928386,4,0,12.976183182038383
4560,8.732465848349879,12,11.821849494415464,1,53,3,0,1,1,1,0,11.472113887062386,5,0,11.996591585872558
4565,7.698936199813447,9,11.159961747859198,0,26,2,1,4,1,1,0,10.463131911491967,4,1,7.698936199813447
4570,9.680406499268875,8,11.144457783705516,0,44,2,1,1,1,1,0,6.90875477931522,5,0,11.338583982516495
4575,8.160803920954665,12,11.890841876391685,1,67,3,0,1,1,2,0,13.121364879070743,2,0,13.046563821483023
4580,11.407576060361786,12,12.616775342823493,1,29,3,0,0,1,1,0,13.304686600863562,3,0,13.61217085943569
4585,12.653961664405365,8,12.526827418238932,1,54,3,1,0,1,4,0,0.0,5,0,14.133237479566205
4590,8.131824785007195,8,11.975999125353795,1,51,2,0,0,1,1,0,11.72157244693173,1,0,11.133142723386813
4595,11.732952163942832,12,12.167348992793892,1,67,3,1,1,1,2,0,0.0,5,0,15.27287153886801
4600,10.995427631436174,8,11.079920226254767,1,75,1,0,0,1,3,0,0.0,5,0,12.12703484943049
4605,15.561051727941232,12,16.03807664017651,1,67,3,1,0,1,2,1,11.184435286790631,5,0,16.6110220959201
4610,6.018593214496234,11,10.35288797609956,0,43,1,0,2,2,1,0,11.354175893097942,2,0,9.149634496858788
4615,10.505094936455558,13,12.44939597018852,1,52,3,1,1,1,1,0,14.441984139729627,4,0,14.349955633323454
4620,5.771441123130016,10,10.121094683881875,0,51,2,0,0,2,4,0,3.713572066704308,4,0,6.19644412779452
4625,10.165890277802454,13,11.502018610712573,1,73,0,1,0,2,2,0,12.715900771961074,5,0,12.228328144428588
4630,8.412054873292933,11,11.600689921732425,1,41,2,0,1,1,1,0,11.83138646878959,2,1,11.556951919719207
4635,12.672949516558306,12,13.997676372797747,1,64,3,1,1,1,2,0,13.774689605110144,2,0,16.197461298709275
4640,9.036106025364846,9,11.112709551691127,1,66,2,0,0,2,3,0,12.532389923220464,2,0,12.639156163208208
4645,10.881832472145556,14,11.628131462113434,1,84,3,1,0,1,3,0,0.0,4,0,12.351042741030522
4650,6.566672429803241,8,11.30306069379871,1,66,3,0,0,1,1,0,11.951186847493476,5,0,12.95680689804305
4655,13.021439671201302,12,13.922875224529346,1,66,1,1,0,1,3,0,12.818554633046093,5,0,15.636019602421621
4660,14.524679206631616,12,15.363031706080267,1,75,0,1,0,1,2,0,0.0,3,0,18.262274533853454
4665,11.52910388569769,13,11.079920226254767,1,26,3,1,2,1,2,0,12.371760797732204,2,1,12.126114517613003
4670,7.944846711001996,7,9.470543987306165,1,58,1,0,0,2,4,0,9.23024103368252,2,0,7.944846711001996
4675,10.819798284210286,14,11.92720927582913,1,72,2,1,1,1,2,0,10.849356503939038,2,0,12.337105293891872
4680,7.601402334583733,8,11.667700038278326,1,74,2,1,0,1,2,0,9.75272280064639,5,0,10.819798284210286
4685,4.61512051684126,9,10.769770904774587,0,33,1,0,0,2,1,0,8.618123909994678,5,0,4.61512051684126
4690,9.409273194575334,12,9.550580764956187,0,29,3,0,0,2,1,0,8.11701408773731,4,0,9.409273194575334
4695,5.707110264748875,8,11.234068703381137,1,61,2,0,0,1,1,0,11.813037464800539,5,0,12.124325569579169
4700,11.728044909070785,12,10.85678052964002,1,63,2,1,0,2,1,0,0.0,5,0,12.058158312538197
4705,12.540761149388421,12,13.094809883705356,0,56,3,1,1,1,1,0,0.0,3,0,13.383959654737488
4710,0.6931471805599453,4,9.875983398597374,0,40,2,0,1,2,2,0,0.0,1,0,0.6931471805599453
4715,14.390437669882832,13,13.23360490903136,1,31,3,0,0,1,2,0,13.710151153416941,5,0,15.0799200135001
4720,7.824445930877619,9,10.204473075038809,0,36,3,0,2,2,1,0,9.99884318585288,3,0,9.433563920090563
4725,9.99884318585288,12,11.620298215285262,1,29,3,0,1,1,1,0,12.216027926866138,5,0,10.468829770273567
4730,9.90353755128617,12,12.258564547947534,1,66,3,0,0,1,2,0,13.487007879880162,1,0,15.953221125692608
4735,8.575650760987806,8,10.85678052964002,0,25,3,0,0,2,1,0,0.0,5,0,9.259225769705994
4740,8.699681400989514,8,10.121094683881875,1,68,0,1,0,1,3,0,10.003378135350923,2,0,8.699681400989514
4745,9.472781556562168,5,10.030126736355644,1,72,1,0,0,2,3,0,9.472781556562168,3,0,9.472781556562168
4750,8.853808274977197,-1,11.528864869228297,1,43,2,0,2,1,4,0,7.67368812926773,2,1,8.853808274977197
4755,11.50892748368293,13,10.769770904774587,1,74,2,1,0,1,2,0,6.90875477931522,1,0,12.384223015005313
4760,13.846040732930732,13,12.954270171159468,1,48,3,0,3,1,1,0,12.785493861878301,4,0,15.431924282744513
4765,7.048386408721883,9,9.930047914868675,1,67,2,0,0,2,1,0,13.304686600863562,4,0,7.048386408721883
4770,12.326877776718879,14,14.84620851513345,1,58,3,1,1,1,2,0,13.510344528022657,5,0,16.230145036166935
4775,8.160803920954665,9,11.219680157476482,0,53,2,0,0,2,1,0,10.643064971973882,5,1,8.160803920954665
4780,4.795790545596741,8,9.818828007928495,1,62,3,0,0,2,3,0,10.819798284210286,5,0,4.795790545596741
4785,8.82776136765472,12,11.159961747859198,1,51,3,0,1,2,1,0,12.34213645388149,5,0,11.060698883507174
4790,10.12667110305036,11,11.28963784015293,1,37,3,0,3,1,1,0,12.026353699006034,1,0,11.251573687764477
4795,0.0,8,10.030126736355644,1,53,3,1,0,2,1,1,9.169622538697624,5,0,11.775297421715827
4800,9.928228944424575,12,12.623918206710941,0,26,3,1,0,2,1,0,9.680406499268875,2,0,12.103491596905931
4805,4.61512051684126,8,10.623170750425082,0,40,1,0,0,1,1,0,9.392745258631441,4,0,4.61512051684126
4810,9.105090961257085,10,12.308574737108612,1,72,3,1,0,1,3,0,4.61512051684126,5,0,13.31957518872681
4815,13.314636915215106,14,13.076872220227296,1,58,3,1,0,1,2,0,0.0,2,0,14.429615072309161
4820,7.438971592395862,11,10.792243293398966,0,72,1,0,2,2,3,0,7.107425474110705,5,0,9.488047863280759
4825,0.0,12,10.623170750425082,1,38,2,1,1,1,1,0,12.39545670404338,1,0,0.0
4830,10.596659732783579,12,11.941393817766459,1,62,3,1,0,1,3,1,0.0,1,0,15.345905479508115
4835,8.699681400989514,8,10.540934738927314,1,41,1,0,2,1,1,0,11.788289480716973,5,0,9.305741456739435
4840,6.236369590203704,7,11.47420700963637,0,29,1,0,0,1,1,0,10.39516093745751,2,0,6.236369590203704
4845,14.082480354515004,13,14.87164199464218,1,72,2,1,0,1,2,0,10.950824090522445,5,0,16.839101208272968
4850,6.68586094706836,8,11.028627743384128,1,43,3,0,2,1,1,0,11.96451687485452,5,0,11.701899842594283
4855,7.340186835320115,2,9.930047914868675,0,70,3,0,0,1,3,0,0.0,1,0,7.340186835320115
4860,14.58677598021581,13,14.229788421485082,1,55,3,0,2,1,1,0,14.403297778421795,1,0,16.916436778304266
4865,6.68586094706836,9,10.41957729248823,0,30,2,0,1,2,1,0,8.006700845440367,2,0,9.314790473332646
4870,11.211833885608513,11,11.868369176293065,1,41,3,1,2,1,1,0,11.88518533064729,5,0,11.407576060361786
4875,6.2166061010848646,9,10.243692364956795,1,34,2,0,2,1,4,0,9.680406499268875,4,0,6.2166061010848646
4880,4.948759890378168,8,10.723251890363157,0,42,1,0,0,1,1,0,10.064372648053766,4,1,4.948759890378168
4885,12.05263587747392,14,12.365461861933738,1,30,3,1,1,1,2,0,12.025755079404917,4,0,13.10532097717404
4890,11.002116507732017,12,12.20592107089332,1,45,3,0,0,2,1,0,13.215855541983634,4,0,12.433212202169729
4895,11.58525542883217,12,12.150351505528926,1,51,3,0,2,1,1,0,12.013706813470414,2,0,13.90854633509278
4900,15.163869639407164,8,17.29083953130359,1,58,3,1,2,1,2,0,0.0,1,0,16.723345662330537
4905,11.48247656671073,9,10.792243293398966,1,68,2,1,0,1,3,0,0.0,2,0,13.794287942962585
4910,5.356586274672012,9,10.623170750425082,1,55,2,0,2,1,3,0,11.350418300109132,1,0,5.356586274672012
4915,10.933124826700707,12,11.59073968241829,1,41,3,1,3,1,1,0,0.0,2,0,12.151621739551222
4920,7.438971592395862,8,11.41638805747596,1,63,3,1,0,2,1,0,11.8177669686689,5,0,9.23024103368252
4925,14.22430412061672,9,16.268221364666164,1,72,3,1,0,1,2,0,14.441449523589984,4,0,16.57962604603126
4930,5.303304908059076,8,10.204473075038809,1,61,2,0,0,1,3,0,10.165890277802454,5,1,5.303304908059076
4935,9.34583234141334,8,12.522898154395813,1,55,3,1,1,1,1,0,13.32677416091854,3,0,9.34583234141334
4940,11.456365695436427,14,13.212098742711769,1,80,3,1,0,1,3,0,0.0,5,0,15.655186953057292
4945,9.711176264112805,8,11.329377681719818,1,51,3,0,1,2,1,0,11.857939686169175,5,0,9.975854724662028
4950,8.006700845440367,12,12.734956177307375,1,51,2,1,2,1,1,0,11.112462823634855,2,0,10.434145214930487
4955,0.0,7,9.69367212060944,0,41,1,0,0,2,2,0,0.0,4,0,0.0
4960,7.696667081526462,13,10.16365262239305,0,59,3,0,0,2,3,0,8.987321812850125,5,1,11.241129864948206
4965,8.77971129020447,12,10.596503161315887,1,56,2,0,3,1,1,0,10.088347551424729,2,0,8.79497643168877
4970,7.976251943745623,11,11.883406949070103,1,57,1,0,0,1,1,0,11.825551337974238,4,0,12.287242410144053
4975,12.487488878546145,12,13.503232884516677,1,60,3,0,0,1,2,0,0.0,3,1,17.628044686983802
4980,11.840796531639839,11,0.0,1,61,3,1,0,1,2,0,0.0,5,0,15.861886534641071
4985,4.948759890378168,9,10.030126736355644,0,77,2,0,0,2,3,0,8.364275084991524,4,0,7.237778191923443
4990,14.575522146438843,9,15.804338550967119,1,61,3,1,0,1,3,1,14.488455541410652,2,0,16.609756864924012
4995,8.853808274977197,14,10.243692364956795,1,62,3,1,0,1,2,0,0.0,1,0,15.037873521935216
5000,11.728044909070785,14,12.05572732964602,1,84,2,1,0,2,3,0,0.0,4,0,13.94566212039206
5005,10.34177474101152,8,11.518169685974078,1,59,2,1,1,1,1,0,8.006700845440367,3,0,10.34177474101152
5010,10.318935994253193,9,10.204473075038809,1,70,2,1,0,2,3,0,0.0,5,0,10.318935994253193
5015,12.184343263233146,11,11.982778769792814,1,60,3,1,1,2,3,0,13.19189130572284,5,0,14.339470152291545
5020,11.558863947911393,13,12.17852223565681,1,49,3,1,1,1,1,0,13.06685278163674,3,0,13.328891249703604
5025,10.694237736914808,11,11.380020821211883,1,52,3,1,0,2,1,0,11.522885696764481,5,0,13.244405773536606
5030,12.840003118946523,14,13.320616136897561,1,73,3,1,0,1,1,0,0.0,2,0,15.511860025739322
5035,9.852246888342531,12,11.234068703381137,1,36,2,0,2,1,1,0,12.384223015005313,5,0,12.35017731849889
5040,5.602118820879701,12,10.540934738927314,0,49,3,0,1,2,1,0,7.601402334583733,5,0,8.569975376855206
5045,10.463131911491967,12,13.092585193269537,1,74,3,1,0,2,3,0,11.407576060361786,3,0,15.091432140776401
5050,10.348205424565993,9,12.885460133287797,1,65,3,1,0,1,2,0,11.560772327227417,3,0,14.024312559118844
5055,9.687257547490987,9,11.45262775051376,1,74,1,1,0,1,3,0,11.995357787034976,4,0,13.146296677399599
5060,7.601402334583733,8,10.121094683881875,0,94,1,0,0,2,3,0,0.0,4,0,7.601402334583733
5065,3.9318256327243257,8,10.897601753215403,1,39,0,0,1,1,1,0,11.559818592808288,4,0,3.9318256327243257
5070,4.51085950651685,7,11.046019206267971,1,76,1,0,0,2,1,0,10.607599400820764,5,0,4.51085950651685
5075,8.77971129020447,3,11.175229004346514,0,50,3,0,1,1,1,0,9.96038759966894,4,1,8.77971129020447
5080,7.8636512654486515,14,11.92720927582913,1,73,3,0,1,1,2,0,12.133507329024972,3,0,13.350090010337249
5085,0.0,6,10.540934738927314,0,32,2,0,4,1,4,0,0.0,2,0,0.0
5090,6.447305862541213,8,10.451325058234776,0,68,1,0,1,2,3,0,9.726213236963687,5,0,9.015662792972645
5095,8.867990898182093,9,11.451478997511787,1,63,1,0,3,1,1,0,13.336475871204131,3,1,12.911891697714024
5100,10.591647316585027,9,12.866095815680177,1,56,3,1,1,2,1,0,13.190115479455148,3,0,13.908819646010246
5105,7.989899374942939,8,10.030126736355644,0,61,3,0,0,2,2,1,8.922791623969637,1,0,7.989899374942939
5110,10.404293143019792,9,12.167348992793892,1,57,1,1,0,1,2,0,12.80902429414634,2,0,10.404293143019792
5115,6.111467339502679,8,9.818828007928495,0,51,2,0,0,2,3,0,0.0,4,0,6.111467339502679
5120,10.87806606028079,12,12.95682444491998,1,72,3,1,0,1,1,0,13.049794835104816,3,0,15.602760039134486
5125,6.68586094706836,8,10.511947979456522,0,64,3,1,0,2,1,0,5.707110264748875,3,0,6.985641817639208
5130,6.398594934535208,3,9.875983398597374,0,60,2,0,1,1,3,0,0.0,5,0,6.398594934535208
5135,3.9318256327243257,8,10.281431375093115,0,45,2,0,0,2,2,0,0.0,5,0,3.9318256327243257
5140,5.771441123130016,9,9.383539618396707,1,57,0,0,1,2,3,0,10.933124826700707,4,0,5.771441123130016
5145,12.128116509451258,12,14.43564035276491,1,55,2,1,0,1,2,0,0.0,3,0,14.641877019947108
5150,11.621788838451959,8,11.355019808159389,1,37,3,0,0,1,1,0,12.850557278777309,4,0,12.474193386571581
5155,9.741027444837728,12,12.283882237332369,1,65,2,1,1,1,1,0,12.612040960341938,3,0,9.741027444837728
5160,6.90875477931522,9,10.482095840823943,0,34,2,0,0,2,1,0,0.0,4,0,8.160803920954665
5165,9.90353755128617,9,11.92720927582913,1,53,3,1,1,1,1,0,12.184854116317803,5,0,13.039635902299171
5170,10.038935856711177,12,11.404411999129266,0,42,3,0,4,1,1,0,10.229223792606835,5,1,10.038935856711177
5175,0.6931471805599453,9,10.35288797609956,0,35,3,0,0,2,3,1,0.0,5,0,0.6931471805599453
5180,13.217675375388819,14,16.74995818236608,1,72,3,1,0,1,1,0,0.0,5,1,16.62455481560167
5185,11.744045122410057,13,12.232589186385791,1,72,3,1,0,1,3,0,14.36939624590319,2,0,15.457609446211269
5190,8.0774471493312,9,11.276032359350232,0,34,3,1,3,1,2,0,10.203629181337648,1,0,11.97804845324086
5195,7.496097345175956,8,10.95586961402582,1,77,2,1,0,2,3,0,0.0,5,0,7.496097345175956
5200,9.210440366976517,8,11.570537163972045,1,56,3,1,1,1,1,0,11.502885230075814,2,0,12.506180941677357
5205,8.556606193773073,6,10.674462827538377,1,44,3,0,0,2,2,1,0.0,5,1,8.556606193773073
5210,6.803505257608338,13,11.316305758236654,0,41,2,1,0,1,1,1,10.712215345197256,2,0,10.207694828570066
5215,10.819798284210286,12,10.95586961402582,1,76,3,1,0,1,3,0,0.0,5,0,13.574077009751477
5220,5.081404364984463,9,10.569104881654322,0,45,2,0,1,2,1,0,8.853808274977197,5,0,5.081404364984463
5225,9.90353755128617,13,10.204473075038809,0,29,2,0,0,2,1,0,0.0,3,0,10.791399385808587
5230,9.781376414141157,9,12.4908955417554,1,62,3,0,0,1,2,0,12.934830666099812,5,0,13.774585433126271
5235,7.313886831633462,4,10.792243293398966,0,73,2,0,0,2,3,0,8.922791623969637,4,0,7.901377353792616
5240,11.552155793461898,12,11.92720927582913,1,50,2,1,2,1,1,0,0.0,1,0,13.572165574841936
5245,9.012011377036412,9,12.060739842420068,1,65,2,0,0,1,1,0,12.866699217025852,1,0,13.960650188532405
5250,7.696667081526462,12,11.789588872889583,1,47,1,0,0,2,1,0,12.749852272189257,2,0,11.10045084755119
5255,12.647551406590285,12,12.222007128890565,0,67,3,1,0,1,3,0,10.085850775128717,1,0,15.82372472458392
5260,12.16034802776822,10,12.298770781461648,1,43,1,0,0,1,2,0,0.0,3,0,13.359111564557585
5265,16.34499223084216,12,13.73666279604693,1,69,3,0,0,1,3,0,0.0,1,0,18.118561637230037
5270,7.824445930877619,12,12.283882237332369,1,54,1,0,3,1,2,0,12.506180941677357,4,0,7.824445930877619
5275,12.914110901635024,14,12.972014574830805,0,79,3,1,0,2,2,0,0.0,2,0,16.077898565308505
5280,10.448743588106625,9,10.929099846555145,1,74,3,0,0,2,3,0,11.686887175419702,5,0,11.715874472198905
5285,6.19644412779452,8,11.175229004346514,0,20,2,0,1,1,1,0,8.577535420422398,3,1,6.19644412779452
5290,14.011900193662013,13,14.797534049239529,1,74,3,1,0,2,3,0,0.0,4,0,17.0257088819874
5295,10.106469212026385,12,11.837597736678639,1,52,3,0,2,1,2,0,13.107657778162631,2,0,14.251505517728456
5300,11.225256725762893,12,12.849194048905238,1,45,3,1,2,1,1,0,12.206077645517674,4,0,13.527829818844937
5305,8.412054873292933,4,10.623170750425082,0,82,2,1,0,1,3,0,9.394410399304254,2,1,8.517393171418904
5310,6.621405651764134,9,9.6246836542707,1,85,3,1,0,2,3,0,8.294299608857235,4,0,6.621405651764134
5315,12.638507446509221,13,15.436613831666566,1,65,3,0,0,1,2,0,14.212271897937022,2,0,15.606970148899995
5320,12.185875040240456,13,12.237838516809799,1,62,3,1,1,1,1,0,12.502470376049185,5,0,15.132723025777747
5325,8.895766604056085,8,10.596503161315887,0,26,2,0,1,1,2,1,4.795790545596741,2,0,9.332646496360152
5330,9.846970109700957,12,12.453624289743354,1,59,3,0,1,1,2,0,10.077482875583607,5,0,13.526362077528328
5335,5.71042701737487,8,10.076644749570697,1,82,2,0,0,2,3,0,8.527341522468053,5,0,6.156978985585555
5340,10.05195066017375,8,10.785106925081122,1,74,2,1,0,1,3,0,0.0,3,0,12.746071560344612
5345,9.717218213494077,9,11.883406949070103,1,40,3,0,0,1,1,0,12.614868865984631,3,0,13.436591465784137
5350,14.805795341217712,13,16.011977890073794,1,56,3,1,2,1,2,0,12.985399815906522,5,0,17.43259861228985
5355,11.302216779257382,12,12.84349604282837,1,71,1,1,0,1,2,0,12.128116509451258,3,0,13.893398021690297
5360,3.9318256327243257,1,10.87739942351305,1,63,2,0,0,1,4,0,12.843973993864076,1,0,3.9318256327243257
5365,11.864293351358109,12,11.797752121925635,1,39,3,1,2,1,2,0,14.603968372873895,2,0,14.4382894573091
5370,8.281723990411392,11,10.74678187553037,0,51,0,0,1,2,4,0,0.0,2,0,8.281723990411392
5375,5.351858133476067,11,10.623170750425082,0,42,2,0,1,2,1,0,9.90353755128617,5,0,5.351858133476067
5380,7.696667081526462,13,10.699154876036824,1,71,3,1,0,2,3,0,11.19822841866684,5,0,10.060534035475412
5385,9.261128538808288,12,11.941393817766459,0,32,3,0,0,1,1,0,11.331415578682627,3,0,12.313001430810091
5390,6.8885724595653635,12,10.95586961402582,0,57,2,0,0,2,1,0,9.409273194575334,5,0,10.470532816298427
5395,8.38958706681109,12,10.64914561257346,1,72,1,0,0,1,3,0,6.55250788703459,4,0,12.124868013083418
5400,7.696667081526462,13,10.792243293398966,0,41,3,0,2,2,1,0,11.264476926102367,4,0,8.343077871169383
5405,15.97929336296756,12,15.792433650098726,1,53,0,1,0,1,2,0,0.0,1,0,16.295739701925207
5410,8.853808274977197,10,10.121094683881875,0,38,2,0,0,2,2,0,9.239996256883693,5,0,9.99884318585288
5415,6.90875477931522,12,11.392290774522229,0,31,1,0,0,2,1,0,0.0,5,0,10.714439990727769
5420,5.707110264748875,9,9.818828007928495,0,66,2,0,0,2,3,0,8.006700845440367,4,0,8.895766604056085
5425,12.323860125621126,12,12.989449596486997,1,44,3,1,3,1,2,0,13.049794835104816,1,0,12.779875885354993
5430,8.517393171418904,10,11.485380194730258,1,38,2,0,1,1,1,0,10.410335274932896,5,0,10.34177474101152
5435,12.150036542839864,11,13.116788745738386,1,56,3,0,0,1,3,1,13.694473358254752,5,0,15.111634284163154
5440,9.105090961257085,9,10.451325058234776,0,66,2,1,0,2,1,0,7.550135342488429,4,0,10.799595985047786
5445,6.2166061010848646,7,10.936821754744528,0,74,0,0,1,1,3,0,0.0,1,0,6.68586094706836
5450,7.635786861395585,10,9.875983398597374,1,71,1,1,0,2,3,0,11.636831936290152,4,1,7.635786861395585
5455,5.303304908059076,6,8.46737502407256,1,58,2,0,0,2,4,0,0.0,5,0,5.303304908059076
5460,12.456485000398507,9,11.30306069379871,1,64,1,1,0,1,3,0,10.138994362833737,2,0,13.496559328113765
5465,11.225256725762893,13,14.406139704462902,1,72,3,0,0,2,3,0,0.0,5,0,16.25043892555006
5470,13.815511557963774,12,13.471569993863428,1,73,3,1,0,1,2,0,0.0,4,0,15.093663039015954
5475,7.696667081526462,10,9.930047914868675,0,36,2,1,1,2,3,0,0.0,3,0,11.636920278634463
5480,5.25227342804663,12,11.219680157476482,1,65,2,1,0,2,1,0,10.576457535657255,4,0,5.25227342804663
5485,7.972810784121404,8,12.888196106172224,1,67,2,1,0,1,3,0,9.781376414141157,4,0,14.915921561308119
5490,3.713572066704308,9,10.723251890363157,0,58,2,0,2,2,1,0,8.802522498284421,5,1,3.713572066704308
5495,6.398594934535208,5,9.930047914868675,1,60,1,0,0,1,3,0,10.62135173563291,1,1,6.398594934535208
5500,9.883335864325275,12,10.835727530509162,0,26,1,1,0,1,1,0,9.63174444388585,2,0,9.883335864325275
5505,12.810391344620207,12,14.298781248939573,1,55,3,1,0,1,3,0,12.611541086966115,4,0,17.576152401573903
5510,12.676079399771027,13,14.38495889425808,1,75,3,1,0,1,2,0,12.95039048795861,1,0,15.78122347437178
5515,9.332646496360152,10,10.723251890363157,1,76,1,0,0,1,3,0,11.775297421715827,4,0,10.628641991731053
5520,5.707110264748875,5,10.511947979456522,0,42,3,0,2,1,1,0,10.354595018522993,5,1,5.707110264748875
5525,7.9658927350845286,10,9.98133877479715,0,20,3,0,0,2,1,0,8.981052985901483,4,1,7.9658927350845286
5530,10.839600519357369,8,12.351540583185312,0,87,2,1,0,2,3,0,0.0,5,0,15.498384974310603
5535,12.847929163278053,14,12.028991330674025,1,92,3,1,0,1,3,0,0.0,2,0,13.74304846138319
5540,4.948759890378168,8,9.550580764956187,0,68,2,0,0,2,3,0,0.0,5,0,4.948759890378168
5545,15.377647406967904,14,13.235537273321357,1,68,3,1,0,1,3,0,14.72376952136689,4,0,16.398753184001833
5550,13.948292544854452,12,13.744816588981049,1,51,3,1,2,1,2,0,12.765691290604371,5,0,15.327997164683293
5555,3.044522437723423,8,10.204473075038809,0,45,0,0,2,2,1,0,5.707110264748875,5,0,3.044522437723423
5560,17.63062613065852,14,15.706510424925764,1,70,3,1,0,1,2,1,0.0,2,0,18.792671802096418
5565,12.194258128160552,12,12.907141144989039,1,65,3,1,0,1,2,0,11.141876276228,5,0,15.981112708583211
5570,12.676079399771027,12,14.236905884543397,1,84,3,1,0,1,3,0,0.0,2,0,17.227318151719974
5575,8.897135342293316,12,11.639529406064158,1,66,3,1,0,1,3,0,10.12667110305036,5,0,13.534884863944992
5580,13.367661298303675,13,13.434451103058061,1,59,3,1,0,2,1,0,13.451668563394815,2,0,15.503574975730604
5585,11.608244735642321,8,12.695990325827466,1,46,2,1,3,1,2,1,13.208542908506082,4,0,15.38620784998213
5590,14.085538458535822,14,14.964899457176823,1,79,0,1,0,1,2,0,0.0,4,0,16.816230422780546
5595,6.90875477931522,8,11.28963784015293,0,44,2,0,1,2,1,1,8.412054873292933,4,0,8.699681400989514
5600,19.114842414743034,9,18.67311106796775,1,84,3,1,0,1,3,1,0.0,5,0,21.413610594885686
5605,7.313886831633462,8,10.596503161315887,0,44,1,0,2,2,1,0,10.345959386273389,1,1,7.313886831633462
5610,11.686887175419702,14,11.805849271474132,0,30,3,1,0,2,1,0,11.705205603408396,4,0,11.837910547573129
5615,12.726356399830706,14,12.133060100630725,1,67,3,0,0,2,3,0,0.0,2,0,14.892899550664186
5620,5.860786223465865,4,10.030126736355644,1,47,0,0,4,1,1,0,11.159972158567948,2,0,9.920885329712549
5625,10.778977123006351,8,10.316010544117953,1,90,2,1,0,1,3,0,0.0,5,0,11.856522261533737
5630,0.6931471805599453,7,10.569104881654322,0,28,1,0,0,1,1,0,0.0,4,0,0.6931471805599453
5635,11.098182449881282,14,13.025817159065012,1,40,3,0,4,1,1,0,13.159661088928443,2,0,12.713043850558964
5640,12.216027926866138,9,11.175229004346514,1,65,3,1,0,2,3,0,0.0,4,0,14.070928444421819
5645,11.565527402710426,14,11.875916329276292,1,64,3,0,2,1,2,0,12.701381504556094,1,0,12.894209796826232
5650,0.0,7,9.875983398597374,0,22,1,0,3,2,4,0,0.0,2,0,0.0
5655,11.002116507732017,12,9.875983398597374,1,60,2,1,0,2,3,0,0.0,1,0,11.80560254159177
5660,17.136974775705948,12,18.329498860634676,1,79,3,1,0,1,2,0,11.23850177707664,5,0,18.62163497103381
5665,5.303304908059076,4,9.16041709112295,0,64,1,0,0,2,3,0,0.0,5,0,5.303304908059076
5670,3.970291913552122,7,9.69367212060944,1,37,2,0,2,2,3,0,11.552155793461898,4,0,3.970291913552122
5675,10.714439990727769,12,11.028627743384128,1,75,3,1,0,1,3,0,0.0,2,0,11.898194668458823
5680,9.305741456739435,14,12.823293389443144,1,79,3,0,0,2,3,0,10.275085591132715,5,0,16.953219753795878
5685,7.783640596221253,8,11.507358877993518,1,79,2,0,0,1,3,0,10.638280388314705,4,0,8.682877107057168
5690,4.61512051684126,14,10.31779779558084,0,52,2,0,2,2,1,1,4.61512051684126,5,0,4.61512051684126
5695,15.086871226441708,13,18.27489081845052,1,72,3,1,0,1,2,0,0.0,4,0,18.58839362002635
5700,8.748463629942055,8,10.792243293398966,0,65,2,1,0,2,1,0,8.006700845440367,3,0,11.574029971623514
5705,7.912423121473705,9,9.930047914868675,0,37,2,0,0,2,1,0,0.0,4,0,9.451795243061646
5710,8.556606193773073,4,10.451325058234776,1,56,2,0,1,2,1,0,12.210318618614965,4,0,8.556606193773073
5715,5.968707559985366,10,11.079920226254767,0,45,3,0,1,1,3,0,0.0,5,0,5.968707559985366
5720,4.875197323201151,12,9.550580764956187,0,32,1,0,0,2,1,0,10.102379394048045,5,1,4.875197323201151
5725,10.839992591660524,12,12.738135820860625,0,30,3,1,0,1,1,0,10.203629181337648,1,0,12.581150708498319
5730,10.308985993422082,12,11.1514643288079,1,93,2,0,0,2,3,0,0.0,3,0,12.323860125621126
5735,6.2166061010848646,9,8.931602548935768,0,37,1,0,3,2,1,0,9.61587214452889,5,1,6.2166061010848646
5740,12.95039048795861,12,16.58394831385142,1,92,2,1,2,1,1,0,15.82372472458392,2,0,18.19529719822284
5745,13.351888125506433,12,14.64473204910927,1,66,3,1,0,1,3,0,0.0,5,0,15.025366323688703
5750,12.175618592671356,12,15.03114882239864,1,51,2,1,1,1,2,0,0.0,5,0,15.225033289463235
5755,8.77971129020447,12,13.646136579473488,1,56,3,1,0,1,1,1,0.0,2,0,15.426048065621897
5760,7.186144304522325,13,11.046019206267971,0,35,2,0,0,2,1,1,11.85211543378091,1,0,7.186144304522325
5765,11.634886427589382,12,12.009446852348587,0,36,3,0,1,1,1,0,11.999669439469741,5,0,12.578225683356768
5770,10.985309671896763,10,12.016004213152664,1,60,2,1,1,1,1,0,12.319405795112926,2,0,13.752571823152559
5775,14.880566407812204,12,14.663424174063584,1,72,3,1,0,1,2,0,0.0,4,0,16.563806651671893
5780,8.936035096566041,8,10.835727530509162,0,41,2,0,2,2,2,0,8.699681400989514,2,0,8.936035096566041
5785,10.440010162389305,8,12.370059551652831,1,47,3,0,3,1,1,0,12.056417678159836,4,0,13.104608691643616
5790,10.87806606028079,13,12.002846208646966,1,62,3,1,0,1,1,0,12.206077645517674,4,0,13.434251602680698
5795,10.184937747111391,12,12.283882237332369,1,25,3,1,0,1,1,0,13.371877742097997,5,0,12.56689248749841
5800,14.480773049173369,13,12.498992721632195,1,60,3,0,2,1,1,0,12.209571517333053,5,0,15.555099330456029
5805,9.105090961257085,11,11.20508155522288,1,69,3,1,0,2,3,0,9.852246888342531,5,0,13.448786721172443
5810,10.896757843893464,8,12.406099337875917,1,62,3,1,0,1,1,0,13.100528726946786,4,0,13.772604100793789
5815,13.740788089353964,12,15.212401382831677,1,70,3,1,0,1,3,1,0.0,2,0,18.079260299116548
5820,12.491255347155265,13,12.753884131943826,1,62,3,0,0,1,3,0,11.790564777297387,4,0,16.002909353357456
5825,8.38958706681109,10,9.818828007928495,0,35,0,0,0,2,2,0,6.90875477931522,5,0,9.70509758756311
5830,10.373522431293592,10,12.753884131943826,1,58,3,1,1,1,1,0,13.17628511440807,3,0,14.339410933423922
5835,4.394449154672439,9,11.316305758236654,1,44,2,0,2,1,1,0,11.149096419938578,3,0,13.212352150880049
5840,10.597659208142261,14,14.222619936784797,1,73,3,1,0,1,2,0,13.237834409104792,5,0,16.885491447352628
5845,6.803505257608338,8,9.875983398597374,0,22,2,0,1,1,1,0,10.268165387743457,2,0,6.803505257608338
5850,9.012011377036412,9,10.80109272755613,1,75,3,0,0,1,3,0,0.0,5,0,12.355358654868867
5855,12.959846800844963,9,13.559241704127968,1,74,3,1,0,1,2,0,15.575435475730107,2,0,15.904283550911996
5860,13.68767832281738,14,15.77278071494253,1,57,2,1,1,1,2,0,0.0,3,0,15.985478240524793
5865,10.955724259582695,14,13.870047844031516,1,65,3,0,2,1,1,0,14.381392955337352,3,1,13.090420595740664
5870,10.308985993422082,1,10.41957729248823,1,74,2,0,1,1,3,0,10.12667110305036,4,0,10.596659732783579
5875,9.901535648810883,12,12.066970356293535,1,35,2,1,1,1,1,0,12.521251930587761,5,0,11.771907091687094
5880,9.34583234141334,8,12.672538737500124,0,56,1,0,1,1,1,0,11.915058360753719,1,1,14.253927411269165
5885,9.308464769969381,3,10.16365262239305,1,53,2,0,0,2,1,0,11.58330004812049,2,1,9.308464769969381
5890,7.13966033596492,10,10.87739942351305,1,32,3,0,3,1,1,0,11.386466149013488,5,0,7.72356247227797
5895,9.546884034617925,8,11.09644927542817,1,82,2,1,0,1,3,0,0.0,5,0,9.680406499268875
5900,7.601402334583733,10,10.540934738927314,1,76,1,0,0,2,3,0,10.969077213506518,2,0,7.601402334583733
5905,8.160803920954665,6,10.814221753204105,1,77,1,0,1,2,3,0,10.150386692204734,3,1,8.160803920954665
5910,9.99884318585288,10,11.112709551691127,1,42,2,0,2,1,1,0,10.298935994257638,5,0,9.99884318585288
5915,6.7464121285733745,9,9.288237848223762,0,35,1,0,4,2,1,0,10.709985739582528,4,1,6.7464121285733745
5920,10.089593605747774,13,12.115464434225991,1,56,3,1,1,1,1,0,12.285812230343542,3,0,14.858395525937038
5925,10.315630315397533,10,11.639529406064158,1,57,1,1,1,1,1,0,12.419977652611005,2,0,11.267037714175425
5930,8.575650760987806,9,12.12722921174015,1,60,3,0,2,1,1,0,13.251637470576167,3,0,13.767685977468846
5935,6.447305862541213,5,10.451325058234776,0,66,2,0,0,1,3,0,6.90875477931522,5,0,6.447305862541213
5940,8.853808274977197,12,11.159961747859198,1,31,2,1,0,2,1,0,11.01946485942108,4,0,11.19822841866684
5945,10.714439990727769,13,12.811563081495608,1,66,3,1,0,1,3,0,12.748399843328054,5,0,15.420739826467843
5950,0.0,3,10.076644749570697,0,45,1,0,1,2,4,0,9.798182590890704,1,0,0.0
5955,6.2166061010848646,10,11.355019808159389,0,55,2,1,0,1,1,0,10.657282884047461,5,0,12.058158312538197
5960,0.6931471805599453,7,9.875983398597374,0,56,2,0,1,2,2,0,0.0,4,0,0.6931471805599453
5965,11.626263078808801,9,12.642254344704051,1,75,3,1,0,1,3,0,10.463131911491967,3,0,13.872836568870161
5970,7.650168700845001,5,11.549918073413814,1,63,2,0,0,1,1,0,12.115606215804869,3,0,12.45332717690471
5975,11.695255355062795,14,13.600394318139118,1,76,2,1,0,1,3,0,9.546884034617925,2,0,15.618869327780313
5980,11.595435894542709,9,10.723251890363157,0,74,0,1,0,2,3,0,0.0,4,0,11.595435894542709
5985,5.771441123130016,10,10.511947979456522,0,72,1,0,0,2,2,0,8.81001204797317,2,1,6.19644412779452
5990,9.741027444837728,13,11.485380194730258,0,42,3,1,0,2,4,0,8.45553053102413,2,0,12.117246896289503
5995,4.709530201312334,1,10.121094683881875,0,59,2,0,1,1,3,0,5.602118820879701,1,1,4.709530201312334
6000,14.03945458880924,13,15.143217525341528,1,81,2,1,0,2,2,1,0.0,2,0,16.96615041053933
6005,6.3473892096560105,12,10.85678052964002,0,61,2,0,0,1,1,0,10.34177474101152,5,0,6.3473892096560105
6010,9.305741456739435,10,10.792243293398966,0,65,3,1,0,2,1,0,6.878326468291325,2,0,11.856522261533737
6015,11.61909465356394,13,13.462534031255684,1,46,3,1,2,1,1,0,13.389333939650964,1,0,14.238292199059575
6020,13.457407451830088,13,13.979494069068629,1,52,3,1,2,1,4,0,12.959846800844963,2,0,15.39798849428095
6025,10.451637862362272,8,10.243692364956795,0,21,1,0,0,1,1,1,7.496097345175956,1,0,10.451637862362272
6030,12.185875040240456,9,12.72856639808729,1,55,3,0,0,1,2,0,13.161586013632684,4,0,12.601490784782536
6035,7.065613363597717,8,11.549918073413814,1,52,1,0,1,1,1,0,11.803884661779371,2,1,12.51785325170339
6040,10.526775414924009,9,10.16365262239305,1,85,1,0,1,2,3,0,10.819798284210286,5,0,10.664316745782925
6045,10.308985993422082,14,13.552233976054755,1,62,2,0,2,1,2,0,14.285514812209815,5,0,16.405527767173645
6050,10.596659732783579,9,10.386788464403516,1,68,2,1,0,2,3,0,0.0,3,0,10.596659732783579
6055,5.638354669333745,9,10.31779779558084,0,27,1,0,1,2,1,0,9.174816815907135,5,0,5.638354669333745
6060,10.129068131883756,12,12.041811943026103,1,41,3,1,1,1,1,0,12.75130259456002,3,0,14.965785389505987
6065,7.496097345175956,9,9.101927216896524,0,32,1,0,0,2,4,0,8.45553053102413,4,1,7.496097345175956
6070,10.122663242288953,14,10.511947979456522,1,63,2,1,0,1,3,0,0.0,4,0,15.309515396417908
6075,11.571203807011969,12,12.538910936217794,1,76,3,1,0,1,2,0,0.0,3,0,14.889830495593335
6080,5.303304908059076,12,8.396772838418745,0,44,2,0,3,1,1,0,0.0,4,0,10.70819846893854
6085,11.350418300109132,13,10.814221753204105,1,54,3,0,0,2,2,0,13.614129721522806,2,0,14.067825263578738
6090,10.518700218288165,13,11.560280761065794,1,68,2,0,0,2,3,0,10.404293143019792,5,0,11.522885696764481
6095,8.537191877922927,10,11.234068703381137,1,72,3,1,1,1,3,0,10.596659732783579,5,0,10.67130147767883
6100,11.289794413577894,13,11.773059697378923,1,39,2,0,2,2,1,0,11.904974309480183,5,0,11.402005077384885
6105,12.079664394417284,14,13.079132103483216,1,71,3,0,0,1,2,0,13.592368256649284,1,0,16.439182349138534
6110,11.060856051960645,7,11.28963784015293,1,74,2,1,0,1,3,0,0.0,5,0,13.560142065917805
6115,10.747229096720554,13,11.316305758236654,0,37,3,1,0,2,1,0,0.0,3,0,12.298200494359103
6120,16.21431459952538,13,12.917807886490609,1,53,3,0,1,1,2,0,0.0,4,0,16.478737785181014
6125,9.680406499268875,8,11.639529406064158,1,62,2,1,0,1,3,0,12.031725210748633,1,0,13.073175234051686
6130,0.6931471805599453,9,8.511817646790524,1,56,2,0,0,1,1,0,11.071330462204312,1,0,0.6931471805599453
6135,14.523546843628687,13,14.106571090063877,1,72,3,1,0,1,1,0,11.407576060361786,2,0,16.986917387534973
6140,9.349319399257634,12,11.112709551691127,0,68,3,1,0,1,2,0,10.789339695269716,1,0,9.349319399257634
6145,9.210440366976517,2,10.674462827538377,1,49,3,0,1,1,1,1,7.438971592395862,2,0,9.210440366976517
6150,11.708006933399451,13,13.21012050630853,1,58,3,1,1,1,1,0,13.779262462202759,2,0,14.311754990977608
6155,10.933124826700707,12,11.658397725704077,1,29,2,1,2,1,1,0,12.46110626016646,5,0,11.561725152903833
6160,0.0,8,10.16365262239305,0,44,2,0,0,2,4,0,0.0,1,0,0.0
6165,12.442333783869854,13,15.79392953647824,1,58,3,1,0,1,2,0,14.53821702620254,2,0,16.678585399735827
6170,8.764209507142004,12,11.639529406064158,1,32,3,1,0,2,1,0,12.411463546908074,3,0,12.062208048765859
6175,8.476579508530941,8,11.667700038278326,0,29,2,0,0,1,1,0,10.736418414365376,4,1,8.936035096566041
6180,11.58989576532275,13,12.073162291050107,1,49,3,1,2,1,1,0,13.327751835792448,2,0,13.82347971967645
6185,10.518700218288165,13,13.489849803556364,1,52,2,0,1,1,1,1,13.190023895035274,1,0,14.13541850392694
6190,7.989899374942939,8,11.92720927582913,0,30,2,0,3,1,1,0,10.389026137075234,5,0,10.041116787524166
6195,9.076923258535832,9,10.723251890363157,0,47,3,0,0,2,2,0,10.196194479235656,5,0,11.605969442513219
6200,8.77971129020447,12,11.756252709710795,1,30,3,1,2,1,1,1,12.451529395507468,4,0,11.748005492256807
6205,9.018089684104343,9,10.897601753215403,0,31,1,0,0,2,1,0,8.725994381014571,5,0,10.248884134178173
6210,9.2771575450135,10,12.12722921174015,1,42,2,1,0,1,2,0,12.141539457711714,3,0,13.21965522876356
6215,3.9318256327243257,2,9.6246836542707,0,56,1,0,0,1,1,0,8.987321812850125,5,0,3.9318256327243257
6220,8.45553053102413,8,10.814221753204105,0,52,1,0,1,2,2,0,0.0,4,0,10.114599007626499
6225,9.972593750934676,11,11.59073968241829,1,56,3,1,3,1,1,0,11.810515788181903,3,0,12.25786306632991
6230,10.043292972227004,9,11.781358436450864,1,55,3,0,0,1,1,1,12.915341667991576,5,0,13.895246449343736
6235,7.824445930877619,12,10.386788464403516,0,27,1,0,2,2,4,0,4.61512051684126,2,1,7.824445930877619
6240,10.596659732783579,9,11.813881383532228,1,61,3,1,0,1,2,0,10.596659732783579,3,0,11.759793355371237
6245,8.160803920954665,6,10.596503161315887,0,63,0,0,1,2,1,0,9.217415285648144,5,0,8.160803920954665
6250,4.61512051684126,9,10.674462827538377,1,35,2,0,1,2,1,0,12.06047445534465,5,1,10.36410350510914
6255,9.90353755128617,12,14.178495161915647,1,60,3,1,0,1,2,0,0.0,3,0,16.196906923804047
6260,14.159894981942061,12,15.918828845749816,1,36,3,1,4,1,1,0,14.340239678615058,5,0,16.460153757519098
6265,8.909370405197466,8,10.451325058234776,0,38,2,1,3,2,1,0,0.0,2,0,11.195484970354173
6270,12.847929163278053,12,14.550836006297958,1,54,3,1,1,1,2,0,14.405517533928277,3,0,15.003354285238329
6275,9.952325334619427,8,12.060739842420068,1,37,3,0,0,1,1,0,10.784171831940965,4,0,13.602442329691383
6280,11.255462171102444,13,11.549918073413814,1,63,3,0,0,1,2,0,0.0,3,0,13.300176452919565
6285,8.389814262086407,9,10.540934738927314,0,26,2,0,0,2,1,0,8.79497643168877,5,0,10.254918772151807
6290,6.2166061010848646,9,10.596503161315887,0,24,2,0,0,2,1,0,10.981914140544825,2,1,6.364750756851911
6295,8.699681400989514,14,12.920456888161272,1,61,3,1,0,1,1,0,0.0,5,0,15.25202287300034
6300,9.210440366976517,14,12.60958109112215,1,72,3,1,0,1,3,0,0.0,5,0,15.694364886808298
6305,11.002116507732017,12,11.890841876391685,0,33,3,1,0,2,1,0,0.0,4,0,13.406038934481533
6310,3.044522437723423,7,10.897601753215403,0,34,2,0,3,1,4,0,9.259225769705994,1,0,3.044522437723423
6315,13.068542681299782,12,13.016247729239037,1,35,3,1,0,1,1,0,12.449022745701502,4,0,13.796940191123227
6320,8.35490952835879,12,10.64914561257346,0,22,3,1,0,2,1,0,10.110542371500753,4,0,10.498222246109226
6325,4.564348191467836,10,10.511947979456522,0,49,1,0,0,2,1,0,5.303304908059076,4,0,4.564348191467836
6330,9.180087328805161,8,9.69367212060944,0,78,1,1,0,2,3,0,7.273092595999522,5,0,9.180087328805161
6335,8.420902531097951,9,11.09644927542817,1,38,2,0,1,2,1,0,11.780667550692455,5,0,11.682507889149141
6340,0.0,2,9.288237848223762,0,40,2,0,1,1,1,0,8.748463629942055,4,0,0.0
6345,8.006700845440367,11,10.35288797609956,1,28,3,0,0,2,1,0,11.314486721293981,1,1,8.071218539969863
6350,13.25339339419516,12,12.620353152316724,1,49,3,0,0,1,1,0,0.0,5,0,16.019159013497937
6355,7.1316985104669115,8,11.128709656194046,1,43,3,1,2,1,1,0,12.101828173530544,4,0,10.054103420843255
6360,11.795853756086931,14,11.518169685974078,1,74,3,1,1,1,3,0,0.0,1,0,13.880081266083838
6365,10.367253014814716,12,11.367598443988374,1,54,2,0,3,1,1,0,10.851296331126829,2,0,11.063524143191238
6370,11.51293546492023,12,13.620194818630864,1,75,3,1,0,1,3,0,8.94910546953925,1,0,15.096444681204078
6375,9.11063052782717,12,11.451478997511787,1,35,3,0,2,1,1,0,12.705031132543777,2,0,11.440903008922913
6380,10.060534035475412,13,11.667700038278326,1,58,2,0,1,1,1,0,9.798182590890704,4,0,12.729027412930751
6385,11.314364764125187,12,12.936205206883146,1,39,3,1,2,1,1,0,13.455216214752376,4,0,13.585079265456931
6390,7.824445930877619,8,11.276032359350232,1,62,1,0,0,1,2,0,0.0,3,0,11.270866642542865
6395,10.085850775128717,10,11.560280761065794,1,61,3,1,1,1,1,0,9.546884034617925,5,0,12.65746986922113
6400,7.783640596221253,9,10.281431375093115,0,27,1,0,2,2,1,0,7.8636512654486515,1,0,7.783640596221253
6405,8.205491613120236,8,11.276032359350232,0,25,1,0,2,1,1,0,9.392745258631441,4,1,8.205491613120236
6410,7.0909098220799835,9,10.451325058234776,0,32,3,0,0,2,1,0,5.5254529391317835,2,1,7.0909098220799835
6415,10.165890277802454,12,10.540934738927314,0,31,3,1,0,2,1,0,12.685410698175234,4,0,12.240478903153711
6420,11.467624705740064,10,11.329377681719818,1,62,3,1,0,1,1,0,11.156264806643742,5,0,14.616871130856742
6425,7.650168700845001,7,11.010928456106528,0,41,1,0,3,1,1,0,0.0,5,0,7.650168700845001
6430,8.699681400989514,8,10.74678187553037,0,38,2,0,1,1,1,0,9.680406499268875,1,1,8.699681400989514
6435,11.83065893676428,9,11.59073968241829,0,40,2,1,1,1,4,0,10.165890277802454,3,0,13.323508324027982
6440,6.2166061010848646,11,10.076644749570697,0,61,2,1,0,2,1,0,7.3783837129967145,5,0,9.966509298952284
6445,0.6931471805599453,12,10.16365262239305,1,33,3,0,1,2,4,0,12.227790105031126,5,0,0.6931471805599453
6450,9.392745258631441,12,11.496429917961313,1,31,1,0,0,2,1,0,8.006700845440367,3,0,11.711784520403112
6455,11.691916481667727,12,11.762167340652551,1,76,2,1,0,1,3,0,0.0,3,0,13.527296343950283
6460,7.313886831633462,8,10.95586961402582,0,25,1,0,1,1,1,0,6.90875477931522,2,0,7.313886831633462
6465,8.853808274977197,12,9.182887610990473,0,27,2,0,0,2,2,0,0.0,4,0,8.853808274977197
6470,8.612685172875459,12,11.781358436450864,1,64,3,0,1,1,1,0,11.849404844423074,4,0,11.566475710526321
6475,8.497194544909547,8,11.462907572501242,1,90,2,1,0,1,3,0,10.807725945886109,2,1,12.627742412734825
6480,10.757924157061597,13,11.620298215285262,1,68,3,1,1,1,1,0,9.472781556562168,4,0,14.314891540951935
6485,10.428245666832275,13,9.6246836542707,0,23,3,1,0,2,1,0,0.0,4,0,11.550230883578887
6490,12.53430027429669,14,13.02343337297487,1,43,3,1,5,1,1,0,11.918397239722838,5,0,14.19374217819071
6495,7.745435610274381,9,10.974561423798537,0,50,2,0,2,2,1,0,10.567746456002288,2,0,7.745435610274381
6500,13.764534055498126,14,14.61115576850123,1,63,2,1,1,1,2,1,14.845130332288226,1,0,16.965991946533176
6505,6.398594934535208,8,10.204473075038809,0,49,2,1,2,2,1,0,0.0,4,0,6.398594934535208
6510,14.92736840232972,14,16.079928544684726,1,69,3,1,0,1,2,0,14.917450968950916,5,0,18.422239538400785
6515,6.111467339502679,9,10.076644749570697,0,59,2,0,0,2,3,0,6.90875477931522,5,0,6.111467339502679
6520,6.734591659972948,8,9.288237848223762,1,55,1,0,0,2,3,1,0.0,2,0,6.734591659972948
6525,9.392745258631441,9,10.386788464403516,0,42,1,0,0,2,1,0,7.601402334583733,5,1,9.392745258631441
6530,6.2166061010848646,8,11.028627743384128,0,49,3,0,0,2,1,0,6.85751406254539,1,1,6.2166061010848646
6535,6.90875477931522,8,11.028627743384128,1,69,3,1,0,1,3,0,12.59473402514672,3,0,13.88596995357885
6540,6.19644412779452,8,9.818828007928495,0,57,2,0,1,2,3,0,8.125926802707886,4,0,10.150386692204734
6545,6.90875477931522,9,9.470543987306165,0,67,2,1,0,2,3,0,0.0,5,0,6.90875477931522
6550,7.473637108496206,9,10.992910250981359,1,35,3,0,1,1,4,0,12.121608929585332,5,1,8.982309899088579
6555,6.90875477931522,8,10.540934738927314,1,49,3,0,3,1,1,0,11.740308019003738,3,1,6.90875477931522
6560,7.244941546337007,8,10.91740401772286,0,40,2,1,0,2,1,0,0.0,2,0,7.244941546337007
6565,9.741027444837728,12,11.234068703381137,0,57,3,0,1,1,1,0,11.860062063178267,4,0,9.741027444837728
6570,13.997832948091215,14,15.406242739888492,1,61,3,0,0,1,2,0,12.899222326086994,4,0,17.111458565940254
6575,15.020493152280645,13,16.88323095879123,1,79,3,1,0,1,2,0,18.2154999052898,5,0,19.781905217635178
6580,6.90875477931522,12,10.723251890363157,0,53,2,0,1,2,1,0,9.305741456739435,2,0,10.87806606028079
6585,14.528460856016357,12,13.04934760525682,1,64,3,1,1,1,2,0,13.188152990599754,4,0,15.176692474626726
6590,10.545367754151743,11,10.40003328541732,1,78,3,1,0,2,3,0,0.0,5,0,11.891368749982085
6595,5.707110264748875,8,10.204473075038809,0,33,2,0,4,2,1,0,0.0,1,0,5.707110264748875
6600,6.928537818164665,10,9.470543987306165,1,71,2,1,1,2,3,1,0.0,5,0,8.299285906897275
6605,9.005895898094458,13,10.844201991404884,1,71,3,0,0,2,3,0,11.675902789388996,3,0,13.11865852289847
6610,9.211439767419483,12,11.59073968241829,1,45,3,0,2,1,1,0,11.938199736300925,2,0,11.608335639774886
6615,4.61512051684126,11,11.079920226254767,0,36,1,0,3,2,1,0,8.092851027538384,1,0,9.686636660844938
6620,10.34177474101152,14,13.097029635877716,1,40,3,1,3,1,1,0,12.777055016970678,5,0,14.125566214674185
6625,6.90875477931522,9,11.451478997511787,1,60,3,0,2,1,1,0,4.394449154672439,5,1,6.90875477931522
6630,8.866581653303996,12,11.610542128340578,1,38,3,1,1,1,1,0,12.377716565381329,4,0,12.359184214239852
6635,10.638280388314705,12,11.329377681719818,1,61,3,1,1,1,2,0,12.994532278619134,4,0,13.282270599361109
6640,4.948759890378168,9,10.076644749570697,0,32,3,0,0,2,1,0,10.790164080634103,5,0,4.948759890378168
6645,11.289794413577894,13,12.56529356217316,1,63,3,1,0,1,1,0,11.772215778919925,5,0,15.194780555909505
6650,9.741027444837728,9,10.992910250981359,0,52,0,1,0,2,1,0,6.398594934535208,1,0,10.463131911491967
6655,11.296024885689746,13,12.784655702984017,1,45,2,1,2,1,1,0,13.242811303528269,1,0,14.062761965566356
6660,9.04793908261736,13,11.428222385556161,1,51,3,0,2,1,1,0,13.06896471037963,2,0,11.134603622683905
6665,6.85751406254539,8,10.91740401772286,0,33,2,0,2,1,1,0,10.401258331428318,5,1,10.307317991967832
6670,10.922352923113982,9,11.1450825794463,1,83,3,0,0,1,2,0,12.274716789552103,4,1,12.131354487250757
6675,14.167575592579956,12,14.200800904078731,1,62,2,1,0,1,1,0,0.0,1,0,15.289358045134602
6680,6.236369590203704,8,10.076644749570697,0,65,1,0,0,2,1,0,10.819798284210286,5,1,6.236369590203704
6685,14.99108419641044,13,13.514980433908203,1,61,3,1,0,1,2,0,0.0,3,0,16.2543733565109
6690,11.097425172408931,13,12.303684773907628,1,43,3,1,0,1,1,0,12.517596969117488,1,0,13.695601388686796
6695,4.394449154672439,10,10.451325058234776,0,44,2,0,2,1,1,0,4.61512051684126,5,0,4.394449154672439
6700,5.303304908059076,4,10.674462827538377,1,40,2,0,3,1,4,0,0.0,1,0,5.303304908059076
6705,6.255750041753367,8,10.386788464403516,1,57,2,0,1,1,1,0,12.188931573152257,4,1,6.255750041753367
6710,8.77971129020447,13,11.063113369269185,0,53,3,0,2,1,2,0,9.680406499268875,5,0,14.184104883002734
6715,10.064798252418377,11,12.20050103062022,1,56,3,0,0,2,1,0,11.362114203075018,5,0,13.558682241819245
6720,10.077482875583607,12,13.60028708541075,1,61,2,1,0,1,2,0,12.25486757159303,2,0,15.039227458461712
6725,7.989899374942939,8,11.175229004346514,0,51,3,0,0,2,2,0,5.25227342804663,1,0,7.989899374942939
6730,13.711261646467772,14,14.51389250917311,1,65,3,1,0,1,2,0,0.0,4,0,16.659081895836543
6735,13.248116346376765,14,14.27175259341547,1,49,3,0,2,1,2,0,14.583301745557,4,0,15.734930197037006
6740,7.650168700845001,14,12.453624289743354,1,58,3,1,4,1,3,1,12.626429650198945,1,0,9.268703615273097
6745,11.56362808494399,13,13.70939379783678,1,62,2,1,1,2,1,0,0.0,4,0,15.25846900242959
6750,12.458351608497907,12,15.209724005733156,1,39,3,1,2,1,1,0,14.19394767861579,3,0,15.662293265017325
6755,11.050905878263567,12,14.5085016631951,1,64,3,1,0,1,1,0,0.0,2,0,11.326607934898927
6760,8.294299608857235,12,11.59073968241829,1,34,3,0,2,1,1,0,11.91170829631447,5,0,11.657034466915164
6765,6.415096959171596,12,10.792243293398966,0,32,1,1,2,2,1,0,6.90875477931522,4,0,6.415096959171596
6770,9.105090961257085,12,10.85678052964002,1,57,2,1,0,2,1,0,10.34177474101152,4,1,12.757082940769225
6775,10.357774570341576,12,14.954572346281038,1,75,2,1,0,1,2,0,0.0,3,0,17.586695565276887
6780,11.170449240431308,12,10.835727530509162,1,66,2,1,0,2,3,0,0.0,5,0,13.866204622849683
6785,10.905974329106854,12,12.156049496587327,1,69,2,1,0,1,2,0,7.313886831633462,2,0,13.225823889197443
6790,9.416622566214981,13,11.773059697378923,1,43,1,1,0,1,1,0,13.334245354561496,5,0,9.416622566214981
6795,12.894209796826232,8,12.907141144989039,1,70,3,1,0,1,2,0,0.0,5,0,14.691812697941712
6800,8.987321812850125,9,0.0,1,57,2,1,1,1,1,0,11.338583982516495,2,0,12.328294703023394
6805,7.438971592395862,12,11.392290774522229,0,55,2,0,1,2,1,0,10.308985993422082,5,1,10.425282789490705
6810,12.154784614286667,12,12.258564547947534,0,29,3,1,0,1,2,0,9.595670797663967,2,1,12.487488878546145
6815,10.778977123006351,11,12.84349604282837,1,60,3,1,0,1,2,0,12.727841176689147,4,0,13.157732451741687
6820,10.714439990727769,8,11.912820634128884,1,52,2,1,0,1,2,0,10.308985993422082,5,0,10.714439990727769
6825,13.219491903015438,13,14.529892842619743,1,50,3,1,2,1,1,0,13.11029282045951,4,0,15.942312790221871
6830,7.824445930877619,12,10.85678052964002,1,55,3,0,0,2,1,0,9.50159106930499,1,0,8.612685172875459
6835,9.155989777226102,12,11.439918298765717,1,27,3,1,0,1,2,0,12.06105265381003,4,0,9.398561160701128
6840,13.345508528717259,12,14.497631996460147,1,68,3,1,0,1,3,0,13.102162710901053,5,0,16.152207277233455
6845,6.68586094706836,8,9.98133877479715,0,42,3,0,1,2,1,0,6.594413459749778,1,0,11.480412603789821
6850,6.55250788703459,5,9.98133877479715,1,78,2,0,0,1,3,0,0.0,5,0,6.55250788703459
6855,8.682877107057168,12,10.301596360662286,1,85,0,1,0,2,3,0,10.819798284210286,3,0,10.734242182303689
6860,8.612685172875459,6,12.066970356293535,0,32,2,0,2,1,2,0,8.709630081951286,4,1,8.612685172875459
6865,11.736077016252437,12,12.867770386115875,1,73,3,1,0,1,1,0,12.19147156669466,4,0,13.197472705176983
6870,11.821519842915182,13,12.337422763109329,1,65,3,1,0,1,3,0,12.506180941677357,2,0,14.063269450590823
6875,4.624972813284271,8,10.74678187553037,0,28,0,0,4,1,2,0,6.673297967767654,2,0,4.624972813284271
6880,8.24301946898925,4,10.466828800007217,1,73,3,0,0,1,3,0,9.950418847220561,2,1,9.6678285081515
6885,8.517393171418904,8,10.35288797609956,0,63,2,0,0,1,1,0,0.0,5,0,8.517393171418904
6890,4.394449154672439,6,9.818828007928495,1,61,1,0,0,1,3,0,0.0,5,0,4.394449154672439
6895,9.758519582283522,14,16.457225951652283,1,64,3,1,0,1,2,0,0.0,2,0,16.169862428235152
6900,7.601402334583733,8,10.814221753204105,1,51,1,0,1,2,1,0,10.839600519357369,1,0,7.601402334583733
6905,12.808750659649172,13,15.163076328790563,1,56,3,1,2,1,2,0,13.765270393051685,5,0,16.77221095253469
6910,11.364437057512568,12,12.273831948190523,1,66,3,1,0,1,2,0,12.807655372286902,5,0,13.40694213956596
6915,10.70101727068921,12,11.316305758236654,1,41,2,1,3,1,1,0,0.0,2,0,12.097378802727306
6920,11.982935344196433,14,13.395736648656849,1,55,3,1,0,1,1,0,13.420986873572868,2,0,16.518883236494606
6925,5.602118820879701,8,10.16365262239305,0,58,2,0,2,2,2,0,11.086762629082946,5,1,6.255750041753367
6930,12.317171167298682,13,12.692673583390023,1,52,3,1,2,1,1,0,13.415034483903348,3,0,15.170469296732284
6935,11.138973558699526,8,10.992910250981359,1,69,2,1,0,2,3,0,0.0,2,0,11.975407125004564
6940,13.809392883093029,13,16.32165190391941,1,56,3,1,6,1,2,0,0.0,2,0,18.228804498148687
6945,5.993961427306569,8,10.596503161315887,1,48,2,0,2,2,2,0,8.006700845440367,3,0,5.993961427306569
6950,10.391484575362098,11,11.485380194730258,1,61,2,1,0,1,3,0,6.90875477931522,5,0,13.715558722323562
6955,10.661977618146238,12,11.898221933343832,1,77,3,1,0,2,3,0,0.0,5,0,11.404237196256764
6960,10.308985993422082,14,13.129747864482066,1,55,3,0,2,1,2,0,13.184400648021263,2,0,13.794287942962585
6965,11.58989576532275,12,11.59073968241829,1,57,1,1,0,2,1,1,0.0,5,0,15.456059659297003
6970,0.0,2,10.386788464403516,0,42,3,0,0,1,1,0,0.0,5,0,0.0
6975,7.091742115095153,8,12.121364124132038,1,48,3,0,2,1,1,0,12.00762780434872,1,0,13.581308587093309
6980,15.332614078541903,13,16.886062391968686,1,69,3,1,0,1,2,0,15.728011792598934,4,0,16.48079249679528
6985,6.803505257608338,8,10.540934738927314,0,29,1,0,2,1,2,1,9.033722518098907,3,1,6.803505257608338
6990,7.2305631534092925,9,11.639529406064158,0,57,2,0,1,1,1,0,11.643962499267984,3,1,12.192384387322875
6995,6.928537818164665,12,11.883406949070103,1,73,2,0,0,1,3,0,12.560247968016562,3,0,14.276108214417105
7000,10.494075844768336,12,11.797752121925635,1,75,2,1,0,1,3,0,12.25486757159303,5,0,14.071160795247826
7005,13.06896471037963,14,13.97027742176833,1,48,3,1,3,1,1,0,13.698977865303197,2,0,15.895077216816631
7010,9.105090961257085,8,11.079920226254767,0,56,2,1,0,1,1,0,7.3783837129967145,4,0,9.105090961257085
7015,8.294299608857235,9,9.98133877479715,0,79,1,0,0,2,3,0,7.601402334583733,3,0,9.680406499268875
7020,9.19532825185568,8,11.560280761065794,1,28,3,1,1,1,1,0,11.827743504053695,5,0,11.482991892511098
7025,8.071218539969863,13,10.85678052964002,0,26,3,0,0,2,1,0,10.661977618146238,4,0,9.472781556562168
7030,9.392745258631441,8,12.073162291050107,0,39,2,1,0,1,1,0,12.879019669789754,1,0,9.392745258631441
7035,10.63106031411106,12,12.138857187204595,1,90,2,1,0,2,3,0,6.398594934535208,4,0,13.56756316912443
7040,13.425287694395958,13,12.725356131972566,1,73,3,0,0,1,3,0,13.68767832281738,1,0,15.740766877553607
7045,12.313585343581135,12,11.686049021222916,1,56,3,1,0,2,1,0,11.0186455364637,4,0,14.126445914987716
7050,11.305913595583258,12,11.316305758236654,1,84,2,0,1,1,3,0,13.312985389904174,4,0,14.007618240711368
7055,12.49275797139508,12,12.682656836091438,1,69,3,1,0,1,3,0,0.0,4,0,15.223175189534501
7060,15.750793148327977,8,17.7088276494838,1,66,2,1,0,1,3,0,10.434145214930487,5,0,19.43607808008333
7065,2.4849066497880004,8,9.470543987306165,0,33,3,0,1,2,2,0,0.0,5,0,9.547669384317377
7070,9.210440366976517,12,11.30306069379871,0,57,3,0,2,1,1,0,9.741027444837728,4,0,10.968215530759236
7075,10.445840912706414,12,11.730500418141487,1,29,3,1,0,1,1,0,12.186385111610496,2,0,12.818283594342818
7080,8.716207971151853,12,11.553038170756691,1,82,2,0,0,2,3,0,0.0,3,0,13.936932298829367
7085,9.305741456739435,8,12.073162291050107,1,67,3,0,0,1,1,0,11.747214672056005,5,1,12.380030154325457
7090,13.539758373899955,14,14.87913266378517,1,51,3,1,0,1,2,0,13.498057700804253,4,0,16.270215784907666
7095,9.62648162008158,2,11.20508155522288,0,64,3,0,1,2,3,0,9.746892220313054,2,1,9.627140989748092
7100,11.964007453736912,10,10.80109272755613,1,82,3,0,0,2,3,0,12.056417678159836,5,0,13.056225711649638
7105,5.327876168789581,9,10.596503161315887,1,61,2,0,0,1,1,0,11.827013315851762,5,0,10.358567881186488
7110,0.0,8,10.792243293398966,0,41,2,0,1,2,2,0,0.0,5,0,0.0
7115,11.78707386907671,14,14.915766784525715,1,68,3,0,0,1,1,0,15.733902824968563,3,0,17.795389220496144
7120,8.013343181386672,8,10.540934738927314,0,50,1,1,3,1,3,1,9.87822102528824,2,0,8.013343181386672
7125,6.68586094706836,9,9.470543987306165,1,76,2,0,0,2,3,0,7.409136443920128,1,1,10.158168529848494
7130,3.7612001156935624,8,10.91740401772286,1,61,0,0,0,1,1,0,12.250237845306682,4,0,3.7612001156935624
7135,7.62608275807238,9,9.98133877479715,0,65,3,0,0,2,3,0,10.03499815473834,1,0,9.743964132018151
7140,4.110873864173311,9,10.204473075038809,0,38,0,0,0,2,2,0,10.568775236216993,3,0,4.110873864173311
7145,8.853808274977197,5,10.16365262239305,0,34,1,0,5,1,3,0,0.0,4,0,8.853808274977197
7150,11.043257779289133,12,12.14462086116848,1,55,3,0,1,1,1,0,13.460692460447271,5,0,14.697425556791012
7155,9.32375833901174,9,11.010928456106528,1,70,3,0,2,1,3,0,0.0,5,0,11.173262142245258
7160,12.013706813470414,14,13.33119822895841,1,57,3,1,1,1,1,0,13.527829818844937,2,0,15.402498546101567
7165,12.548281965003104,12,13.212098742711769,0,27,3,1,0,2,1,0,0.0,5,1,13.743596638653795
7170,6.7464121285733745,2,9.470543987306165,0,83,3,1,0,2,3,0,0.0,4,0,6.7464121285733745
7175,6.976348070447749,7,11.367598443988374,1,58,1,0,0,1,1,0,11.73927188163082,4,0,11.61792491545187
7180,7.244941546337007,8,10.835727530509162,0,34,1,0,0,2,1,0,7.496097345175956,2,1,7.244941546337007
7185,9.648659816955295,10,11.704067376563522,1,66,3,1,0,1,3,0,0.0,4,0,13.573822362760856
7190,14.014362236381235,12,11.875916329276292,1,50,3,1,1,1,1,0,10.79057601860207,3,0,14.595294503688933
7195,9.169622538697624,9,11.063113369269185,0,44,2,1,2,2,2,0,0.0,1,0,9.169622538697624
7200,10.847412906506923,12,11.890841876391685,1,36,3,1,0,2,1,0,11.211833885608513,4,0,10.847412906506923
7205,10.518700218288165,9,11.47420700963637,1,64,3,1,0,1,1,0,0.0,4,0,13.088808662125674
7210,7.824445930877619,8,9.6246836542707,1,63,2,1,0,2,3,0,11.23850177707664,5,0,11.19135563385109
7215,10.682835364853922,14,12.099960333177352,1,78,3,1,0,1,2,0,0.0,5,0,13.181765605342877
7220,11.031674824544641,9,11.797752121925635,1,42,2,1,4,1,1,0,11.955050317440996,1,0,12.380450232382136
7225,10.12667110305036,10,10.792243293398966,1,71,2,1,0,1,3,0,10.434145214930487,3,0,11.0186455364637
7230,12.454107814022272,12,11.948411344841539,1,79,3,1,0,1,3,0,12.779875885354993,4,0,14.52576113794502
7235,8.45553053102413,8,8.945785322718192,0,64,3,0,0,2,3,0,0.0,4,0,8.45553053102413
7240,12.533075185774962,12,12.318283507600151,1,31,3,1,1,1,1,0,12.876081692171493,2,0,13.917490265123975
7245,0.6931471805599453,9,11.439918298765717,0,47,2,0,0,2,1,0,8.732465848349879,5,0,0.6931471805599453
7250,9.15915233520675,13,11.845379821066128,1,69,3,1,0,1,2,0,5.860786223465865,4,0,14.98672284903769
7255,13.017005083966255,13,13.01384099455312,1,56,3,0,1,1,2,0,12.631343648903034,2,0,14.084010575524983
7260,5.673323267171493,6,9.065117423169948,0,54,1,1,0,1,1,0,7.766840537085513,4,0,5.673323267171493
7265,6.274762021241939,12,10.076644749570697,0,45,3,0,0,2,4,0,12.219980481653478,5,0,6.274762021241939
7270,12.230770136157428,12,12.72856639808729,1,64,3,0,0,1,1,0,13.258642740896052,1,0,13.715691327653829
7275,10.596659732783579,9,12.423643576356815,1,68,3,0,0,1,1,0,9.34145634983372,5,0,15.584683698993436
7280,6.55250788703459,8,10.992910250981359,0,53,2,0,1,2,1,0,6.90875477931522,4,0,11.07753193632009
7285,8.81001204797317,14,12.060739842420068,1,51,3,0,2,1,2,0,12.613206360738884,3,0,12.757082940769225
7290,15.222342815219635,12,12.974523980625207,1,69,3,1,0,1,3,0,0.0,4,0,16.903320565320886
7295,6.447305862541213,8,10.814221753204105,1,48,0,1,1,2,1,0,12.239028583587523,1,0,6.447305862541213
7300,6.93828448401696,8,11.219680157476482,0,40,2,0,1,2,1,0,9.48044384215367,5,0,6.93828448401696
7305,9.546884034617925,12,11.485380194730258,1,65,3,1,2,1,1,0,7.855932199718614,2,0,12.777055016970678
7310,11.225256725762893,11,11.485380194730258,1,40,3,1,2,1,1,0,12.065666245536807,4,0,12.660331092405906
7315,9.472781556562168,13,12.20592107089332,1,40,2,1,3,1,1,0,13.083416706697985,4,0,9.472781556562168
7320,8.556606193773073,12,10.792243293398966,0,84,0,1,0,2,3,0,6.7464121285733745,4,0,9.561067663645012
7325,12.700771936142122,13,15.512703950531247,1,61,3,1,0,1,2,0,12.861001210669146,1,0,16.844145599575604
7330,11.782960235741939,9,14.10519663156373,1,63,3,1,0,1,3,0,14.436087583323648,2,0,15.850869717707486
7335,11.134603622683905,12,11.712956250852091,0,49,3,0,2,1,1,0,5.993961427306569,5,0,12.90445857982582
7340,9.952325334619427,8,10.85678052964002,1,85,3,1,0,2,3,0,10.736418414365376,4,0,12.608202196848836
7345,9.61587214452889,12,11.92720927582913,1,32,3,0,1,1,1,0,13.304686600863562,5,0,11.461642696843066
7350,12.595411759236592,13,16.10460088639046,1,75,3,1,0,1,2,0,0.0,3,0,19.954854448973382
7355,9.577133949436078,12,11.175229004346514,0,24,1,0,0,1,1,0,11.906324739459684,2,0,12.551189551947672
7360,10.102379394048045,12,0.0,1,59,3,0,0,1,2,0,0.0,5,0,11.894104711087113
7365,9.107310471656639,9,11.580689440046534,0,26,3,1,2,1,1,0,9.832582139020353,5,0,9.266815218904162
7370,7.170888478512505,9,0.0,1,60,3,1,0,1,2,1,11.439504948772196,3,0,11.706030338921243
7375,12.54254845357358,14,12.59869172789388,1,72,3,1,0,2,1,1,12.994532278619134,1,0,16.11709525072483
7380,9.90353755128617,8,10.974561423798537,1,66,3,1,0,1,1,0,11.736077016252437,5,0,9.90353755128617
7385,9.21542741102474,12,11.83211401804097,1,50,3,0,1,2,1,0,12.273268570141383,1,0,13.372423018769304
7390,11.010415172807951,13,11.219680157476482,1,57,2,0,2,1,1,0,11.293537353157436,1,0,13.189088880352877
7395,9.305741456739435,14,11.712956250852091,0,48,3,0,0,2,1,0,11.931642378754141,1,0,12.04314775128692
7400,11.918397239722838,13,14.132333152957832,1,45,3,1,0,2,1,1,14.082480354515004,4,0,15.74587202172571
7405,12.160033942617156,12,13.101454412807064,1,67,3,1,0,1,3,0,4.61512051684126,1,0,15.132187120227917
7410,9.350189267092581,12,10.076644749570697,0,41,3,0,0,2,2,1,0.0,4,0,13.12735290896314
7415,8.343077871169383,8,10.85678052964002,1,59,2,0,3,1,2,0,11.635151947212842,4,0,8.343077871169383
7420,9.980494888896912,9,11.316305758236654,0,74,1,0,0,2,3,0,0.0,2,0,12.308633746480464
7425,16.515710089713878,12,15.616082286991869,1,61,3,1,0,1,2,0,15.050982320047213,2,0,17.672103323634342
7430,9.210440366976517,12,11.764691512444722,1,30,3,1,1,1,1,0,12.733758336210744,5,0,9.220389707829185
7435,9.127067452782361,12,11.367598443988374,1,46,3,0,1,2,1,0,12.166296978418426,5,1,12.750722717999489
7440,9.680406499268875,12,9.470543987306165,0,22,2,0,0,2,4,1,0.0,5,0,9.680406499268875
7445,12.77280873810987,12,11.355019808159389,1,62,3,1,1,2,3,0,0.0,4,0,14.692020836059589
7450,7.099201743553092,12,11.829754616082079,1,51,2,0,2,1,2,0,12.251098591052509,2,0,7.099201743553092
7455,11.946012225174645,8,12.263679624391456,1,61,2,1,0,1,3,0,11.904974309480183,5,0,14.8976549927932
7460,7.313886831633462,2,10.569104881654322,0,40,1,1,0,2,1,0,7.601402334583733,4,0,7.313886831633462
7465,10.021315031649332,12,11.428222385556161,0,29,3,1,0,2,1,0,7.601402334583733,5,0,11.954407441448915
7470,8.936035096566041,8,11.046019206267971,0,63,2,0,0,1,1,0,8.517393171418904,2,0,8.936035096566041
7475,12.813119851828635,12,12.769388274006692,1,71,3,1,0,2,3,0,0.0,2,0,16.359236357547292
7480,9.388570235866881,12,11.996201706795759,1,39,3,0,5,1,1,0,12.978033317047784,4,1,11.27658268584803
7485,8.575650760987806,12,12.511016870046026,1,43,3,0,0,1,1,0,12.62346961830583,3,0,11.8515453936489
7490,12.35017731849889,14,14.171705249900473,1,76,3,1,0,1,2,0,0.0,5,0,16.582207017368574
7495,4.394449154672439,9,10.030126736355644,0,49,2,0,1,2,3,0,0.0,5,0,4.394449154672439
7500,14.970503495128304,14,12.82620459180008,1,78,3,0,0,1,3,0,0.0,4,1,15.581576251104991
7505,5.081404364984463,9,9.137430017527388,1,25,2,0,0,2,1,0,6.255750041753367,4,0,5.081404364984463
7510,9.232199706329077,8,11.485380194730258,1,38,3,0,2,1,2,0,10.652566005416872,2,1,9.91447694733573
7515,12.834683971615659,12,11.948411344841539,1,56,3,1,2,1,2,0,12.426015078728476,1,0,14.269766465162304
7520,10.2456933210051,8,11.639529406064158,1,75,2,1,0,1,3,0,0.0,5,0,10.782304843886733
7525,7.450660796211539,12,10.386788464403516,0,43,2,0,0,1,4,0,10.39821428171237,4,0,7.616283561580385
7530,5.993961427306569,5,10.204473075038809,0,39,2,0,2,2,1,0,9.83633227734872,5,1,5.993961427306569
7535,9.989711119284745,11,11.386174616718284,1,66,3,1,0,1,3,0,9.99884318585288,4,0,14.037694448951777
7540,9.024131268455035,12,11.30306069379871,0,33,3,1,1,1,1,0,10.563620718477313,2,0,9.417435838868785
7545,11.002116507732017,14,12.572812368411256,1,57,3,1,2,1,2,0,9.472781556562168,5,0,15.759132519685986
7550,11.954407441448915,13,9.550580764956187,1,89,2,0,0,1,3,0,0.0,5,0,13.519125389871355
7555,8.31898612539206,9,11.30306069379871,1,38,1,1,3,1,1,0,13.169248871698304,5,0,9.401043372798053
7560,4.61512051684126,3,10.936821754744528,1,40,3,0,4,1,1,0,10.408526465540385,5,0,10.090008612393838
7565,8.517393171418904,12,9.26803702884847,0,65,3,0,0,2,2,0,0.0,2,0,9.648659816955295
7570,11.81599602495741,12,13.504708897524283,1,46,3,1,2,1,1,0,13.545014620881725,1,0,14.411816937917301
7575,9.99884318585288,13,12.912488738094181,1,37,3,1,0,1,1,0,12.914110901635024,4,0,13.797347605666022
7580,15.453050094967178,13,13.30453002573392,1,71,3,1,0,1,2,0,13.081543466215237,1,0,15.767473920727685
7585,9.937937287265354,8,11.853101811967846,0,52,2,0,4,1,2,0,11.703554089007538,3,0,9.94755228369823
7590,9.15915233520675,12,11.829754616082079,0,45,2,1,0,1,1,0,9.53249633228804,1,0,12.427218202181711
7595,7.0909098220799835,8,10.623170750425082,0,61,2,0,0,2,1,0,6.68586094706836,4,0,10.843514342086866
7600,8.853808274977197,14,12.17852223565681,1,63,3,0,0,1,1,0,11.0186455364637,5,0,15.585194989927235
7605,10.134638955251866,14,11.355019808159389,1,48,3,0,2,1,1,0,0.0,2,0,13.323181152958764
7610,6.2166061010848646,12,11.20508155522288,0,58,2,0,0,2,1,0,5.303304908059076,1,1,6.2166061010848646
7615,0.6931471805599453,5,9.288237848223762,0,65,2,0,0,2,3,0,7.601402334583733,2,0,0.6931471805599453
7620,9.140025198061156,8,11.30306069379871,1,47,2,0,0,2,1,0,11.624475784206961,5,0,11.65547482323746
7625,8.105005537547246,9,11.883406949070103,1,50,0,0,2,1,1,0,12.978033317047784,5,0,13.662721783655877
7630,11.167063280451986,13,12.133060100630725,0,41,2,1,1,1,1,0,11.49944501055635,4,0,12.071174605182213
7635,0.6931471805599453,12,9.182887610990473,0,53,2,0,0,2,3,0,0.0,1,0,0.6931471805599453
7640,12.95039048795861,12,15.399612882686796,1,70,3,1,0,1,2,0,15.787227820274525,2,0,16.812691831210973
7645,6.311734809152915,12,10.41957729248823,0,26,1,1,0,2,1,0,4.61512051684126,2,0,6.311734809152915
7650,3.044522437723423,7,10.31779779558084,0,60,1,0,0,2,3,0,0.0,5,0,3.044522437723423
7655,14.888863498477747,14,13.766618921108163,1,63,3,1,1,1,1,0,12.180759965737863,4,0,16.239885847211873
7660,12.437188334739655,12,13.97027742176833,1,33,3,1,1,1,1,0,0.0,5,0,15.067416302004865
7665,7.601402334583733,8,10.792243293398966,1,38,0,0,2,1,4,0,11.997823864326225,1,1,7.601402334583733
7670,5.638354669333745,2,10.16365262239305,1,80,2,1,0,1,3,0,0.0,5,0,5.638354669333745
7675,6.976348070447749,14,11.046019206267971,0,46,2,0,5,1,2,0,10.162808729968926,2,0,6.976348070447749
7680,15.942551197632893,13,18.17814270809764,1,87,0,1,0,1,3,0,0.0,4,0,20.2166646128265
7685,5.993961427306569,8,10.121094683881875,0,70,1,0,1,2,1,0,0.0,5,0,5.993961427306569
7690,9.90353755128617,14,13.016247729239037,1,70,3,1,0,1,2,0,12.206077645517674,1,0,16.6684112400875
7695,10.698762529141884,14,12.84349604282837,1,43,3,1,0,1,2,0,11.264476926102367,2,0,14.401240108456655
7700,11.141876276228,9,12.17852223565681,1,58,2,1,0,1,1,0,13.318753834793743,5,0,12.476103599529843
7705,13.216765872660371,13,14.90963290481258,1,77,3,1,0,1,3,0,0.0,5,0,17.651203144971984
7710,11.502885230075814,13,15.365787793600084,1,46,3,1,0,1,2,1,14.070153551531353,5,0,17.25268625444704
7715,11.650084021475273,9,11.234068703381137,1,50,2,0,1,2,1,0,12.369130679684917,5,0,11.654433707761807
7720,14.857552847877614,12,15.108228542940738,1,58,3,1,0,1,2,0,0.0,3,0,16.964135620532495
7725,3.9318256327243257,12,10.596503161315887,0,41,2,0,4,2,1,0,11.215879689565481,2,0,3.9318256327243257
7730,9.62911649414402,8,11.853101811967846,1,65,3,1,0,1,1,0,0.0,5,0,13.050224849237406
7735,11.775297421715827,13,11.996201706795759,1,47,3,1,1,1,1,0,12.825037620411926,2,0,12.994532278619134
7740,11.461642696843066,12,10.936821754744528,1,94,2,1,0,2,3,0,0.0,4,0,12.233692676364548
7745,11.759793355371237,12,12.091511325881505,1,73,3,1,0,1,3,0,0.0,2,0,14.89392047945086
7750,10.7706090484022,12,11.90554792375787,1,39,3,0,0,1,1,0,13.15289452230148,3,0,13.01176918994789
7755,7.937731775260109,8,11.342280932513091,1,23,1,0,0,2,1,0,12.348877778786173,5,0,10.034559673629849
7760,10.902297921958713,9,11.875916329276292,1,52,2,1,0,2,3,0,12.973865689268807,5,0,10.929547069355774
7765,12.894209796826232,13,11.09644927542817,1,72,3,0,0,2,3,0,0.0,3,0,13.214032390746006
7770,9.210440366976517,9,10.64914561257346,0,38,2,0,2,2,1,1,8.517393171418904,5,0,9.210440366976517
7775,9.143345503151904,9,11.629960039799675,0,31,1,0,1,1,1,0,10.031044885951003,4,1,10.806733570889474
7780,5.442417710521793,12,10.992910250981359,0,26,3,0,0,2,1,0,9.70448768268936,4,0,5.442417710521793
7785,5.707110264748875,8,9.383539618396707,0,60,2,0,0,2,3,0,0.0,4,0,5.707110264748875
7790,5.568344503761097,6,9.470543987306165,0,45,1,0,0,2,3,0,9.575052927597383,5,0,5.568344503761097
7795,5.707110264748875,11,10.769770904774587,1,53,2,0,0,2,1,0,12.00762780434872,5,1,8.575650760987806
7800,10.933124826700707,12,12.744464937390438,1,82,3,1,0,2,3,0,12.38923135181669,4,0,14.73419881348037
7805,7.00397413672268,8,9.69367212060944,0,68,2,0,0,2,3,0,0.0,2,0,7.00397413672268
7810,9.072341873818893,9,11.59073968241829,1,56,2,1,0,1,3,0,12.226860081860359,4,0,12.360127606490813
7815,17.04572193204536,12,16.506322244322213,1,67,3,1,0,2,1,0,0.0,5,0,19.110597718008204
7820,10.069044362997353,13,12.009446852348587,1,44,3,1,2,1,1,0,12.447060044238079,5,0,13.595612982764838
7825,10.860939421415225,8,11.649008066953392,1,56,3,0,1,2,3,1,12.201467056066164,5,0,10.860939421415225
7830,8.006700845440367,8,10.540934738927314,0,65,1,0,0,2,1,0,0.0,4,0,8.006700845440367
7835,7.601402334583733,8,11.730500418141487,1,49,3,0,2,1,1,0,12.459167155192379,5,0,12.185875040240456
7840,8.000014093678072,9,11.686049021222916,1,34,3,0,2,1,1,0,12.56758934921002,5,0,10.403686917060819
7845,8.160803920954665,9,11.355019808159389,1,44,2,0,2,1,1,0,11.934401708017377,1,0,8.160803920954665
7850,9.852246888342531,12,13.028195276251832,1,48,2,1,2,1,1,0,12.613938203585018,5,0,9.852246888342531
7855,9.97025795616998,13,12.323102772577545,1,53,3,1,0,1,1,0,12.793862088206213,5,0,13.36825579980822
7860,0.0,11,11.485380194730258,0,33,1,0,0,2,1,0,9.99884318585288,1,0,8.936035096566041
7865,11.401446268304225,12,11.704067376563522,0,28,3,0,0,1,1,0,4.61512051684126,5,0,12.527616143852606
7870,4.709530201312334,8,10.243692364956795,0,34,1,0,0,2,1,0,0.0,5,0,10.090423446880829
7875,9.210440366976517,6,10.451325058234776,1,78,2,0,0,2,3,0,12.977571104102678,5,0,9.210440366976517
7880,13.432052997469079,13,14.298781248939573,1,39,3,1,2,1,1,0,13.81451105863119,2,0,14.92588704298759
7885,6.432940092739179,9,10.511947979456522,1,71,3,0,0,1,3,0,11.641327474774709,4,0,6.432940092739179
7890,7.576097340623111,4,10.386788464403516,1,43,2,0,0,2,1,0,10.132255258600559,4,0,7.576097340623111
7895,8.753213480544126,8,11.046019206267971,1,74,2,1,0,1,3,0,11.33381076072374,4,0,13.58273451278137
7900,8.517393171418904,9,11.580689440046534,1,43,1,1,4,1,1,0,12.813800816973192,3,0,11.082157933374816
7905,14.159100971573958,12,12.778576674022425,1,77,3,1,0,1,2,0,11.51293546492023,5,0,14.883663982790228
7910,14.137957034727311,8,14.860299722008838,1,37,3,1,3,1,2,0,0.0,5,0,15.299498846412597
7915,8.517393171418904,8,9.818828007928495,0,78,2,0,0,2,3,0,0.0,5,0,8.853808274977197
7920,10.389026137075234,12,11.610542128340578,1,60,3,0,0,2,1,0,11.978550773342342,5,0,13.632249760221603
7925,0.0,6,10.723251890363157,1,60,2,0,0,1,4,0,12.765691290604371,5,1,0.0
7930,7.313886831633462,9,11.485380194730258,1,55,1,0,0,2,1,0,11.028433383156079,2,0,7.313886831633462
7935,16.13907415526752,14,15.719476568965046,1,52,3,1,2,1,1,0,0.0,4,0,17.163904769107276
7940,14.743730255960541,12,14.015533975469058,1,64,3,1,0,1,1,0,14.841910870812914,2,0,16.138682382529087
7945,9.635673464721814,13,10.16365262239305,0,39,3,0,0,2,4,0,0.0,5,0,9.635673464721814
7950,8.575650760987806,9,11.507358877993518,1,64,2,0,1,1,1,0,11.168898765111539,3,1,12.410241306879119
7955,13.997832948091215,14,13.610953840057991,1,63,1,1,0,1,3,0,13.815511557963774,4,0,15.231363964044126
7960,9.90353755128617,13,13.801201249559053,1,57,3,1,1,1,1,0,13.560619598657233,2,0,14.691487915948768
7965,6.90875477931522,5,10.41957729248823,0,44,1,0,5,2,4,0,0.0,2,0,6.90875477931522
7970,9.38437770918244,13,10.723251890363157,1,49,3,1,0,1,2,0,11.799614544567753,5,0,13.827380826734757
7975,12.50532872995122,12,13.221931645723132,1,54,3,1,2,1,1,0,12.95039048795861,4,0,15.190938846567558
7980,12.853178505386333,12,12.474501794120155,1,34,3,1,1,1,1,0,12.763975538727225,1,0,13.655342979519684
7985,9.365290731974005,8,11.53944687502236,1,34,2,0,1,1,1,0,12.111217862017215,4,0,9.365290731974005
7990,5.739792912179234,8,10.030126736355644,1,69,2,0,0,2,3,0,0.0,5,0,10.785414556982323
7995,9.250618218474752,9,11.234068703381137,0,60,2,0,0,2,3,0,9.405166749908611,3,0,9.418248450647615
8000,13.025854679664231,13,11.775556558297271,1,70,3,1,0,1,2,0,9.02653771890043,4,0,14.567775814305152
8005,10.360944044643913,14,14.704246151439541,1,46,3,1,2,2,1,0,13.41354083387756,1,0,15.017100826304075
8010,7.972810784121404,13,11.883406949070103,1,63,3,0,0,2,1,0,12.283038316285214,4,0,7.972810784121404
8015,9.61587214452889,14,11.485380194730258,0,46,2,0,0,2,2,0,8.101980731853192,4,0,9.61587214452889
8020,9.635673464721814,13,13.437610658719988,1,48,3,1,2,1,1,0,14.07710606547538,2,0,14.75836571047818
8025,8.716207971151853,9,11.781358436450864,1,37,2,0,0,1,1,0,12.874673515297118,2,0,12.390063641368315
8030,8.764209507142004,11,10.897601753215403,0,54,3,1,1,2,1,0,9.561067663645012,4,1,10.904137815028022
8035,8.517393171418904,11,11.30306069379871,1,39,3,0,0,1,1,0,9.392745258631441,4,0,8.517393171418904
8040,7.601402334583733,8,11.329377681719818,1,71,1,1,0,1,3,0,0.0,4,0,12.185875040240456
8045,7.8713112033234065,7,11.549918073413814,1,45,1,0,1,1,1,0,12.355746175003235,4,1,11.925174178975011
8050,13.586098651497313,14,14.497631996460147,1,58,3,0,0,2,2,0,12.73080413304066,2,0,15.70560607897058
8055,12.531487545936676,8,11.996201706795759,1,69,3,0,1,1,3,0,13.31050297651918,5,0,12.887706299082227
8060,10.275085591132715,14,12.557717794903569,1,75,2,1,0,1,3,0,0.0,5,0,15.915857182738003
8065,8.101980731853192,8,11.079920226254767,0,24,3,0,0,2,1,1,9.526682784921174,4,0,8.385032287813898
8070,6.2166061010848646,8,10.243692364956795,1,72,2,0,0,1,3,0,9.305741456739435,4,0,6.2166061010848646
8075,10.596659732783579,8,9.6246836542707,1,85,2,1,0,2,3,0,0.0,5,0,10.736418414365376
8080,10.100328195429285,14,11.74774208708152,1,60,3,1,0,2,1,0,12.264346270624157,4,0,10.100328195429285
8085,8.517393171418904,9,11.20508155522288,1,60,2,1,0,2,3,0,12.644330802262578,2,0,12.40697467786825
8090,13.161586013632684,12,11.144457783705516,1,65,3,1,0,1,3,0,7.783640596221253,5,0,14.900700164138025
8095,5.673323267171493,12,10.121094683881875,1,47,3,0,1,2,2,1,11.744838452135683,5,0,11.275949181024878
8100,10.308985993422082,13,11.975999125353795,1,49,3,0,2,1,1,0,11.7451556078856,2,0,12.712893259942282
8105,7.696667081526462,12,10.792243293398966,1,45,2,0,2,1,1,0,11.429554725537322,3,0,7.696667081526462
8110,9.952325334619427,9,11.234068703381137,0,34,2,1,0,1,1,0,0.0,5,0,9.952325334619427
8115,12.487488878546145,12,14.640003909997445,1,65,3,1,0,1,2,0,0.0,3,1,16.747504043841957
8120,9.77571099759397,5,10.699154876036824,1,85,3,0,0,1,3,0,0.0,5,0,9.77571099759397
8125,8.648396877031582,12,12.365461861933738,1,55,2,0,2,1,1,1,11.938199736300925,5,0,14.488363700505566
8130,2.3978952727983707,4,10.596503161315887,0,61,2,0,0,2,1,0,10.021315031649332,4,0,2.3978952727983707
8135,7.107425474110705,9,10.74678187553037,0,37,1,0,0,1,2,0,9.6678285081515,1,1,9.37339415841248
8140,8.476579508530941,3,10.85678052964002,0,45,2,1,5,1,1,0,8.006700845440367,2,0,8.476579508530941
8145,12.926350926565435,9,13.315282799695568,1,77,3,1,0,1,3,0,13.282781802386296,5,0,15.475831870790858
8150,0.0,8,10.814221753204105,0,47,1,1,1,1,1,0,0.0,4,0,7.313886831633462
8155,9.71902370267014,10,10.41957729248823,1,68,2,1,0,2,3,0,0.0,2,0,12.610306996567477
8160,6.2166061010848646,12,9.98133877479715,0,21,0,0,0,2,1,0,12.470361978939783,3,1,8.922791623969637
8165,8.926783114101351,13,10.482095840823943,0,33,2,1,2,2,1,0,11.697752214480175,2,0,9.771726021353874
8170,10.012386799492118,12,11.234068703381137,1,62,2,0,0,2,1,0,11.352768449837729,4,0,12.494633082107216
8175,8.839421607620602,10,11.712956250852091,1,36,0,0,1,1,1,0,12.673576277384964,2,1,11.372524818667134
8180,5.081404364984463,12,10.204473075038809,0,76,3,0,0,2,3,0,0.0,4,0,5.081404364984463
8185,12.380618214206898,14,13.375802464383025,1,44,3,0,2,1,2,0,0.0,4,0,14.753617966007235
8190,9.13356731317027,9,11.47420700963637,0,45,2,0,3,2,4,0,11.0186455364637,4,0,11.965662124421385
8195,9.581972891547895,11,11.248253152234346,1,84,2,1,0,1,3,0,0.0,5,0,13.137253960339487
8200,10.893047333337728,13,11.955379969271414,0,42,3,1,0,1,1,0,9.99884318585288,2,0,12.878509336811934
8205,11.253130896005338,13,8.959769755180343,1,65,3,0,1,2,2,0,11.4642707916215,5,0,12.35931291105607
8210,6.8885724595653635,5,0.0,1,62,1,0,0,2,2,0,0.0,5,0,6.8885724595653635
8215,9.648659816955295,8,11.518169685974078,1,46,2,0,2,1,2,0,13.001778670730355,5,0,9.648659816955295
8220,0.0,9,10.31779779558084,0,37,2,0,0,2,2,0,10.434145214930487,5,0,0.0
8225,10.463131911491967,14,12.115464434225991,1,74,1,1,0,2,3,0,13.122365377402328,4,0,14.70545772517636
8230,6.7226297948554485,8,10.451325058234776,1,65,1,0,1,2,1,0,10.470249176632354,4,0,6.723832440821209
8235,10.819798284210286,13,10.814221753204105,0,32,3,0,0,2,1,0,11.225256725762893,3,0,10.823790225800138
8240,8.987321812850125,11,11.028627743384128,0,26,2,0,4,1,1,0,7.039660349862076,2,1,9.680406499268875
8245,11.682676678340282,8,12.17852223565681,1,38,3,0,1,1,1,0,12.487488878546145,2,0,12.49275797139508
8250,6.46302945692067,8,10.974561423798537,0,53,3,0,1,1,1,0,9.04793908261736,2,1,6.46302945692067
8255,8.294299608857235,8,11.853101811967846,0,35,2,1,0,1,1,0,9.908524844053396,3,0,12.483708170000067
8260,6.90875477931522,12,10.386788464403516,1,56,1,0,1,1,3,0,12.162125982647739,3,0,6.90875477931522
8265,14.666516250125191,14,13.52803353863433,0,64,3,1,0,1,3,0,0.0,4,0,15.563318313818478
8270,9.686636660844938,13,11.704067376563522,1,62,3,1,3,1,3,0,10.247112717290387,5,0,14.134764695944483
8275,8.987321812850125,14,11.845379821066128,0,45,2,0,1,1,1,0,9.61587214452889,2,0,12.978495316450783
8280,11.770130288537443,9,13.696084481366324,1,49,3,1,0,1,1,0,13.8924725250259,5,0,14.491171236936905
8285,11.293537353157436,12,10.814221753204105,1,68,3,0,0,2,2,0,10.896757843893464,4,0,11.342149006315793
8290,7.313886831633462,8,11.92720927582913,0,38,2,0,1,1,1,0,10.624517374082325,4,0,9.770013301136158
8295,10.382853468483827,12,11.079920226254767,1,43,3,1,4,1,1,0,11.970356641102999,4,0,12.514663351075232
8300,12.083910661257521,12,13.067781267650615,0,69,3,1,0,1,3,0,0.0,1,0,13.267330877756825
8305,12.971542813248437,14,14.61115576850123,1,50,3,1,2,1,2,0,13.304686600863562,3,0,15.510392135836831
8310,10.435614679722034,10,12.189572015326258,1,43,2,1,2,1,1,0,12.396697137361691,5,0,14.124502209924472
8315,13.910821646859095,12,15.541974327556344,1,46,1,1,2,1,1,0,13.527829818844937,4,0,16.557962250196052
8320,7.1316985104669115,9,11.781358436450864,1,72,3,0,1,1,1,0,11.672669046750935,3,1,7.1316985104669115
8325,10.988693712621323,8,10.835727530509162,1,67,2,1,0,2,1,0,10.12667110305036,5,0,12.917062200011113
8330,7.170888478512505,8,11.451478997511787,1,52,2,0,3,1,1,1,12.818554633046093,5,0,10.848968086540825
8335,11.824087219587643,9,12.379191996605552,1,53,3,1,3,1,1,0,12.337982098521458,4,0,12.838675982261055
8340,7.039660349862076,9,11.234068703381137,1,38,3,0,0,2,1,0,12.356649805075568,4,1,11.35206398467375
8345,13.104201443434462,14,13.040001763028695,1,53,3,0,1,1,2,0,13.353476685668044,4,0,15.270631343386219
8350,11.824233727927892,12,12.388241794252275,1,45,3,1,4,1,1,0,12.873519893823593,3,0,13.436474602568016
8355,10.778977123006351,13,10.674462827538377,0,40,3,0,0,2,1,0,9.852246888342531,3,0,13.733216401013184
8360,9.278092474027002,13,11.342280932513091,1,70,3,1,0,2,1,0,9.798182590890704,5,0,14.6089106827177
8365,9.44943600950432,12,11.92720927582913,1,48,0,0,2,1,1,0,12.80463713160417,2,0,13.44690906030109
8370,12.395870352803575,14,13.123289297308162,1,49,3,1,2,1,2,0,12.928538308194957,4,0,13.79612486373942
8375,8.922791623969637,12,10.735086088875509,1,77,2,1,0,2,3,0,0.0,5,0,12.758522821680685
8380,6.398594934535208,8,11.028627743384128,0,48,2,0,0,2,4,0,0.0,1,0,7.3783837129967145
8385,6.90875477931522,12,11.234068703381137,1,30,3,1,0,2,1,0,11.446796346169297,5,0,9.568084743872936
8390,12.449022745701502,12,14.43564035276491,1,52,3,1,0,1,3,0,13.795308871054397,3,0,15.739905330949119
8395,9.441531454869693,9,9.550580764956187,1,66,3,0,0,2,3,0,0.0,4,0,10.995427631436174
8400,0.0,-1,10.243692364956795,1,68,1,1,3,1,1,0,5.707110264748875,5,0,0.0
8405,13.161586013632684,9,13.585432002979864,1,64,3,1,0,1,1,0,0.0,5,0,15.699545455277173
8410,9.798182590890704,13,11.367598443988374,1,30,3,0,1,2,1,0,12.031129798974042,2,0,12.292254928916668
8415,10.87806606028079,13,12.538523415812634,1,35,3,1,0,1,1,0,13.118357364036902,2,0,12.53897064502647
8420,10.694237736914808,12,11.712956250852091,0,26,3,0,0,1,1,0,0.0,3,0,11.473155000731508
8425,14.014362236381235,12,13.855614617582932,1,49,3,1,3,1,1,0,0.0,4,0,15.119781354975958
8430,9.561067663645012,11,12.016004213152664,1,43,3,0,2,1,1,0,10.815790343132422,5,0,13.150369518580607
8435,5.993961427306569,9,10.769770904774587,0,39,1,0,0,2,1,0,5.707110264748875,4,0,8.476579508530941
8440,10.915106645867503,12,12.583985630506856,1,48,3,0,0,1,2,0,12.259618151783465,5,0,10.915106645867503
8445,12.100717685412471,14,13.058606910830353,1,61,3,1,1,1,1,0,13.785052381406869,5,0,15.498199118011556
8450,5.771441123130016,5,10.85678052964002,0,42,1,0,3,1,1,1,6.647688373563329,2,0,5.771441123130016
8455,0.6931471805599453,8,11.342280932513091,1,61,3,0,0,2,1,0,12.154784614286667,3,0,14.153411773109179
8460,10.518700218288165,12,11.206551043219479,1,80,3,1,0,1,3,0,0.0,5,0,13.73538559690802
8465,10.819798284210286,12,13.922875224529346,1,64,2,1,0,1,2,0,12.100717685412471,5,0,14.72376952136689
8470,5.993961427306569,-1,10.121094683881875,1,62,1,0,1,1,3,0,0.0,1,0,5.993961427306569
8475,8.922791623969637,14,10.511947979456522,0,69,3,0,0,2,2,0,0.0,5,0,13.614007404994387
8480,11.302216779257382,12,11.248253152234346,0,28,2,1,0,2,1,0,8.268988209506656,1,0,12.034696963475044
8485,4.394449154672439,9,10.814221753204105,0,28,0,0,0,2,1,0,10.22451977466945,5,1,6.78105762593618
8490,7.313886831633462,8,11.518169685974078,0,48,2,1,1,1,2,0,9.852246888342531,4,0,7.313886831633462
8495,11.184435286790631,13,13.295480205381654,1,41,3,1,2,1,1,0,14.118574471006522,4,0,14.663308721750287
8500,11.338583982516495,12,12.583985630506856,1,62,1,1,0,1,1,0,0.0,5,0,15.241986948870666
8505,6.803505257608338,8,10.769770904774587,0,44,1,0,2,1,1,0,0.0,1,0,6.803505257608338
8510,8.682877107057168,9,9.550580764956187,1,31,3,0,0,2,2,0,0.0,5,0,11.095908894882296
8515,10.62135173563291,12,12.406099337875917,1,35,3,1,0,1,1,0,13.560619598657233,1,0,12.472279517715116
8520,9.546884034617925,7,10.897601753215403,1,27,3,0,2,1,1,0,10.085850775128717,2,0,9.546884034617925
8525,12.049775497019708,13,10.792243293398966,0,59,3,1,0,2,2,0,9.546884034617925,4,0,12.049775497019708
8530,8.006700845440367,8,9.383539618396707,1,63,2,0,0,2,3,0,8.922791623969637,5,0,8.006700845440367
8535,14.557448378884015,14,13.787956036328172,1,84,3,1,0,1,2,0,0.0,3,0,17.038378443942648
8540,9.401043372798053,12,11.063113369269185,1,67,1,0,0,2,3,0,0.0,4,0,14.087140227230549
8545,12.301387370778713,12,10.787789034822339,1,65,3,1,0,1,2,0,12.563750586299374,4,0,13.464194088864502
8550,8.042699496897637,4,11.367598443988374,1,49,2,1,1,1,1,0,12.338420212709783,5,0,8.042699496897637
8555,9.486531677712465,12,11.079920226254767,1,39,3,0,2,2,1,0,12.360084744326953,4,0,10.202888193567093
8560,5.303304908059076,12,11.59073968241829,0,25,2,1,0,1,1,0,0.0,5,0,13.20890981299212
8565,7.462214939768189,14,9.69367212060944,1,77,2,1,0,2,3,0,10.12667110305036,5,1,7.462214939768189
8570,0.0,8,10.674462827538377,1,63,2,0,0,2,1,0,10.968215530759236,2,0,0.0
8575,0.6931471805599453,12,11.28963784015293,0,40,1,0,4,1,1,0,11.620891583095712,3,1,8.699848026000312
8580,11.527823929632195,12,12.712411006152932,0,61,3,1,0,1,1,0,12.409017571151187,4,0,14.873474795316465
8585,9.999751822506193,12,11.20508155522288,0,30,3,1,0,2,1,0,9.259225769705994,4,0,11.362346731473597
8590,5.017279836814924,13,10.674462827538377,0,36,3,0,1,2,1,0,11.289794413577894,4,1,9.005895898094458
8595,8.03947991910045,8,10.596503161315887,1,50,3,0,0,2,3,0,10.091666918814242,5,1,8.03947991910045
8600,9.210440366976517,8,10.569104881654322,1,68,3,1,1,1,3,0,0.0,5,0,13.188152990599754
8605,5.673323267171493,3,10.16365262239305,0,71,3,0,0,2,3,0,0.0,3,0,5.673323267171493
8610,14.205524238561358,14,13.252762549097465,1,72,3,1,1,1,2,0,0.0,1,0,17.03682345076853
8615,9.90353755128617,12,15.223039778432465,1,61,3,1,0,1,1,0,0.0,3,0,17.04072628312586
8620,10.518700218288165,12,11.890841876391685,0,27,2,1,0,1,1,0,8.517393171418904,2,0,11.498836682527127
8625,5.198497031265826,9,10.31779779558084,1,78,2,0,0,1,3,0,0.0,5,0,5.198497031265826
8630,9.186150133174966,10,11.30306069379871,1,56,3,1,3,2,1,0,12.160033942617156,4,0,11.587671090922406
8635,12.506180941677357,12,12.753884131943826,1,46,3,0,3,1,1,0,14.061668045386881,4,0,12.709876675502672
8640,13.778131587760763,13,14.4121098681318,1,62,3,1,0,1,2,0,14.866332532446323,3,0,14.842738188531463
8645,11.924445538056746,13,11.756252709710795,1,58,3,1,2,1,2,0,11.232695556043486,2,0,15.356864685566904
8650,7.601402334583733,13,11.36384143864066,1,75,3,1,1,1,1,0,12.33885813503812,4,0,10.389026137075234
8655,12.206577518060588,13,11.90554792375787,0,29,2,0,0,1,1,0,0.0,2,0,12.346273621950562
8660,11.225256725762893,12,0.0,0,26,2,0,0,2,4,0,11.002116507732017,4,0,11.326607934898927
8665,7.170888478512505,9,9.69367212060944,1,73,2,0,0,2,1,0,9.15915233520675,4,0,7.170888478512505
8670,8.055475141757274,9,11.883406949070103,1,74,0,1,0,2,3,0,12.429220196836383,5,0,11.053283962966008
8675,2.3978952727983707,9,10.897601753215403,0,57,3,0,0,2,3,0,11.695255355062795,5,0,8.701346403039162
8680,8.343077871169383,12,10.540934738927314,0,52,2,0,4,1,1,0,9.717218213494077,4,0,8.343077871169383
8685,3.044522437723423,7,9.550580764956187,0,70,2,0,0,2,3,0,6.836259277277067,4,0,3.044522437723423
8690,10.204369620451853,14,11.518169685974078,1,46,3,1,0,2,1,0,13.961946699975083,4,0,13.474457244214182
8695,10.477316144080852,12,11.773059697378923,1,59,3,0,0,2,1,0,12.077562908973375,4,0,13.618888433744173
8700,10.471666571132038,14,12.966976792534302,1,58,3,1,3,1,1,0,12.441148720271016,5,0,14.271859509979913
8705,10.106469212026385,12,13.545176792957616,1,57,2,1,1,1,1,0,0.0,4,0,15.183768486148063
8710,8.423102268016642,11,10.699154876036824,1,53,2,0,0,2,2,0,11.51293546492023,5,1,10.259447240740453
8715,6.398594934535208,8,9.6246836542707,0,61,2,0,0,2,3,0,0.0,4,0,6.398594934535208
8720,8.006700845440367,2,10.540934738927314,1,78,2,0,3,1,1,0,0.0,5,0,8.006700845440367
8725,8.748463629942055,8,10.386788464403516,1,59,2,1,1,1,1,0,12.785773933914658,5,0,9.814710982145282
8730,8.19450550976564,11,10.386788464403516,0,40,1,0,1,2,4,1,4.709530201312334,5,1,9.360569085222874
8735,5.303304908059076,6,9.69367212060944,0,46,1,0,1,2,3,0,0.0,5,0,5.303304908059076
8740,7.828436359157585,10,10.16365262239305,0,75,2,0,0,1,3,0,9.283683766200392,4,0,7.828436359157585
8745,7.696667081526462,6,10.121094683881875,0,37,1,0,1,1,1,0,0.0,1,0,7.696667081526462
8750,10.203629181337648,12,11.159961747859198,1,40,2,0,3,1,2,0,12.74110588624638,4,0,12.487488878546145
8755,7.741099090035366,4,11.175229004346514,1,45,1,0,1,2,1,0,11.098939154318382,5,1,10.499600568082863
8760,11.211833885608513,8,11.639529406064158,1,58,2,1,0,1,1,0,13.096021455450709,4,0,12.498745990829315
8765,9.210440366976517,13,11.59073968241829,1,67,2,0,0,1,1,0,11.902267966193309,5,0,9.433563920090563
8770,8.537191877922927,9,11.428222385556161,1,58,2,0,1,1,1,0,11.221248757912162,5,0,8.537191877922927
8775,8.79497643168877,9,11.392290774522229,1,49,2,0,0,1,1,1,11.550230883578887,4,0,12.699551683459445
8780,13.727325037392315,14,15.078105791870941,1,63,3,1,3,1,2,0,14.666388146330197,4,0,16.485345849256724
8785,13.617060838751888,12,13.984983556671457,1,82,1,1,0,2,3,0,14.626441218624949,1,0,17.54409140295667
8790,9.116139576577355,11,11.010928456106528,0,30,2,0,3,2,1,0,10.203629181337648,2,0,10.39516093745751
8795,8.071218539969863,3,11.234068703381137,1,40,2,0,2,1,1,0,10.129467078669546,2,0,9.012011377036412
8800,10.306650011581617,12,11.451478997511787,0,29,3,0,0,2,1,0,8.798001694924846,2,0,11.450315749157804
8805,10.085850775128717,12,8.902618898708385,0,24,3,0,0,2,1,0,0.0,4,0,10.085850775128717
8810,12.180759965737863,12,14.4121098681318,1,68,3,1,0,1,3,0,0.0,3,0,16.125567765052597
8815,16.1158933276236,13,15.846343272099073,1,72,3,1,0,1,3,0,11.170449240431308,4,0,18.952848990964775
8820,10.799595985047786,12,14.556003974015919,1,86,3,1,0,2,2,0,7.00397413672268,2,0,16.838128208973288
8825,10.12667110305036,13,12.156049496587327,1,61,3,0,0,1,1,0,13.174957725054906,2,0,14.23750562376114
8830,8.071218539969863,7,10.243692364956795,1,59,2,0,2,2,1,0,10.968215530759236,5,0,8.071218539969863
8835,13.173058392858724,9,17.460027370321225,1,83,3,1,0,1,2,0,14.88022163978423,2,0,17.255479866192637
8840,7.696667081526462,3,10.386788464403516,0,67,2,0,0,2,3,1,0.0,5,0,7.696667081526462
8845,12.742568940017076,12,12.715663031744286,1,71,3,1,0,1,2,0,13.910821646859095,4,0,13.991143965533254
8850,10.085850775128717,13,11.53944687502236,1,38,3,1,0,2,1,0,12.754196944209095,4,0,11.870606902224587
8855,8.699681400989514,13,11.853101811967846,1,75,3,0,0,1,3,0,6.90875477931522,4,0,14.067047961384375
8860,14.973931763302796,14,16.271008175358833,1,62,3,1,0,1,2,0,14.2048469616491,4,0,17.829655057077566
8865,11.665912611011652,13,11.920040833915293,0,36,2,1,0,1,1,0,0.0,5,0,13.19287962130343
8870,9.763708110007842,9,11.485380194730258,1,57,3,0,0,1,3,0,11.840075816082267,2,1,11.830586154441619
8875,10.389026137075234,9,10.835727530509162,1,80,1,1,0,2,1,0,11.87757552297847,5,0,11.149096419938578
8880,12.506180941677357,14,12.616775342823493,1,64,3,1,0,1,2,0,0.0,4,0,14.354924221672386
8885,12.208574513247495,14,13.198168194815793,1,94,3,1,0,2,3,0,3.044522437723423,5,0,15.931826432390931
8890,12.28765724080691,14,13.21407307340261,1,41,3,1,0,1,1,0,13.7107065540917,4,0,12.417147664184915
8895,9.392745258631441,3,11.560280761065794,1,57,2,0,1,1,2,0,0.0,5,0,12.216027926866138
8900,9.933580192843298,9,10.64914561257346,1,74,2,1,0,1,3,0,0.0,3,0,9.933580192843298
8905,8.732465848349879,13,10.491145423783589,1,61,3,1,0,2,3,0,0.0,3,0,12.918289341588247
8910,13.258642740896052,12,14.331571051876935,1,63,3,1,1,1,1,0,13.461775573819727,5,0,14.968295641276963
8915,8.412054873292933,8,11.773059697378923,1,56,2,0,1,1,1,0,11.713013263308127,5,0,11.218567827096358
8920,13.229244536297962,12,15.749613658963774,1,70,3,1,0,1,3,0,15.24582204373536,5,0,17.248413335961825
8925,8.533263371593732,12,10.723251890363157,0,54,2,1,0,2,1,0,10.778977123006351,3,0,11.199323694032696
8930,8.665785595466064,8,11.010928456106528,1,51,1,0,2,1,3,0,11.759011806144656,2,0,8.665785595466064
8935,11.156264806643742,8,10.699154876036824,1,47,3,0,1,2,2,0,11.736077016252437,1,1,11.156264806643742
8940,10.322230781590136,12,12.073162291050107,1,51,3,1,2,1,1,0,12.55490038050369,2,0,14.341067737556287
8945,6.398594934535208,13,10.992910250981359,0,32,3,0,0,2,1,0,10.458837110181584,2,0,6.398594934535208
8950,10.196194479235656,8,11.063113369269185,1,70,2,1,0,1,3,0,12.354496960983985,2,0,10.196194479235656
8955,8.987321812850125,1,10.121094683881875,1,48,1,0,4,1,1,0,11.277215789596893,2,1,8.987321812850125
8960,14.830741600012107,14,17.72115226917416,1,75,3,1,0,1,2,0,0.0,1,1,19.228071374330366
8965,7.937731775260109,2,10.030126736355644,0,63,3,0,0,2,1,0,0.0,2,0,7.937731775260109
8970,10.823790225800138,8,11.010928456106528,1,80,3,1,0,2,3,0,10.778977123006351,5,0,10.823790225800138
8975,0.0,6,10.030126736355644,1,51,3,0,0,2,3,0,0.0,3,0,10.165890277802454
8980,11.87757552297847,12,12.65888669142232,1,77,3,1,0,1,3,0,12.468440756144114,5,0,13.804450621726684
8985,13.61217085943569,13,12.763215432517898,1,34,3,1,2,1,1,0,13.119561455685307,5,0,14.68931165557966
8990,9.741027444837728,12,11.912820634128884,1,70,3,1,0,2,3,0,11.06665398721974,5,0,14.186384911433706
8995,12.019749091416921,14,12.278869718770531,1,78,3,1,0,1,3,0,12.660331092405906,4,0,15.332394708182214
9000,6.621405651764134,9,11.756252709710795,0,41,3,0,3,1,1,0,8.53915035876828,4,0,9.319284458965361
9005,10.150386692204734,10,11.046019206267971,1,70,3,1,0,1,3,0,0.0,5,0,13.216947839393717
9010,10.401258331428318,13,10.792243293398966,1,73,3,1,0,2,3,0,0.0,2,0,13.710040036256004
9015,17.47140186208969,12,15.621957848198768,1,76,3,1,0,1,2,0,0.0,2,0,17.832307925295694
9020,12.170450649220749,9,17.385571664812293,1,69,3,1,0,1,2,0,16.40169447327934,2,0,17.16657190517977
9025,6.621405651764134,10,10.723251890363157,0,65,2,0,0,2,1,0,3.9318256327243257,4,0,7.1316985104669115
9030,8.73568594451502,12,10.792243293398966,0,32,1,0,0,2,1,0,11.6172944892629,3,0,10.60214452626967
9035,8.922791623969637,4,10.31779779558084,1,70,2,0,1,2,1,0,8.137688184977605,5,0,8.922791623969637
9040,10.819798284210286,9,14.741755985038509,1,76,3,1,0,1,2,0,14.240778946963175,4,0,16.440831183884026
9045,8.131824785007195,14,11.367598443988374,1,63,3,0,0,2,1,0,12.357079818283598,4,0,11.256754979390998
9050,9.453364978883542,10,12.156049496587327,1,50,3,0,2,1,1,0,12.744905382854366,4,0,12.569503218732468
9055,7.244941546337007,5,9.930047914868675,0,68,3,1,0,2,3,0,0.0,4,0,7.244941546337007
9060,8.289288323000317,12,11.175229004346514,1,49,3,0,2,1,1,0,11.951186847493476,4,0,10.165120780630861
9065,2.4849066497880004,5,10.030126736355644,0,44,1,0,2,1,4,0,9.21054035197885,2,1,2.4849066497880004
9070,12.220966184120165,11,13.51059125943167,1,65,2,1,0,1,2,0,10.69650269224425,4,0,14.520092610465133
9075,8.839421607620602,9,12.308574737108612,1,63,1,0,1,1,1,0,5.442417710521793,4,0,14.369338773020317
9080,9.210440366976517,8,10.674462827538377,1,48,1,1,3,2,1,0,0.0,4,0,9.210440366976517
9085,5.14166355650266,8,9.383539618396707,1,64,0,0,0,2,3,0,0.0,4,0,5.14166355650266
9090,6.580639137284949,8,10.35288797609956,0,43,2,0,1,2,1,0,6.803505257608338,4,0,7.438971592395862
9095,0.0,12,10.897601753215403,0,72,1,0,1,2,3,0,11.29254060496562,5,0,9.295692039075686
9100,5.707110264748875,8,11.73915841150484,1,43,2,0,2,1,1,0,12.062208048765859,2,1,5.707110264748875
9105,8.294299608857235,13,11.59073968241829,0,34,1,1,0,2,1,0,11.849404844423074,3,0,11.362114203075018
9110,8.517393171418904,11,11.355019808159389,1,58,2,0,0,1,1,0,11.528710227525677,2,0,8.517393171418904
9115,9.350189267092581,11,10.623170750425082,1,63,2,0,0,1,1,0,0.0,5,0,10.442929787247998
9120,8.612685172875459,10,11.09644927542817,1,60,3,0,0,2,3,0,12.20772627752683,5,0,12.519060557144618
9125,11.277215789596893,13,12.423643576356815,1,49,3,1,2,1,1,0,13.389333939650964,4,0,13.874723360102745
9130,10.668978650219241,8,12.462027667884662,1,57,2,1,2,1,2,0,13.30635187740947,5,0,13.798365416422785
9135,0.6931471805599453,8,10.121094683881875,0,41,1,0,2,2,1,0,9.581972891547895,2,1,0.6931471805599453
9140,8.268988209506656,8,10.897601753215403,0,40,2,0,3,1,1,0,8.933400396056303,5,0,11.3373928113354
9145,11.695255355062795,14,10.835727530509162,0,67,3,1,0,2,3,0,0.0,5,0,15.2845365468312
9150,5.442417710521793,14,10.623170750425082,1,63,2,0,0,2,2,0,12.370319331596598,1,1,11.054549966205157
9155,7.403061091090091,2,11.549918073413814,1,33,2,0,3,1,1,0,11.853894717697292,5,0,12.214244167517736
9160,5.638354669333745,11,9.98133877479715,0,68,2,0,0,2,3,0,9.61587214452889,5,1,6.274762021241939
9165,10.691967639914864,12,12.757004250263085,1,58,3,0,0,1,1,0,0.0,5,0,15.604599965748736
9170,7.601402334583733,12,10.897601753215403,1,50,3,1,0,2,1,0,12.206077645517674,4,0,10.968215530759236
9175,10.214678610538817,13,11.805849271474132,1,54,3,1,1,1,1,0,4.51085950651685,4,0,14.019512879210929
9180,12.230770136157428,12,12.645045684334335,1,49,3,1,1,1,1,0,13.583579761650238,2,0,14.239601784560001
9185,10.389026137075234,12,12.303684773907628,1,44,3,0,2,1,1,0,12.587931300962664,4,0,13.563840209208333
9190,12.812029342152707,13,12.725356131972566,1,41,3,0,1,1,1,0,13.49254805258237,4,0,14.524826811666397
9195,8.699681400989514,12,12.273831948190523,1,57,3,0,0,2,1,1,12.12541016250223,5,0,14.174932425651066
9200,11.156264806643742,13,13.858725036945792,1,53,3,1,0,1,1,0,13.997832948091215,4,0,15.7599912572715
9205,8.071218539969863,8,10.699154876036824,0,21,0,0,0,1,1,0,9.862717639992917,2,0,8.071218539969863
9210,0.0,7,9.69367212060944,0,37,2,0,0,2,4,1,0.0,1,0,0.0
9215,7.3783837129967145,4,10.792243293398966,1,68,2,0,0,1,3,0,8.294299608857235,4,0,11.860768522363712
9220,13.369225017834633,12,15.846343272099073,1,65,3,1,0,1,2,0,14.68638584489304,1,0,15.182367480098616
9225,16.222545842396755,12,13.277131097857145,1,78,2,1,0,1,2,0,14.883663982790228,5,0,17.967353306852555
9230,9.870499376709148,12,11.934326696707894,1,40,3,1,2,1,1,0,12.35017731849889,5,0,12.195269501134888
9235,13.899760709610884,13,14.369550277686788,1,42,3,1,1,1,1,0,15.216693777883304,1,0,15.451376357017326
9240,10.463131911491967,12,12.60958109112215,1,61,3,0,0,1,3,0,12.19602736016897,1,0,11.418625774449596
9245,8.665785595466064,9,10.936821754744528,1,42,2,0,0,2,1,0,6.154858094016418,5,0,8.665785595466064
9250,9.259225769705994,9,12.161715204458655,1,54,3,0,0,1,3,0,12.748399843328054,3,0,13.370005961597958
9255,10.203629181337648,12,12.423643576356815,1,37,3,0,1,1,2,0,14.18431237326354,5,0,12.535379989788607
9260,6.55250788703459,8,10.31779779558084,0,29,1,0,3,2,1,0,8.45553053102413,2,1,6.55250788703459
9265,9.661479683575521,12,12.237838516809799,1,47,2,0,0,1,1,0,12.85840043573314,3,0,14.29620743510127
9270,8.517393171418904,2,10.204473075038809,1,74,1,1,1,1,3,0,10.275085591132715,4,0,8.517393171418904
9275,8.853808274977197,12,11.610542128340578,1,58,2,1,1,2,1,0,11.814517839013352,5,0,13.079457964073546
9280,16.21974939501905,12,15.143217525341528,1,75,3,1,0,1,3,1,0.0,5,0,16.884028547733916
9285,5.993961427306569,2,10.35288797609956,0,67,2,0,0,1,3,0,0.0,4,0,5.993961427306569
9290,10.463131911491967,12,11.90554792375787,1,43,3,1,2,1,1,0,12.44588057164006,3,0,13.586098651497313
9295,11.884495917930655,14,12.184062387617733,1,94,2,1,1,2,3,0,9.472781556562168,3,0,14.915788458730091
9300,10.820797764563748,9,10.699154876036824,1,73,2,1,0,2,3,0,0.0,4,0,13.169344286811368
9305,8.071218539969863,8,11.560280761065794,0,20,2,1,0,1,2,0,7.696667081526462,1,0,9.38437770918244
9310,14.583315666567332,13,14.338001938359346,0,46,3,0,2,1,2,0,10.308985993422082,5,0,16.13283952391377
9315,8.533263371593732,8,11.190266672490848,0,35,2,0,3,1,1,0,9.928228944424575,5,0,8.533263371593732
9320,12.707456838931174,12,12.857680640569662,1,46,3,1,3,1,2,0,13.910821646859095,5,0,13.972686086890684
9325,8.294299608857235,8,11.234068703381137,1,27,2,0,0,1,1,0,5.017279836814924,3,0,8.294299608857235
9330,10.381304329495126,12,12.651990134355827,1,55,3,1,1,1,1,0,12.646908114973671,2,0,14.748953741853597
9335,7.3783837129967145,8,10.386788464403516,1,56,1,0,0,2,1,0,11.405351390085748,4,0,9.358846580275406
9340,13.130333531178522,12,14.951106139427747,1,70,2,1,0,1,2,0,0.0,5,0,16.278853114986294
9345,7.824445930877619,8,11.159961747859198,1,55,2,0,1,1,1,0,11.782960235741939,2,0,7.824445930877619
9350,8.846640813100485,8,11.962300367785085,1,48,2,0,1,1,1,0,12.431816812310661,5,0,12.685255887910385
9355,0.6931471805599453,8,11.190266672490848,0,30,1,0,2,1,3,0,7.313886831633462,4,1,0.6931471805599453
9360,13.112517061141455,11,14.400133683760268,1,62,3,1,0,1,3,0,13.457407451830088,3,0,15.921241120223726
9365,5.860786223465865,12,10.64914561257346,0,43,3,0,0,2,1,0,10.463131911491967,5,0,5.860786223465865
9370,7.696667081526462,12,11.380020821211883,0,27,2,0,0,2,1,0,10.373522431293592,4,1,11.01206667357142
9375,5.017279836814924,9,9.470543987306165,0,56,1,0,1,2,3,0,0.0,5,0,8.756367559802975
9380,8.977398978181862,10,11.496429917961313,1,29,1,0,1,1,1,0,12.261322851009153,2,0,9.541225601728613
9385,8.006700845440367,9,11.549918073413814,0,35,3,0,1,1,4,0,11.902742105301057,4,0,8.343077871169383
9390,6.7464121285733745,2,9.875983398597374,0,43,2,1,2,1,1,0,0.0,5,0,6.7464121285733745
9395,13.122365377402328,13,14.278578554215343,1,58,0,1,0,1,2,0,10.491301994830229,5,0,14.801327725621299
9400,11.006274448725538,8,11.128709656194046,1,59,2,0,1,2,1,0,11.695255355062795,5,0,11.006274448725538
9405,9.392745258631441,13,11.639529406064158,0,27,2,1,0,1,1,0,11.156264806643742,2,0,10.085850775128717
9410,13.796328757914972,12,13.231668803461037,1,69,2,1,0,1,2,0,13.118357364036902,2,0,14.33266073948437
9415,9.764857469366598,9,10.897601753215403,0,32,3,0,0,2,1,0,6.825460036255307,2,0,9.9480306152868
9420,0.0,2,9.818828007928495,1,61,1,0,0,2,3,0,0.0,4,0,6.90875477931522
9425,11.225256725762893,14,14.050320063607717,1,53,3,1,0,1,1,0,13.345508528717259,4,0,16.079874542034222
9430,10.466839210553566,14,11.92720927582913,1,76,3,1,0,1,2,0,12.614735967230029,3,0,12.628496471574028
9435,11.456365695436427,11,10.85678052964002,0,31,3,1,0,1,2,0,10.275085591132715,5,0,11.870606902224587
9440,9.472781556562168,10,9.6246836542707,1,67,2,0,0,2,3,0,0.0,5,0,11.719947764402807
9445,11.104972264124868,14,13.387478976032252,1,61,3,1,0,1,2,0,0.0,2,0,14.936047730152803
9450,9.417435838868785,9,11.428222385556161,1,73,2,1,0,1,3,0,0.0,5,0,14.269956923093579
9455,7.496097345175956,10,10.74678187553037,0,24,1,0,0,2,1,0,5.303304908059076,5,1,7.496097345175956
9460,12.840586501574554,14,13.903266770903059,1,55,3,1,0,2,2,0,12.049424683420915,5,0,15.342288557495818
9465,13.742940940397677,13,13.125446791134548,1,39,2,0,2,1,2,0,14.77715737382215,3,1,13.744015630372484
9470,4.61512051684126,3,11.190266672490848,1,57,1,1,0,1,1,0,11.430749650507867,2,0,4.61512051684126
9475,9.90358754753646,12,11.485380194730258,1,49,2,0,2,1,1,0,11.332613886815139,2,0,12.301391916202267
9480,15.073403488532016,12,15.645987764900307,1,64,3,1,0,1,2,1,0.0,5,0,16.281913821077353
9485,7.0909098220799835,11,11.175229004346514,1,61,2,0,0,2,2,1,12.085039960478051,4,1,10.348205424565993
9490,9.61587214452889,14,11.629960039799675,1,64,3,1,0,1,3,0,9.99884318585288,2,0,14.619752233457
9495,10.38532711001602,8,12.397210427038146,1,74,3,1,0,1,3,0,9.90353755128617,3,0,14.23906506191948
9500,12.206077645517674,6,9.6246836542707,1,70,1,1,0,2,3,0,0.0,5,0,12.216027926866138
9505,7.766840537085513,8,10.769770904774587,0,26,2,0,1,1,1,0,0.0,4,0,7.766840537085513
9510,5.993961427306569,2,9.470543987306165,0,73,2,0,0,2,3,0,6.2166061010848646,5,0,5.993961427306569
9515,4.61512051684126,8,10.451325058234776,0,25,1,0,0,1,1,0,10.043292972227004,5,0,4.61512051684126
9520,6.2166061010848646,8,10.511947979456522,1,53,2,0,0,1,1,0,0.0,1,0,6.2166061010848646
9525,11.082157933374816,9,11.47420700963637,1,64,3,1,0,2,3,0,9.61587214452889,4,0,14.90642697590649
9530,7.601402334583733,12,10.85678052964002,0,44,3,0,0,2,1,0,7.601402334583733,5,1,8.006700845440367
9535,9.259225769705994,8,11.507358877993518,0,33,2,1,1,1,1,0,9.798182590890704,4,0,10.829748417047593
9540,16.37328043529466,14,17.104159214508716,1,85,3,1,0,1,2,0,0.0,3,0,17.693294044267347
9545,2.3978952727983707,8,9.75820678716859,1,66,1,0,0,2,3,0,0.0,4,0,2.3978952727983707
9550,6.415096959171596,4,9.818828007928495,0,61,1,0,0,1,1,0,7.969357742016346,1,1,6.415096959171596
9555,14.823103813341898,14,15.709767756294276,1,60,3,1,1,1,2,0,13.561909087824318,4,0,17.027804811731052
9560,10.985309671896763,13,12.55008419699409,1,38,3,1,1,1,1,0,12.95039048795861,2,0,14.576784034643172
9565,15.111141700411906,9,15.781899317874226,1,53,2,1,0,1,2,1,0.0,1,0,16.0403504104182
9570,10.275085591132715,13,10.74678187553037,0,26,3,0,0,2,1,0,11.034905792929415,4,0,10.5506169722625
9575,7.467942332285852,9,10.204473075038809,0,29,0,0,0,2,1,0,3.4339872044851463,5,1,8.281723990411392
9580,9.660842578559068,10,11.159961747859198,0,31,1,0,1,2,1,0,11.080618310893968,5,0,10.588879740723007
9585,9.61587214452889,12,9.98133877479715,0,24,2,0,0,2,1,0,10.203629181337648,2,0,9.61587214452889
9590,10.459984195277682,13,12.17852223565681,1,54,3,1,2,1,1,0,12.98241371741132,3,0,13.43701498049519
9595,6.2166061010848646,9,8.084480867798195,0,31,2,0,3,2,1,0,6.2166061010848646,4,0,6.2166061010848646
9600,13.174957725054906,10,11.313670742713573,1,85,2,1,0,1,3,0,0.0,2,0,14.250535115562965
9605,10.922352923113982,13,12.167348992793892,1,44,3,1,2,1,1,0,9.198369000194964,5,0,14.605421860841682
9610,12.644330802262578,8,11.883406949070103,1,60,3,1,0,1,3,0,0.0,4,0,15.149195232316444
9615,7.783640596221253,12,11.234068703381137,0,27,2,1,0,2,1,0,9.105090961257085,4,0,8.394121193826242
9620,11.437134538982278,13,12.365461861933738,1,50,3,1,2,1,1,0,12.04355959836804,5,0,13.802122334324018
9625,11.835016210489899,8,11.518169685974078,1,67,3,0,0,1,3,0,11.643962499267984,5,0,12.179733803647622
9630,11.352768449837729,12,11.837597736678639,1,74,2,1,0,1,3,0,11.904974309480183,5,0,14.678063325468262
9635,9.510519035757246,14,13.252762549097465,1,77,3,0,0,1,3,0,13.442998001373553,2,0,17.08862836356827
9640,9.036106025364846,9,11.59073968241829,0,61,2,0,1,2,1,0,11.042137528235768,2,1,10.322230781590136
9645,7.438971592395862,8,11.175229004346514,0,31,2,0,1,1,1,0,8.105005537547246,5,1,8.45553053102413
9650,8.556606193773073,9,10.64914561257346,1,55,3,0,0,2,1,0,12.417147664184915,5,0,11.241129864948206
9655,11.023551435004947,9,11.451478997511787,1,27,3,1,0,1,1,0,10.837637848711049,3,0,11.428467189677395
9660,8.612685172875459,8,11.159961747859198,0,56,3,1,0,2,1,0,7.601402334583733,3,0,8.665785595466064
9665,0.6931471805599453,8,10.623170750425082,0,38,1,0,6,1,1,0,8.160803920954665,4,0,0.6931471805599453
9670,11.373674891823535,12,11.485380194730258,1,54,2,0,0,1,3,0,11.852969885168331,2,1,12.727841176689147
9675,11.461642696843066,12,14.543033629794753,1,76,2,0,0,1,2,0,0.0,2,0,16.911314430481113
9680,11.184435286790631,14,12.379191996605552,1,61,3,0,1,1,3,0,0.0,5,0,15.631637546295131
9685,12.891694078557842,13,13.23360490903136,1,69,3,0,1,1,1,0,13.451668563394815,4,0,16.232941131777753
9690,9.952325334619427,14,13.71454875169496,1,75,1,0,0,1,2,0,12.733758336210744,1,0,15.08414715683074
9695,9.210440366976517,11,11.773059697378923,1,46,1,0,0,1,1,0,12.259618151783465,2,0,12.873904582205107
9700,10.896757843893464,11,9.052540104625432,0,34,1,0,0,2,1,0,8.974744612722734,3,0,11.324195417595107
9705,14.360303311255672,14,15.254292314396848,1,56,3,1,4,1,2,0,16.019931512485478,4,0,17.371551265233492
9710,9.770013301136158,14,12.379191996605552,1,47,3,0,1,1,1,0,12.853178505386333,1,0,12.568981617474362
9715,8.517393171418904,12,9.26803702884847,1,67,1,1,0,1,3,0,11.775297421715827,4,0,9.852246888342531
9720,9.99884318585288,13,11.079920226254767,1,55,2,0,0,2,2,0,13.051513783274212,3,0,10.859018228147887
9725,10.275085591132715,13,12.101761584557647,1,72,3,1,0,1,2,0,10.404293143019792,2,0,16.096769966399044
9730,5.638354669333745,1,11.079920226254767,0,84,0,0,0,1,1,0,0.0,3,0,8.571870752706934
9735,8.650149418664864,8,10.623170750425082,1,63,0,0,0,2,4,0,11.344518647594766,5,0,8.910720661951359
9740,8.699681400989514,6,11.485380194730258,1,56,2,0,3,1,1,0,12.668236246916223,5,0,8.699681400989514
9745,7.783640596221253,8,9.550580764956187,1,67,2,0,0,2,3,0,0.0,3,0,7.783640596221253
9750,14.297937324492327,13,15.368078744853362,1,63,3,0,0,1,4,0,0.0,5,1,16.484126759169204
9755,10.63106031411106,12,11.773059697378923,1,57,3,1,0,2,2,0,12.04355959836804,5,0,13.856077479956298
9760,10.898607948952096,8,10.96525919124549,1,82,2,1,0,2,3,1,10.94183661241081,2,0,12.791358964949923
9765,14.339055546554926,12,12.778576674022425,0,61,3,1,0,1,3,0,0.0,5,0,16.43676761280825
9770,11.034905792929415,12,11.620298215285262,1,45,3,0,2,1,1,0,12.291337080838684,4,0,11.373674891823535
9775,8.699681400989514,8,11.228338104633284,1,77,3,1,0,1,3,0,0.0,2,0,11.472113887062386
9780,9.024131268455035,12,10.386788464403516,1,35,3,1,0,2,1,0,11.955371600519852,1,0,9.401043372798053
9785,6.2166061010848646,8,10.204473075038809,0,40,2,0,0,2,1,0,0.0,5,0,10.25769445336048
9790,10.221977646629885,8,12.022518854887831,1,58,3,1,2,1,1,0,0.0,4,0,14.10631350541557
9795,10.169728906753061,10,11.262239213240827,1,30,2,0,1,1,1,0,12.677016457665433,5,0,10.169728906753061
9800,5.5254529391317835,8,10.386788464403516,0,57,2,0,1,2,1,0,8.732465848349879,2,1,5.5254529391317835
9805,6.836259277277067,10,9.6246836542707,0,68,2,0,0,2,3,0,0.0,2,0,6.836259277277067
9810,10.064798252418377,10,12.253423172919685,1,46,2,1,0,1,1,0,12.246259238225438,1,0,11.205054290550551
9815,8.263848131368906,8,10.699154876036824,1,39,2,1,0,2,1,0,11.452123952509567,5,0,10.067772421843932
9820,9.61587214452889,12,12.494952327211653,1,63,3,1,0,1,2,0,13.666431495715553,2,0,14.654920677467821
9825,8.045908742270779,8,11.439918298765717,1,63,1,1,0,1,3,0,12.804362293825438,4,0,12.372099664480334
9830,4.61512051684126,9,10.897601753215403,0,31,2,0,4,2,1,0,7.0909098220799835,4,0,8.497194544909547
9835,14.06627005452127,13,11.773059697378923,1,82,1,1,0,1,3,0,12.628070334272698,4,0,14.899009547231755
9840,11.277215789596893,14,11.580689440046534,1,66,3,1,0,2,3,0,11.775297421715827,4,0,15.28626118037747
9845,9.788693794534046,9,11.128709656194046,0,41,2,0,2,1,1,0,8.160803920954665,4,0,9.788693794534046
9850,12.483708170000067,14,14.577422426746017,0,80,3,1,0,1,2,0,0.0,2,0,16.6056322381601
9855,0.6931471805599453,6,9.288237848223762,0,64,2,0,0,2,3,1,0.0,3,0,0.6931471805599453
9860,10.604131561522696,13,11.59073968241829,1,44,2,0,2,2,2,0,12.45293662970407,2,0,10.604131561522696
9865,16.715887705703885,12,16.403727539393355,1,70,3,1,0,1,2,1,15.685156720027619,2,0,17.637411921813364
9870,7.576097340623111,8,9.288237848223762,0,27,1,0,0,1,1,0,8.699681400989514,2,1,7.576097340623111
9875,0.6931471805599453,13,9.98133877479715,0,38,3,0,0,2,2,0,0.0,5,0,0.6931471805599453
9880,10.373522431293592,12,11.485380194730258,1,68,2,1,0,1,1,0,7.783640596221253,5,0,13.543046764514127
9885,4.795790545596741,8,10.674462827538377,0,49,2,0,2,2,1,1,11.028433383156079,3,1,4.795790545596741
9890,10.571342565808699,12,10.596503161315887,0,31,3,1,0,2,1,0,0.0,2,0,10.571342565808699
9895,9.380167531188448,12,12.223070387959124,1,79,0,1,0,1,3,0,12.487488878546145,5,0,13.47562389883124
9900,8.294299608857235,9,10.16365262239305,0,72,3,1,0,2,3,0,6.55250788703459,4,0,12.025755079404917
9905,15.104467961753175,12,0.0,1,57,3,1,0,1,2,0,14.53821702620254,2,0,17.873139284539686
9910,10.740756721857226,14,11.658397725704077,1,51,3,1,5,1,1,1,10.933124826700707,4,0,14.839327817996582
9915,8.026496938945412,10,10.482095840823943,0,48,2,0,0,2,1,0,11.430315297524093,4,1,9.74455043597491
9920,5.638354669333745,9,10.95586961402582,0,48,3,0,0,2,1,0,11.072729150773492,5,0,10.83192422295384
9925,9.888424674859083,13,10.699154876036824,1,68,3,0,0,2,1,0,11.502885230075814,5,0,12.158462035413251
9930,6.90875477931522,9,10.121094683881875,0,40,3,0,0,2,1,0,0.0,4,0,6.90875477931522
9935,10.308985993422082,12,12.59136571261931,1,52,2,1,0,1,1,0,12.962196972666593,5,0,13.729953758926653
9940,9.239996256883693,12,10.792243293398966,0,44,1,1,1,1,1,0,0.0,2,0,9.239996256883693
9945,10.779393694214807,12,10.482095840823943,1,59,3,0,0,2,3,0,7.170888478512505,3,0,10.968560292962923
9950,8.006700845440367,8,10.31779779558084,1,87,2,0,0,2,3,0,8.434028950155469,4,0,10.270939218446076
9955,7.00397413672268,10,10.030126736355644,1,70,1,0,0,1,3,0,7.244941546337007,3,0,7.00397413672268
9960,10.192456296870509,14,12.232589186385791,1,46,3,1,3,1,1,0,12.379189468444443,2,0,13.843807399219358
9965,6.68586094706836,9,10.204473075038809,0,57,3,0,0,1,3,0,12.083910661257521,5,1,6.68586094706836
9970,6.2166061010848646,4,9.69367212060944,0,64,2,0,0,2,3,0,0.0,2,0,6.2166061010848646
9975,12.409017571151187,3,13.131891483766944,1,42,1,1,3,1,2,0,12.54040330489666,4,0,12.409017571151187
9980,10.602393121706738,12,12.332672181245634,1,58,3,1,1,1,1,0,0.0,4,0,13.192320317361231
9985,11.982935344196433,9,10.74678187553037,1,56,3,1,0,1,2,0,12.175618592671356,5,0,12.971542813248437
9990,12.491255347155265,14,13.334700853838951,1,41,3,0,2,1,1,0,13.480039220276565,4,0,14.669926311652166
9995,9.417435838868785,13,12.283882237332369,1,40,2,1,2,1,1,0,12.472279517715116,4,0,11.886562731847148
10000,5.602118820879701,5,10.204473075038809,0,35,2,0,2,1,1,0,0.0,2,0,5.602118820879701
10005,10.896757843893464,13,12.308574737108612,1,52,3,0,2,1,3,0,0.0,5,0,10.896757843893464
10010,13.361381852676738,13,14.87539434294548,1,60,3,1,0,1,3,0,0.0,1,0,16.81672781147534
10015,13.25339339419516,12,13.593562118868876,1,53,3,0,0,2,2,0,0.0,1,0,14.493544608328255
10020,9.169622538697624,9,11.010928456106528,1,44,1,0,2,1,1,0,10.42111995751504,2,1,9.169622538697624
10025,11.314486721293981,13,12.440885314014933,1,71,3,1,0,1,1,0,13.272507757002963,5,0,12.00762780434872
10030,9.546884034617925,10,11.175229004346514,0,28,2,0,0,2,1,0,6.836259277277067,2,1,9.546884034617925
10035,11.314486721293981,13,12.24825522743948,1,55,3,1,1,1,1,0,10.203629181337648,3,0,14.292986822395912
10040,9.90353755128617,8,10.511947979456522,0,54,2,1,0,2,3,0,0.0,2,0,12.239512257194662
10045,0.6931471805599453,9,11.09644927542817,1,44,3,1,0,2,1,0,8.862341963516347,4,0,8.517593111437565
10050,10.668978650219241,12,13.670173129169127,1,66,1,0,0,1,2,0,14.010255457801716,1,0,14.05688766308519
10055,12.598692269202934,12,12.167348992793892,1,40,3,1,5,1,1,0,12.413090879946887,4,0,13.905187628832834
10060,11.703554089007538,14,13.988626544885074,1,60,3,1,0,1,1,0,13.104201443434462,2,0,15.564188711493692
10065,13.151924121391561,8,14.785313942513437,1,62,2,1,0,1,2,0,12.445093483000798,5,0,15.534699513568947
10070,11.51293546492023,13,12.907141144989039,1,55,3,1,1,1,1,0,11.407576060361786,3,0,15.060817513635765
10075,0.0,2,9.98133877479715,1,51,2,0,3,1,2,0,11.477308649967686,1,1,0.0
10080,13.305353044296353,12,12.893645697209093,1,60,2,1,2,1,3,0,0.0,3,0,13.419353495280225
10085,10.891186902297498,13,10.674462827538377,1,76,3,1,0,2,3,0,10.885584751364705,5,0,11.221248757912162
10090,4.2626798770413155,4,9.875983398597374,1,58,2,0,0,1,4,1,0.0,2,0,4.2626798770413155
10095,8.537191877922927,11,11.712956250852091,0,39,3,1,2,1,1,0,9.820160289946374,2,0,9.488047863280759
10100,10.933124826700707,12,11.496429917961313,1,24,3,1,0,1,1,0,12.758522821680685,4,0,10.933124826700707
10105,8.0774471493312,9,11.079920226254767,1,48,3,1,1,2,1,0,9.04793908261736,5,1,8.394121193826242
10110,12.999067423500716,13,11.47420700963637,0,38,3,1,0,2,1,0,0.0,5,0,13.331653004749949
10115,7.601402334583733,7,10.835727530509162,0,55,2,0,0,1,1,0,6.133398042996649,1,0,7.601402334583733
10120,8.862341963516347,11,10.41957729248823,0,32,1,1,0,2,1,0,0.0,5,0,8.862341963516347
10125,9.94755228369823,8,11.342280932513091,1,31,3,0,0,2,1,0,7.0909098220799835,5,0,9.94755228369823
10130,12.301387370778713,8,11.386174616718284,1,82,3,1,0,1,3,0,0.0,5,0,13.396353643404217
10135,8.771990436532242,10,12.17852223565681,1,72,2,0,0,1,3,0,11.995357787034976,4,1,8.771990436532242
10140,11.50892748368293,13,12.595035429071013,0,40,3,1,1,1,1,0,0.0,2,0,13.446764478712726
10145,7.215975002651466,10,11.549918073413814,1,64,1,1,0,2,1,0,0.0,5,0,7.215975002651466
10150,9.210440366976517,8,7.679169891098901,1,63,3,1,0,2,3,1,0.0,1,0,10.463131911491967
10155,8.699681400989514,14,10.936821754744528,0,80,1,1,0,2,3,0,0.0,3,0,13.599840262182784
10160,9.742790491838836,12,12.273831948190523,1,48,1,1,0,2,1,0,13.762110836088922,5,0,11.802837549096655
10165,8.853808274977197,9,10.897601753215403,0,29,2,0,0,2,1,0,10.293026510094034,4,0,9.071193240566025
10170,12.694655727828803,8,12.016004213152664,1,44,3,1,0,1,2,0,0.0,5,0,12.694655727828803
10175,11.156264806643742,12,11.773059697378923,1,28,2,1,0,1,1,0,12.753329518587048,4,0,11.904974309480183
10180,10.165890277802454,14,14.901273782096638,1,65,3,0,0,1,3,0,14.557448378884015,5,0,16.895078383409622
10185,11.002116507732017,13,13.216043513791256,1,60,3,1,0,1,2,0,10.819798284210286,2,0,15.475641774827944
10190,7.507141079727608,5,10.897601753215403,1,65,2,0,1,1,1,0,11.454247073019193,3,1,7.507141079727608
10195,10.064798252418377,9,11.781358436450864,1,67,3,1,0,1,3,0,10.819798284210286,4,0,10.477316144080852
10200,10.764181004307874,13,11.721766808769676,1,49,3,1,2,1,1,0,12.041026997153349,3,0,13.712143609385986
10205,7.719129840906732,8,10.030126736355644,0,32,1,0,3,1,2,0,7.581209826196346,3,1,7.719129840906732
10210,12.479913113434042,9,12.150351505528926,1,44,3,1,0,2,4,0,12.19197879213173,4,0,12.863595239117187
10215,7.244941546337007,7,10.569104881654322,0,38,2,0,6,2,1,0,7.601402334583733,1,1,9.105090961257085
10220,8.699681400989514,12,12.59136571261931,1,59,3,1,0,1,2,0,13.161586013632684,4,0,13.342303402904738
10225,10.723289410218579,14,13.571733175978553,1,79,3,1,0,1,3,0,11.736556897251162,2,0,16.155815334283623
10230,8.527341522468053,12,11.079920226254767,0,53,1,1,1,2,1,0,10.373522431293592,4,0,10.634676867382668
10235,12.736233140152532,12,14.298781248939573,1,57,3,1,1,1,2,0,12.049424683420915,5,0,14.869767185504264
10240,8.188966863648876,8,10.792243293398966,0,23,2,0,0,1,2,0,9.417435838868785,4,0,8.188966863648876
10245,10.034559673629849,14,11.53944687502236,0,45,3,1,0,2,1,0,0.0,4,0,12.105152257898368
10250,6.478509642208569,8,11.010928456106528,1,52,3,0,3,2,1,0,11.74006900564972,3,0,12.61370540258891
10255,8.556606193773073,11,11.128709656194046,1,43,3,1,0,2,1,0,11.856522261533737,4,0,11.857939686169175
10260,9.036106025364846,12,11.462907572501242,1,39,3,0,4,1,1,0,0.0,4,0,11.516927446349527
10265,7.0909098220799835,3,10.076644749570697,1,36,2,0,2,1,1,0,3.4339872044851463,3,0,7.0909098220799835
10270,7.650168700845001,8,9.69367212060944,1,94,1,1,0,2,3,0,0.0,4,0,7.650168700845001
10275,10.969938154395841,14,14.117179555871811,1,74,2,1,0,1,3,0,12.60418075718477,4,0,14.013624259830156
10280,15.45411904194833,12,16.215997409447038,1,80,2,1,0,1,2,0,0.0,3,0,19.598190472417357
10285,11.51293546492023,13,12.392736165137526,1,60,3,1,0,1,1,0,13.215855541983634,5,0,14.731801689838349
10290,13.021439671201302,14,12.423643576356815,0,45,3,1,1,1,2,0,9.852246888342531,5,0,14.111384733323641
10295,9.392745258631441,14,12.989449596486997,1,60,3,0,1,1,2,0,12.948012371209098,2,0,14.918115199907179
10300,10.165890277802454,10,9.818828007928495,1,65,2,0,0,2,3,0,11.661354090741,5,1,10.203629181337648
10305,7.937731775260109,12,11.549918073413814,1,62,2,0,0,2,1,0,11.775297421715827,5,1,12.463814705589053
10310,9.55400099583723,8,11.686049021222916,1,46,2,1,1,1,1,0,12.09921656763201,3,0,12.160557363077048
10315,9.305741456739435,12,11.773059697378923,1,43,1,0,2,1,1,0,12.348010479804223,2,0,10.714439990727769
10320,10.404596118238738,12,11.28963784015293,1,70,2,1,0,1,3,0,10.043292972227004,4,0,12.16008629699347
10325,6.93828448401696,9,9.75820678716859,0,74,3,1,0,2,3,0,7.438971592395862,5,1,6.93828448401696
10330,5.831882477283517,8,10.030126736355644,0,55,2,0,0,2,4,0,0.0,4,1,12.129952650615497
10335,11.519911009143941,14,9.818828007928495,1,75,2,0,0,1,2,0,13.130333531178522,5,0,11.519911009143941
10340,14.784014540936013,14,14.140176324773861,1,46,3,1,2,1,2,0,13.854732232655556,1,0,15.265718479349365
10345,8.676075516476429,12,10.974561423798537,1,80,2,0,0,1,1,0,10.579005242826247,5,1,8.676075516476429
10350,8.294299608857235,13,12.060739842420068,1,41,2,1,2,1,1,0,10.356821765848482,3,0,10.691967639914864
10355,7.972810784121404,10,11.53944687502236,1,63,2,1,0,2,3,0,0.0,4,0,14.404907592192071
10360,0.0,1,9.16041709112295,0,80,1,0,1,2,2,0,0.0,3,0,0.0
10365,9.825580063659602,8,11.797752121925635,1,49,3,0,0,2,1,0,11.326607934898927,5,1,13.335054087628247
10370,11.914389245098882,13,10.569104881654322,1,63,2,1,0,2,3,0,11.827743504053695,5,0,12.343226842865814
10375,12.083910661257521,11,10.87739942351305,1,67,3,1,0,1,3,0,0.0,4,0,14.296701994647355
10380,8.93075873555827,13,11.996201706795759,1,31,3,1,0,2,1,0,13.440091026807503,5,0,12.273081550255949
10385,5.25227342804663,8,10.814221753204105,0,84,2,0,0,2,3,0,8.006700845440367,5,0,9.010791269515602
10390,7.00397413672268,10,11.159961747859198,1,76,0,0,0,2,1,0,9.746892220313054,5,0,7.00397413672268
10395,11.977294499661248,11,11.730500418141487,1,29,1,1,0,1,2,0,11.521895117095363,5,0,12.095705171506136
10400,4.795790545596741,5,9.98133877479715,0,68,1,0,0,2,3,0,0.0,4,0,4.795790545596741
10405,10.518700218288165,9,12.1035595972642,1,59,3,1,2,1,1,0,12.548246454396082,4,0,10.668978650219241
10410,14.054528245836039,14,15.17702355267654,1,68,3,1,0,1,2,0,12.429220196836383,4,0,16.749420671063582
10415,6.55250788703459,12,10.91740401772286,0,54,2,1,0,2,2,0,6.90875477931522,2,0,6.55250788703459
10420,13.767696467280093,13,14.178495161915647,1,37,3,1,1,1,1,0,14.014362236381235,5,0,15.247330474498273
10425,11.377117196515812,8,11.47420700963637,1,56,2,0,1,1,1,1,11.687727151613768,5,0,11.395278670032656
10430,10.25135885791871,8,12.022518854887831,1,41,2,1,2,1,1,0,12.555323599726982,3,0,13.286132225428384
10435,8.83651926920248,12,10.482095840823943,1,69,3,0,1,1,2,0,11.302216779257382,5,0,8.83651926920248
10440,9.392745258631441,13,8.87277005774236,1,73,1,0,0,2,2,0,10.950824090522445,4,0,9.392745258631441
10445,5.802118375377063,7,9.818828007928495,0,47,1,0,1,2,1,0,5.484796933490655,3,1,6.274762021241939
10450,8.665785595466064,14,15.264496482175563,1,58,3,1,0,2,2,0,14.676289002741061,4,0,14.743255835327947
10455,8.268988209506656,9,10.936821754744528,0,68,2,0,0,2,3,0,0.0,4,0,8.268988209506656
10460,7.824445930877619,8,11.996201706795759,1,57,3,0,0,1,2,0,11.918397239722838,5,0,11.104972264124868
10465,5.303304908059076,7,11.046019206267971,0,43,1,0,3,1,1,0,8.14351740579748,3,0,5.303304908059076
10470,9.913487387114461,10,11.392290774522229,1,57,3,1,1,1,1,0,10.085850775128717,4,0,13.305019878098312
10475,8.216358332386156,3,10.814221753204105,0,24,1,0,0,1,1,0,7.313886831633462,5,1,8.216358332386156
10480,12.765691290604371,13,15.325180807695789,1,65,3,1,0,1,3,0,0.0,4,0,17.898457092091725
10485,14.757469426450479,12,15.689415712902816,1,75,3,1,0,1,3,0,0.0,4,0,16.44948362746283
10490,12.951577428900473,12,13.668922348707468,1,67,3,0,0,1,3,0,0.0,4,0,14.439040207692523
10495,12.295003429279529,13,11.773059697378923,1,62,3,1,0,1,1,0,0.0,5,0,15.333228059656273
10500,14.127544453236872,12,14.801574457252649,1,56,3,0,2,1,2,0,14.151983508870947,5,0,16.408239765096596
10505,8.412054873292933,8,11.649008066953392,1,73,3,1,0,1,3,0,9.787009914477434,3,0,13.737009411474498
10510,9.395241931033524,12,11.30306069379871,1,66,3,1,0,2,1,0,8.699681400989514,5,0,12.47621809635459
10515,18.556382288842126,13,17.16667956923597,1,66,3,1,0,1,2,0,0.0,2,0,19.28361720012792
10520,12.103491596905931,12,12.237838516809799,1,68,3,1,0,1,3,0,8.006700845440367,1,0,14.845308887711054
10525,4.2626798770413155,7,9.24741970815207,0,61,2,0,0,2,3,0,0.0,5,0,4.2626798770413155
10530,9.814710982145282,7,10.204473075038809,1,80,2,0,0,2,3,0,10.827766295132466,2,0,9.814710982145282
10535,11.39640288460621,13,12.048161133447072,1,57,2,1,1,1,2,0,12.90917263218775,4,0,11.899554278732099
10540,12.316723641882957,12,13.265957816512048,1,53,3,1,1,1,1,0,9.392745258631441,5,0,15.419614469877343
10545,5.993961427306569,2,10.569104881654322,0,33,2,1,2,1,1,0,0.0,5,0,5.993961427306569
10550,7.972810784121404,8,11.010928456106528,0,51,0,0,0,2,1,0,0.0,1,0,13.71336819183732
10555,5.303304908059076,8,9.75820678716859,1,76,2,0,1,1,2,0,10.085850775128717,5,0,5.303304908059076
10560,8.969669103793757,14,12.885460133287797,1,78,3,1,0,2,2,0,13.22672519452875,5,0,15.7044513341338
10565,12.694655727828803,14,13.492839338260477,1,79,3,0,0,1,1,0,0.0,5,0,16.511893021647875
10570,7.601402334583733,4,10.511947979456522,0,57,1,1,5,1,1,0,9.933094897288786,2,0,7.601402334583733
10575,5.942799375126701,9,10.569104881654322,0,65,1,0,0,2,3,0,0.0,1,0,5.942799375126701
10580,12.325858119412691,13,13.33119822895841,1,41,3,1,3,1,2,0,14.01763555904754,3,0,14.637688832478128
10585,11.866472522167614,14,12.388241794252275,1,84,0,1,0,2,3,0,0.0,1,0,14.628399299461703
10590,3.044522437723423,4,8.59518316934863,1,79,2,0,0,2,3,0,7.313886831633462,4,0,3.044522437723423
10595,14.700930038712512,12,13.492839338260477,1,73,3,1,0,2,3,0,15.509105962262408,2,0,16.538252373503862
10600,9.316590491818841,12,11.53944687502236,1,48,2,1,0,2,1,0,0.0,3,1,13.724623680916247
10605,7.8636512654486515,10,10.482095840823943,0,54,1,0,0,2,1,0,0.0,5,0,7.8636512654486515
10610,11.19822841866684,9,12.091511325881505,1,54,3,1,0,1,1,0,11.326607934898927,5,0,13.724054043245165
10615,11.695255355062795,13,13.241312062529547,1,68,3,1,0,1,3,0,12.682930853382516,5,0,15.324022773047327
10620,9.239996256883693,8,11.59073968241829,1,42,3,0,1,1,1,0,12.577639650232573,2,1,12.010063844310778
10625,9.087155271405804,11,11.92720927582913,1,38,3,1,0,1,1,0,11.827743504053695,5,0,13.285911477124703
10630,12.004880147285961,14,10.31779779558084,1,53,2,0,1,1,1,0,11.356283350762888,5,0,13.16838972575103
10635,14.224237673270569,13,14.743466848767318,1,62,1,1,0,1,2,0,12.647551406590285,1,0,16.251918338652313
10640,11.407576060361786,13,11.175229004346514,1,81,2,1,0,2,3,0,11.289794413577894,3,0,12.73670383776449
10645,9.376786579611847,8,11.764691512444722,1,38,3,0,3,1,1,1,12.553205710188037,4,1,12.289084786224238
10650,5.916202062607435,9,10.769770904774587,0,51,3,1,2,2,1,0,10.915106645867503,4,0,11.059912670497306
10655,8.909370405197466,9,10.835727530509162,0,71,1,1,0,1,1,0,7.2868764117507,5,0,8.909370405197466
10660,6.90875477931522,8,10.482095840823943,1,67,2,0,2,1,3,0,11.464795582766675,5,1,6.90875477931522
10665,12.375566443977602,13,13.146769518546161,1,66,3,1,0,1,1,0,9.928228944424575,3,0,14.795242083693807
10670,11.289794413577894,8,11.028627743384128,1,53,1,0,2,1,2,0,0.0,5,0,11.35476174365251
10675,11.792078770667635,13,10.897601753215403,1,63,3,0,1,1,2,0,12.449022745701502,4,0,11.792078770667635
10680,11.468984026707245,12,12.060739842420068,1,28,2,1,0,1,1,0,13.468787359304866,3,0,11.741661349996177
10685,7.193685818395112,7,11.59073968241829,1,37,2,1,0,1,1,0,9.862196698118247,4,0,11.52614766513935
10690,14.142654420277243,14,14.760416400457633,1,62,0,1,0,1,2,0,0.0,2,1,15.860101951641438
10695,7.650168700845001,8,10.569104881654322,1,66,2,1,0,2,1,0,8.853808274977197,3,0,8.188966863648876
10700,3.4657359027997265,8,9.470543987306165,0,63,3,0,0,2,3,0,0.0,4,0,3.4657359027997265
10705,14.827111833279051,11,17.687680506820975,1,75,2,1,0,2,2,0,0.0,4,0,19.426117243715783
10710,8.216358332386156,8,10.674462827538377,1,65,2,0,0,2,3,0,11.896833207128452,5,0,10.073272520325904
10715,10.419330568113901,13,12.370059551652831,0,71,3,1,0,2,3,0,13.385282872318248,3,0,15.360836738173457
10720,10.150386692204734,12,10.281431375093115,0,22,3,0,0,2,1,0,8.343077871169383,4,0,10.152727608571611
10725,9.90353755128617,9,11.234068703381137,0,32,1,0,0,1,2,0,0.0,4,0,9.90353755128617
10730,11.141876276228,14,13.040001763028695,1,72,2,0,0,1,1,0,12.154784614286667,3,0,16.25358770772409
10735,8.160803920954665,8,10.030126736355644,1,87,3,0,0,2,3,0,0.0,5,0,8.160803920954665
10740,10.308985993422082,10,11.686049021222916,1,64,2,1,0,1,1,0,12.238060533986511,5,0,12.429220196836383
10745,8.476579508530941,9,11.805849271474132,1,52,3,1,2,1,1,0,12.874391641810321,5,0,11.112462823634855
10750,10.404293143019792,13,11.046019206267971,1,74,2,1,0,1,3,0,9.305741456739435,4,0,12.06105265381003
10755,16.303329712290292,12,13.835687391217062,1,74,3,1,0,1,1,0,11.51293546492023,2,0,17.345833838129963
10760,11.082157933374816,12,12.44939597018852,1,53,1,1,1,1,1,1,12.45488784222084,2,0,11.082157933374816
10765,6.2166061010848646,9,10.243692364956795,0,52,3,0,0,1,1,0,0.0,2,0,6.2166061010848646
10770,13.138238695062618,13,13.984253363804083,1,74,3,1,0,1,2,0,12.914110901635024,5,0,14.463137746508512
10775,11.98854454800156,12,13.979494069068629,1,71,3,1,0,1,1,0,14.163347259450243,2,0,15.182341989084325
10780,9.90353755128617,8,11.028627743384128,1,64,1,0,0,1,2,0,11.324195417595107,4,0,12.624786269856633
10785,9.61587214452889,8,10.482095840823943,1,54,1,1,0,2,1,0,10.981573952417511,4,0,10.839600519357369
10790,7.601402334583733,8,10.511947979456522,0,66,2,0,0,1,3,0,7.244941546337007,5,0,7.601402334583733
10795,10.609081944147828,13,12.060739842420068,1,53,3,0,1,1,1,0,13.246351123968212,3,0,12.856053940969854
10800,7.313886831633462,8,11.74774208708152,1,66,3,0,1,1,1,0,12.05943285488939,4,0,7.601402334583733
10805,11.720110351488872,12,10.87739942351305,1,53,3,1,2,2,1,0,0.0,4,0,13.62073699573707
10810,12.206077645517674,9,12.318283507600151,1,69,3,1,0,1,2,0,11.695255355062795,4,0,14.006131744018864
10815,10.62135173563291,12,10.281431375093115,0,24,3,0,0,2,4,0,12.613871694544752,2,0,10.62135173563291
10820,9.867912187022208,13,11.773059697378923,0,51,3,1,4,1,1,0,0.0,5,0,9.867912187022208
10825,14.782494784382012,12,15.61071074408129,1,74,3,1,0,1,2,0,14.243481173243289,2,0,15.604265685340188
10830,8.294299608857235,12,11.010928456106528,1,63,2,0,0,2,1,0,12.10625783509458,4,0,12.225880174775122
10835,10.239995502805316,8,11.159961747859198,0,27,3,1,0,1,1,0,0.0,2,0,10.239995502805316
10840,6.660575149839686,8,9.98133877479715,0,52,2,0,0,1,1,0,7.901377353792616,2,0,6.660575149839686
10845,10.165890277802454,9,11.404411999129266,1,64,3,1,0,1,1,0,9.546884034617925,5,0,13.263864675787632
10850,11.736077016252437,13,12.766306616236962,1,43,3,1,2,1,2,0,13.214032390746006,2,0,13.22672519452875
10855,9.107310471656639,12,9.383539618396707,0,22,3,0,0,2,1,0,0.0,4,0,9.107310471656639
10860,11.652696102959753,9,11.010928456106528,1,74,3,1,0,1,3,0,0.0,4,0,13.266465452978318
10865,8.650149418664864,8,11.234068703381137,1,56,3,0,4,1,1,0,12.83609630336993,5,0,9.662116382947598
10870,17.210388044426274,12,14.996915661077972,1,79,3,1,0,1,3,0,0.0,2,0,18.765072970207243
10875,4.948759890378168,7,11.159961747859198,1,65,3,0,2,1,1,0,11.706030338921243,5,0,11.520308145793951
10880,9.232199706329077,11,7.861414385181101,0,35,2,0,2,2,1,0,11.693169865968983,5,1,9.518633568332074
10885,10.39973746484973,8,10.91740401772286,0,35,3,0,3,2,4,0,0.0,4,0,10.530788690858559
10890,14.285514812209815,12,12.546245434332967,1,69,3,1,0,1,3,0,12.431617311859128,1,0,15.4474926303749
10895,5.484796933490655,6,9.236949422635218,0,64,3,0,0,2,3,0,0.0,4,0,5.484796933490655
10900,7.00397413672268,9,10.769770904774587,0,73,3,0,0,2,2,0,10.388410581979008,4,0,7.00397413672268
10905,7.099201743553092,9,10.31779779558084,0,75,3,0,0,2,1,0,7.901377353792616,5,0,7.444833273892193
10910,7.669028288589683,10,10.992910250981359,0,33,3,0,0,2,1,0,9.69959500581403,5,1,9.556833658307777
10915,10.545367754151743,12,18.0650839975069,1,88,2,1,0,2,3,0,0.0,4,0,21.25597310241848
10920,9.888424674859083,12,12.414909931660919,1,39,2,1,2,1,1,0,12.94182662689562,2,0,13.472599033558158
10925,13.332625923631754,12,13.142541190701595,1,61,3,1,0,1,2,0,0.0,4,0,14.28363805337103
10930,10.463131911491967,14,10.87739942351305,0,31,3,1,2,1,4,0,0.0,1,0,11.862179945241476
10935,9.414994033976548,12,10.623170750425082,0,23,3,1,2,1,1,0,8.999742789830492,4,0,9.756784073343919
10940,8.853808274977197,7,11.789588872889583,0,31,3,0,0,1,1,0,10.007892611890918,2,0,11.19822841866684
10945,7.650168700845001,8,10.511947979456522,0,66,2,0,0,2,1,0,4.110873864173311,5,0,11.539577132967588
10950,12.813119851828635,14,14.616021955945245,1,47,3,1,2,1,1,1,12.154784614286667,2,0,14.6838711757199
10955,11.350418300109132,12,12.189572015326258,1,57,3,0,0,1,1,0,0.0,5,0,13.845070331079134
10960,7.601402334583733,8,11.079920226254767,0,31,0,0,0,1,2,1,0.0,2,0,8.160803920954665
10965,10.714439990727769,10,12.150351505528926,1,44,1,0,0,1,1,0,8.279189777195004,5,0,12.884108726347916
10970,12.181170135912962,10,12.258564547947534,1,40,3,1,0,1,1,0,12.350826455602125,4,0,12.978680056464379
10975,10.668978650219241,13,11.367598443988374,1,41,3,1,1,2,1,0,10.691967639914864,2,0,12.899222326086994
10980,7.244941546337007,9,10.243692364956795,0,38,2,1,0,2,1,0,9.392745258631441,2,0,10.474495347310453
10985,8.2482674474469,8,9.98133877479715,0,49,3,0,0,1,3,0,0.0,5,0,8.2482674474469
10990,6.90875477931522,8,11.404411999129266,0,52,2,0,3,1,1,0,9.210440366976517,4,1,6.90875477931522
10995,6.2166061010848646,8,11.09644927542817,0,35,3,0,2,1,2,0,10.273360024718905,2,1,6.2166061010848646
11000,8.922791623969637,11,11.629960039799675,1,31,3,0,0,1,1,0,11.246365410473757,2,0,10.75579427616868
11005,9.77286620732769,13,11.610542128340578,1,67,2,1,0,2,3,0,11.542493975902508,4,0,13.033643632894627
11010,8.294299608857235,8,7.679169891098901,1,56,2,0,0,2,1,0,0.0,5,0,8.294299608857235
11015,10.12667110305036,13,12.651990134355827,1,38,3,1,1,2,1,0,11.362114203075018,4,0,13.279368835614243
11020,5.442417710521793,4,10.281431375093115,0,40,0,1,2,2,1,0,8.665785595466064,4,1,5.442417710521793
11025,9.210440366976517,9,12.20050103062022,1,38,3,1,3,1,1,0,12.432574551254017,4,0,12.154784614286667
11030,13.58231793342203,12,15.249150916136557,1,64,3,1,0,1,2,0,15.720598861308845,1,0,16.16992889454706
11035,4.795790545596741,8,11.549918073413814,1,57,1,0,1,1,1,0,10.090008612393838,2,1,12.055952996835728
11040,8.81001204797317,12,10.87739942351305,0,50,1,0,4,1,1,0,9.314790473332646,4,1,8.81001204797317
11045,11.635151947212842,12,13.03293461120971,1,59,3,0,1,1,2,0,0.0,3,0,13.662360543970586
11050,5.303304908059076,8,9.930047914868675,1,88,0,0,1,2,3,0,11.289794413577894,3,1,5.303304908059076
11055,0.6931471805599453,9,10.386788464403516,0,39,3,0,2,2,1,0,10.936689829317784,5,1,8.294549515143679
11060,11.429554725537322,14,12.14462086116848,1,32,1,1,0,2,1,0,12.916079401363943,4,0,12.928781055513184
11065,4.61512051684126,12,11.528864869228297,1,41,2,0,0,1,4,0,13.466209786431603,1,1,4.61512051684126
11070,9.883335864325275,13,12.232589186385791,1,40,1,0,2,1,1,0,13.20302312543853,4,1,11.457423325808623
11075,12.206077645517674,9,11.112709551691127,1,74,1,0,0,1,3,0,0.0,5,0,13.138238695062618
11080,7.696667081526462,8,10.936821754744528,1,74,2,1,0,2,3,0,9.210440366976517,4,0,12.618847637882144
11085,16.276892748022266,14,15.640774895551253,1,67,3,1,0,1,2,0,13.224921770781943,4,0,19.529345671771324
11090,11.951251361125228,13,15.078105791870941,1,57,3,1,4,1,2,1,14.833635956991309,5,0,15.909789109821263
11095,12.346186699819699,14,14.561145371053444,1,61,3,1,2,1,2,0,0.0,5,0,16.400645651830093
11100,9.15915233520675,12,13.227785310406071,1,45,3,1,2,1,1,0,13.122365377402328,4,0,12.547891278953442
11105,11.400887146781374,12,11.789588872889583,1,67,3,1,1,1,2,0,0.0,5,0,11.400887146781374
11110,11.034905792929415,13,13.415281215273463,1,79,3,1,0,1,2,0,0.0,5,0,16.29305693729494
11115,7.0909098220799835,9,10.897601753215403,0,43,3,0,0,2,1,0,10.463131911491967,4,1,7.0909098220799835
11120,8.716207971151853,11,9.69367212060944,0,74,2,1,0,2,3,0,0.0,5,0,8.716207971151853
11125,10.951700883620386,8,11.59073968241829,1,60,1,1,0,1,1,0,10.691967639914864,2,0,12.1131401368243
11130,12.283038316285214,12,11.686049021222916,1,57,3,1,2,1,2,0,10.819798284210286,1,0,14.313859267752383
11135,2.3978952727983707,3,9.550580764956187,0,57,3,0,0,1,3,0,0.0,5,0,8.074337694089515
11140,10.915106645867503,14,14.024344598021239,1,71,3,0,0,1,1,0,0.0,4,0,17.274505069814026
11145,6.68586094706836,13,11.686049021222916,1,43,1,1,0,2,1,0,12.111767460549332,5,0,12.703207983522068
11150,8.434028950155469,7,11.342280932513091,1,60,2,0,1,1,1,0,12.016732516077072,3,0,8.434028950155469
11155,8.77971129020447,12,10.623170750425082,0,25,3,1,0,2,1,0,10.203629181337648,4,0,10.184937747111391
11160,9.249657234353133,12,11.079920226254767,0,35,2,0,1,2,1,0,11.156264806643742,3,1,11.214532906153606
11165,8.412054873292933,8,11.639529406064158,1,52,1,1,0,1,2,1,13.520469474288642,3,0,10.43708198835482
11170,9.61587214452889,10,11.730500418141487,1,27,2,0,1,1,1,0,12.54254845357358,4,0,12.144734331596096
11175,10.604131561522696,14,12.019266839080483,0,34,3,0,0,2,1,0,12.912138519270698,5,0,12.145797025305598
11180,9.04793908261736,9,11.046019206267971,1,43,2,0,0,2,1,0,11.751950239425476,2,0,10.36410350510914
11185,9.392745258631441,12,11.063113369269185,0,38,2,1,3,2,1,0,10.8107577211892,5,0,9.392745258631441
11190,8.157943507105037,12,11.175229004346514,1,58,1,0,8,1,1,0,0.0,3,0,12.076311280270572
11195,10.203629181337648,13,13.03293461120971,1,58,3,0,0,1,3,0,13.831188021794555,2,0,12.35017731849889
11200,6.2166061010848646,8,10.451325058234776,0,36,3,0,3,2,2,0,5.198497031265826,1,0,7.696667081526462
11205,9.200391041122515,10,10.31779779558084,1,51,2,0,2,2,2,0,8.006700845440367,2,0,12.261512082776054
11210,6.293419278846481,-1,9.818828007928495,0,83,3,0,0,2,3,0,0.0,5,0,6.293419278846481
11215,9.305741456739435,12,11.316305758236654,0,49,3,1,0,2,1,0,0.0,2,0,11.440365524765756
11220,9.305741456739435,8,9.6246836542707,0,89,1,0,0,2,3,0,6.90875477931522,5,0,9.305741456739435
11225,11.51293546492023,14,13.473245671692405,1,58,3,1,0,1,2,0,0.0,3,0,16.99147892357485
11230,13.854732232655556,13,0.0,1,46,0,1,3,1,1,0,14.038654909278163,2,0,14.144815024531075
11235,9.99884318585288,8,11.59073968241829,0,34,1,0,2,1,1,0,0.0,2,1,9.99884318585288
11240,8.188966863648876,8,11.063113369269185,0,40,2,0,1,2,1,0,9.240966565517944,4,1,10.422311107413181
11245,8.517393171418904,8,9.288237848223762,1,76,3,1,0,2,3,0,0.0,4,0,8.517393171418904
11250,12.611541086966115,13,11.47420700963637,1,62,3,1,1,1,1,0,10.518700218288165,3,0,12.611541086966115
11255,14.457628093588625,14,15.05019701176901,1,51,3,1,2,1,2,0,14.607371664461281,1,0,16.132047963190786
11260,13.774689605110144,14,12.308574737108612,1,76,2,0,0,1,1,0,10.668978650219241,3,0,15.83281083612035
11265,5.916202062607435,12,10.41957729248823,1,63,3,0,0,2,1,0,11.715874472198905,5,1,5.916202062607435
11270,8.523374050491318,8,9.383539618396707,1,56,3,0,0,2,3,0,0.0,2,0,8.523374050491318
11275,9.90353755128617,12,7.39164192630316,0,55,1,0,2,1,1,0,0.0,4,0,9.90353755128617
11280,9.680406499268875,9,10.974561423798537,1,70,3,1,0,1,3,0,11.731265497840116,5,0,13.097252727448513
11285,10.900454637442037,12,11.159961747859198,1,51,2,0,1,1,1,0,12.267031329188796,4,0,10.900454637442037
11290,14.59621109361718,14,12.620353152316724,1,75,0,1,1,1,2,0,10.305647203635566,5,0,14.999076858697435
11295,12.449022745701502,13,15.087238272859652,1,65,3,1,0,1,2,0,0.0,4,0,16.55441328719049
11300,8.294299608857235,12,12.655444358205663,1,51,2,0,0,1,1,0,12.421188057397055,3,0,11.552155793461898
11305,9.61587214452889,13,13.421712096046617,1,66,3,1,0,1,1,0,13.488395803228677,2,0,16.39352807690556
11310,5.25227342804663,7,10.85678052964002,1,78,1,0,0,1,3,0,0.0,5,0,5.25227342804663
11315,9.798182590890704,9,9.6246836542707,1,68,2,1,0,1,3,0,12.106810165667413,2,0,9.798182590890704
11320,8.682877107057168,10,11.620298215285262,0,52,3,1,0,1,1,0,10.494075844768336,5,0,11.313266479778829
11325,6.175867270105761,8,10.030126736355644,1,35,1,0,0,2,3,0,10.915106645867503,2,1,6.274762021241939
11330,0.6931471805599453,8,9.16041709112295,0,53,2,0,0,2,1,0,7.00397413672268,2,0,0.6931471805599453
11335,7.313886831633462,2,9.69367212060944,0,39,1,0,1,2,1,0,0.0,1,0,7.313886831633462
11340,13.901881813453178,12,15.821934310465307,1,59,3,1,0,1,2,0,0.0,3,0,16.470387874794664
11345,11.690242855114947,12,12.59136571261931,1,81,3,1,0,1,2,0,14.547878932446617,5,0,15.710037333387053
11350,8.852378886511985,9,11.610542128340578,0,30,2,0,2,1,1,0,11.701071692055445,4,0,10.171642709679686
11355,9.855924135604518,12,11.92720927582913,0,28,3,1,0,1,1,0,11.662732438836994,2,0,11.354293090669742
11360,6.2166061010848646,14,11.09644927542817,0,49,2,0,0,2,1,0,10.05195066017375,5,0,12.37581963951765
11365,8.550821372396221,8,10.814221753204105,1,66,2,0,1,1,1,0,11.192733974822708,4,0,8.550821372396221
11370,9.90353755128617,14,11.92720927582913,1,47,3,0,3,1,1,0,12.746362892345706,1,0,13.134293924552235
11375,8.268988209506656,8,11.079920226254767,1,62,2,1,0,1,1,0,12.708062347258762,5,0,8.895766604056085
11380,8.006700845440367,8,10.723251890363157,0,38,2,0,2,1,2,0,0.0,4,1,8.006700845440367
11385,7.650168700845001,9,10.31779779558084,1,75,2,0,0,2,1,0,6.90875477931522,4,0,7.650168700845001
11390,7.415175109613295,6,12.222007128890565,0,44,2,1,4,2,2,0,9.222367752188902,5,0,9.13356731317027
11395,16.87139680141899,12,18.591520584474992,1,52,3,1,0,1,2,0,0.0,3,0,18.98781108960033
11400,7.0909098220799835,5,8.931602548935768,0,52,2,0,0,2,2,0,6.803505257608338,2,0,7.0909098220799835
11405,7.313886831633462,12,9.383539618396707,0,72,3,1,0,2,3,0,0.0,5,0,7.313886831633462
11410,8.294299608857235,10,11.845379821066128,1,64,2,0,0,1,1,0,13.06479994037709,5,0,13.762110836088922
11415,8.716207971151853,7,9.383539618396707,0,48,2,0,3,1,1,0,0.0,5,0,9.401043372798053
11420,0.0,9,9.930047914868675,0,33,3,0,0,2,4,0,0.0,2,0,0.0
11425,6.246106765481563,6,10.030126736355644,0,21,3,0,2,1,2,0,10.043727641450573,5,0,6.246106765481563
11430,10.308985993422082,12,11.380020821211883,1,69,3,1,0,1,1,0,0.0,5,0,13.535797977912118
11435,7.560601162768557,9,12.035422182721987,1,45,2,0,2,1,4,0,12.431218191515056,5,1,7.560601162768557
11440,8.216358332386156,8,11.079920226254767,1,77,3,1,0,2,1,0,11.982935344196433,4,0,12.846612510860464
11445,11.37940550085183,8,10.16365262239305,1,68,2,0,1,2,2,0,10.130662964963708,3,0,12.02874460037869
11450,10.518700218288165,12,11.875916329276292,0,31,2,0,0,1,1,0,11.282266241614355,3,0,12.345838935721968
11455,1.9459101490553132,8,11.09644927542817,0,35,0,0,2,1,1,0,9.305741456739435,5,0,1.9459101490553132
11460,5.802118375377063,11,10.16365262239305,0,48,3,0,2,1,1,0,11.25416768929685,3,0,5.802118375377063
11465,7.826443135456014,12,10.281431375093115,0,31,2,0,0,2,1,0,11.309596795779068,3,1,9.66179808393482
11470,7.824445930877619,8,10.35288797609956,0,22,2,0,0,2,1,0,10.055822298839407,5,0,9.4343635363174
11475,12.524530013005734,13,14.423944319315101,1,58,3,1,0,1,1,1,14.151268968443645,5,0,15.640704964464884
11480,10.7706090484022,9,10.728002388735412,1,77,3,0,0,2,3,0,5.564520407322694,2,0,13.330679138375084
11485,10.12667110305036,13,12.86329861828133,0,76,3,1,0,1,2,0,9.210440366976517,3,0,16.27723395758446
11490,10.354595018522993,13,12.156049496587327,1,68,3,0,0,1,3,0,12.537176929007302,2,1,14.540834954387039
11495,10.640675541671662,8,10.723251890363157,0,68,2,1,0,2,3,0,0.0,5,0,10.640675541671662
11500,11.790564777297387,14,12.20592107089332,1,63,2,1,2,1,1,0,8.987321812850125,4,0,14.51334722567122
11505,10.87806606028079,13,11.773059697378923,1,44,3,0,4,1,1,0,12.779594156325743,5,0,11.899554278732099
11510,10.725489582719506,12,12.150351505528926,1,49,3,1,1,1,1,0,12.012493964400264,2,0,13.137253960339487
11515,10.344995251991222,12,11.128709656194046,1,63,3,0,0,1,1,0,0.0,1,0,14.83041545999586
11520,0.0,5,9.69367212060944,0,67,1,0,0,2,3,0,8.987321812850125,1,1,3.9318256327243257
11525,7.438971592395862,8,11.92720927582913,0,33,3,1,0,1,1,0,9.792611856190192,3,0,7.438971592395862
11530,9.798182590890704,13,12.60958109112215,1,61,3,1,0,1,3,0,0.0,3,0,15.929112072092934
11535,10.596409707779776,13,12.342150883607493,1,56,3,1,1,1,1,0,11.858293728629645,3,0,14.602599254863136
11540,8.434028950155469,14,9.6246836542707,0,72,2,0,0,1,3,0,0.0,4,0,13.3238353880913
11545,10.30229722897745,12,11.845379821066128,1,67,2,0,0,2,1,0,13.081543466215237,1,0,13.08112671358731
11550,6.947937068614969,10,9.69367212060944,0,52,0,0,2,2,3,0,10.610808804651954,4,0,7.518064181233078
11555,14.74649323274768,9,15.327923965832703,1,78,3,1,0,2,3,0,0.0,5,0,18.174290328512143
11560,10.239995502805316,14,11.59073968241829,0,30,3,1,0,2,1,0,0.0,3,0,12.6410997921206
11565,7.687538766201629,9,10.723251890363157,0,51,2,0,0,1,4,0,7.659642954564682,5,0,10.093322479806597
11570,7.664346632098617,10,10.64914561257346,1,61,3,0,0,2,1,0,11.620891583095712,5,0,9.748644966730458
11575,10.463131911491967,14,9.818828007928495,1,69,1,1,2,1,1,0,10.596659732783579,5,0,10.463131911491967
11580,10.714439990727769,12,12.857680640569662,1,75,3,1,0,1,2,0,13.429113984242598,3,0,13.919871474189012
11585,10.933124826700707,8,12.423643576356815,1,65,3,0,0,1,1,0,10.085850775128717,5,0,14.087064010681003
11590,7.937731775260109,6,10.569104881654322,1,65,2,1,0,1,3,0,6.90875477931522,4,0,7.937731775260109
11595,10.373522431293592,14,11.404411999129266,1,69,3,0,1,1,1,0,12.685410698175234,4,0,10.714439990727769
11600,11.277215789596893,12,11.813881383532228,1,32,3,1,3,1,1,0,12.703816069256568,4,0,12.118339189722553
11605,8.366602832783736,6,11.248253152234346,1,60,1,1,0,2,1,0,9.906034306802704,1,0,11.515930943990057
11610,6.431331081933479,9,8.084480867798195,0,51,1,0,0,2,3,0,0.0,3,0,6.431331081933479
11615,11.995357787034976,12,11.404411999129266,1,52,3,0,0,2,4,0,0.0,5,0,14.191890771518905
11620,7.313886831633462,3,9.6246836542707,0,57,2,0,0,2,2,0,11.218567827096358,4,0,8.922791623969637
11625,13.74830287778897,14,14.844973756944004,1,89,2,1,0,1,3,0,11.251573687764477,4,0,14.530713218398152
11630,14.947477348703712,13,15.160263388129438,1,64,3,1,0,1,2,1,0.0,5,0,16.78087387769253
11635,11.856947699918951,12,12.627470596661317,0,57,3,0,1,1,2,0,9.13140538388804,3,0,14.257860961952831
11640,11.316922746420394,8,12.332672181245634,1,35,3,1,2,1,1,0,12.742568940017076,5,0,13.573720485805207
11645,9.680406499268875,13,12.526827418238932,1,47,3,1,3,1,1,0,13.204866440535003,1,0,9.680406499268875
11650,8.006700845440367,12,11.485380194730258,0,40,3,0,1,1,1,0,5.303304908059076,3,0,8.006700845440367
11655,10.668978650219241,10,12.17852223565681,1,51,2,1,1,1,4,0,12.263402433573614,4,1,12.441148720271016
11660,8.716207971151853,8,11.234068703381137,0,40,3,0,0,1,1,0,10.085850775128717,4,0,8.716207971151853
11665,11.979178318844294,9,11.975999125353795,1,52,2,1,2,1,1,0,11.082157933374816,4,0,13.243520270752281
11670,6.608000625296087,12,9.69367212060944,1,67,1,0,0,2,3,0,11.958578766789342,5,0,6.608000625296087
11675,11.050905878263567,8,11.667700038278326,1,67,3,1,0,1,1,0,9.61587214452889,5,0,13.64981128240538
11680,6.7580945044277305,5,9.6246836542707,0,49,1,0,0,2,3,0,0.0,1,0,6.7580945044277305
11685,13.949342780334991,13,14.092167141073084,1,46,3,1,1,1,1,0,0.0,2,0,15.293107305676394
11690,10.513280297700861,9,10.897601753215403,1,73,3,1,0,1,3,0,10.332050506334692,2,0,12.566543874451872
11695,8.071218539969863,5,10.076644749570697,0,25,2,1,3,1,4,0,10.463131911491967,5,0,8.071218539969863
11700,10.308985993422082,12,13.465606225930554,1,69,3,1,0,1,2,0,0.0,5,0,15.848908292032746
11705,15.787784535590685,13,18.023992030383894,1,60,3,1,0,2,2,0,0.0,4,0,17.280339831149547
11710,6.90875477931522,10,10.91740401772286,1,73,1,0,1,2,3,0,0.0,4,0,6.90875477931522
11715,16.503358119776173,12,14.852282884803955,1,79,3,1,0,1,2,0,13.428377879293798,1,0,17.580053939177393
11720,6.2166061010848646,8,11.712956250852091,1,45,2,0,0,1,1,0,12.031725210748633,3,1,11.320565693461432
11725,3.713572066704308,8,10.723251890363157,1,47,1,0,2,1,1,0,11.434974734252892,4,0,3.713572066704308
11730,7.340186835320115,10,11.159961747859198,0,54,3,0,0,1,2,0,11.177466714598282,4,0,7.787796878181171
11735,7.193685818395112,9,11.316305758236654,1,35,2,0,2,1,1,0,10.134638955251866,3,0,11.564863051756848
11740,7.897668150726906,8,11.41638805747596,0,53,3,0,1,1,3,0,7.601402334583733,3,1,13.127730946198339
11745,15.14019570333917,11,14.429809435565296,1,56,3,1,0,2,2,0,0.0,4,0,16.33005699376956
11750,7.170888478512505,9,11.404411999129266,0,29,3,0,3,1,1,0,10.90285024541336,4,0,7.170888478512505
11755,11.849404844423074,14,13.094809883705356,1,41,3,0,2,1,1,0,13.017005083966255,5,0,12.259618151783465
11760,8.434028950155469,8,11.159961747859198,1,44,3,0,5,1,1,0,11.19822841866684,1,1,9.717218213494077
11765,8.778171881033469,12,12.253423172919685,0,66,3,0,0,1,3,0,10.077482875583607,2,0,9.975389521825207
11770,13.507627138738266,12,13.720153005096863,1,63,0,1,0,1,1,0,0.0,2,0,16.983892810687095
11775,8.352554369474591,12,10.31779779558084,1,52,1,0,2,1,1,0,12.66001358269538,3,1,8.352554369474591
11780,7.824445930877619,11,9.98133877479715,0,56,2,0,1,2,2,0,7.824445930877619,3,0,7.824445930877619
11785,6.35088571671474,8,11.560280761065794,0,37,2,0,6,1,4,1,10.672692588705143,1,1,6.35088571671474
11790,10.34177474101152,13,12.486822231693765,1,47,3,0,3,1,1,0,13.487007879880162,2,0,11.669937760751914
11795,9.259225769705994,14,11.773059697378923,1,71,3,1,0,1,3,0,12.19602736016897,4,0,9.259225769705994
11800,9.23024103368252,12,11.30306069379871,1,71,3,1,0,1,3,0,0.0,5,0,12.056417678159836
11805,12.175618592671356,14,13.382491442193844,1,36,3,1,1,1,1,0,16.331512127295913,2,0,17.239844903798623
11810,6.2166061010848646,11,10.451325058234776,0,71,2,0,0,2,3,0,8.517393171418904,4,1,6.2166061010848646
11815,6.734591659972948,7,10.076644749570697,1,67,1,1,0,2,3,0,0.0,4,0,6.734591659972948
11820,6.398594934535208,4,11.234068703381137,1,40,3,1,0,1,1,0,11.661354090741,5,0,6.398594934535208
11825,3.9318256327243257,7,11.20508155522288,0,43,3,0,3,1,2,1,10.923255026881002,5,1,3.9318256327243257
11830,8.612685172875459,12,11.276032359350232,0,34,2,0,2,1,1,0,0.0,4,0,8.612685172875459
11835,10.146472946063877,14,13.112431449146431,0,51,3,0,0,2,2,0,11.51493344762302,3,0,11.356283350762888
11840,10.463131911491967,12,11.773059697378923,1,40,3,1,1,1,1,0,11.827743504053695,5,0,13.258642740896052
11845,12.109016442313738,7,12.419286288567474,1,32,3,1,0,1,2,0,13.02805489573287,5,0,12.137263685701864
11850,8.732465848349879,8,10.769770904774587,0,38,2,1,0,2,1,1,8.210939733379021,4,0,9.169622538697624
11855,7.0909098220799835,14,11.441080401447914,1,79,2,1,0,2,3,0,4.110873864173311,5,1,13.355379632796451
11860,9.425532393502772,10,13.047019320498677,1,60,3,0,0,1,2,0,12.460718739865236,5,0,15.134703382894479
11865,9.787009914477434,12,11.934326696707894,1,54,3,0,0,2,1,0,12.342790829935483,4,0,13.61437430970479
11870,6.398594934535208,12,11.996201706795759,1,62,2,1,0,1,2,0,0.0,5,0,14.16165090740107
11875,8.02322468471667,9,11.485380194730258,1,74,3,0,0,1,2,0,11.107675333752876,1,0,8.802522498284421
11880,12.098493002763465,11,10.837852888043003,1,92,1,1,0,1,3,0,0.0,5,0,13.033752904360023
11885,7.170888478512505,10,10.85678052964002,1,77,3,0,0,2,3,0,10.422311107413181,5,0,8.24301946898925
11890,9.061956366209925,13,11.355019808159389,1,69,2,0,0,2,1,0,12.518621705612018,3,1,9.92431906211606
11895,12.637208749244536,12,16.145133597345904,1,82,3,0,0,1,2,0,0.0,5,0,17.797578166948586
11900,12.280256686219182,14,12.379191996605552,1,51,1,0,2,2,2,0,13.122365377402328,2,0,13.15270051743911
11905,8.517393171418904,13,11.92720927582913,1,51,3,1,0,1,1,0,12.354496960983985,5,0,12.269052139516223
11910,9.261128538808288,12,11.756252709710795,1,38,3,0,1,1,1,0,12.837347081942964,2,0,11.576097427792176
11915,14.819812533461441,9,14.975121008023244,1,68,3,1,0,1,2,0,0.0,3,0,15.507449876072164
11920,12.611541086966115,12,14.388012330009506,1,63,3,0,0,1,2,0,13.054086677976365,2,0,16.42558042423569
11925,12.70836496398791,13,12.14462086116848,1,43,2,0,3,1,2,0,0.0,5,0,15.670010213544769
11930,0.6931471805599453,8,10.451325058234776,0,38,2,0,4,2,1,0,0.0,5,0,0.6931471805599453
11935,14.250535115562965,14,13.3605866409496,1,69,3,1,0,1,2,0,0.0,2,0,14.999076858697435
11940,12.398761113062513,12,11.764691512444722,1,63,3,1,0,1,3,0,10.859018228147887,4,0,13.851361175642841
11945,10.30865261563529,12,12.085432314014094,1,81,3,1,0,1,3,0,13.710151153416941,2,0,14.975528653440433
11950,9.510519035757246,10,11.996201706795759,1,52,3,1,0,1,1,0,12.384223015005313,2,0,13.512377735048796
11955,3.9318256327243257,6,9.6246836542707,0,45,0,0,2,2,2,0,0.0,2,0,9.396902923027392
11960,6.803505257608338,3,9.6246836542707,1,78,2,0,0,2,3,0,0.0,3,0,6.803505257608338
11965,8.006700845440367,9,9.930047914868675,1,76,1,0,1,2,3,0,9.61587214452889,1,0,8.006700845440367
11970,7.601402334583733,7,10.623170750425082,1,73,2,0,0,2,1,0,9.510519035757246,5,0,10.203629181337648
11975,11.002116507732017,11,11.912820634128884,1,64,3,1,0,1,2,0,11.184435286790631,5,0,15.111880485079116
11980,11.798111925972618,8,10.569104881654322,1,76,2,1,0,2,3,0,0.0,5,0,11.815257205114566
11985,11.225936485607265,14,12.383727132769591,1,55,3,0,1,1,1,0,11.326607934898927,4,0,15.261547269460646
11990,7.550135342488429,8,11.367598443988374,1,33,2,0,2,2,1,0,8.006700845440367,4,0,7.550135342488429
11995,8.839421607620602,10,11.789588872889583,1,57,2,1,0,1,1,0,11.731265497840116,4,0,12.375397611328344
12000,9.392745258631441,6,10.74678187553037,1,70,3,0,0,1,3,1,0.0,4,0,9.392745258631441
12005,10.957817003758691,13,11.73915841150484,1,37,2,0,0,2,1,0,11.608244735642321,1,0,12.786613679689001
12010,6.111467339502679,6,8.117260745855429,1,67,1,0,0,2,3,0,0.0,4,0,6.111467339502679
12015,10.474495347310453,9,11.639529406064158,0,46,3,1,0,1,1,0,9.401043372798053,2,0,10.491301994830229
12020,11.154835234271214,13,13.479315484531796,1,42,3,0,0,1,1,1,14.02301322589993,1,0,15.269907627827127
12025,7.244941546337007,5,9.610295874443542,0,85,0,0,0,2,3,0,0.0,5,0,9.34145634983372
12030,8.853808274977197,13,11.695098780943722,1,50,1,0,0,2,1,0,12.409017571151187,3,0,12.456835254920371
12035,9.305741456739435,12,10.74678187553037,0,79,2,0,0,2,3,0,9.392745258631441,4,0,9.305741456739435
12040,12.019749091416921,9,11.73915841150484,1,61,3,1,0,1,1,0,0.0,4,0,12.277001641517879
12045,4.61512051684126,8,11.704067376563522,1,56,2,0,2,1,1,0,11.304066895725715,4,0,6.398594934535208
12050,9.648659816955295,13,11.507358877993518,1,50,3,0,0,1,1,1,11.728044909070785,2,0,10.768506042432708
12055,9.220389707829185,12,9.69367212060944,0,21,2,1,0,2,1,0,8.006700845440367,4,0,9.220389707829185
12060,12.636558767583635,12,12.899065751096177,1,43,3,1,0,1,1,0,12.206077645517674,4,0,14.121229729495871
12065,6.710523109452428,8,10.674462827538377,1,25,2,0,0,2,2,0,12.468440756144114,1,0,6.710523109452428
12070,13.478821697881893,12,13.913119058332606,1,58,3,1,0,1,2,0,14.731801689838349,5,0,16.459422584446216
12075,4.795790545596741,3,9.75820678716859,0,74,1,1,0,2,3,0,0.0,5,0,4.795790545596741
12080,17.429534479801806,14,13.60696712871672,1,60,3,1,0,1,2,0,0.0,2,0,17.796968222610133
12085,9.301186055275759,7,10.482095840823943,1,80,3,1,0,1,3,0,4.875197323201151,5,0,10.914197158028326
12090,13.403626391713884,8,14.388012330009506,1,61,3,1,1,1,1,0,13.151924121391561,4,0,15.942837211520102
12095,8.338305731356565,13,12.189572015326258,1,42,3,1,0,1,1,0,11.964644189595829,4,0,10.550093288660157
12100,9.980494888896912,12,12.401664759016501,1,27,3,1,0,1,1,0,12.733758336210744,2,0,11.915727028992151
12105,12.616196883019061,12,13.127599640220465,1,37,3,0,1,1,1,0,13.224921770781943,3,0,15.379407232746852
12110,8.00836557031292,11,11.439918298765717,1,68,2,0,0,1,3,0,12.712893259942282,5,0,13.526502273148179
12115,9.94755228369823,14,12.920456888161272,1,51,3,1,2,1,1,0,13.94557432030227,1,0,14.283575434042051
12120,10.308985993422082,13,15.559133944807261,1,60,3,1,2,1,2,0,0.0,2,0,17.776895011966886
12125,13.249878458265119,13,15.324105346279087,1,80,1,1,0,2,2,0,0.0,3,0,15.749275971649594
12130,6.236369590203704,8,9.69367212060944,1,67,1,0,1,2,3,0,0.0,1,0,6.523562306149512
12135,10.82637646843851,12,11.704067376563522,1,74,3,1,0,1,3,0,0.0,4,0,14.796213928053078
12140,7.3783837129967145,11,10.35288797609956,1,63,2,0,0,2,3,0,0.0,5,0,9.127067452782361
12145,9.472781556562168,8,0.0,1,57,2,0,0,2,2,0,10.778977123006351,2,0,10.668978650219241
12150,11.8515453936489,13,13.339931894816434,1,47,3,1,1,1,2,0,13.885503862184807,4,0,13.181200048848504
12155,11.107975224295076,13,11.756252709710795,1,66,3,1,1,1,3,0,9.441531454869693,2,0,12.784653174819363
12160,10.819798284210286,12,0.0,1,67,3,1,0,1,2,0,0.0,5,1,15.285686632949897
12165,9.433563920090563,8,11.028627743384128,1,64,2,0,0,2,1,0,11.449250570799508,5,0,11.701071692055445
12170,8.94910546953925,12,10.91740401772286,0,29,3,1,2,1,1,0,11.234546649377918,5,0,8.94910546953925
12175,9.680406499268875,13,11.845379821066128,0,42,2,1,3,2,1,0,11.710718387248724,4,0,10.373522431293592
12180,4.624972813284271,8,10.91740401772286,0,55,2,1,0,1,2,0,6.154858094016418,3,1,4.624972813284271
12185,12.933623668263472,14,11.797752121925635,1,68,3,1,0,1,2,0,11.608244735642321,5,0,14.100690252077353
12190,5.739792912179234,13,11.853101811967846,0,31,3,0,0,1,1,1,10.428245666832275,4,1,10.177742381673879
12195,7.601402334583733,13,10.296137022304844,1,65,2,0,0,2,1,0,0.0,5,0,12.926350926565435
12200,9.75272280064639,12,11.600689921732425,0,63,3,0,0,1,2,0,9.268703615273097,3,0,9.75272280064639
12205,5.303304908059076,10,9.875983398597374,0,62,1,0,0,2,2,0,0.0,4,0,5.5254529391317835
12210,7.048386408721883,11,10.792243293398966,0,29,3,0,0,2,1,0,9.741615472609583,4,0,9.625821815359835
12215,0.6931471805599453,9,11.439918298765717,0,37,2,0,3,1,1,0,9.467382808295852,4,1,7.31455283232408
12220,10.308985993422082,10,10.891583792576986,1,83,3,1,0,2,3,0,0.0,5,0,11.127277689932466
12225,8.071218539969863,8,9.818828007928495,0,28,2,0,0,2,2,0,5.993961427306569,2,0,8.071218539969863
12230,9.686636660844938,13,12.546245434332967,1,43,3,0,1,1,1,0,12.263402433573614,5,0,12.78296967746187
12235,8.006700845440367,11,11.756252709710795,1,50,1,0,2,1,1,0,12.491255347155265,5,0,10.404293143019792
12240,6.111467339502679,8,9.930047914868675,1,59,2,0,0,2,1,0,0.0,5,0,6.111467339502679
12245,12.820044034203148,13,14.616021955945245,1,52,3,1,1,1,2,0,13.710151153416941,4,0,15.782839814222704
12250,10.691967639914864,11,11.704067376563522,0,25,3,1,0,1,1,0,8.699681400989514,4,0,12.966880811009803
12255,15.937915918819488,12,16.601365786846902,1,70,2,1,0,2,2,0,0.0,4,0,18.87230526359467
12260,6.508769136971682,9,11.09644927542817,0,41,2,0,0,2,1,0,6.2166061010848646,2,0,6.508769136971682
12265,8.11701408773731,8,11.962300367785085,1,48,3,0,1,1,2,0,12.974329617683697,4,0,9.817439347910675
12270,13.151555121997195,13,14.083936648231209,1,58,3,1,1,1,1,0,14.835440685218117,4,0,16.755032785482435
12275,11.245059091624615,8,12.167348992793892,1,54,2,0,3,1,2,0,13.06685278163674,1,0,11.270866642542865
12280,12.604852121186608,11,10.451325058234776,1,68,3,1,0,2,3,0,0.0,3,0,14.084774808833686
12285,10.76004951120163,8,10.814221753204105,0,41,3,0,0,1,1,0,10.221977646629885,2,1,10.7706090484022
12290,9.005895898094458,11,12.035422182721987,1,33,3,0,0,1,1,0,13.57120848554519,2,0,11.399207904060908
12295,10.012386799492118,8,10.792243293398966,1,65,1,0,1,2,1,0,11.459535236710686,4,0,10.130662964963708
12300,10.757924157061597,12,11.380020821211883,1,30,2,0,1,1,4,0,12.587931300962664,5,0,10.975088291957388
12305,11.35675107214979,13,12.184062387617733,1,47,3,1,2,1,1,0,12.220966184120165,4,0,13.18165251962944
12310,11.902267966193309,14,13.20216819275296,1,54,3,1,0,1,2,0,9.305741456739435,3,0,14.083704718591765
12315,9.105090961257085,8,12.060739842420068,1,64,2,1,0,1,2,0,13.45883704259595,5,0,9.105090961257085
12320,11.51293546492023,9,0.0,1,89,3,1,0,1,2,0,0.0,5,1,17.988311971053466
12325,8.804024902413179,12,11.756252709710795,1,53,2,1,4,2,1,0,9.210440366976517,4,0,8.804024902413179
12330,10.799595985047786,12,12.009446852348587,1,56,3,1,1,1,1,0,11.951186847493476,2,0,10.799595985047786
12335,6.90875477931522,8,10.74678187553037,1,58,3,0,0,2,1,0,10.2653838414975,3,0,12.721888795877375
12340,5.993961427306569,9,9.182887610990473,0,23,2,0,0,2,1,0,9.90353755128617,5,1,5.993961427306569
12345,6.634633357861686,8,10.35288797609956,0,32,2,0,3,2,1,0,0.0,5,0,6.634633357861686
12350,8.909370405197466,13,11.610542128340578,1,50,3,0,1,1,1,0,11.863237206610364,2,0,12.003962581340353
12355,14.55267510240978,13,15.564789001302765,1,58,3,1,0,1,2,0,0.0,4,0,17.153555160127482
12360,10.34177474101152,12,12.96949885609716,1,71,3,1,1,1,3,0,13.060490101343552,3,0,15.967854103839276
12365,10.357774570341576,13,12.303684773907628,1,60,3,1,0,1,2,0,14.22430412061672,3,0,12.167856627501678
12370,0.6931471805599453,8,10.31779779558084,0,40,3,0,3,1,1,0,0.0,4,0,0.6931471805599453
12375,5.673323267171493,10,9.6246836542707,1,82,1,0,0,2,3,0,7.555381944240273,4,0,7.490529402060711
12380,7.824445930877619,9,11.190266672490848,1,51,3,0,1,2,1,0,12.427218202181711,5,1,7.824445930877619
12385,9.392745258631441,13,12.342150883607493,1,82,3,1,0,1,3,0,0.0,5,0,14.67501969910938
12390,7.518064181233078,9,11.528864869228297,1,35,1,0,1,1,1,0,12.536458540752227,2,0,11.101054885563546
12395,13.104201443434462,12,16.39311086228643,1,59,3,1,1,1,2,0,11.6172944892629,2,0,15.799542052353194
12400,10.085850775128717,12,14.591450706378096,1,66,3,0,0,1,3,0,0.0,1,0,16.20188526865048
12405,10.626217806887722,13,12.133060100630725,0,34,2,0,0,2,1,0,9.61587214452889,1,0,10.626217806887722
12410,12.765691290604371,10,13.23360490903136,1,62,0,1,0,1,2,0,13.369225017834633,1,0,13.579789490265188
12415,7.732369222284388,12,11.276032359350232,0,35,2,0,1,1,1,0,11.338583982516495,4,0,9.733944008101389
12420,3.713572066704308,6,9.383539618396707,0,37,1,0,2,2,1,0,6.523562306149512,5,0,3.713572066704308
12425,3.9318256327243257,6,10.121094683881875,1,76,2,0,0,1,3,0,0.0,5,0,3.9318256327243257
12430,12.301387370778713,14,12.097553606596385,1,77,3,1,0,1,2,0,0.0,5,0,15.317363482435562
12435,7.601402334583733,8,10.936821754744528,1,44,3,0,2,1,1,0,12.18332077348399,4,1,7.601402334583733
12440,7.890208213109961,8,11.380020821211883,1,50,3,1,3,1,1,0,11.974272987992675,4,0,11.955500084854576
12445,10.085850775128717,13,12.486822231693765,1,40,2,1,3,1,1,0,12.955129822091815,4,0,10.819798284210286
12450,10.26851253764627,13,13.121127138635973,1,57,3,1,0,2,1,0,11.931642378754141,5,0,14.155484513547862
12455,11.678448377988165,12,11.890841876391685,1,61,2,0,1,2,2,0,0.0,2,0,11.678448377988165
12460,7.02197642307216,8,10.030126736355644,1,82,3,0,2,2,3,0,7.6783263565068856,2,0,7.02197642307216
12465,10.933124826700707,12,13.051670481673254,1,46,2,0,2,1,1,1,13.721750276446835,4,0,14.080947788339607
12470,11.669937760751914,12,12.587682479766201,1,33,3,0,0,2,1,0,11.891368749982085,2,0,12.739054008205294
12475,9.472781556562168,13,12.383727132769591,1,41,2,0,3,1,2,0,12.426295937033295,5,0,9.729193687429403
12480,13.141971868210181,12,13.009010078095203,1,51,3,1,2,1,2,0,14.049396997262388,2,0,13.414885219255359
12485,6.803505257608338,8,10.511947979456522,0,41,2,0,1,2,4,0,0.0,5,0,6.803505257608338
12490,6.803505257608338,8,11.451478997511787,1,57,2,0,0,1,1,0,11.890683588496984,5,0,6.803505257608338
12495,9.392745258631441,13,12.474501794120155,1,53,3,1,1,1,2,0,12.81584093453868,4,1,11.472113887062386
12500,10.819798284210286,8,10.204473075038809,0,40,1,1,0,2,1,0,0.0,2,0,10.819798284210286
12505,5.8888779583328805,8,10.897601753215403,0,30,0,0,0,2,1,0,0.0,3,0,9.921376585371869
12510,12.411870628505058,8,12.59136571261931,1,45,3,1,2,1,2,0,13.314636915215106,3,0,13.072544784583393
12515,8.294299608857235,12,11.329377681719818,1,70,1,1,0,1,3,0,0.0,4,0,14.283011683558112
12520,12.53105411543589,11,14.99996242366865,0,62,2,1,0,1,1,0,0.0,4,0,18.854590772029567
12525,4.110873864173311,9,10.451325058234776,0,32,1,0,1,2,1,0,7.696667081526462,3,0,4.110873864173311
12530,12.456835254920371,12,16.056638656046122,1,63,3,1,0,1,2,0,17.178382859940395,3,0,17.34019323460396
12535,8.748463629942055,9,12.258564547947534,0,43,3,1,0,1,1,0,9.328212292571072,4,0,12.338420212709783
12540,10.91328684226798,12,11.875916329276292,1,56,3,1,2,1,2,0,13.513054553109397,2,0,13.964706985726394
12545,12.807655372286902,8,15.358883279725681,1,80,3,1,0,1,3,0,12.611541086966115,3,0,17.0066040429469
12550,4.110873864173311,9,10.31779779558084,0,29,2,0,0,2,1,0,0.0,2,0,4.110873864173311
12555,7.438971592395862,11,10.814221753204105,1,50,2,1,0,2,1,0,10.106469212026385,5,0,12.017940238399461
12560,9.024131268455035,12,10.35288797609956,0,23,2,0,0,2,1,0,6.3473892096560105,5,0,9.024131268455035
12565,5.8888779583328805,6,8.266751042186463,0,51,2,0,0,1,1,0,0.0,5,0,5.8888779583328805
12570,12.273735966890268,12,12.60958109112215,1,46,3,1,2,1,1,1,12.230233409397009,2,0,14.020083538688642
12575,7.804251383528112,13,10.674462827538377,1,38,1,1,2,2,1,0,12.179733803647622,5,0,10.65610574858806
12580,6.8885724595653635,9,10.281431375093115,0,41,3,1,0,2,1,0,10.879762701339295,2,1,10.202888193567093
12585,11.652696102959753,12,12.772460464301396,1,53,3,1,0,1,1,0,12.285581364503273,5,0,14.097150161414627
12590,11.813037464800539,12,13.067781267650615,1,82,3,1,0,1,3,0,10.714439990727769,1,0,16.31981133659164
12595,12.54254845357358,14,12.991915683347502,1,49,3,1,2,1,1,0,0.0,3,0,14.83832149279892
12600,10.308985993422082,12,11.248253152234346,1,78,2,1,0,2,1,1,0.0,1,0,12.345838935721968
12605,8.853808274977197,10,11.30306069379871,1,59,2,1,2,1,3,0,9.60918360377546,3,0,13.578522867254332
12610,10.82617776399085,9,10.74678187553037,1,67,3,1,1,2,3,0,10.595659257474393,1,0,11.762290216087433
12615,14.933598950037204,13,15.612504466248195,1,55,2,0,0,1,3,0,0.0,4,0,17.044613942580895
12620,10.262594536666143,9,12.283882237332369,1,54,3,1,2,1,1,0,11.763691965388299,2,0,11.942373991160347
12625,8.042699496897637,12,11.853101811967846,1,50,2,0,1,1,1,0,12.718899265966332,1,0,12.241975360209508
12630,10.404293143019792,12,11.90554792375787,1,54,3,1,3,1,1,0,11.713504338035014,2,0,13.798365416422785
12635,11.277595459541718,12,11.955379969271414,1,42,2,1,1,2,1,0,11.964007453736912,4,0,12.42533266568958
12640,3.4657359027997265,9,10.16365262239305,0,80,1,0,0,2,3,0,5.303304908059076,4,0,3.4657359027997265
12645,8.105005537547246,10,9.930047914868675,0,64,3,0,0,2,2,0,9.798182590890704,3,0,10.88389796784759
12650,6.90875477931522,8,11.560280761065794,0,65,2,1,0,1,1,0,0.0,2,0,6.90875477931522
12655,13.023649611968253,8,12.899065751096177,1,69,3,1,0,1,2,0,0.0,5,0,15.960037463423486
12660,6.042632833682381,8,11.316305758236654,1,46,3,0,1,1,3,0,11.948667563962665,3,0,6.042632833682381
12665,13.246351123968212,13,14.596413493470822,1,65,3,1,0,1,2,1,10.819798284210286,3,0,15.327115330605388
12670,15.681387677870642,12,16.494522698181623,1,80,3,1,1,1,2,0,0.0,3,0,17.644838696852688
12675,5.860786223465865,9,8.420865018678889,0,34,2,0,0,1,2,0,0.0,4,0,5.860786223465865
12680,5.484796933490655,5,11.560280761065794,0,32,2,0,2,1,1,0,11.026808713825016,4,0,5.484796933490655
12685,9.392745258631441,12,11.74774208708152,1,64,3,1,0,1,3,0,7.244941546337007,4,0,14.477167587428587
12690,4.875197323201151,7,11.404411999129266,1,53,2,0,0,2,1,0,11.330215832884798,2,0,9.760252084449375
12695,12.073689165230697,13,14.388012330009506,1,65,3,0,0,1,2,0,15.59906999866596,2,0,17.401808991154645
12700,8.101980731853192,8,11.028627743384128,1,42,3,0,2,1,1,0,12.78195821696729,1,0,8.101980731853192
12705,8.497194544909547,9,8.84200277886267,0,19,1,0,0,2,1,0,9.177920480720072,3,1,8.594339400592892
12710,14.620870176058421,14,13.167647063248406,1,57,3,0,3,1,3,0,12.657151449598695,4,0,16.25868342615271
12715,4.795790545596741,3,8.917215726651094,1,69,0,0,0,2,3,0,0.0,4,0,4.795790545596741
12720,8.31898612539206,12,11.629960039799675,1,41,3,0,2,1,1,1,12.605187634239536,4,0,10.36410350510914
12725,4.795790545596741,8,9.818828007928495,0,21,1,0,2,2,1,0,4.61512051684126,2,0,4.795790545596741
12730,5.771441123130016,8,10.64914561257346,0,47,2,0,0,2,1,1,9.143238568435446,2,1,11.646765559941278
12735,4.61512051684126,9,10.792243293398966,0,36,1,0,0,2,1,0,9.546884034617925,5,0,4.61512051684126
12740,1.0986122886681098,8,10.121094683881875,0,58,1,0,0,2,3,0,7.696667081526462,4,0,1.0986122886681098
12745,7.00397413672268,9,10.41957729248823,0,44,2,0,0,2,2,0,10.474495347310453,5,1,8.03947991910045
12750,7.280008252884188,5,11.560280761065794,0,38,3,0,2,1,3,0,10.335302435967074,5,0,7.280008252884188
12755,10.463131911491967,12,12.466203023190976,1,39,2,1,1,1,1,0,13.499430382731967,4,0,11.580593459194764
12760,8.517393171418904,12,0.0,0,62,2,0,1,2,2,0,12.754254745839695,5,1,8.517393171418904
12765,5.802118375377063,8,10.243692364956795,0,40,3,0,0,2,1,0,0.0,5,0,5.802118375377063
12770,8.114025442356757,13,10.569104881654322,0,67,3,0,0,2,1,0,9.262078567380597,3,0,8.114025442356757
12775,13.030250281476574,12,15.664872443291278,1,68,3,1,0,1,2,0,0.0,4,0,15.963545007823067
12780,8.517393171418904,8,9.98133877479715,1,86,1,1,0,2,3,0,4.2626798770413155,5,0,12.230770136157428
12785,13.197472705176983,14,15.230944956010122,1,65,3,1,0,1,3,0,14.45736497045232,1,0,17.20257524185714
12790,11.002116507732017,9,11.428222385556161,1,73,3,0,0,1,2,0,0.0,3,0,13.39239204133378
12795,9.116139576577355,8,11.712956250852091,1,30,1,0,1,1,1,0,11.770671388994348,4,0,10.278527816830314
12800,10.638280388314705,12,11.20508155522288,0,38,3,1,0,2,1,0,10.579005242826247,2,0,11.12285622984002
12805,12.206077645517674,13,13.192138037004634,0,78,3,1,0,2,2,0,0.0,2,0,16.496532155171714
12810,1.9459101490553132,9,9.930047914868675,0,60,2,0,0,2,3,0,8.412054873292933,3,0,1.9459101490553132
12815,12.512457475937662,14,12.337422763109329,0,34,3,1,0,1,1,0,11.600029337681997,5,0,12.654600435941708
12820,10.110542371500753,8,12.365461861933738,1,43,2,1,3,1,2,0,13.060490101343552,2,0,10.110542371500753
12825,10.413042369168673,9,11.649008066953392,1,45,1,0,3,1,2,0,12.40697467786825,3,0,12.406115416616345
12830,0.6931471805599453,9,9.470543987306165,0,24,2,0,0,1,4,0,8.105005537547246,2,1,11.635160796652894
12835,15.270164490078686,13,16.297554354362,1,41,3,1,1,1,3,1,14.842627202965202,2,0,17.06172917814529
12840,14.715672314412528,12,12.498992721632195,1,71,1,0,0,2,3,0,13.641158361294979,1,0,15.800091956058294
12845,10.839600519357369,13,12.873054768060083,1,71,3,1,0,1,1,0,0.0,3,0,15.456641110891745
12850,16.19112592117129,14,16.4053509162909,1,55,3,1,3,1,2,0,15.079637567595793,4,0,18.16553854050708
12855,10.933124826700707,12,13.025817159065012,1,49,3,1,0,1,1,0,13.1499804899607,2,0,14.526498147811566
12860,8.006700845440367,9,10.16365262239305,0,39,0,0,3,2,1,0,9.70509758756311,5,0,8.962007209588313
12865,10.047631185616188,12,12.002846208646966,1,52,3,0,1,1,1,0,12.209571517333053,2,0,13.536459134086739
12870,9.430359045942868,8,12.121364124132038,0,41,2,1,1,1,1,0,6.846943139585379,3,0,10.459124004835836
12875,9.105090961257085,8,12.580275063860539,1,59,2,1,0,2,1,0,10.915106645867503,1,0,14.009596805265678
12880,4.795790545596741,5,10.076644749570697,1,40,3,0,1,1,4,1,0.0,5,0,4.795790545596741
12885,8.216358332386156,9,11.773059697378923,1,41,2,0,2,1,1,0,12.657151449598695,1,0,8.216358332386156
12890,6.698268054115413,8,10.723251890363157,0,52,1,0,0,1,1,1,10.36599440101149,2,0,6.698268054115413
12895,14.962913328262083,12,15.037538618616676,1,68,2,1,0,1,2,0,0.0,5,0,18.270439092242974
12900,8.434028950155469,12,11.989512759998888,1,46,3,0,2,1,4,0,12.653961664405365,4,0,9.798182590890704
12905,7.313886831633462,12,10.451325058234776,0,28,1,0,2,2,1,0,10.150777225678416,2,1,7.313886831633462
12910,6.7464121285733745,14,12.19886927342878,1,70,3,0,2,1,3,0,10.584081267024454,5,0,13.532950014730028
12915,9.148571345578551,9,11.079920226254767,0,48,3,0,0,2,1,0,0.0,3,0,10.807725945886109
12920,9.852246888342531,13,11.485380194730258,0,34,1,0,0,1,1,0,0.0,1,0,10.513280297700861
12925,9.210440366976517,1,9.818828007928495,1,52,3,1,0,2,1,0,0.0,2,0,9.210440366976517
12930,11.51293546492023,14,13.988626544885074,1,63,3,1,0,1,1,0,0.0,3,0,16.125567765052597
12935,10.488520429241627,13,11.92720927582913,1,47,2,0,0,2,1,0,12.978495316450783,5,0,12.650441108746573
12940,11.185823192802378,9,12.303684773907628,0,55,2,1,2,1,1,0,11.226589153242802,4,0,13.752678313641463
12945,8.853808274977197,9,11.730500418141487,1,61,2,0,0,1,1,0,5.14166355650266,5,0,14.105191381581442
12950,5.017279836814924,1,11.570537163972045,0,49,2,0,1,1,1,0,9.910512817472881,5,1,5.017279836814924
12955,9.741027444837728,12,10.936821754744528,0,75,3,1,0,2,3,0,0.0,5,0,13.613395597831598
12960,10.55323128448846,13,12.17852223565681,1,49,1,0,2,1,1,0,13.279710656944145,3,0,10.785207543360087
12965,19.063502587818313,14,19.11723257301343,1,79,3,1,0,1,2,1,0.0,4,0,19.81840454200356
12970,10.783135046711445,14,12.59869172789388,1,60,3,0,1,1,1,0,11.956976469393481,4,0,13.203392060382884
12975,10.533188948038239,11,10.482095840823943,1,67,0,1,0,1,3,0,7.00397413672268,5,0,10.558699193753036
12980,4.61512051684126,8,9.98133877479715,0,42,3,0,1,2,1,0,0.0,1,0,4.61512051684126
12985,8.517393171418904,14,11.805849271474132,0,38,3,1,0,2,1,0,13.060490101343552,2,0,13.933294482509151
12990,8.81001204797317,8,11.355019808159389,1,72,1,0,0,1,3,0,5.993961427306569,4,1,9.259225769705994
12995,10.915106645867503,13,12.121364124132038,1,34,3,1,0,2,1,0,11.89478753335453,5,0,11.884495917930655
13000,5.081404364984463,10,10.386788464403516,0,63,1,0,0,2,1,0,9.392745258631441,4,0,8.333510708982942
13005,10.65492722584759,12,12.920456888161272,0,30,2,1,0,1,1,0,9.967447781495006,4,1,13.20560281623769
13010,8.682877107057168,4,11.329377681719818,0,33,0,0,3,1,1,0,10.611547975828369,4,0,8.682877107057168
13015,17.544931991397867,12,14.762934235456223,1,72,3,0,0,1,2,0,0.0,3,0,18.876236763542053
13020,7.496097345175956,8,9.930047914868675,1,54,2,0,0,2,1,0,0.0,3,0,7.496097345175956
13025,4.61512051684126,11,10.386788464403516,0,42,2,0,3,1,1,0,9.741027444837728,3,0,4.61512051684126
13030,10.043292972227004,13,12.028991330674025,1,40,3,0,3,1,1,0,12.910903801827052,4,0,10.62135173563291
13035,5.303304908059076,12,10.623170750425082,0,32,1,0,0,2,2,0,9.711176264112805,1,0,6.55250788703459
13040,12.556733038263905,12,13.456361180968159,1,51,3,1,3,1,1,0,13.005831808336863,2,0,15.385999928203217
13045,5.942799375126701,9,9.470543987306165,0,37,2,1,0,2,3,0,3.4339872044851463,5,0,5.942799375126701
13050,8.81001204797317,11,10.74678187553037,0,53,2,0,0,2,4,0,0.0,5,0,10.909637269778615
13055,6.90875477931522,8,10.814221753204105,1,47,2,0,1,1,1,0,0.0,4,0,6.90875477931522
13060,10.736418414365376,1,11.667700038278326,1,88,1,0,1,2,3,0,0.0,1,0,13.530492932718326
13065,11.87346991271338,13,12.56529356217316,1,47,3,1,2,1,1,0,12.577639650232573,2,0,13.98222004479889
13070,11.936237039973754,8,11.771391653108141,1,84,3,1,0,1,3,0,0.0,4,0,13.407092594466635
13075,0.0,8,9.470543987306165,0,31,1,0,1,2,1,0,0.0,5,0,0.0
13080,8.81001204797317,12,12.066970356293535,1,28,2,1,0,1,1,0,13.030250281476574,3,0,12.548246454396082
13085,14.086301525522053,14,15.67838616034746,1,50,3,1,2,1,2,1,14.418733578042035,3,0,16.418348454647052
13090,5.707110264748875,2,9.550580764956187,0,86,2,1,0,2,3,0,0.0,5,0,5.707110264748875
13095,9.305741456739435,9,10.769770904774587,1,89,2,1,0,2,3,0,10.085850775128717,4,0,9.648659816955295
13100,8.294299608857235,8,10.814221753204105,0,25,3,0,0,2,1,1,9.211439767419483,2,1,9.76428295481558
13105,10.404293143019792,8,9.6246836542707,0,87,1,0,0,2,3,0,0.0,3,0,11.385103457032141
13110,7.313886831633462,9,9.875983398597374,1,81,3,1,1,2,3,0,0.0,4,0,10.184937747111391
13115,4.61512051684126,6,10.814221753204105,0,44,2,0,4,1,1,0,8.24301946898925,5,0,4.61512051684126
13120,11.131679686740132,12,11.451478997511787,1,34,2,1,0,2,1,0,12.300932724054114,4,0,11.237185138527495
13125,12.409017571151187,14,13.506182735141644,1,69,3,0,0,1,2,0,0.0,5,0,15.790147124089746
13130,8.699681400989514,13,11.649008066953392,1,40,2,1,2,1,1,0,13.279026897402565,2,0,11.170449240431308
13135,8.434028950155469,9,11.704067376563522,1,50,3,1,0,2,1,0,12.148978347281835,5,0,9.883335864325275
13140,15.77137117931546,8,16.33479269645206,1,62,3,1,0,1,2,0,0.0,4,0,17.38408507723058
13145,7.0909098220799835,9,10.85678052964002,0,46,1,0,2,1,4,0,6.133398042996649,1,0,7.1316985104669115
13150,10.308985993422082,14,13.79349621102639,1,65,3,1,0,1,2,0,0.0,1,0,17.75996204997359
13155,13.191331448583755,13,14.5085016631951,1,62,3,1,2,1,1,0,14.653840180801057,4,0,15.52020428508858
13160,8.517393171418904,9,10.030126736355644,1,43,1,0,0,2,1,0,8.77971129020447,4,1,9.99884318585288
13165,5.8888779583328805,1,10.31779779558084,0,38,2,0,3,2,1,0,7.313886831633462,5,0,5.8888779583328805
13170,12.154784614286667,12,10.91740401772286,1,73,3,1,0,1,3,0,0.0,2,0,13.986097701709772
13175,13.369225017834633,9,12.14462086116848,1,73,2,1,0,2,3,0,12.45293662970407,4,0,13.946539697563276
13180,5.983936280687191,10,10.35288797609956,0,26,2,0,1,1,4,0,9.130322663990151,5,1,5.983936280687191
13185,9.711176264112805,12,11.773059697378923,1,64,3,1,1,1,1,0,12.821260987319457,3,0,12.439170488085749
13190,9.387733135533384,11,11.853101811967846,1,43,3,0,0,1,1,0,12.469209688250697,3,0,10.614990235380386
13195,9.825580063659602,8,10.792243293398966,0,25,1,1,2,1,4,0,0.0,5,0,9.825580063659602
13200,6.660575149839686,12,10.623170750425082,0,33,1,0,0,2,1,0,11.13504147662283,4,1,6.660575149839686
13205,8.03947991910045,11,11.439918298765717,1,73,2,1,0,1,3,0,10.703266939811954,4,0,11.397525836740476
13210,5.707110264748875,6,8.987165257038846,0,50,0,0,1,1,1,0,7.244941546337007,5,0,5.707110264748875
13215,14.220976332738882,12,15.201918827421364,1,79,0,1,0,2,3,0,13.429849547739444,4,0,16.090724556937104
13220,9.268703615273097,4,10.569104881654322,1,79,0,0,1,2,3,0,9.059633754551479,5,0,9.268703615273097
13225,5.993961427306569,9,10.386788464403516,0,29,2,0,0,2,1,0,9.99884318585288,1,0,5.993961427306569
13230,13.195615697878253,12,11.063113369269185,0,38,3,0,0,2,2,0,0.0,2,0,13.26212705890841
13235,0.0,8,9.930047914868675,1,48,1,0,0,2,4,0,0.0,5,0,0.0
13240,4.61512051684126,6,9.98133877479715,0,66,1,0,0,2,1,0,7.048386408721883,5,0,4.61512051684126
13245,9.419060402624668,13,11.079920226254767,1,41,2,0,1,2,1,0,12.928149789877502,5,0,12.31457272758764
13250,11.642206587981981,10,11.428222385556161,1,72,3,1,0,1,3,0,11.798111925972618,4,0,14.970755511179279
13255,13.407543823396258,12,13.903266770903059,1,76,3,0,0,1,2,0,0.0,5,0,17.83356787000213
13260,10.819798284210286,13,12.073162291050107,1,70,3,1,0,1,3,0,0.0,2,0,16.620324488016823
13265,12.392556361841777,13,14.058830746545782,1,56,2,0,0,1,3,0,13.85952840031839,5,0,15.91805821050344
13270,12.414390842349803,13,17.35152318955752,1,72,2,1,0,1,2,0,0.0,1,0,17.96131348344931
13275,10.942013616092948,9,10.121094683881875,1,71,0,0,0,2,3,0,0.0,4,0,12.676391849976817
13280,12.211065162153215,9,13.28082795342121,1,51,3,1,0,1,2,0,11.918397239722838,2,0,13.671641342278317
13285,12.6410997921206,13,15.311593155037595,1,65,3,1,0,1,3,0,0.0,4,0,17.50156103930549
13290,12.25486757159303,12,12.283882237332369,1,55,1,1,1,1,2,1,11.097425172408931,1,0,12.25486757159303
13295,10.477316144080852,12,11.507358877993518,1,70,2,0,0,1,3,0,0.0,3,0,13.891082672024641
13300,16.173719649295794,12,16.55984910922224,1,61,2,0,0,1,1,0,0.0,2,1,19.045238548395865
13305,14.565175586134309,14,16.534549121407547,1,85,3,1,0,1,3,0,0.0,5,0,17.77197697984147
13310,9.680406499268875,13,11.860764630434472,0,32,3,1,0,1,1,0,0.0,2,0,12.100717685412471
13315,8.612685172875459,13,11.342280932513091,1,37,2,1,3,1,1,0,12.314931534737134,5,0,8.612685172875459
13320,7.479299637782834,9,10.623170750425082,0,44,0,0,0,1,3,1,0.0,2,0,7.479299637782834
13325,6.68586094706836,9,10.95586961402582,1,51,3,0,3,1,1,0,12.788291058675025,4,1,6.68586094706836
13330,14.152697539094763,12,12.692673583390023,1,52,3,0,0,1,2,0,14.603968372873895,2,0,15.640221288596313
13335,7.67368812926773,10,10.897601753215403,1,50,2,0,0,1,1,0,10.668978650219241,3,0,8.802522498284421
13340,4.663439094112067,12,9.930047914868675,1,83,1,0,0,2,3,0,8.962007209588313,2,0,9.401456476451633
13345,6.90875477931522,13,12.692673583390023,1,37,1,1,1,1,1,0,13.478639641880966,5,0,12.570719231334277
13350,10.789339695269716,12,11.829754616082079,1,71,3,1,0,2,1,0,0.0,4,0,13.855501166979357
13355,0.0,8,7.9022209664185965,0,25,1,1,0,2,4,1,0.0,5,0,0.0
13360,12.220966184120165,12,12.84349604282837,1,68,3,0,1,1,3,0,13.710262258232227,5,0,14.794964240312334
13365,9.99884318585288,8,12.486822231693765,1,62,3,1,0,1,1,0,0.0,1,0,15.30210286654152
13370,12.415932356015515,12,12.522898154395813,1,54,3,1,2,1,1,0,12.343662665771719,1,0,14.71025114452168
13375,9.082620630373812,11,12.323102772577545,1,48,1,1,2,1,1,0,11.514434326066581,4,0,13.244228735697845
13380,10.695370855832223,12,11.367598443988374,1,62,2,1,0,2,3,0,11.314486721293981,5,0,10.695370855832223
13385,10.203629181337648,12,13.20017019377173,1,37,2,1,1,1,1,0,12.36308066783498,2,0,13.537119853422677
13390,11.951186847493476,13,13.34340411493854,1,46,3,1,3,1,1,0,14.241791505386114,2,0,14.864582751334883
13395,5.771441123130016,6,9.930047914868675,0,33,0,0,1,2,4,0,0.0,3,0,5.771441123130016
13400,8.824824939175638,8,11.056310728985565,1,78,1,0,1,2,3,0,12.960787532474237,2,0,12.02455676409265
13405,11.503793898837728,10,12.64852393750623,1,52,2,1,0,1,1,0,13.42246945133505,5,0,13.591230110628626
13410,6.478509642208569,8,10.899599718958573,0,64,3,0,0,1,3,0,9.433563920090563,4,0,10.362525022649812
13415,7.473637108496206,8,10.076644749570697,1,67,2,1,0,2,3,0,0.0,3,0,7.473637108496206
13420,12.85840043573314,14,15.685075147471801,1,57,3,1,1,1,2,0,15.531108846082864,2,0,16.757314542263156
13425,12.206077645517674,12,11.248253152234346,1,80,3,1,0,1,3,0,0.0,3,0,14.33668306760846
13430,0.6931471805599453,6,9.288237848223762,0,76,2,0,0,2,3,0,0.0,5,0,0.6931471805599453
13435,6.042632833682381,12,11.485380194730258,0,43,2,0,1,1,1,0,12.114894417443708,5,0,11.153690103100145
13440,11.225256725762893,9,14.225493500074245,1,76,1,1,0,2,3,0,0.0,3,0,16.530205368010318
13445,6.55250788703459,5,11.316305758236654,0,44,3,0,0,1,1,0,0.0,2,0,6.55250788703459
13450,11.211833885608513,12,13.21012050630853,1,57,2,0,0,1,1,0,10.668978650219241,5,0,15.897872954790522
13455,6.68586094706836,12,11.907006703345852,1,34,2,0,0,1,2,0,12.837347081942964,2,0,7.8713112033234065
13460,10.12667110305036,13,12.051951387445092,1,69,3,0,0,1,3,0,0.0,1,0,14.394929533419809
13465,9.06773940337716,9,10.569104881654322,0,54,2,0,0,2,1,0,11.13343507403426,5,0,9.06773940337716
13470,11.964007453736912,13,11.860764630434472,1,48,3,1,0,1,1,0,0.0,4,0,14.156971046828328
13475,7.650168700845001,11,11.063113369269185,1,61,2,0,1,2,1,0,11.724004532183379,5,0,12.6118743636455
13480,8.131824785007195,13,8.777473893219948,0,45,3,0,0,2,1,0,0.0,5,0,9.169622538697624
13485,8.732465848349879,10,11.996201706795759,0,64,2,1,1,2,3,0,0.0,4,0,10.007892611890918
13490,10.239995502805316,13,11.079920226254767,0,45,2,1,1,1,1,0,5.303304908059076,3,0,12.144202560946876
13495,12.940268194985762,14,14.278578554215343,1,42,3,1,2,1,1,1,14.424189125967262,1,0,14.12963566134949
13500,4.394449154672439,9,10.451325058234776,1,38,0,0,2,2,1,0,6.814542897259958,4,0,11.398983791824563
13505,6.90875477931522,5,9.6246836542707,0,58,1,0,0,2,4,1,7.601402334583733,5,0,6.90875477931522
13510,8.131824785007195,12,11.355019808159389,0,30,3,1,0,1,1,0,10.75579427616868,2,0,8.131824785007195
13515,9.966509298952284,13,11.721766808769676,0,38,3,1,2,2,1,0,0.0,5,0,12.619839862232693
13520,0.6931471805599453,8,9.383539618396707,0,46,0,1,0,2,3,0,0.0,5,0,0.6931471805599453
13525,8.612685172875459,8,11.316305758236654,1,53,2,0,1,1,2,0,8.24301946898925,2,1,8.612685172875459
13530,10.214678610538817,13,13.01384099455312,1,56,3,0,1,1,1,0,13.592743185885782,1,0,15.257074285908892
13535,6.68586094706836,2,11.560280761065794,1,71,2,0,1,1,3,0,13.572165574841936,5,0,6.68586094706836
13540,8.15507488781144,5,10.076644749570697,0,25,1,0,0,1,1,0,4.875197323201151,2,0,8.15507488781144
13545,5.5254529391317835,4,10.674462827538377,1,64,3,1,0,1,1,0,11.627601456538116,5,0,5.5254529391317835
13550,4.2626798770413155,8,10.64914561257346,0,53,1,0,0,2,1,0,9.798182590890704,4,0,4.2626798770413155
13555,12.180759965737863,8,13.60028708541075,1,58,3,1,0,1,2,0,12.994532278619134,5,0,14.230266373481294
13560,11.540550359582348,13,12.808608877654882,1,55,1,0,1,1,2,0,13.467371932904971,1,0,14.442411626950262
13565,12.224408511383015,12,11.781358436450864,1,50,2,0,1,1,1,0,9.90353755128617,4,0,13.24405166651114
13570,13.721200977393528,12,14.200800904078731,1,54,2,1,2,1,2,0,13.997832948091215,1,0,14.571633007169066
13575,10.725489582719506,12,0.0,1,34,3,0,1,2,2,0,9.012011377036412,5,0,11.19822841866684
13580,7.0909098220799835,8,10.723251890363157,0,31,2,0,2,2,1,0,10.929726261557809,2,1,7.0909098220799835
13585,8.244334047856094,9,11.712956250852091,1,79,1,1,0,2,3,0,10.896757843893464,4,0,8.39072252736229
13590,10.465984899076615,12,12.379191996605552,1,45,1,1,1,1,1,0,13.26212705890841,3,0,12.687266554396556
13595,13.725586944527592,12,14.805598606077885,1,47,3,1,1,1,1,0,0.0,4,0,15.996831676357575
13600,10.768506042432708,14,12.327898923543565,1,71,3,1,0,1,3,0,12.122696471358964,2,0,13.317109100286022
13605,12.09626335986454,10,10.386788464403516,1,57,3,0,1,1,1,0,10.86477077032911,3,0,12.673576277384964
13610,8.853808274977197,12,12.920456888161272,1,60,3,1,0,2,2,1,12.611541086966115,2,0,13.619496890582589
13615,13.122365377402328,12,14.49215253344101,1,63,3,1,0,1,2,0,0.0,2,0,15.40678470343667
13620,8.343077871169383,8,11.28963784015293,1,61,3,0,2,1,1,0,12.41333475165532,5,0,8.343077871169383
13625,5.771441123130016,10,10.974561423798537,0,29,2,0,1,1,1,0,9.76428295481558,4,1,9.919410113079943
13630,11.767575435251748,14,12.51895339047802,0,30,1,1,0,2,1,0,12.641358657450596,3,1,12.502470376049185
13635,5.5254529391317835,11,10.281431375093115,1,50,2,0,0,2,2,0,10.043292972227004,5,0,7.919719760924575
13640,11.561725152903833,14,13.167647063248406,1,83,2,1,0,1,2,0,12.577639650232573,5,0,16.079874542034222
13645,7.601402334583733,11,11.773059697378923,1,23,1,0,0,1,1,0,8.630700432209832,1,0,7.601402334583733
13650,10.596659732783579,8,11.730500418141487,1,58,3,1,2,1,2,0,12.345838935721968,4,0,12.506180941677357
13655,14.17597899749153,13,14.312026467529659,1,50,3,1,2,1,2,0,14.038654909278163,5,0,16.222816051786356
13660,9.770013301136158,13,12.17852223565681,1,37,3,1,3,1,1,0,12.574185427296195,5,0,13.067909303538459
13665,9.75272280064639,12,11.485380194730258,0,35,2,1,0,1,1,0,10.239995502805316,2,0,9.809231816610408
13670,10.83370091325064,9,9.69367212060944,0,21,2,0,0,2,4,0,0.0,5,0,11.046132675457146
13675,9.392745258631441,11,11.380020821211883,1,39,2,0,3,1,1,0,12.307775981852645,3,0,9.392745258631441
13680,11.569315250157509,11,12.70587505492555,1,59,2,1,0,1,2,0,0.0,5,0,11.949895700065218
13685,5.303304908059076,11,10.451325058234776,0,48,0,0,0,2,3,0,9.825580063659602,4,0,7.438971592395862
13690,7.170888478512505,7,9.75820678716859,0,58,2,0,0,2,1,0,8.366602832783736,1,0,10.214678610538817
13695,4.61512051684126,8,9.550580764956187,0,60,3,1,0,2,3,0,0.0,2,0,4.61512051684126
13700,8.006700845440367,10,11.234068703381137,0,44,2,0,0,2,1,0,10.616216747823795,3,0,12.456835254920371
13705,8.665785595466064,13,11.59073968241829,1,53,0,0,1,1,1,0,12.853178505386333,2,0,12.143138170555755
13710,11.561725152903833,13,12.356202576168052,1,32,3,1,0,1,1,0,13.432786403100184,5,0,12.94323910384853
13715,5.484796933490655,2,10.596503161315887,0,38,2,0,3,1,2,0,0.0,1,0,6.293419278846481
13720,14.960593179214912,12,17.074697182894305,1,69,2,1,1,1,3,0,0.0,4,0,17.657126141901184
13725,10.463131911491967,11,11.934326696707894,1,41,2,1,0,2,1,0,11.957617696467539,4,0,12.433212202169729
13730,9.937937287265354,12,11.676916614849558,1,26,3,1,1,1,2,0,11.798111925972618,2,0,11.097425172408931
13735,14.75551820708067,13,17.185441845046384,1,57,3,1,2,1,3,0,0.0,3,0,14.75551820708067
13740,11.992266613576142,12,12.028991330674025,1,51,3,1,2,1,1,0,9.61587214452889,2,0,14.15661561789651
13745,9.04793908261736,8,11.496429917961313,1,45,3,0,7,1,2,0,12.611541086966115,5,0,10.419330568113901
13750,4.61512051684126,4,10.674462827538377,0,45,2,0,10,1,2,0,0.0,1,1,4.61512051684126
13755,11.362114203075018,13,14.444323470658862,1,73,3,1,0,2,1,0,0.0,3,0,17.20807077985325
13760,5.198497031265826,5,9.08980721551555,1,61,2,0,0,2,1,0,0.0,3,0,5.198497031265826
13765,7.550135342488429,10,10.723251890363157,0,47,2,1,0,1,1,0,8.071218539969863,3,0,7.550135342488429
13770,7.313886831633462,9,10.243692364956795,1,43,1,0,3,2,2,0,10.069044362997353,4,0,7.313886831633462
13775,7.313886831633462,2,10.41957729248823,1,60,1,0,2,2,1,0,11.156264806643742,2,0,7.313886831633462
13780,14.961016292533515,14,14.379439104173837,1,83,0,1,0,1,2,0,14.187074804051692,5,0,16.565599996445965
13785,10.657282884047461,12,12.17852223565681,1,40,3,0,1,1,1,0,12.871337193291367,4,0,13.858091963812301
13790,9.239996256883693,12,10.076644749570697,0,43,3,1,0,2,2,0,11.05407540279458,5,0,11.146214615088313
13795,13.95091606833254,9,0.0,1,59,3,0,0,1,2,0,13.0543007873571,5,0,14.372265686684402
13800,9.798182590890704,12,11.90554792375787,1,52,2,0,2,1,2,0,12.273735966890268,3,0,12.782688818818986
13805,8.434028950155469,9,10.451325058234776,1,84,3,0,0,2,3,0,9.012011377036412,2,0,8.434028950155469
13810,8.350193650720067,12,12.837765383303417,1,66,3,1,1,1,2,0,11.918397239722838,5,0,11.421150030586032
13815,10.929547069355774,12,11.704067376563522,1,75,3,1,0,1,3,0,12.491255347155265,5,0,14.558305154196182
13820,12.983103608918753,12,12.022518854887831,1,78,3,1,0,2,3,0,0.0,3,0,15.461280592509777
13825,10.081675578048475,9,13.26969613214558,1,58,3,1,1,1,2,0,14.205524238561358,3,0,11.183045451818261
13830,10.165890277802454,12,13.58950532324966,1,66,3,1,1,1,2,0,0.0,4,0,16.822479512885565
13835,8.839421607620602,8,10.451325058234776,1,61,2,1,0,1,1,0,11.091346218718432,5,0,8.839421607620602
13840,9.617204500998055,6,11.30306069379871,0,37,1,0,0,2,1,0,6.2166061010848646,5,1,9.617204500998055
13845,12.853178505386333,13,13.30453002573392,1,46,3,1,1,1,1,0,12.700771936142122,4,0,15.458383439908191
13850,7.601402334583733,10,11.028627743384128,1,35,2,0,4,1,1,0,12.6459424009624,4,0,11.097425172408931
13855,12.167856627501678,12,12.410514338077766,1,67,2,1,0,1,2,0,10.101354320665545,4,0,15.622569228617717
13860,13.771559715366624,8,14.57641283599154,1,67,2,1,2,1,3,0,11.110969193687714,4,0,14.544507873810469
13865,10.714439990727769,12,12.121364124132038,1,50,3,1,0,1,1,0,11.289794413577894,5,0,15.111743714275859
13870,12.429220196836383,12,12.097553606596385,1,80,3,1,0,2,3,0,0.0,2,0,14.962913328262083
13875,10.085850775128717,9,11.53944687502236,1,48,1,0,0,1,1,0,12.580738282084809,3,0,12.225880174775122
13880,10.066923561388053,13,12.769388274006692,1,34,3,1,1,1,1,0,13.405285639912268,2,0,11.29415981663893
13885,9.32375833901174,12,10.243692364956795,1,68,3,1,0,2,1,0,0.0,5,0,9.34145634983372
13890,12.232232473915767,14,12.293832522398864,1,56,2,1,0,1,1,0,10.691967639914864,1,0,13.752891260604631
13895,12.138869243416009,13,14.222619936784797,1,58,1,1,0,1,2,0,9.116139576577355,5,0,16.5368718389113
13900,2.4849066497880004,8,10.674462827538377,0,20,1,0,0,1,1,0,0.0,2,0,2.4849066497880004
13905,0.6931471805599453,11,11.580689440046534,0,25,2,0,2,1,1,0,9.883335864325275,4,1,0.6931471805599453
13910,14.837961845378985,13,14.704246151439541,1,75,3,1,0,1,3,0,0.0,2,0,17.248852425231885
13915,5.707110264748875,8,10.64914561257346,0,28,2,0,0,2,1,0,6.154858094016418,2,0,5.707110264748875
13920,8.052296499538647,8,10.31779779558084,0,59,1,0,1,2,3,0,8.31898612539206,5,0,8.052296499538647
13925,7.682943169878292,8,10.076644749570697,1,63,2,0,0,2,2,0,6.803505257608338,4,0,7.890208213109961
13930,11.620442653336701,9,12.035422182721987,1,54,3,0,2,1,1,0,0.0,1,0,13.600894295756472
13935,13.096021455450709,12,7.456141922718476,1,76,3,1,0,1,2,0,0.0,2,0,15.970871047063218
13940,5.303304908059076,9,11.30306069379871,0,54,1,0,0,2,1,0,10.258746494416974,5,1,10.315630315397533
13945,12.30592250537653,12,12.641555290644998,1,63,3,0,1,1,1,0,10.518700218288165,2,0,15.578699241701448
13950,5.707110264748875,12,11.721766808769676,0,46,2,0,0,1,1,0,13.028933628481127,4,0,8.922791623969637
13955,14.200773639026796,12,15.992559806406367,1,58,3,1,0,1,2,1,13.864301674514206,5,0,15.700456893755666
13960,7.783640596221253,10,10.897601753215403,0,45,1,1,1,2,1,0,0.0,4,0,11.629828113199304
13965,12.323860125621126,13,13.308127145933922,1,41,3,0,2,1,2,1,13.73755009757506,3,0,13.610944619216111
13970,11.649211809228195,14,12.823293389443144,0,38,3,1,0,1,1,0,10.165890277802454,2,0,14.457838542260706
13975,11.23850177707664,13,11.73915841150484,1,68,3,1,0,2,3,0,10.085850775128717,3,0,11.446796346169297
13980,5.017279836814924,9,8.945785322718192,0,19,1,0,0,2,4,0,10.407318772389159,2,0,5.017279836814924
13985,8.867990898182093,8,10.35288797609956,0,31,2,0,2,2,2,0,7.601402334583733,5,0,8.867990898182093
13990,8.682877107057168,14,14.27175259341547,1,68,3,1,0,1,2,0,13.815511557963774,5,0,16.3638536374351
13995,5.351858133476067,9,10.31779779558084,0,40,3,0,0,2,1,0,7.601402334583733,5,1,5.351858133476067
14000,15.798303662272449,8,15.595332786444873,1,80,2,1,0,1,2,0,0.0,4,0,16.133476851470277
14005,8.748463629942055,9,12.342150883607493,1,61,1,1,0,1,1,0,11.898194668458823,1,0,8.748463629942055
14010,7.00397413672268,12,9.236949422635218,0,45,2,0,0,2,2,0,9.69898173460629,3,1,7.00397413672268
14015,7.170888478512505,4,9.98133877479715,0,49,3,0,4,2,4,0,6.2166061010848646,5,0,7.170888478512505
14020,9.844851577051172,12,11.367598443988374,0,27,1,0,1,1,1,0,10.465414952351203,1,1,10.875421105875668
14025,17.04171946990702,5,15.952554476416541,1,68,2,1,1,2,2,0,15.704094363113787,2,0,17.930376459735253
14030,0.0,5,9.470543987306165,0,63,2,0,1,2,3,0,5.707110264748875,3,0,6.066108090103747
14035,9.928228944424575,12,14.561145371053444,1,73,3,1,0,1,2,0,14.508658238524095,1,0,17.04078590215788
14040,10.239995502805316,6,10.030126736355644,1,81,3,1,1,2,3,0,7.783640596221253,5,0,10.239995502805316
14045,6.398594934535208,6,11.234068703381137,0,57,2,0,1,1,2,0,11.49273296168228,5,0,6.398594934535208
14050,13.990724414798802,12,0.0,0,66,1,0,0,2,3,0,14.190517145872716,3,0,16.65992569175528
14055,11.330215832884798,13,12.318283507600151,1,61,3,1,1,1,1,0,12.432734002105624,5,0,13.136859794773024
14060,10.308985993422082,13,12.288869755813161,1,50,3,1,0,1,1,0,12.449022745701502,4,0,14.422555584429787
14065,12.211065162153215,13,12.857680640569662,1,63,3,1,0,1,3,0,9.305741456739435,1,0,15.524069742392772
14070,15.549111289666017,14,16.567464237287357,1,55,3,1,0,1,2,0,0.0,1,0,17.418587022875705
14075,10.34177474101152,12,12.874440766134532,1,58,3,1,2,1,1,0,13.108266481420335,2,0,14.999382996674376
14080,6.236369590203704,13,10.121094683881875,0,37,3,0,0,2,1,0,9.295692039075686,1,0,6.236369590203704
14085,8.922791623969637,13,11.805849271474132,1,63,3,1,1,1,1,0,12.111767460549332,3,0,14.362938662610555
14090,12.748399843328054,14,13.9189841725334,1,78,3,1,0,1,2,0,14.231223642393775,5,0,16.341159279078756
14095,12.994532278619134,13,14.328340033178229,1,81,3,1,0,1,3,0,0.0,2,0,16.921441668599144
14100,13.151924121391561,12,15.436613831666566,1,50,2,0,3,1,2,1,0.0,4,0,14.633659544934773
14105,8.754791763700032,7,11.09644927542817,1,27,1,0,1,1,1,0,12.274249851118789,3,0,10.786035340845325
14110,7.0909098220799835,8,9.818828007928495,1,68,3,1,2,2,3,0,7.601402334583733,3,0,7.0909098220799835
14115,10.92775337907558,13,11.329377681719818,1,58,3,0,0,1,2,0,13.106357971528935,2,0,11.12285622984002
14120,10.498222246109226,10,11.853101811967846,1,48,3,0,0,1,1,0,12.776772491986527,5,0,13.719276051101284
14125,13.838739661122574,12,12.462027667884662,1,63,0,1,0,1,3,0,9.61587214452889,5,0,14.614593538674185
14130,6.68586094706836,11,8.59518316934863,0,28,2,0,0,2,1,0,5.707110264748875,3,0,6.68586094706836
14135,6.90875477931522,10,10.076644749570697,0,71,1,1,0,2,3,0,0.0,5,0,6.90875477931522
14140,9.105090961257085,8,11.59073968241829,1,59,3,1,1,1,1,0,9.071193240566025,3,0,11.082157933374816
14145,7.496097345175956,8,11.428222385556161,0,54,2,0,2,1,1,0,7.650168700845001,2,0,10.158168529848494
14150,10.196194479235656,9,11.30306069379871,1,35,2,0,1,1,1,0,12.008237370904832,4,0,11.050905878263567
14155,11.461642696843066,12,11.329377681719818,1,58,1,0,0,1,3,0,13.081543466215237,4,0,14.343193888767015
14160,7.601402334583733,9,10.41957729248823,1,56,2,0,0,2,1,0,7.0909098220799835,2,0,11.571203807011969
14165,9.717218213494077,10,10.204473075038809,0,23,2,0,0,2,1,0,10.34177474101152,4,0,9.717218213494077
14170,10.571342565808699,8,9.550580764956187,1,77,2,1,1,1,2,0,12.314034275355535,4,0,10.571342565808699
14175,11.932300052847731,14,11.962300367785085,1,76,3,0,0,1,2,0,12.379189468444443,5,0,13.88232866636735
14180,13.631228280212675,14,13.704574516777681,1,74,3,1,0,1,2,0,15.646490900602007,3,0,17.540642405858016
14185,7.1785454837637,9,10.451325058234776,0,27,0,0,0,2,1,0,9.200391041122515,2,0,7.1785454837637
14190,9.169622538697624,8,11.686049021222916,0,30,3,0,0,2,1,0,0.0,2,0,9.169622538697624
14195,10.87806606028079,12,11.169150043732946,1,75,3,1,0,1,3,0,0.0,3,0,12.863595239117187
14200,10.373522431293592,8,10.87739942351305,1,54,3,1,0,2,1,0,12.345838935721968,4,0,13.184400648021263
14205,9.210440366976517,9,11.046019206267971,0,72,1,0,1,2,3,0,6.803505257608338,4,1,9.581972891547895
14210,10.12667110305036,12,12.620353152316724,0,39,3,0,0,1,1,0,12.971542813248437,3,0,13.060490101343552
14215,11.849404844423074,12,12.857680640569662,1,40,3,0,2,1,4,0,12.37581963951765,2,0,13.45883704259595
14220,9.169622538697624,12,11.234068703381137,0,32,3,1,0,1,1,0,10.515993929932415,2,0,9.169622538697624
14225,11.082311765329093,12,12.689345803522986,1,45,3,0,2,1,2,0,13.498057700804253,2,0,12.959870329924552
14230,7.8636512654486515,9,9.930047914868675,1,57,2,0,0,2,4,0,0.0,4,0,7.8636512654486515
14235,7.601402334583733,7,10.540934738927314,0,78,3,1,0,2,2,0,9.741027444837728,4,1,7.601402334583733
14240,9.305741456739435,8,11.066497414284099,1,74,2,1,1,2,3,0,11.415323661400773,4,0,13.188152990599754
14245,5.017279836814924,8,9.550580764956187,0,58,1,0,0,2,3,0,8.183397369998433,2,0,5.017279836814924
14250,9.417435838868785,13,11.528864869228297,0,35,2,1,0,2,1,0,7.696667081526462,2,0,9.417435838868785
14255,10.379752786950895,14,12.507024863496335,1,60,3,0,0,1,1,0,12.706850963741102,5,0,13.600088370051434
14260,7.244941546337007,12,9.818828007928495,0,80,2,1,0,2,3,0,6.2166061010848646,5,0,7.244941546337007
14265,7.696667081526462,7,10.897601753215403,1,34,3,0,1,1,2,1,13.617060838751888,5,0,7.696667081526462
14270,10.367253014814716,14,11.150688243680236,1,76,3,1,0,1,3,0,0.0,3,0,11.710143844404854
14275,7.313886831633462,12,11.813881383532228,1,35,2,1,2,1,1,0,12.60552303476121,5,0,11.16903981679311
14280,4.624972813284271,7,11.28963784015293,1,43,2,0,3,1,1,0,11.47180134148028,1,1,4.624972813284271
14285,10.308985993422082,13,10.121094683881875,1,76,3,1,0,2,3,0,0.0,3,0,10.348205424565993
14290,10.134638955251866,12,10.723251890363157,0,26,3,1,0,2,2,1,9.62185381861855,5,0,10.367253014814716
14295,9.770013301136158,13,12.332672181245634,1,33,3,0,1,1,1,0,13.592680707440826,4,0,10.221977646629885
14300,9.90353755128617,11,12.091511325881505,1,56,3,0,0,1,1,0,12.535379989788607,5,0,14.026582337760486
14305,15.063404836456911,12,18.75204207497493,1,66,3,1,0,1,1,0,16.73057498265135,3,0,19.367690773364878
14310,10.742918838113225,12,11.730500418141487,1,40,2,1,2,1,1,0,11.870606902224587,5,0,13.044728269135987
14315,7.824845691026856,9,11.248253152234346,1,32,3,0,3,1,1,0,12.178192583415596,4,1,9.259320994197804
14320,4.61512051684126,8,10.723251890363157,1,52,3,0,1,1,1,0,11.051699201695522,5,0,4.61512051684126
14325,15.76142084987672,8,12.820373687236241,1,65,3,1,0,1,3,0,0.0,1,0,16.349207451286784
14330,7.8636512654486515,12,8.59518316934863,0,49,2,0,2,1,1,0,0.0,5,0,7.8636512654486515
14335,7.170888478512505,9,8.777473893219948,0,39,3,0,0,1,1,0,8.517393171418904,1,1,7.170888478512505
14340,4.189654742026425,8,9.930047914868675,1,41,2,0,2,2,3,0,11.239816684367907,5,0,4.189654742026425
14345,9.68911789777328,8,12.138857187204595,1,55,3,1,0,1,1,0,11.898194668458823,5,0,13.331231112426837
14350,11.034905792929415,8,10.40331726083212,1,78,3,0,0,2,3,0,11.274680966120778,3,1,13.263864675787632
14355,9.90353755128617,8,0.0,1,52,3,0,1,2,4,0,13.629182184591333,5,0,13.572165574841936
14360,9.2213792190914,8,11.962300367785085,0,26,3,1,0,1,1,0,10.344995251991222,1,0,9.629774129311743
14365,11.661354090741,14,12.288869755813161,1,44,2,0,2,1,1,0,8.006700845440367,2,0,13.689948468775134
14370,7.074116816197362,5,12.379191996605552,1,47,2,1,2,1,1,0,13.173438548004615,2,0,10.347564213938401
14375,9.770013301136158,13,12.121364124132038,1,74,3,1,0,1,3,0,12.25486757159303,4,0,13.689267965948037
14380,11.555994532928862,12,12.620353152316724,1,46,3,1,2,1,1,0,13.156186859365983,4,0,13.386880706978143
14385,10.203629181337648,12,10.511947979456522,1,56,0,0,1,1,1,0,12.684481476888676,5,0,10.757924157061597
14390,11.167628403875849,14,13.730797682957562,1,41,3,1,3,1,1,0,13.76316513133229,4,0,12.973401545524444
14395,9.239996256883693,8,10.992910250981359,0,33,2,0,3,2,1,0,7.170888478512505,5,0,11.007103966325696
14400,3.044522437723423,8,11.063113369269185,0,46,1,0,1,2,1,0,9.599066156080049,1,1,9.91447694733573
14405,0.0,10,10.076644749570697,1,64,2,0,0,1,3,0,0.0,2,0,0.0
14410,5.442417710521793,8,10.451325058234776,0,29,2,0,0,1,1,0,9.62911649414402,1,1,5.442417710521793
14415,8.648396877031582,8,10.511947979456522,0,41,1,1,5,2,4,1,0.0,5,0,8.648396877031582
14420,8.006700845440367,8,10.386788464403516,0,28,1,1,1,1,2,0,8.984818995876008,1,0,8.006700845440367
14425,9.798182590890704,14,12.016004213152664,0,34,3,0,0,2,1,0,0.0,2,0,12.031725210748633
14430,9.674765972907856,12,11.428222385556161,1,43,2,1,1,1,1,0,0.0,5,0,10.817996698327853
14435,3.4339872044851463,4,11.079920226254767,0,49,1,0,0,2,4,0,0.0,2,0,3.4339872044851463
14440,9.575052927597383,14,10.540934738927314,0,60,3,0,0,2,3,0,9.810878720803466,3,0,11.837910547573129
14445,6.55250788703459,8,10.204473075038809,0,65,1,0,2,2,3,0,10.874285408908944,2,0,6.55250788703459
14450,15.68140315379158,13,16.428598454439907,1,70,3,1,0,1,2,0,0.0,2,0,17.233751896005575
14455,6.089044875446846,8,8.084480867798195,0,31,3,0,0,2,1,1,0.0,2,0,7.80016307039296
14460,7.601402334583733,12,11.28963784015293,1,51,3,0,1,2,1,0,10.229223792606835,4,0,12.138869243416009
14465,9.61587214452889,12,12.243060435545859,0,42,2,0,2,1,1,0,5.739792912179234,1,0,9.61587214452889
14470,4.624972813284271,7,10.569104881654322,0,68,2,1,0,1,3,0,9.200391041122515,5,0,4.624972813284271
14475,10.62135173563291,8,10.853023553314863,1,83,2,1,0,2,3,0,0.0,2,0,11.170449240431308
14480,10.859018228147887,14,12.572812368411256,1,64,2,1,0,1,1,0,9.798182590890704,4,0,14.28363805337103
14485,14.128129847234714,14,14.27175259341547,1,70,0,1,0,1,2,0,0.0,5,0,16.124773405046014
14490,8.24301946898925,8,10.386788464403516,0,68,0,1,0,2,3,0,0.0,5,0,8.24301946898925
14495,13.942144089954521,13,14.12442797925874,1,61,3,1,1,1,2,0,0.0,5,0,16.068380163809596
14500,8.074337694089515,10,10.569104881654322,0,32,2,0,0,1,2,0,9.210440366976517,2,0,8.191740021277457
14505,10.714439990727769,8,12.466203023190976,1,54,3,1,0,1,2,0,0.0,4,0,13.547632419997361
14510,13.342303402904738,13,11.781358436450864,1,84,3,1,0,1,3,0,12.154784614286667,4,0,14.524039332930691
14515,12.910236419965942,12,15.871554688184135,1,47,3,1,3,2,2,0,0.0,3,0,14.723942893363956
14520,10.32551474894327,12,16.099389818550065,1,66,3,1,0,1,1,0,0.0,4,0,17.777018743125428
14525,12.571066392083603,14,13.43286757376298,1,66,3,1,0,1,2,0,13.808486950076148,5,0,15.442415234434005
14530,7.346655163176539,12,10.16365262239305,0,29,2,0,0,2,1,0,10.587871447425917,5,0,10.58281467449521
14535,5.602118820879701,4,9.875983398597374,1,74,1,1,0,2,3,0,0.0,4,0,7.7279755421055585
14540,7.852050207265889,12,11.451478997511787,0,52,2,0,0,1,1,1,7.804251383528112,4,0,7.852050207265889
14545,10.854199034612414,11,10.936821754744528,1,54,2,0,0,2,1,1,11.127277689932466,5,0,12.820585085099477
14550,9.303921785597714,8,10.897601753215403,1,49,1,0,1,2,1,0,11.162388786133619,3,0,12.072432675582775
14555,6.957497370876951,8,10.511947979456522,0,37,1,0,3,1,1,0,10.50783084142058,1,0,9.743964132018151
14560,10.298935994257638,9,10.992910250981359,1,34,2,0,2,1,1,0,12.915341667991576,5,0,10.813780332606648
14565,11.695255355062795,12,11.912820634128884,1,58,3,1,0,1,1,0,0.0,5,0,13.49116588426581
14570,9.680406499268875,13,11.159961747859198,1,73,3,1,0,1,1,0,12.994532278619134,4,0,12.025755079404917
14575,9.259225769705994,12,12.286379105987118,1,64,3,1,2,1,3,0,13.002680788738946,3,1,14.265630944164467
14580,9.913487387114461,8,11.912820634128884,1,55,3,1,1,1,1,0,12.83878221803552,4,0,13.039418629549317
14585,11.808657548960143,12,13.699731897730945,1,55,3,1,2,1,2,0,13.574713343675166,5,0,14.969371790446086
14590,8.071218539969863,6,10.897601753215403,1,62,1,0,0,1,3,0,9.952325334619427,1,0,8.071218539969863
14595,11.991647230585656,12,13.89331644915111,0,26,3,1,0,2,1,0,0.0,4,0,14.558138616476908
14600,11.583393248239855,13,12.641555290644998,1,62,2,0,0,1,2,0,12.337105293891872,5,0,13.54015355220296
14605,15.606102846301647,13,18.378800877520376,1,80,3,1,0,1,2,1,10.778977123006351,5,0,19.83663827322671
14610,6.236369590203704,8,11.560280761065794,0,41,1,0,1,1,1,0,7.824445930877619,5,0,6.236369590203704
14615,5.831882477283517,8,11.159961747859198,0,30,1,0,1,1,4,0,5.707110264748875,4,1,5.831882477283517
14620,13.941262645103661,14,15.630266919658398,1,53,3,1,2,1,2,0,13.457407451830088,2,0,17.071258224160314
14625,6.2166061010848646,8,10.540934738927314,0,22,1,1,2,1,1,0,0.0,2,0,6.2166061010848646
14630,16.204273438942487,14,13.870047844031516,1,72,3,1,1,1,2,0,12.015220809132838,2,0,17.221363784341122
14635,13.522482219667573,10,14.050320063607717,0,43,3,1,2,1,2,0,10.62135173563291,5,0,14.262757839473378
14640,10.407318772389159,12,12.979523979460673,1,67,2,1,0,1,3,0,10.518700218288165,4,0,15.416636219159916
14645,11.326607934898927,12,11.975999125353795,1,38,2,1,2,1,1,0,13.035390545126388,4,0,12.206077645517674
14650,3.4339872044851463,12,10.204473075038809,0,67,1,0,0,1,3,0,0.0,3,0,3.4339872044851463
14655,5.303304908059076,4,9.550580764956187,0,69,3,0,0,2,3,0,0.0,5,0,5.303304908059076
14660,11.794345471549745,11,14.155680500138043,1,62,2,1,1,1,2,0,13.384729180332174,2,0,15.390874696996832
14665,0.0,8,10.204473075038809,0,42,1,0,0,1,1,0,0.0,2,0,0.0
14670,11.814517839013352,12,11.969173203349216,1,51,3,1,3,1,4,0,11.976665770490767,5,0,11.814517839013352
14675,7.855932199718614,12,10.835727530509162,1,61,3,1,1,1,3,0,0.0,4,0,10.391484575362098
14680,8.35490952835879,8,10.723251890363157,0,58,2,0,1,2,1,0,7.438971592395862,2,0,8.35490952835879
14685,9.210440366976517,12,9.98133877479715,0,29,2,0,0,2,1,0,10.526775414924009,4,0,9.568084743872936
14690,10.463131911491967,9,12.641555290644998,1,79,3,1,0,1,3,0,9.392745258631441,2,0,14.882976461514442
14695,6.90875477931522,10,10.16365262239305,1,84,0,0,0,2,3,0,0.0,5,0,10.239995502805316
14700,12.169880541506782,12,14.388012330009506,1,61,3,1,0,1,2,0,15.056779436051206,3,0,16.88188259280411
14705,6.398594934535208,8,10.540934738927314,0,27,2,0,0,2,1,0,5.442417710521793,2,0,6.398594934535208
14710,13.02805489573287,12,12.907141144989039,1,53,3,0,0,1,2,0,13.910821646859095,5,0,15.470304363250651
14715,11.345701365855424,12,6.50901550104779,1,76,3,1,0,1,2,0,0.0,4,0,12.365641477767022
14720,0.6931471805599453,8,10.992910250981359,1,32,2,0,2,1,1,0,11.967187086434018,5,1,0.6931471805599453
14725,4.2626798770413155,7,10.699154876036824,1,74,2,0,1,1,3,0,11.10045084755119,4,0,4.2626798770413155
14730,8.965845494750937,12,11.496429917961313,1,55,3,0,1,2,1,0,12.552498749066196,5,0,10.429132820900398
14735,9.99884318585288,8,11.883406949070103,1,80,3,1,1,1,3,0,11.608244735642321,5,0,12.283038316285214
14740,9.62251624577579,11,11.686049021222916,1,48,3,0,0,1,1,0,10.985309671896763,4,0,12.095705171506136
14745,9.99884318585288,14,13.03293461120971,1,57,3,1,0,1,1,0,14.198730738788145,5,0,15.255819744244945
14750,10.920546270529568,12,13.334700853838951,1,54,3,0,1,1,1,0,14.736192036387353,2,1,15.421803730884253
14755,11.050985238934048,12,11.112709551691127,1,44,1,1,2,2,1,0,0.0,5,0,11.050985238934048
14760,14.261606282281033,8,16.493780583186936,1,55,3,1,4,1,1,0,15.512959530871255,3,0,17.501741532951588
14765,11.98294159413784,13,13.219972784794315,1,55,3,1,1,1,1,0,12.948012371209098,5,0,13.986098544879027
14770,12.088420226343088,14,14.155680500138043,1,52,3,1,4,1,1,0,12.807655372286902,3,0,15.607928310476337
14775,7.259116128097101,13,11.190266672490848,0,51,3,0,0,2,1,0,12.051761119434515,3,1,9.54831148472113
14780,10.645448706505872,12,12.507024863496335,1,78,3,1,0,1,3,0,0.0,4,0,15.088636500933696
14785,11.813037464800539,12,12.662317215651642,1,58,2,1,0,1,1,0,12.429220196836383,4,0,13.340696979437066
14790,13.984832146818697,12,10.623170750425082,1,70,3,1,0,1,3,0,0.0,4,0,14.32142474032354
14795,12.167077107023179,14,14.556003974015919,1,46,3,1,3,1,1,0,14.187074804051692,5,0,14.474558408671035
14800,5.303304908059076,4,9.550580764956187,1,30,2,0,0,2,1,0,0.0,3,0,5.303304908059076
14805,9.48044384215367,8,11.560280761065794,0,30,2,1,2,1,1,0,8.0774471493312,2,1,9.48044384215367
14810,9.105090961257085,9,11.560280761065794,1,64,2,0,1,1,2,0,12.033509321931893,1,0,9.105090961257085
14815,5.993961427306569,8,9.69367212060944,0,21,2,0,0,2,4,0,3.9318256327243257,1,1,5.993961427306569
14820,8.722742874329398,12,12.478625495596154,1,64,3,1,2,1,1,0,12.506180941677357,5,0,13.197732411228294
14825,9.923878242183862,10,11.658397725704077,1,39,3,1,2,1,2,0,12.657151449598695,1,0,13.065606765184238
14830,9.911009193934975,10,11.600689921732425,1,45,1,1,1,1,1,0,12.876465396508989,5,0,9.911009193934975
14835,11.678448377988165,12,12.65888669142232,1,66,3,1,0,1,2,0,12.524530013005734,4,0,14.28426403109039
14840,10.043292972227004,12,10.85678052964002,0,37,1,1,0,2,1,0,0.0,3,0,12.107913912447533
14845,6.311734809152915,8,11.20508155522288,1,57,2,0,3,1,1,0,12.30592250537653,5,1,6.311734809152915
14850,10.344995251991222,12,11.969173203349216,1,64,3,1,0,1,1,0,10.896757843893464,4,0,13.765375539884076
14855,8.612685172875459,12,11.485380194730258,1,43,3,0,0,1,1,0,13.08408190302818,2,0,12.326079872504838
14860,12.056998226329707,12,12.53074130337499,1,30,3,1,0,1,1,1,13.775938823210119,3,0,13.894599888241048
14865,9.683526431913219,8,11.30306069379871,1,54,3,0,0,1,1,0,11.139264209905594,5,0,11.098182449881282
14870,13.482414017264977,13,14.867875513171883,1,54,3,1,1,1,1,0,0.0,3,0,16.125260025428467
14875,9.546884034617925,8,11.30306069379871,1,56,3,0,0,1,1,1,8.987321812850125,1,0,12.914110901635024
14880,11.211833885608513,12,10.35288797609956,1,57,2,0,0,2,1,0,0.0,5,0,11.211833885608513
14885,13.390864159490155,14,13.942106569283686,1,72,1,1,0,1,2,1,0.0,2,0,16.002460419618032
14890,7.901377353792616,13,11.439918298765717,0,34,1,0,0,2,1,0,9.392745258631441,5,0,10.192456296870509
14895,10.55323128448846,8,10.936821754744528,1,67,1,1,0,1,3,0,12.357767455032214,5,0,10.55323128448846
14900,10.597908920973804,8,10.623170750425082,1,51,3,0,2,1,1,0,11.48247656671073,2,1,10.737504756974277
14905,9.531771484474337,12,10.540934738927314,1,44,3,0,0,2,4,0,12.388523360649499,2,0,9.531771484474337
14910,12.765691290604371,14,13.744816588981049,1,68,3,1,0,1,2,0,8.699681400989514,4,0,17.120564115770776
14915,5.860786223465865,11,11.580689440046534,0,51,2,1,1,1,1,0,10.933124826700707,3,0,9.24483841238375
14920,6.55250788703459,9,9.75820678716859,0,57,1,0,0,2,1,0,0.0,5,0,6.55250788703459
14925,7.313886831633462,9,10.540934738927314,1,45,3,0,0,2,2,0,0.0,4,0,7.313886831633462
14930,14.580978865220017,14,14.864094791632152,1,60,3,1,0,1,2,0,0.0,5,0,18.80216732461733
14935,9.90353755128617,13,11.934326696707894,1,81,2,1,0,1,3,0,12.380030154325457,3,0,12.688501881189456
14940,5.993961427306569,11,10.723251890363157,1,67,3,1,0,2,3,0,11.74006900564972,5,0,9.798182590890704
14945,9.860110212566559,8,10.482095840823943,1,27,1,0,2,2,1,0,12.250572667806054,3,1,9.860110212566559
14950,10.971657815702502,11,10.076644749570697,1,37,3,1,2,2,1,1,9.472781556562168,4,0,10.971657815702502
14955,6.218600119691729,2,10.723251890363157,0,39,2,0,2,1,1,0,6.660575149839686,4,1,6.218600119691729
14960,8.006700845440367,4,10.030126736355644,0,59,1,0,1,2,1,0,4.61512051684126,5,0,9.105090961257085
14965,6.2166061010848646,8,10.386788464403516,0,39,3,0,4,1,1,0,0.0,1,0,6.2166061010848646
14970,8.343077871169383,7,10.569104881654322,1,59,3,1,1,1,3,0,12.346708119309138,5,0,8.343077871169383
14975,10.156228740289281,8,10.35288797609956,1,65,2,0,0,2,1,0,10.880892198268548,5,1,10.156228740289281
14980,8.556606193773073,9,10.992910250981359,0,33,3,1,0,2,1,0,9.179984251961283,5,0,10.025749432069084
14985,0.6931471805599453,8,10.64914561257346,0,32,2,0,0,1,1,0,0.0,4,0,0.6931471805599453
14990,11.39302644219128,12,9.908771563528584,1,83,3,0,0,1,3,0,0.0,5,0,12.07083122020422
14995,7.00397413672268,8,10.540934738927314,0,57,3,1,0,2,1,0,6.398594934535208,4,0,10.841559345471941
15000,11.7068543948059,12,12.232589186385791,1,41,3,1,2,1,1,0,12.570719231334277,3,0,12.113962839063479
15005,9.90358754753646,12,10.897601753215403,1,43,2,0,3,1,1,0,12.117246896289503,2,0,9.90358754753646
15010,10.329767847024877,8,13.346864320469379,1,64,2,1,0,1,2,0,10.32551474894327,4,1,14.659501958031322
15015,12.754196944209095,13,11.518169685974078,1,63,1,1,0,2,3,0,11.855741820757956,5,0,14.216968314018718
15020,8.517393171418904,13,11.41638805747596,1,70,3,1,0,1,3,0,9.97119292889014,2,0,13.208542908506082
15025,0.6931471805599453,7,10.511947979456522,0,37,2,0,1,1,1,0,8.517393171418904,4,1,6.400257445308821
15030,7.601402334583733,13,12.232589186385791,1,67,3,1,0,1,1,1,6.274762021241939,3,0,15.822650322261177
15035,10.007892611890918,8,12.379191996605552,1,71,2,1,0,1,1,0,0.0,2,0,14.614458607212416
15040,8.748463629942055,12,12.849194048905238,1,67,2,1,0,1,3,0,8.699681400989514,2,0,12.03706802344148
15045,10.236417809461043,12,11.367598443988374,0,33,3,0,0,2,1,0,9.546884034617925,2,0,10.734242182303689
15050,3.9318256327243257,10,10.030126736355644,1,61,3,0,0,1,3,0,10.614007941153417,4,0,3.9318256327243257
15055,17.29665836611911,13,18.22536380108041,1,68,3,1,0,1,2,0,0.0,2,0,17.998003365973485
15060,0.0,7,10.569104881654322,0,26,1,0,4,2,2,1,0.0,3,0,0.0
15065,10.463131911491967,9,11.883406949070103,1,74,3,1,0,2,3,0,8.24301946898925,1,0,13.844098986633012
15070,7.313886831633462,1,10.87739942351305,1,69,1,0,1,2,1,0,12.361155747659474,2,0,7.313886831633462
15075,10.819798284210286,4,11.079920226254767,1,62,2,0,0,1,2,0,10.645448706505872,2,0,10.819798284210286
15080,5.993961427306569,9,9.6246836542707,0,67,2,1,0,2,3,0,6.90875477931522,5,1,5.993961427306569
15085,11.314608663591038,10,10.511947979456522,1,86,1,0,0,2,3,0,0.0,3,0,11.744124483710355
15090,15.418870235297273,14,15.861825634231277,1,63,2,1,1,1,2,0,15.955576839107596,5,0,17.48619297063894
15095,8.699681400989514,13,11.367598443988374,1,69,3,1,0,1,3,0,12.793862088206213,4,0,13.841179279371246
15100,7.601402334583733,8,10.451325058234776,0,68,2,0,0,2,2,0,10.310983929553371,3,1,7.601402334583733
15105,9.490317840042412,12,11.649008066953392,1,46,2,1,1,1,1,0,12.109016442313738,4,0,12.546931674663233
15110,8.423102268016642,12,10.792243293398966,0,25,3,1,0,2,1,0,8.006700845440367,2,0,9.11063052782717
15115,0.0,10,7.774438037411996,0,45,0,1,0,2,3,0,0.0,5,0,0.0
15120,10.491301994830229,10,11.829754616082079,1,42,3,0,5,2,1,0,12.425212191503038,5,0,11.577785809317154
15125,9.764857469366598,12,11.560280761065794,1,49,3,1,1,2,1,0,12.60216395655763,5,0,9.764857469366598
15130,8.594339400592892,13,11.128709656194046,1,52,3,0,0,2,1,0,10.168962358863777,4,0,12.917553237361913
15135,9.928228944424575,12,12.379191996605552,1,60,2,1,4,1,3,0,9.472781556562168,2,0,13.892935380426104
15140,12.959846800844963,13,14.770865812294579,1,92,0,1,0,2,3,1,0.0,5,0,17.934954170494947
15145,8.006700845440367,8,12.035422182721987,0,18,1,1,0,1,1,0,0.0,4,0,10.090008612393838
15150,5.993961427306569,10,10.974561423798537,1,71,2,0,0,1,3,0,12.128116509451258,5,0,5.993961427306569
15155,8.987321812850125,13,10.669450401930089,1,64,2,0,0,2,2,0,0.0,5,0,13.650637094018627
15160,7.67368812926773,8,12.085432314014094,1,62,3,0,1,1,1,0,11.000448478455008,4,0,13.467584374625925
15165,9.268703615273097,8,10.835727530509162,1,67,3,1,1,1,3,0,10.62135173563291,4,0,14.159526412674156
15170,6.175867270105761,8,10.204473075038809,0,23,3,1,0,2,1,0,6.621405651764134,3,0,6.175867270105761
15175,12.861001210669146,12,13.348589943692108,0,70,3,1,0,1,2,0,0.0,4,0,15.691151664429725
15180,11.650955473631058,13,12.474501794120155,1,59,3,1,2,1,2,0,12.07254696717504,5,0,16.074676641278224
15185,8.476579508530941,9,10.281431375093115,1,77,2,1,0,2,1,0,10.596659732783579,4,0,8.476579508530941
15190,13.85952840031839,14,13.575862564073606,1,67,3,1,0,1,2,0,13.038983942375959,1,0,16.71775604332461
15195,8.294299608857235,12,11.010928456106528,0,23,2,0,0,2,1,0,10.651146592342338,5,0,8.294299608857235
15200,8.412054873292933,12,12.12722921174015,0,87,3,1,0,1,3,0,6.621405651764134,2,0,13.442272049582616
15205,11.320565693461432,14,13.121127138635973,0,59,3,0,0,1,2,0,12.123239799036943,2,0,11.8879382384223
15210,11.51293546492023,8,11.496429917961313,1,67,2,1,0,1,3,0,9.692828247710418,5,1,12.703816069256568
15215,8.188966863648876,7,10.540934738927314,1,32,2,1,0,1,1,0,12.404927602627597,5,0,8.188966863648876
15220,7.714677473800927,9,11.496429917961313,1,56,3,0,0,1,2,0,12.234178937077944,5,0,12.284148805430942
15225,13.034626646500051,12,12.511016870046026,1,37,1,1,1,1,1,0,11.790564777297387,4,0,14.057672900043293
15230,6.311734809152915,8,11.649008066953392,1,46,0,0,3,1,1,0,12.58262717458807,4,0,6.311734809152915
15235,9.723223876851618,8,11.428222385556161,0,22,2,0,0,1,2,0,8.77971129020447,1,0,9.985113621416073
15240,7.496097345175956,4,10.076644749570697,1,57,3,0,0,2,3,0,11.612779849672751,5,1,9.989711119284745
15245,12.180759965737863,14,12.237838516809799,1,77,2,1,0,1,3,0,0.0,4,0,15.433908409985882
15250,11.599112335481124,8,12.576550677614923,1,65,3,1,0,1,3,0,9.472781556562168,4,0,14.087825914899266
15255,11.127277689932466,12,12.784655702984017,0,40,3,1,1,1,1,0,8.987321812850125,4,0,12.945628585536271
15260,10.803669227477098,8,10.974561423798537,1,85,2,1,0,1,3,0,6.90875477931522,4,0,10.803669227477098
15265,11.608244735642321,12,13.87921753793605,1,42,3,1,0,1,2,0,13.329379172803593,5,0,11.775297421715827
15270,6.883462586413092,10,11.41638805747596,0,32,2,0,2,1,1,0,10.14960516741016,2,1,6.883462586413092
15275,10.530788690858559,12,10.897601753215403,1,45,2,0,1,1,1,0,10.003378135350923,4,0,12.377716565381329
15280,8.899867211223587,12,11.59073968241829,1,60,3,1,1,1,2,0,13.311331132544721,5,0,14.714586359564494
15285,11.561725152903833,14,11.883406949070103,1,61,3,1,0,1,4,0,11.775297421715827,3,0,13.832368658314383
15290,10.736418414365376,13,10.076644749570697,1,73,3,1,0,1,2,0,0.0,5,0,12.413090879946887
15295,13.104201443434462,14,14.821535192449597,1,43,3,1,4,1,2,0,14.50915811331587,5,0,14.93555845361667
15300,4.189654742026425,10,9.98133877479715,0,58,2,0,0,1,3,0,9.952325334619427,5,0,4.189654742026425
15305,19.405228080068586,9,15.77278071494253,1,80,3,1,4,1,2,1,0.0,2,0,19.941396728511215
15310,11.87743662540826,8,12.17852223565681,1,49,1,1,3,1,1,0,13.144126826131089,1,0,13.340664824630965
15315,6.90875477931522,12,11.730500418141487,0,31,1,0,0,1,1,0,11.80560254159177,3,0,10.2328272702548
15320,11.156264806643742,13,12.753884131943826,1,74,1,1,0,2,3,0,0.0,5,0,14.760116989651124
15325,14.212305522096926,12,14.441437467320547,1,57,3,1,2,1,2,0,0.0,3,0,16.83335411534437
15330,10.16203685698089,9,11.797752121925635,1,52,3,1,0,1,1,0,11.760027701079096,4,0,12.582455604446345
15335,11.002116507732017,12,12.44514969600265,1,66,3,1,0,1,1,0,12.679199517372098,2,0,15.363073279446223
15340,6.647688373563329,1,9.6246836542707,1,87,1,0,0,2,3,0,0.0,2,0,6.647688373563329
15345,8.31898612539206,9,11.620298215285262,1,64,2,1,0,1,2,0,12.040201043277213,5,0,9.220389707829185
15350,10.254179634797001,8,11.815480093038081,1,87,3,1,0,1,3,0,0.0,3,0,13.95475149507454
15355,10.725489582719506,13,12.161715204458655,1,76,3,1,0,1,3,0,13.181765605342877,3,0,13.75947022472155
15360,4.61512051684126,7,12.507024863496335,0,60,3,0,0,2,1,0,9.741027444837728,5,0,7.783640596221253
15365,13.601699572468275,12,13.45790796946777,1,67,3,1,0,1,1,0,10.12667110305036,5,0,16.425028801572193
15370,3.4657359027997265,11,11.428222385556161,0,51,3,0,0,2,1,0,10.946957041707028,2,1,9.549095714611964
15375,7.8636512654486515,12,11.262239213240827,1,31,3,1,1,1,1,0,10.239995502805316,2,0,9.908524844053396
15380,6.175867270105761,13,10.674462827538377,0,46,3,0,1,2,4,0,11.409241321193345,5,1,6.175867270105761
15385,7.313886831633462,10,10.540934738927314,1,49,1,0,1,2,1,0,12.480673277818179,5,0,7.313886831633462
15390,8.366602832783736,6,9.69367212060944,0,55,2,0,0,2,3,0,6.976348070447749,1,0,10.698762529141884
15395,14.414347608503377,13,14.108427649734772,1,58,3,1,1,1,2,1,13.652992804936396,3,0,16.0723659039313
15400,10.714439990727769,12,12.453624289743354,1,49,3,0,0,1,2,0,12.98425237148331,4,0,12.37581963951765
15405,11.798111925972618,13,14.668043117930518,1,67,3,1,1,1,2,0,0.0,4,0,17.33623762677637
15410,7.741099090035366,14,10.16365262239305,0,76,1,1,0,2,3,0,0.0,4,0,7.741099090035366
15415,9.680406499268875,14,12.753884131943826,1,52,3,0,2,1,1,0,13.406038934481533,5,0,11.769124610238766
15420,9.472781556562168,13,11.920040833915293,0,46,1,0,0,2,1,0,12.718300286011257,4,0,12.170450649220749
15425,10.859018228147887,13,14.713095763104883,1,56,2,1,0,1,2,0,12.323860125621126,4,0,15.352808007581976
15430,9.787571522938785,9,11.219680157476482,1,32,3,1,2,1,1,0,12.08232749674707,5,0,11.969153393456148
15435,6.803505257608338,8,9.288237848223762,1,52,3,0,1,1,2,0,0.0,3,0,6.803505257608338
15440,6.90875477931522,9,10.74678187553037,0,43,2,0,0,2,4,0,10.819798284210286,1,0,10.62135173563291
15445,7.67368812926773,8,10.41957729248823,1,49,3,1,2,1,1,0,11.525851561856362,4,0,7.67368812926773
15450,13.289911340089665,12,12.70587505492555,1,74,2,1,0,1,2,0,0.0,5,0,15.017641967963812
15455,8.699681400989514,8,11.797752121925635,1,53,2,0,1,1,1,0,12.387147592295292,3,0,10.491301994830229
15460,14.01763555904754,13,17.189892890823476,1,70,3,1,0,1,1,0,17.836746666296524,2,0,19.195020744399322
15465,10.041116787524166,8,11.010928456106528,0,32,1,1,1,1,1,0,7.601402334583733,2,0,11.719541180998819
15470,10.668978650219241,8,11.046019206267971,1,84,2,1,0,2,3,0,0.0,4,0,12.479913113434042
15475,16.56796041013461,12,15.780385313260183,1,74,3,1,0,1,2,0,0.0,5,0,17.223716687537515
15480,8.853808274977197,9,10.992910250981359,0,40,2,1,0,2,1,0,9.358846580275406,4,0,8.853808274977197
15485,13.194127605133582,14,15.027938547702956,1,48,0,1,4,1,2,0,14.775856834794995,2,0,15.690108975584442
15490,10.12667110305036,8,12.59869172789388,1,52,3,1,3,1,2,0,12.53897064502647,1,0,10.12667110305036
15495,8.160803920954665,13,10.281431375093115,0,32,2,0,1,1,1,0,5.442417710521793,4,0,8.160803920954665
15500,9.210440366976517,11,8.931602548935768,1,59,3,0,0,2,2,0,11.381688580803818,2,1,9.210440366976517
15505,12.429220196836383,8,12.486822231693765,0,66,3,0,0,2,1,0,0.0,1,0,13.591117476312084
15510,12.296831574998258,13,11.079920226254767,1,30,2,1,0,2,2,0,11.407576060361786,4,0,12.660331092405906
15515,7.0909098220799835,10,10.31779779558084,0,46,1,0,2,2,1,0,7.937731775260109,5,0,7.0909098220799835
15520,11.700242855114809,12,14.178495161915647,1,67,3,1,0,1,3,0,15.208780781082725,5,0,18.893795783985453
15525,9.239996256883693,8,11.92720927582913,1,39,3,0,3,1,1,0,12.903712220160273,3,0,9.239996256883693
15530,10.308985993422082,12,13.997676372797747,1,60,3,1,0,1,2,0,13.304686600863562,2,0,16.059406760654173
15535,12.775075663798933,12,13.265957816512048,1,72,2,1,0,1,3,0,0.0,2,1,15.444221741924233
15540,11.45318607621936,9,12.874440766134532,1,42,3,1,2,1,1,0,12.037659911047468,1,0,14.019431329838039
15545,8.987321812850125,12,10.814221753204105,0,50,2,0,0,1,1,0,0.0,5,1,8.987321812850125
15550,13.279368835614243,9,12.949141966951167,1,56,3,1,0,1,1,0,13.459408307148383,5,0,15.040902623306105
15555,12.25486757159303,12,14.345664806587388,1,80,3,0,0,1,3,0,13.955273369904273,4,0,17.01050348333596
15560,7.550661243105336,8,10.386788464403516,1,81,3,0,0,1,3,0,0.0,5,0,7.550661243105336
15565,10.454523783963511,14,12.410514338077766,1,58,2,1,0,1,1,0,12.037659911047468,3,0,10.454523783963511
15570,9.642187721358466,13,11.443400563205264,1,73,2,1,0,2,3,0,9.90353755128617,4,0,10.529452721013085
15575,11.264476926102367,14,12.041811943026103,1,60,3,1,2,1,3,1,11.728044909070785,2,0,13.228525371792253
15580,13.925262317980339,13,14.663424174063584,1,59,3,1,0,1,1,0,0.0,4,0,15.705303918566736
15585,11.034905792929415,13,13.997676372797747,1,50,3,0,2,1,1,0,13.723396365547096,2,0,14.796465178117211
15590,12.688501881189456,14,13.311711373223684,1,58,3,1,0,2,1,0,0.0,5,0,15.85139211545707
15595,12.483708170000067,12,13.468210190932245,1,66,2,1,0,1,2,0,0.0,5,0,15.531468493567473
15600,6.90875477931522,9,10.31779779558084,0,26,2,0,0,2,1,0,9.852246888342531,2,0,6.90875477931522
15605,8.798001694924846,12,10.204473075038809,0,30,0,0,0,2,1,0,11.649211809228195,1,0,8.884748726451182
15610,3.9318256327243257,8,10.030126736355644,0,43,1,0,2,2,2,0,8.0959035329611,4,0,3.9318256327243257
15615,11.277215789596893,13,11.41638805747596,1,83,2,1,0,1,3,0,13.12834743715147,4,0,12.095146671399466
15620,12.190659470477538,12,12.587682479766201,1,59,3,1,1,1,1,0,9.210440366976517,4,0,14.760482425489906
15625,9.588845298501564,12,11.672318944729454,1,75,3,1,0,1,1,0,12.100717685412471,5,0,13.302350544963991
15630,11.849404844423074,12,13.338191253131459,1,52,2,1,1,1,2,1,12.611541086966115,5,0,13.372345140303285
15635,6.447305862541213,9,9.550580764956187,0,29,2,0,2,2,4,0,8.748463629942055,1,1,6.447305862541213
15640,8.006700845440367,9,11.853101811967846,1,58,2,0,1,1,1,0,12.413090879946887,2,0,13.023649611968253
15645,6.836259277277067,9,10.623170750425082,0,45,3,0,0,2,3,0,9.952325334619427,4,1,6.836259277277067
15650,11.775297421715827,13,12.419286288567474,1,65,3,1,0,2,2,1,11.951186847493476,5,0,15.507449876072164
15655,9.568084743872936,12,11.989512759998888,1,57,3,0,1,1,1,0,11.992266613576142,4,0,13.0543007873571
15660,12.206077645517674,14,13.339931894816434,0,61,3,0,0,1,1,0,0.0,5,0,14.580978865220017
15665,9.296609807128359,12,12.546245434332967,0,34,3,1,0,2,1,0,6.398594934535208,2,0,14.322870784170117
15670,8.27664912542186,12,10.936821754744528,1,35,3,0,4,1,1,0,12.16982869741233,3,0,11.274680966120778
15675,10.12667110305036,8,11.404411999129266,1,29,2,1,1,1,1,0,11.775297421715827,4,0,11.314486721293981
15680,11.356283350762888,12,13.116788745738386,1,60,3,1,1,1,2,0,11.06665398721974,2,0,15.901865770051957
15685,11.724409305273115,10,12.410514338077766,1,72,3,1,0,1,3,0,0.0,2,0,13.744606217927608
15690,4.624972813284271,9,10.974561423798537,0,32,2,0,3,2,1,0,10.6782377612977,4,0,4.624972813284271
15695,12.706850963741102,13,11.518169685974078,1,79,3,1,0,2,3,0,0.0,4,0,15.22893382978139
15700,5.0238805208462765,8,10.74678187553037,0,37,2,0,0,1,1,0,7.313886831633462,5,0,9.225426009394223
15705,8.517393171418904,12,10.87739942351305,0,23,3,1,0,2,1,0,10.138599199626192,2,0,10.275085591132715
15710,12.45293662970407,14,12.899065751096177,1,78,3,1,0,1,3,0,12.847929163278053,4,0,15.769601580803005
15715,11.251573687764477,14,12.507024863496335,0,32,3,1,2,1,1,1,12.019749091416921,4,0,12.901719200051183
15720,10.463131911491967,12,12.534639929751958,1,55,3,1,0,1,1,0,11.552155793461898,2,0,14.101441848691767
15725,10.633496897828639,13,11.128709656194046,1,73,2,0,0,1,3,0,13.460264592549233,5,0,10.633496897828639
15730,10.896757843893464,3,11.010928456106528,1,58,2,1,2,1,1,0,12.308092086007079,4,0,12.429220196836383
15735,6.311734809152915,8,11.620298215285262,1,64,2,0,0,1,1,0,11.161962746590705,4,0,14.55771024923017
15740,10.199918739620157,10,12.298770781461648,1,52,3,1,0,1,1,0,12.226370248344972,4,0,12.354065835437861
15745,11.112462823634855,13,14.178495161915647,1,76,2,1,1,1,3,0,13.592368256649284,2,0,16.000100205244518
15750,7.593877844605118,12,11.639529406064158,0,40,3,0,2,1,1,0,11.740706247687838,2,1,11.743926068649207
15755,12.879019669789754,13,15.410638350452938,1,72,3,1,0,1,2,0,0.0,3,0,18.49914067045762
15760,13.865253601333421,12,15.445124519650172,1,58,3,1,1,1,2,0,14.044239283117017,2,0,16.5583486489395
15765,10.950824090522445,12,11.255270633776112,1,85,2,1,0,1,3,0,11.753287916473692,1,0,11.626263078808801
15770,8.294299608857235,13,11.262239213240827,1,34,2,0,0,2,1,0,11.934139242546483,5,0,8.294299608857235
15775,9.61587214452889,12,11.355019808159389,0,39,3,0,4,1,2,0,7.438971592395862,1,0,9.61587214452889
15780,4.61512051684126,6,9.236949422635218,0,70,2,0,0,2,3,0,0.0,3,0,4.61512051684126
15785,10.811766273800105,12,12.722135526879281,1,42,3,1,1,1,1,1,12.608202196848836,4,0,14.517419739831052
15790,9.825580063659602,9,12.56529356217316,1,50,3,1,1,1,1,0,10.87806606028079,3,0,14.725662888342013
15795,10.736418414365376,13,12.17852223565681,1,55,3,1,2,1,4,0,12.359227115018937,5,0,12.531776395271262
15800,10.993748398115178,13,10.281431375093115,1,72,3,1,0,2,3,0,0.0,5,0,14.08515670657986
15805,5.993961427306569,7,10.835727530509162,0,30,3,0,0,2,1,0,10.938467575959383,5,0,5.993961427306569
15810,9.392745258631441,13,10.769770904774587,0,77,3,1,0,1,3,0,0.0,4,0,11.626263078808801
15815,16.436913025041644,13,14.912163178235943,1,84,3,1,0,1,3,0,0.0,4,0,17.75629595149302
15820,13.415034483903348,13,11.629960039799675,1,58,2,0,0,1,1,0,6.2166061010848646,5,0,13.467371932904971
15825,11.302216779257382,13,12.486822231693765,1,58,2,1,0,2,1,0,12.983103608918753,2,0,11.302216779257382
15830,13.12834743715147,13,12.616775342823493,1,74,2,1,0,1,1,0,0.0,2,0,14.770637698386924
15835,10.13344781717726,8,11.276032359350232,1,37,2,0,2,1,3,0,12.28765724080691,5,0,10.862282063937007
15840,7.259116128097101,12,10.243692364956795,0,42,3,0,0,2,1,0,11.814369900170998,3,0,7.259116128097101
15845,11.588042213851855,8,11.580689440046534,1,66,1,1,0,2,3,0,0.0,2,0,13.014334861352134
15850,11.461642696843066,12,12.47036101733073,0,28,3,0,0,1,2,0,0.0,1,0,13.114333221834064
15855,7.824445930877619,12,11.079920226254767,0,25,3,0,0,2,4,0,10.515993929932415,5,0,10.389026137075234
15860,9.518266150905006,11,11.367598443988374,1,43,2,0,3,1,1,0,12.329621250524813,2,1,12.286758223441428
15865,9.581972891547895,8,11.046019206267971,1,79,1,1,0,1,3,0,12.149507585033072,3,0,12.119975396053194
15870,7.384610383176974,9,10.814221753204105,0,46,1,0,0,2,1,0,0.0,4,0,8.191740021277457
15875,3.4339872044851463,12,10.41957729248823,0,70,2,0,0,1,1,0,9.438352054687252,5,1,4.394449154672439
15880,8.962007209588313,9,11.159961747859198,1,58,2,1,0,1,1,0,11.736077016252437,5,0,9.614538010517382
15885,6.111467339502679,10,9.69367212060944,0,66,1,0,0,2,3,0,6.90875477931522,5,1,6.111467339502679
15890,9.680406499268875,13,12.645045684334335,1,49,3,1,2,1,1,0,9.210440366976517,3,0,13.831384891372048
15895,8.071218539969863,10,11.380020821211883,1,53,3,0,0,2,1,0,12.166296978418426,5,0,9.059633754551479
15900,9.667195436466644,12,10.540934738927314,1,69,3,1,0,2,3,0,8.006700845440367,4,0,12.90741366471858
15905,12.920741563105357,9,11.496429917961313,1,72,2,0,0,1,3,0,0.0,4,0,13.569228872731438
15910,14.072940360281223,12,14.61115576850123,1,36,1,0,3,1,2,0,11.418625774449596,2,0,14.312400124411747
15915,0.6931471805599453,1,11.316305758236654,0,61,1,0,0,1,1,0,0.0,1,0,0.6931471805599453
15920,6.066108090103747,2,9.69367212060944,0,78,2,0,0,1,3,0,0.0,3,0,6.066108090103747
15925,11.813037464800539,14,12.418412548028979,1,74,3,1,0,1,3,0,0.0,5,0,14.731001369987837
15930,9.465060106725137,12,11.079920226254767,1,61,3,1,0,1,3,0,4.795790545596741,5,0,13.525025895256015
15935,11.002116507732017,13,12.303684773907628,1,47,3,0,1,1,1,0,12.421188057397055,3,0,12.652042897966872
15940,9.741027444837728,14,12.17852223565681,1,50,3,0,1,1,1,0,12.283038316285214,4,0,13.681980308196241
15945,8.294299608857235,13,11.962300367785085,1,51,2,1,0,1,1,0,10.663147865904188,3,0,12.535379989788607
15950,10.729875458480967,12,12.44939597018852,1,35,3,1,2,1,1,0,13.005831808336863,4,0,13.236943065595103
15955,6.478509642208569,13,10.814221753204105,0,47,1,0,0,2,1,0,11.174665631549477,5,0,9.273409063443166
15960,6.2166061010848646,12,10.204473075038809,0,60,3,0,0,2,1,0,8.160803920954665,3,1,6.2166061010848646
15965,9.210440366976517,10,10.511947979456522,1,61,3,0,0,2,1,0,0.0,2,0,12.999067423500716
15970,4.394449154672439,-1,9.257781501750618,0,90,1,0,0,1,3,0,0.0,5,0,4.394449154672439
15975,12.712893259942282,12,13.745976008163968,1,59,2,1,0,1,2,1,13.390864159490155,3,0,15.137799855632737
15980,5.993961427306569,9,9.875983398597374,0,88,1,1,0,2,3,0,0.0,4,0,5.993961427306569
15985,9.210440366976517,12,12.561512852534904,1,95,3,1,0,2,3,0,0.0,3,0,15.179048187715992
15990,7.215975002651466,3,10.482095840823943,0,50,0,1,0,1,1,0,8.497194544909547,5,1,7.215975002651466
15995,8.517393171418904,14,12.20050103062022,1,61,3,1,0,2,3,0,0.0,2,0,15.643441384243005
16000,9.741027444837728,8,11.079920226254767,0,32,2,0,1,2,1,0,6.836259277277067,5,0,9.942756341456828
16005,7.824445930877619,8,10.64914561257346,0,40,2,0,3,1,1,0,0.0,5,0,7.824445930877619
16010,12.232719445013917,10,12.24825522743948,1,61,1,1,0,1,1,0,0.0,3,0,13.187028765493947
16015,12.181631376350401,12,12.44514969600265,1,59,2,1,1,1,1,0,10.889323003601277,5,0,12.87434038354812
16020,11.185268261530247,13,12.634537740790055,1,52,3,0,1,1,1,0,12.409017571151187,2,0,12.6636905119143
16025,3.713572066704308,5,10.835727530509162,0,45,2,0,2,1,2,0,8.476579508530941,5,0,3.713572066704308
16030,14.441064422916167,13,19.003011537228183,1,59,2,1,1,1,2,0,15.607270193858982,2,0,18.003395264705127
16035,10.043292972227004,11,11.316305758236654,0,64,1,0,0,2,1,0,10.813780332606648,4,0,11.314486721293981
16040,12.577639650232573,13,12.979523979460673,1,45,3,1,2,1,1,0,13.312985389904174,4,0,13.157732451741687
16045,8.11102783819368,8,11.112709551691127,1,42,2,0,0,1,2,0,10.657282884047461,4,0,12.222590472005706
16050,8.699681400989514,8,10.243692364956795,1,65,1,0,0,2,2,0,11.684363005162105,3,0,10.085850775128717
16055,13.774689605110144,14,14.51389250917311,1,59,3,1,0,1,2,0,14.285514812209815,4,0,16.16478847438836
16060,13.8924725250259,14,14.971725420068854,1,58,3,1,0,1,2,0,14.626441218624949,5,0,16.661756315879774
16065,5.14166355650266,2,9.98133877479715,1,73,2,0,0,2,3,0,11.918397239722838,1,0,5.14166355650266
16070,10.196194479235656,8,11.813881383532228,1,51,2,1,2,1,1,0,12.087463643857756,4,0,13.605531226829667
16075,11.163382173096926,9,12.150351505528926,1,45,2,1,2,1,1,0,12.388398368982115,2,0,13.495995138454019
16080,10.373834872713369,12,12.64852393750623,1,45,3,1,2,1,2,0,13.314636915215106,3,0,12.206127644017728
16085,6.90975328164481,12,10.41957729248823,0,24,2,0,0,2,1,0,9.617870014133226,3,0,6.90975328164481
16090,11.60186082325361,12,11.53944687502236,0,33,2,1,2,1,1,0,9.883335864325275,5,0,11.80036500801413
16095,11.688062944634108,14,12.534639929751958,1,64,3,1,2,1,1,0,12.025755079404917,1,0,14.715322659936701
16100,0.6931471805599453,9,10.540934738927314,0,48,0,0,0,2,2,0,7.3783837129967145,1,1,0.6931471805599453
16105,11.856522261533737,9,10.31779779558084,0,68,3,0,0,2,3,0,0.0,3,0,13.263864675787632
16110,11.082157933374816,13,12.009446852348587,1,62,2,1,1,1,1,0,11.87757552297847,3,0,14.635158662720325
16115,9.975854724662028,14,11.59073968241829,1,62,0,0,0,2,2,0,11.87757552297847,3,0,14.063581621107136
16120,8.434028950155469,9,10.569104881654322,0,71,3,1,0,2,1,0,6.311734809152915,5,0,8.434028950155469
16125,11.643962499267984,12,12.035422182721987,0,63,3,1,0,1,2,0,10.043292972227004,5,0,11.643962499267984
16130,8.0959035329611,12,10.64914561257346,0,29,2,0,2,2,1,0,11.264476926102367,1,0,8.27410200229233
16135,10.53212287826962,12,13.626743622564442,1,59,3,1,0,1,1,0,10.308985993422082,5,0,16.508616379351103
16140,7.550135342488429,9,10.74678187553037,0,47,0,0,1,2,1,0,8.630700432209832,5,0,10.723289410218579
16145,9.588845298501564,10,11.262239213240827,0,51,2,0,1,2,1,0,8.343077871169383,4,0,9.588845298501564
16150,6.018593214496234,9,10.451325058234776,1,30,2,0,1,1,1,0,9.94755228369823,5,0,11.476375581972645
16155,11.6172944892629,8,11.686049021222916,1,68,3,0,0,1,3,1,0.0,5,0,14.72819519568944
16160,10.12667110305036,10,12.486822231693765,1,50,3,0,2,1,1,0,13.548024499474279,4,0,13.753317018540006
16165,8.160803920954665,13,11.730500418141487,1,33,2,0,2,1,1,0,13.211474381965832,5,0,10.768506042432708
16170,11.314486721293981,12,10.897601753215403,1,69,3,1,1,2,3,0,10.87806606028079,4,0,13.525159593854116
16175,11.964007453736912,14,13.114612470684651,1,41,3,1,2,1,1,0,12.782688818818986,5,0,15.067988057145726
16180,13.548155158479288,12,15.76972260901248,1,59,3,1,0,1,2,0,12.959846800844963,3,0,16.6860424112028
16185,10.181157167204903,9,11.329377681719818,0,21,3,0,0,2,1,0,0.0,4,0,11.423011698301428
16190,9.688498165477787,12,11.128709656194046,0,49,3,0,1,2,2,0,10.524090921620362,2,1,12.90378688119919
16195,8.657129031713755,12,12.917807886490609,1,79,2,0,0,1,2,0,12.138869243416009,4,1,9.491828300264636
16200,8.962007209588313,12,11.53944687502236,1,51,3,0,0,2,1,0,12.522710182912336,1,0,13.59386713090083
16205,10.34306419027306,9,11.175229004346514,1,33,2,1,4,1,1,0,12.727841176689147,5,0,11.863871027302588
16210,8.968396191198256,12,10.85678052964002,1,29,3,1,2,1,1,0,11.944714374881176,4,0,10.923255026881002
16215,9.169622538697624,8,16.71326487282418,1,87,3,1,0,1,3,0,0.0,4,0,20.25844491583711
16220,13.83531416565213,12,0.0,1,49,3,1,2,1,2,0,0.0,2,0,16.498926546437467
16225,10.84964771801256,13,12.288869755813161,1,39,3,0,3,1,1,0,13.728754784668872,2,0,13.310362121762571
16230,12.37581963951765,12,11.90554792375787,1,42,3,1,0,2,1,0,11.127277689932466,4,0,12.608202196848836
16235,6.660575149839686,8,10.699154876036824,0,61,3,0,0,1,1,0,10.0489289881863,5,0,11.167345882084478
16240,12.611541086966115,13,16.03807664017651,1,61,3,1,0,1,2,0,0.0,2,0,18.2263675864508
16245,6.7464121285733745,12,10.74678187553037,1,29,1,0,1,2,1,1,12.428019481065613,1,1,6.7464121285733745
16250,14.250535115562965,12,12.907141144989039,1,56,3,1,0,1,2,0,11.461642696843066,2,0,15.837852639948684
16255,4.709530201312334,9,9.383539618396707,0,30,3,0,0,2,2,0,10.373522431293592,3,0,5.739792912179234
16260,10.614007941153417,12,8.760669387895279,0,24,3,0,0,2,1,0,6.018593214496234,2,0,10.813780332606648
16265,8.699681400989514,10,11.686049021222916,1,48,0,0,0,2,1,0,11.732871910985468,4,0,12.019749091416921
16270,10.680539205318292,14,12.638052671455641,1,49,3,1,1,1,1,0,11.783723297487764,2,0,14.157326349475303
16275,8.556606193773073,8,11.063113369269185,0,40,1,0,1,1,1,0,11.25416768929685,2,0,11.46374572492597
16280,9.61587214452889,13,11.079920226254767,1,77,3,1,0,2,3,0,0.0,3,0,10.809748150372926
16285,14.356089722290625,13,15.861825634231277,1,47,3,0,1,1,1,0,15.224055772517731,4,0,16.459200071004563
16290,8.527341522468053,13,12.121364124132038,1,36,3,0,0,1,1,0,12.850898427033153,4,0,11.4494636972589
16295,8.101980731853192,8,10.897601753215403,0,47,2,1,0,2,2,0,0.0,5,0,8.101980731853192
16300,10.712215345197256,12,13.171770772552284,1,55,3,1,3,1,1,0,0.0,2,0,14.860335567656088
16305,13.060490101343552,9,9.875983398597374,1,88,0,1,0,2,3,0,0.0,3,0,13.06685278163674
16310,8.756367559802975,13,11.30306069379871,1,31,2,0,1,2,1,0,12.633302506993136,5,0,8.756367559802975
16315,8.014996894348302,12,11.890841876391685,1,62,2,1,2,1,2,0,11.856522261533737,3,0,10.571983369654944
16320,11.156264806643742,12,12.211311892674125,1,66,2,0,0,1,3,0,0.0,4,0,16.118795506002638
16325,8.996032669324372,10,11.241186077420565,0,39,3,1,6,1,2,0,6.769641976852503,4,0,12.245634646591958
16330,6.647688373563329,9,9.383539618396707,0,44,3,0,0,2,4,0,5.802118375377063,1,1,6.647688373563329
16335,11.127277689932466,13,12.313440904836163,1,61,3,1,1,1,1,0,0.0,4,0,13.138238695062618
16340,13.317931805683793,14,14.305425787551254,1,39,3,1,4,1,1,0,12.891694078557842,5,0,14.847270896023668
16345,9.87822102528824,12,12.232589186385791,1,54,2,1,1,1,1,0,12.570719231334277,2,0,11.874097282798648
16350,14.55506458866523,14,15.190778924223094,1,64,3,1,1,1,2,0,13.83531416565213,1,0,17.57426585030194
16355,6.68586094706836,5,8.726188712853201,0,80,0,0,0,2,3,0,0.0,5,0,6.7464121285733745
16360,11.635151947212842,11,12.738135820860625,1,73,3,1,0,1,3,0,12.538253544662647,4,0,14.983655439110422
16365,5.771441123130016,9,9.875983398597374,1,80,1,0,0,2,3,0,8.216358332386156,2,0,5.771441123130016
16370,10.106469212026385,12,0.0,1,56,3,0,1,2,2,1,12.668865967876197,2,0,14.20991539279435
16375,7.601402334583733,8,10.511947979456522,0,66,2,0,0,2,3,0,6.792344427470809,5,0,7.601402334583733
16380,9.179984251961283,8,14.050320063607717,1,76,2,1,0,1,2,0,0.0,4,0,14.092915753752607
16385,11.695255355062795,12,0.0,1,56,3,1,2,1,2,0,9.082620630373812,2,0,14.505653731008309
16390,9.105090961257085,7,11.764691512444722,1,50,3,0,0,1,2,0,11.726430716744437,2,0,9.105090961257085
16395,12.08954444723597,13,11.560280761065794,1,46,2,1,0,2,1,0,0.0,4,0,13.118357364036902
16400,10.601398368945096,12,13.885284284997498,1,64,3,1,2,1,2,0,14.878496014412317,2,0,16.608281186055226
16405,7.244941546337007,12,10.792243293398966,0,25,2,0,0,2,1,0,9.800956363888462,2,0,8.987321812850125
16410,14.137594781770806,12,13.85975969726927,1,67,3,0,0,1,2,0,0.0,2,0,15.675551690274974
16415,13.972515161474428,12,12.569060031831468,1,67,3,0,0,1,3,0,0.0,4,0,17.31413711519686
16420,13.74830287778897,14,15.027938547702956,1,71,3,1,0,1,2,0,15.981129910564055,4,0,18.155607827396704
16425,12.409017571151187,12,13.334700853838951,0,40,2,0,3,1,2,0,14.325576493240023,5,0,13.710151153416941
16430,9.210440366976517,14,0.0,1,70,3,1,0,1,3,0,14.715672314412528,2,0,16.529940432273236
16435,11.83884940627887,14,13.22388667703438,1,40,3,0,2,1,1,0,13.459551072309928,4,0,14.027011395152279
16440,10.674081767229582,12,13.325921180446723,1,67,3,1,0,1,3,0,4.709530201312334,1,0,12.71054110528028
16445,5.707110264748875,2,10.511947979456522,0,35,3,0,4,1,1,0,0.0,5,0,5.707110264748875
16450,6.398594934535208,8,10.64914561257346,0,69,3,1,0,2,3,0,0.0,4,0,8.24301946898925
16455,14.549896126340752,13,12.066970356293535,1,47,3,0,2,2,3,0,0.0,3,0,16.365596226852226
16460,6.878326468291325,9,10.243692364956795,0,31,1,0,3,2,4,0,10.102789129364767,3,1,6.878326468291325
16465,9.305741456739435,13,17.369960485023107,1,88,3,1,0,1,2,0,0.0,4,0,17.182116529363366
16470,6.042632833682381,8,10.31779779558084,0,43,2,0,0,2,1,0,0.0,1,0,6.042632833682381
16475,5.707110264748875,8,9.550580764956187,0,20,2,0,1,2,4,0,0.0,1,0,5.707110264748875
16480,7.496097345175956,12,12.232589186385791,1,41,3,1,3,1,1,0,12.984229409159889,3,0,12.42440865913169
16485,7.601402334583733,11,11.367598443988374,1,56,3,0,0,1,1,0,12.443911687242986,2,0,7.601402334583733
16490,6.698268054115413,8,10.792243293398966,0,29,1,1,4,1,1,0,9.328212292571072,4,0,6.698268054115413
16495,7.244941546337007,12,11.92720927582913,0,44,1,0,3,1,1,0,11.51293546492023,4,0,12.325636317135203
16500,10.859018228147887,9,10.35288797609956,0,64,3,1,2,1,3,0,3.713572066704308,5,0,10.859018228147887
16505,11.539577132967588,8,10.792243293398966,1,67,2,0,0,2,3,0,11.489667073393028,2,0,13.66084424522121
16510,11.113656123399075,13,11.560280761065794,1,45,3,1,3,1,1,0,12.421188057397055,4,0,13.44456426098797
16515,6.2166061010848646,9,10.16365262239305,0,66,3,0,0,2,1,1,9.200391041122515,5,1,6.2166061010848646
16520,10.849356503939038,7,11.079920226254767,1,75,3,1,0,1,3,0,9.472781556562168,2,0,12.198549416880068
16525,9.049114723476961,13,11.09644927542817,1,38,3,1,1,1,1,0,12.133238477128485,3,0,10.292518354180867
16530,6.78105762593618,8,10.540934738927314,0,63,2,0,0,2,1,0,8.036249942132116,4,1,8.493105395887147
16535,15.85802887524119,12,15.137470384633229,1,66,3,1,0,1,2,1,14.285514812209815,1,0,17.712622970957113
16540,12.379609899729042,13,14.108427649734772,1,56,3,1,2,1,3,1,13.842153462620056,2,0,14.60945330061814
16545,9.169622538697624,9,11.428222385556161,1,31,2,1,2,1,2,0,12.80271167900945,1,1,11.772215778919925
16550,0.6931471805599453,3,9.69367212060944,0,19,2,0,0,1,2,1,7.02197642307216,1,1,0.6931471805599453
16555,0.0,1,10.204473075038809,0,63,2,0,0,1,1,0,6.2166061010848646,5,0,6.2166061010848646
16560,13.190023895035274,12,14.535169897126524,1,40,3,1,2,1,2,0,12.948012371209098,4,0,14.22430412061672
16565,8.434028950155469,9,11.079920226254767,0,49,2,1,0,2,1,0,0.0,5,0,8.434028950155469
16570,12.388398368982115,10,11.726317803689113,1,73,2,1,0,1,3,0,0.0,4,0,12.448630513463613
16575,6.55250788703459,8,11.580689440046534,1,40,2,0,1,1,1,0,11.770207606530924,5,1,10.510559281627845
16580,9.53249633228804,13,11.159961747859198,1,50,2,0,0,2,1,0,12.698940998282254,4,0,11.717505780625043
16585,13.534474352733596,14,12.796704007940912,1,73,2,1,0,1,3,0,0.0,4,0,16.452136433990578
16590,10.491301994830229,12,15.852000995085657,1,90,3,1,0,1,3,0,0.0,3,0,17.42280030216352
16595,15.14576379261087,8,18.07077500717518,1,67,3,1,0,1,2,0,16.118095750958314,5,0,18.92967670089841
16600,6.621405651764134,7,10.674462827538377,0,76,3,0,1,1,3,0,0.0,5,0,6.621405651764134
16605,11.51293546492023,13,14.222619936784797,0,37,3,1,0,1,2,0,13.541075028051122,2,0,14.612116897748976
16610,10.085850775128717,8,11.781358436450864,1,58,3,1,1,1,1,0,12.392556361841777,4,0,13.80202098136326
16615,13.608487618541492,12,11.342280932513091,1,48,2,0,0,2,1,0,0.0,3,0,14.293606977069956
16620,10.407318772389159,13,11.392290774522229,1,90,2,1,1,2,3,0,9.648659816955295,5,0,10.407318772389159
16625,15.097860344952279,13,14.200800904078731,1,60,1,1,1,1,2,0,12.154784614286667,4,0,16.692408674877726
16630,10.70101727068921,12,12.009446852348587,1,76,3,0,0,1,3,0,11.362114203075018,3,0,14.627951188485957
16635,6.398594934535208,8,10.769770904774587,1,61,1,0,0,2,1,0,9.561771591591862,5,1,6.398594934535208
16640,11.51293546492023,9,12.195051453346123,1,56,3,1,2,1,1,0,12.345838935721968,5,0,14.096923772119156
16645,9.297526733655099,11,11.629960039799675,1,36,2,1,2,1,2,0,11.391898423211194,4,0,11.66057793422889
16650,10.829748417047593,4,11.686049021222916,1,53,2,1,2,1,1,0,12.155836686703159,4,0,11.717505780625043
16655,7.601402334583733,11,12.085432314014094,1,53,2,0,0,1,1,0,8.853808274977197,5,0,7.601402334583733
16660,11.23850177707664,14,13.179967524227237,1,45,3,1,2,1,2,0,13.712370907691596,5,0,12.901719200051183
16665,7.170888478512505,8,10.769770904774587,1,66,2,0,0,1,1,0,8.25088114470065,2,1,10.902297921958713
16670,5.442417710521793,6,9.6246836542707,1,82,0,1,1,2,3,0,9.746892220313054,1,1,5.442417710521793
16675,3.044522437723423,8,10.35288797609956,0,61,3,0,0,2,1,0,0.0,5,0,3.044522437723423
16680,7.244941546337007,3,10.511947979456522,1,68,2,0,0,2,2,1,14.137159904931943,5,1,13.81691057747944
16685,12.066816325306588,14,13.497306949363745,1,59,3,1,0,1,1,0,0.0,3,0,16.3995081858682
16690,10.308985993422082,6,11.428222385556161,0,43,3,1,0,2,2,0,0.0,1,0,10.819798284210286
16695,16.756834215868448,13,17.89517925039979,1,57,3,1,0,2,2,0,0.0,1,0,18.17612075159479
16700,10.463131911491967,13,12.569060031831468,1,43,3,1,2,1,1,0,12.75130259456002,2,0,14.397726736475999
16705,8.699681400989514,12,11.028627743384128,0,46,2,0,0,2,1,0,9.77571099759397,2,0,11.626263078808801
16710,6.90875477931522,8,10.121094683881875,0,22,1,0,0,2,1,0,5.739792912179234,4,0,6.90875477931522
16715,4.406719247264253,7,10.769770904774587,0,55,3,0,1,2,4,0,8.648396877031582,5,0,4.406719247264253
16720,8.648396877031582,8,11.028627743384128,1,67,2,1,0,1,3,0,11.061327409163853,5,0,12.681377821708454
16725,6.90875477931522,7,10.569104881654322,1,31,0,0,1,1,1,0,11.944714374881176,1,0,9.952325334619427
16730,10.915106645867503,12,13.685061724568452,1,73,3,1,0,1,1,0,0.0,5,0,16.254111542158643
16735,8.77971129020447,13,11.996201706795759,0,47,3,1,0,1,1,0,9.012011377036412,2,0,11.648338835562747
16740,9.952325334619427,8,10.31779779558084,1,93,1,0,1,2,3,0,11.782960235741939,2,0,11.174665631549477
16745,16.16354700941885,14,16.039246915204878,1,78,3,0,0,1,2,0,0.0,3,0,16.97569742890161
16750,8.31164394850298,13,11.063113369269185,1,33,1,0,0,2,1,0,10.87806606028079,1,0,10.375707473990893
16755,7.601402334583733,9,10.243692364956795,0,22,2,0,0,2,1,0,9.852246888342531,4,0,7.601402334583733
16760,6.621405651764134,9,10.16365262239305,1,75,1,1,0,2,3,0,5.707110264748875,5,0,10.156228740289281
16765,9.746892220313054,12,11.557183214678306,1,80,2,1,0,1,3,0,11.43281025466844,4,0,10.76004951120163
16770,13.902606181405073,14,13.338191253131459,1,76,3,1,1,1,1,0,0.0,1,0,16.339317436863723
16775,9.852246888342531,9,11.996201706795759,0,41,2,1,1,1,1,0,10.893047333337728,5,0,12.095146671399466
16780,6.2166061010848646,9,10.674462827538377,0,31,1,0,0,2,1,0,0.0,1,0,6.2166061010848646
16785,6.091309882077698,12,10.030126736355644,1,61,3,1,0,1,3,0,12.549665896013254,4,0,6.091309882077698
16790,8.33110454805304,12,10.569104881654322,1,48,3,1,0,2,1,0,11.690242855114947,5,0,10.628399837526073
16795,0.6931471805599453,9,10.41957729248823,0,37,2,0,1,2,2,0,9.60245002503719,3,1,0.6931471805599453
16800,14.63880886197073,13,16.411818197780786,1,85,3,1,0,1,2,0,0.0,5,0,18.09231557011201
16805,10.985309671896763,12,10.623170750425082,1,70,2,1,0,2,3,0,7.496097345175956,5,0,13.7736473966179
16810,0.6931471805599453,11,10.674462827538377,1,41,1,0,2,2,1,0,9.692828247710418,4,1,8.699848026000312
16815,12.703816069256568,13,12.949141966951167,1,58,3,0,0,2,3,0,7.550135342488429,3,0,15.59502890948938
16820,13.698977865303197,14,13.494330760798073,1,51,3,1,1,1,2,0,0.0,4,0,15.671808704579888
16825,14.058457520888082,14,12.946567969094232,1,68,3,1,0,1,1,0,11.461642696843066,4,0,16.37482878262355
16830,8.166500319155052,9,10.699154876036824,0,37,2,0,1,2,3,0,7.467942332285852,4,0,10.25839593702714
16835,6.836259277277067,12,9.6246836542707,1,82,1,0,0,2,3,0,0.0,4,0,6.836259277277067
16840,11.590821254278314,12,15.220390770919044,1,63,3,1,0,1,2,0,15.59046307836746,2,0,17.637085765028132
16845,12.083910661257521,14,15.645987764900307,1,58,3,1,0,2,2,0,0.0,2,1,17.47387928264771
16850,9.169622538697624,13,11.342280932513091,1,29,2,0,0,1,1,0,12.437783393390324,5,1,11.345701365855424
16855,0.0,10,8.346773986693254,1,31,2,0,1,2,2,0,0.0,1,0,0.0
16860,9.952325334619427,13,13.667670001846199,1,75,3,1,0,1,2,0,12.449022745701502,5,0,16.171826068148047
16865,12.190964083849375,8,10.35288797609956,0,80,2,1,0,2,3,0,0.0,4,0,13.299674067415213
16870,12.013706813470414,12,14.550836006297958,1,64,3,1,0,1,2,0,13.235693848424024,5,0,14.975531788240602
16875,8.537191877922927,8,10.723251890363157,0,37,0,0,4,1,3,0,10.030164255362632,4,1,9.220389707829185
16880,10.55843949396453,11,11.982778769792814,1,54,2,1,0,1,1,0,12.616528611893463,5,0,11.05881093278828
16885,10.545367754151743,8,11.756252709710795,1,82,2,1,0,1,3,0,0.0,5,0,14.331324320256051
16890,4.61512051684126,8,9.98133877479715,0,69,2,1,0,2,3,0,0.0,5,0,4.61512051684126
16895,10.905974329106854,12,12.288869755813161,0,69,1,0,1,1,2,0,11.928347504569842,4,0,11.842236406331555
16900,8.188966863648876,13,11.175229004346514,0,27,2,1,0,2,1,0,9.798182590890704,4,0,10.576457535657255
16905,7.650168700845001,8,11.234068703381137,1,56,2,0,1,1,1,0,12.043853671041397,5,1,11.430641079947755
16910,7.0909098220799835,9,9.101927216896524,0,26,2,0,2,2,4,0,5.14166355650266,4,1,7.0909098220799835
16915,11.829493783451232,8,11.773059697378923,1,54,2,0,2,1,2,0,0.0,1,0,12.92936340877056
16920,11.245059091624615,13,12.979523979460673,0,52,3,1,1,1,2,0,0.0,2,0,14.650548283382044
16925,2.3978952727983707,8,9.818828007928495,1,48,1,0,4,1,1,0,7.741099090035366,4,0,10.596909695290504
16930,13.853096281403863,12,0.0,1,62,3,1,0,1,2,1,14.386490669521603,4,0,16.503514570111573
16935,7.193685818395112,9,10.540934738927314,1,55,2,0,0,1,1,0,11.156264806643742,5,0,10.178502231260227
16940,12.314487491967174,12,8.973561317359966,1,48,2,0,0,1,2,0,14.9240735075185,2,0,16.09153625200604
16945,13.304686600863562,13,13.379152546081027,1,60,3,1,1,1,1,0,13.429849547739444,5,0,15.659229924350877
16950,12.608202196848836,11,11.686049021222916,1,72,3,1,0,1,3,0,13.667011709737965,2,0,12.608202196848836
16955,6.825460036255307,6,11.439918298765717,0,33,3,0,1,1,4,0,10.204739634516608,4,0,6.825460036255307
16960,9.680406499268875,14,11.47420700963637,1,34,2,0,2,1,1,1,11.83138646878959,2,0,11.88518533064729
16965,6.089044875446846,13,9.288237848223762,0,54,3,0,2,1,1,0,7.560601162768557,2,1,6.089044875446846
16970,7.659642954564682,13,12.091511325881505,0,35,2,0,0,2,2,1,9.45727857185611,2,0,7.749753406274437
16975,5.303304908059076,8,9.470543987306165,1,61,1,0,0,2,3,0,0.0,4,0,7.696667081526462
16980,13.422987834701518,12,11.712956250852091,1,34,3,0,1,1,1,0,13.824471290415532,3,0,14.31710429873162
16985,10.611547975828369,8,11.219680157476482,1,69,1,1,0,1,3,0,9.259225769705994,5,0,14.72304345168313
16990,11.507922973347437,14,13.631951961404031,1,71,2,1,0,1,2,0,14.06549154204794,2,0,16.49649790801229
16995,8.166500319155052,12,11.028627743384128,1,65,2,1,0,2,1,0,11.555802945530896,5,0,9.050288983827956
17000,8.006700845440367,8,11.59073968241829,0,36,1,0,2,1,1,0,11.170449240431308,3,1,11.542493975902508
17005,12.323415584358154,10,12.093267349079325,1,74,3,1,1,1,2,0,0.0,5,0,14.43834310103218
17010,11.754309639974188,8,11.667700038278326,1,71,3,1,0,2,3,0,0.0,5,0,11.754309639974188
17015,13.215855541983634,14,14.635253309342813,1,67,3,1,0,2,3,0,0.0,5,0,17.26977469217368
17020,11.434974734252892,12,12.326462492056319,1,61,3,0,2,1,1,0,12.310437165348775,4,0,14.910951489858935
17025,10.189455656983572,10,11.610542128340578,1,33,2,1,2,1,2,0,12.768544351446794,3,0,10.743350700960299
17030,11.575909653758895,13,13.159348276352128,1,37,3,1,2,1,1,0,12.109016442313738,2,0,12.188422799337028
17035,5.771441123130016,8,9.75820678716859,1,61,3,0,0,1,3,0,10.714439990727769,4,1,5.771441123130016
17040,7.601402334583733,13,10.674462827538377,0,43,3,0,0,2,1,0,10.308985993422082,5,0,11.626263078808801
17045,8.699681400989514,12,12.44514969600265,1,35,2,1,0,2,1,0,12.884108726347916,5,0,13.61217085943569
17050,0.6931471805599453,5,10.030126736355644,1,56,1,0,3,2,3,0,8.449128460502108,4,0,0.6931471805599453
17055,14.220976332738882,12,13.951585304981755,1,63,3,1,0,1,1,1,13.485645843508928,1,0,15.94147791639854
17060,12.600480176681053,9,10.482095840823943,1,67,3,1,1,2,3,0,9.210440366976517,4,0,12.870565689515162
17065,10.567746456002288,12,11.845379821066128,1,56,3,1,0,1,1,0,12.235636302128867,5,0,13.763017596895903
17070,6.647688373563329,7,9.288237848223762,0,59,3,0,0,2,3,0,5.303304908059076,4,1,6.647688373563329
17075,11.891368749982085,12,12.269783378614482,1,59,3,1,0,1,1,0,0.0,2,0,14.958586522175736
17080,10.691967639914864,12,11.086564666854843,1,85,3,0,0,2,3,0,11.48247656671073,2,0,12.289958727201455
17085,3.044522437723423,8,11.09644927542817,0,50,1,0,0,1,1,0,10.853232402669228,3,1,10.004282662571022
17090,0.0,7,9.98133877479715,0,35,0,1,0,1,1,0,0.0,1,0,8.071218539969863
17095,13.592368256649284,14,12.852030922811661,1,88,3,1,0,1,3,0,0.0,1,0,14.888805380528378
17100,8.895766604056085,13,10.723251890363157,0,49,3,0,2,2,1,0,9.19023970026918,5,0,8.895766604056085
17105,9.703266755854342,9,9.875983398597374,0,19,2,1,0,2,1,0,0.0,2,0,9.703266755854342
17110,5.484796933490655,9,9.818828007928495,0,76,2,1,0,2,3,0,0.0,5,0,5.484796933490655
17115,11.160967947884329,13,11.862290172944501,1,75,3,1,0,1,2,0,10.491301994830229,4,0,15.076052052277223
17120,10.502351525774941,9,12.097553606596385,1,55,2,0,1,1,1,0,0.0,4,1,13.125161459119978
17125,9.392745258631441,12,11.028627743384128,1,68,3,1,0,2,3,0,5.8888779583328805,3,0,13.415034483903348
17130,0.6931471805599453,8,9.930047914868675,0,31,1,0,4,1,4,0,8.716207971151853,1,1,0.6931471805599453
17135,12.852942876150461,14,12.744464937390438,1,61,3,1,2,1,1,0,11.728044909070785,3,0,16.400678067239447
17140,13.973369496550454,13,15.64944797541571,1,63,3,1,0,1,1,0,0.0,5,0,17.23376172696195
17145,5.707110264748875,7,9.052540104625432,0,28,1,0,1,2,4,0,0.0,2,0,5.707110264748875
17150,10.16627480445489,12,11.30306069379871,0,27,3,1,0,2,2,0,0.0,4,0,12.03148708857893
17155,9.680406499268875,8,11.20508155522288,0,32,1,0,2,1,1,0,7.6783263565068856,5,0,10.591647316585027
17160,8.987321812850125,12,11.507358877993518,1,68,2,1,0,1,3,0,10.571342565808699,4,0,12.460718739865236
17165,7.313886831633462,9,11.046019206267971,1,33,3,0,0,1,1,0,12.574185427296195,1,0,11.530775206233024
17170,9.61587214452889,8,11.74774208708152,1,81,1,0,0,1,3,0,6.68586094706836,4,0,9.61587214452889
17175,10.463131911491967,8,10.41957729248823,1,89,2,1,0,1,3,0,11.51293546492023,5,0,10.815790343132422
17180,5.707110264748875,3,10.897601753215403,1,48,3,0,3,1,1,0,11.202329530346486,3,0,11.293537353157436
17185,7.359467638255621,13,10.511947979456522,0,56,2,0,0,2,1,0,11.355113089309977,5,0,9.084890521258767
17190,7.8674885686991285,13,10.41957729248823,0,29,3,0,0,2,1,0,12.32474861573515,4,0,9.840068404666473
17195,11.972253562968545,14,16.421441366770612,1,58,3,1,1,1,1,0,15.339390799901627,2,0,18.72380522380105
17200,0.0,1,10.623170750425082,1,64,2,0,1,1,3,0,0.0,2,0,0.0
17205,10.385944565501662,10,11.695098780943722,1,76,3,1,0,1,3,0,0.0,2,0,13.487563280400687
17210,12.055255569732177,13,0.0,1,57,3,1,0,1,2,1,9.852246888342531,1,0,17.590842922737878
17215,10.130662964963708,11,11.063113369269185,0,23,3,1,0,1,1,0,7.186144304522325,3,0,10.130662964963708
17220,10.714439990727769,8,0.0,1,64,2,1,0,1,2,0,0.0,4,0,14.324134359497794
17225,9.425532393502772,13,10.723251890363157,0,64,3,0,1,2,1,0,0.0,4,0,13.924724539476546
17230,11.278480795900865,8,11.704067376563522,0,35,2,0,7,2,1,1,8.594339400592892,5,0,11.278480795900865
17235,9.575052927597383,8,12.432301604435224,1,61,1,0,0,1,1,0,11.853681370708943,3,0,14.479950088949451
17240,6.803505257608338,6,10.204473075038809,0,27,2,0,1,1,4,0,0.0,2,0,6.803505257608338
17245,4.61512051684126,10,11.128709656194046,1,39,2,0,3,1,1,0,12.487488878546145,1,0,9.908524844053396
17250,8.517393171418904,8,10.596503161315887,0,62,2,0,1,1,1,0,0.0,4,0,8.517393171418904
17255,8.010027528481734,8,11.570537163972045,0,50,3,1,1,2,1,0,7.00397413672268,5,0,8.869398159883518
17260,12.004574385508691,8,11.704067376563522,1,39,1,1,0,1,1,0,12.292254928916668,4,0,12.567240979056246
17265,12.520887034998584,14,12.860493574642497,1,67,3,1,0,1,1,0,13.51845266959401,3,0,15.816314789353532
17270,0.0,1,10.482095840823943,0,38,2,0,3,1,1,0,0.0,5,0,6.90875477931522
17275,14.230926656991395,12,12.002846208646966,1,72,2,0,1,1,2,1,13.771559715366624,5,0,15.244864648008184
17280,5.996452088619021,12,11.629960039799675,1,75,3,0,0,1,1,0,6.55250788703459,2,0,5.996452088619021
17285,8.839421607620602,12,10.897601753215403,1,55,2,0,0,1,3,0,10.990381448250039,4,1,8.839421607620602
17290,5.707110264748875,2,10.204473075038809,1,60,2,0,4,1,1,0,12.178706587466984,3,1,5.707110264748875
17295,14.459468019543394,13,14.958026580065576,1,73,1,1,0,1,3,0,14.346139397261565,5,0,16.069325591586786
17300,7.550135342488429,8,11.686049021222916,1,63,3,1,0,1,1,0,11.332613886815139,5,0,12.617854428044529
17305,10.448743588106625,13,12.951709356349655,1,40,3,1,3,1,1,0,12.982298689206278,2,0,12.629708330910852
17310,0.0,4,10.992910250981359,0,26,0,0,4,1,1,0,0.0,5,0,0.0
17315,14.914523099853708,13,16.550072495689243,1,52,3,0,2,1,2,0,0.0,5,1,15.57529782003054
17320,12.570719231334277,14,12.662317215651642,1,74,3,1,0,1,3,0,0.0,3,0,14.776162996180409
17325,9.210440366976517,1,10.91740401772286,0,70,1,0,0,1,3,0,0.0,5,0,9.210440366976517
17330,11.528808656597766,11,11.934326696707894,1,41,3,1,4,1,4,0,12.54254845357358,5,0,11.561725152903833
17335,11.39640288460621,12,12.440885314014933,1,37,2,0,2,1,1,0,13.28567369367297,4,0,11.767575435251748
17340,8.14351740579748,13,11.219680157476482,1,39,3,0,0,2,1,0,11.919729676079623,4,0,10.535849160827809
17345,10.933124826700707,12,11.609364975840101,1,75,3,1,0,1,3,0,10.819798284210286,5,0,13.438634364432907
17350,8.839421607620602,8,12.20592107089332,1,52,2,0,2,1,1,0,11.541522639947903,2,1,9.465060106725137
17355,0.0,-1,9.6246836542707,1,83,3,0,1,2,3,0,5.564520407322694,5,0,0.0
17360,5.673323267171493,11,10.540934738927314,0,22,1,0,0,2,1,0,6.018593214496234,5,0,7.736743682453495
17365,11.200964361058276,12,10.281431375093115,1,66,2,0,0,2,2,0,0.0,5,0,12.037364011035839
17370,10.96476135554887,8,10.814221753204105,1,55,3,0,0,2,2,0,8.160803920954665,2,0,12.650120442784763
17375,14.410494041308816,12,16.034557575344213,1,44,3,1,0,2,2,0,14.279245203127035,4,0,18.771091113355375
17380,9.952325334619427,9,9.930047914868675,1,88,3,0,1,2,3,0,11.340962076644454,2,0,9.952325334619427
17385,0.0,5,9.818828007928495,1,67,2,0,0,2,3,0,9.90353755128617,5,0,6.90875477931522
17390,4.110873864173311,8,10.74678187553037,0,57,0,0,2,1,1,0,9.61587214452889,5,0,4.110873864173311
17395,9.61587214452889,8,14.27175259341547,1,66,1,1,0,1,2,0,13.85952840031839,5,0,12.807655372286902
17400,7.496652438168283,9,10.076644749570697,1,79,1,0,0,1,3,1,8.444837529224097,3,0,10.428275251318173
17405,8.701346403039162,8,10.451325058234776,0,47,2,0,0,2,1,0,9.210440366976517,4,0,12.292300799213825
17410,15.927177367974908,12,19.333523005602025,0,64,3,1,0,1,2,0,18.634904641163597,2,0,19.68887827299943
17415,11.002116507732017,10,12.92573393238728,1,59,2,1,1,1,1,0,12.460718739865236,2,0,15.665539092548997
17420,6.948897222313312,10,11.159961747859198,1,31,3,0,4,1,1,0,12.250094315624496,4,0,6.948897222313312
17425,15.239356210682242,14,17.369434860847388,1,70,3,1,0,1,2,0,0.0,5,0,16.72864683781578
17430,7.02197642307216,5,10.121094683881875,0,42,1,0,4,2,1,0,9.60918360377546,4,0,7.02197642307216
17435,6.580639137284949,7,9.6246836542707,0,25,3,0,0,1,1,0,0.0,4,0,6.580639137284949
17440,12.524530013005734,13,13.056300109663232,1,57,3,1,1,1,3,0,13.75788250444911,2,0,16.335864866366183
17445,7.00397413672268,9,10.281431375093115,1,62,2,0,1,2,2,0,11.898194668458823,2,0,7.00397413672268
17450,4.795790545596741,9,9.550580764956187,1,85,2,0,0,2,3,0,9.15915233520675,4,0,4.795790545596741
17455,10.933124826700707,14,13.02104389084568,0,34,3,0,2,1,1,0,12.270928303874424,2,0,12.710480720812354
17460,14.801103820042837,13,14.981877788351476,1,61,3,1,0,1,2,0,0.0,4,0,18.068558293102413
17465,13.180634172318978,14,12.085432314014094,1,68,3,1,0,2,1,0,0.0,5,0,14.801700790213177
17470,9.956127439860307,8,10.814221753204105,1,23,2,0,0,2,1,0,11.002116507732017,1,0,11.618014943900919
17475,8.648396877031582,13,11.721766808769676,0,35,1,0,0,1,1,0,11.727238138609684,4,0,10.154285180632154
17480,11.728044909070785,9,11.451478997511787,1,75,3,1,0,1,3,0,0.0,2,0,13.255146239950099
17485,13.122365377402328,13,12.695990325827466,1,49,3,1,2,1,1,0,0.0,5,0,14.553631582178308
17490,11.771984272428993,9,13.198168194815793,1,54,3,0,1,1,2,0,12.73670383776449,3,0,14.948063941970648
17495,9.83953552604361,8,11.159961747859198,1,59,3,1,4,1,4,0,12.984481965722422,4,0,10.580784783666008
17500,9.546884034617925,12,14.4121098681318,1,48,2,1,2,1,2,1,14.614818383992796,2,0,15.335898872191862
17505,8.665785595466064,12,12.121364124132038,1,43,2,1,0,1,1,0,13.024973235978788,4,0,12.487488878546145
17510,6.846943139585379,10,9.24741970815207,0,64,2,0,0,2,3,0,9.422301633887823,5,0,8.845201135339584
17515,12.025755079404917,12,12.283882237332369,1,57,3,1,1,1,1,0,10.571342565808699,2,0,14.264674159500048
17520,7.244941546337007,8,10.204473075038809,1,48,1,0,0,1,1,0,7.930565854233965,2,1,7.244941546337007
17525,12.860221688165133,12,12.002846208646966,1,71,3,0,1,1,3,0,0.0,3,0,13.615474216812432
17530,5.198497031265826,7,10.64914561257346,0,37,2,0,2,2,1,1,8.988570876215118,5,1,5.198497031265826
17535,12.866182555987908,12,15.038175358328465,1,75,3,1,0,1,3,0,0.0,5,0,16.97382930123515
17540,8.853808274977197,7,11.028627743384128,0,71,2,1,0,2,3,0,0.0,5,0,8.853808274977197
17545,12.825441415009795,13,12.682656836091438,1,53,3,1,1,1,1,0,12.06105265381003,4,0,15.390885043552649
17550,12.07254696717504,9,11.845379821066128,1,65,2,1,1,1,3,0,12.165255859329688,5,0,13.824471290415532
17555,10.463131911491967,9,11.600689921732425,0,43,3,1,2,1,1,0,9.952325334619427,3,0,11.357452244304588
17560,11.825331856826788,8,11.898221933343832,0,33,2,0,3,1,1,0,9.170663554823284,5,0,12.68887218184696
17565,5.484796933490655,13,9.69367212060944,0,65,1,0,0,2,3,0,11.61359399043742,5,0,5.484796933490655
17570,9.741027444837728,13,11.912820634128884,1,49,3,1,0,2,1,0,12.206077645517674,4,0,14.154836575818353
17575,7.783640596221253,7,11.355019808159389,0,37,2,0,2,1,1,0,7.523481312573497,5,1,7.783640596221253
17580,11.810070125585671,13,13.763207892396144,1,55,3,0,2,1,4,0,12.563750586299374,4,0,13.170393252627353
17585,11.949766493586626,9,12.184062387617733,1,68,3,0,0,1,3,0,14.759416845976386,4,0,16.125942880754884
17590,11.245777778157963,12,11.329377681719818,1,53,3,0,0,2,4,0,9.90353755128617,4,0,13.862924537530677
17595,9.90353755128617,12,11.996201706795759,1,62,3,0,0,1,1,0,12.087857641588924,4,0,13.311331132544721
17600,8.987321812850125,12,10.64914561257346,0,65,2,0,0,2,2,0,6.398594934535208,4,0,13.186278579318829
17605,13.726680437153236,12,12.938805982316715,1,66,3,1,0,1,3,0,14.128129847234714,4,0,15.68237765428642
17610,12.623140184369177,14,14.024344598021239,1,35,3,1,2,1,2,0,13.201176406255746,4,0,14.669074885824411
17615,8.294299608857235,9,12.627470596661317,1,78,3,1,0,1,3,0,0.0,3,0,14.28113021663838
17620,12.33270970174018,13,12.67929549882185,1,54,3,0,2,1,1,0,13.014780393893403,3,0,14.672900606186316
17625,13.780920148390807,12,13.683829439931204,1,51,3,1,2,2,2,0,12.323860125621126,1,0,15.029235950821377
17630,10.225607282932941,14,11.813881383532228,1,78,3,1,0,1,2,0,10.859018228147887,2,0,14.869683553680774
17635,6.734591659972948,3,10.121094683881875,1,69,2,1,0,2,3,0,0.0,2,0,10.710878178453925
17640,14.548585413259723,11,14.837221782945573,1,66,3,1,1,1,3,0,14.980753240777169,1,0,15.961379967653803
17645,7.496097345175956,12,10.792243293398966,0,29,0,0,1,2,1,0,9.680406499268875,5,1,8.665785595466064
17650,4.61512051684126,12,9.930047914868675,0,24,1,0,0,2,3,0,0.0,3,0,4.61512051684126
17655,10.596659732783579,12,13.883266122676138,1,64,3,1,0,1,1,0,13.036807667689546,5,0,15.104771029545422
17660,13.369849821627525,14,12.784655702984017,0,31,3,1,0,1,1,0,4.61512051684126,4,0,13.81220610426597
17665,7.824445930877619,3,10.623170750425082,1,54,2,0,3,1,3,0,12.175618592671356,5,0,7.824445930877619
17670,4.110873864173311,6,10.16365262239305,0,33,3,0,2,2,1,0,0.0,1,0,4.110873864173311
17675,12.828719569068227,13,14.705134645157147,1,74,3,1,1,1,2,0,16.19163426820315,3,0,17.930584948218023
17680,3.044522437723423,9,10.64914561257346,0,71,2,0,1,1,1,0,11.082157933374816,3,0,3.044522437723423
17685,8.987321812850125,8,11.920040833915293,1,39,1,0,0,2,1,0,12.301387370778713,4,0,12.00762780434872
17690,9.952325334619427,8,13.148876996769609,1,41,3,0,3,1,1,0,7.741099090035366,5,0,13.380103119076898
17695,9.61587214452889,12,13.56063737597305,1,62,3,1,0,1,1,0,11.918397239722838,4,0,15.095054827301363
17700,11.002116507732017,13,12.356202576168052,1,38,3,1,2,1,1,0,14.083245757717007,2,0,14.603968372873895
17705,9.305741456739435,13,11.955379969271414,0,36,3,0,1,1,1,0,0.0,3,0,11.6172944892629
17710,13.451668563394815,14,15.053336730851104,1,48,3,1,1,1,2,0,0.0,4,0,16.094212812912026
17715,5.442417710521793,5,9.550580764956187,0,57,3,0,0,2,3,0,0.0,4,0,5.442417710521793
17720,12.757082940769225,12,13.437610658719988,1,51,3,0,1,1,2,0,13.577254637874743,2,0,14.813197296773918
17725,10.085850775128717,8,11.59073968241829,1,53,2,1,1,1,2,0,12.189440088248315,2,0,10.085850775128717
17730,11.661354090741,13,11.380020821211883,1,76,3,1,0,1,3,0,0.0,3,0,13.66932920519293
17735,8.987321812850125,10,11.010928456106528,1,58,3,0,0,2,1,0,11.940158587995837,2,0,8.987321812850125
17740,10.950824090522445,12,11.73915841150484,1,68,3,0,0,1,3,0,13.498057700804253,5,0,14.626441218624949
17745,10.841559345471941,13,11.73915841150484,1,54,2,0,0,2,1,0,12.069112524385531,5,1,12.226370248344972
17750,9.012011377036412,10,10.596503161315887,1,62,2,0,1,2,3,0,11.324195417595107,4,0,9.012011377036412
17755,17.217341105801083,12,11.175229004346514,0,77,3,1,0,1,2,1,0.0,5,0,18.933438505936564
17760,11.976665770490767,12,12.741305386317041,1,63,3,1,1,1,1,0,12.264346270624157,2,0,13.8924725250259
17765,11.542493975902508,12,12.866095815680177,1,38,3,0,3,1,1,0,12.07254696717504,5,0,13.478639641880966
17770,11.695255355062795,12,12.665736011575566,1,78,3,1,0,1,3,0,12.754196944209095,4,0,14.491512088336119
17775,4.51085950651685,8,10.243692364956795,0,65,1,0,2,2,3,0,0.0,4,0,4.51085950651685
17780,7.937731775260109,11,10.281431375093115,1,45,1,1,2,2,1,0,8.006700845440367,2,0,9.942756341456828
17785,11.338583982516495,10,12.060739842420068,1,61,2,1,0,1,1,0,11.002116507732017,2,0,12.923914877701906
17790,7.601402334583733,2,10.992910250981359,0,47,2,0,3,1,1,1,8.517393171418904,2,0,7.601402334583733
17795,13.292951364319082,9,13.004155710524866,1,66,3,1,1,2,1,0,11.918397239722838,2,0,13.820300069918506
17800,11.419724060136211,12,14.215399693591849,1,65,3,1,0,1,3,0,14.164469510054335,4,0,15.582823805078664
17805,10.322230781590136,8,9.98133877479715,1,76,3,1,0,1,3,0,0.0,5,0,14.029331589310814
17810,0.0,9,9.6246836542707,0,40,1,0,0,2,3,0,0.0,4,0,0.0
17815,9.741027444837728,11,10.41957729248823,0,56,2,0,1,2,1,0,11.125806040978839,5,0,9.798182590890704
17820,8.639587799629844,8,11.046019206267971,1,39,2,0,0,1,1,1,6.398594934535208,4,0,10.227417172661774
17825,7.280008252884188,6,10.386788464403516,0,26,2,0,4,2,1,0,0.0,1,0,7.280008252884188
17830,0.6931471805599453,8,9.69367212060944,0,68,2,0,1,2,3,0,5.442417710521793,5,1,0.6931471805599453
17835,9.83097062169695,8,11.528864869228297,1,47,3,1,6,1,2,0,13.724163614154637,4,0,12.348444223321136
17840,7.467942332285852,8,10.076644749570697,0,36,1,0,1,2,2,0,9.305741456739435,2,0,9.371693622333941
17845,9.433563920090563,9,10.992910250981359,1,26,3,0,1,1,1,0,6.566672429803241,5,0,9.433563920090563
17850,7.901377353792616,8,11.010928456106528,1,36,2,0,2,1,2,0,12.138869243416009,5,0,9.568084743872936
17855,13.353476685668044,9,10.623170750425082,1,85,2,1,1,1,3,0,0.0,5,0,13.554147092530322
17860,9.105090961257085,14,12.662317215651642,0,71,2,1,0,1,1,0,9.741027444837728,5,0,13.31957518872681
17865,6.769641976852503,8,9.930047914868675,0,46,2,0,3,1,1,0,9.417435838868785,2,0,8.569975376855206
17870,13.319410971901114,14,16.078242677639498,1,59,3,1,3,1,2,0,15.765697406034349,3,0,17.19094220227693
17875,11.170449240431308,12,12.514993003785928,1,41,3,1,4,1,1,0,12.612540583969206,5,0,13.522482219667573
17880,11.245059091624615,12,11.649008066953392,1,61,3,1,0,2,2,0,8.517393171418904,5,0,11.245059091624615
17885,13.102162710901053,12,13.260324008583467,1,51,3,0,1,1,4,0,12.345838935721968,2,0,14.832913152739675
17890,12.278397958261774,12,12.689345803522986,1,58,0,0,2,1,1,0,10.203629181337648,1,0,14.168278579812432
17895,10.62135173563291,10,11.404411999129266,1,87,2,1,0,2,3,0,0.0,5,0,13.855693308211437
17900,8.101980731853192,3,10.936821754744528,1,79,2,0,2,2,2,0,10.030164255362632,2,0,8.101980731853192
17905,11.395053675375332,14,11.969173203349216,0,62,0,1,0,1,2,1,0.0,2,0,12.753850064246318
17910,9.32375833901174,8,11.73915841150484,1,52,3,0,3,1,2,0,12.567937598044296,1,0,9.422301633887823
17915,9.210440366976517,12,11.639529406064158,1,39,3,0,1,1,1,0,6.398594934535208,2,0,9.210440366976517
17920,8.517393171418904,14,13.25843899716391,1,67,3,1,0,2,1,0,0.0,5,0,15.476591893483718
17925,10.239995502805316,9,11.046019206267971,1,63,3,1,0,2,3,0,0.0,4,0,14.480773049173369
17930,13.776770769148342,14,14.325098541209098,1,68,3,1,0,2,2,0,13.428819607281946,3,0,16.48703514686376
17935,6.2166061010848646,12,11.046019206267971,1,36,3,0,0,2,2,0,13.142951970258446,5,1,12.522710182912336
17940,12.134850505354908,14,14.65738747386079,1,69,3,1,1,1,2,0,12.206077645517674,2,0,17.985522902584297
17945,11.239816684367907,12,11.962300367785085,1,55,3,0,1,2,1,0,12.42985998956537,1,0,13.811503540582295
17950,13.20291241840797,12,17.77776178072472,1,70,3,1,0,1,2,0,0.0,4,0,17.212430169667957
17955,7.736743682453495,13,11.730500418141487,1,35,2,0,2,2,1,0,9.210440366976517,4,1,12.564065221011072
17960,12.381709408795407,14,13.094809883705356,1,52,3,1,2,1,2,0,13.425428028998196,3,1,16.29429022607578
17965,9.90353755128617,5,10.674462827538377,0,50,1,0,0,1,2,0,9.305741456739435,5,1,9.931151356518601
17970,9.862717639992917,12,12.95682444491998,1,59,3,0,0,1,1,0,12.567240979056246,5,0,15.181398364460582
17975,9.846970109700957,8,11.695098780943722,0,34,2,1,1,1,1,0,10.761322558837014,5,0,9.87822102528824
17980,6.2166061010848646,9,11.485380194730258,1,67,3,1,0,1,3,0,9.742790491838836,4,0,13.24369743404947
17985,13.997832948091215,12,14.78120716213499,1,58,1,1,0,1,1,0,0.0,4,0,16.781299006665026
17990,6.226536669287466,8,10.992910250981359,1,56,2,0,5,1,1,1,11.96731406169306,2,1,6.226536669287466
17995,8.006700845440367,9,10.540934738927314,0,35,3,0,1,2,1,1,8.537191877922927,2,0,8.987321812850125
18000,11.874097282798648,12,11.704067376563522,1,38,3,1,3,1,1,0,12.07254696717504,4,0,13.782471737477271
18005,6.447305862541213,10,10.540934738927314,0,60,2,1,2,1,1,0,9.179984251961283,1,0,6.447305862541213
18010,7.762596048540069,12,11.159961747859198,1,26,3,1,0,1,1,0,11.792683726788956,4,0,8.612685172875459
18015,7.438971592395862,12,11.712956250852091,1,42,3,0,2,1,1,0,12.945867219975694,2,1,9.525224101853109
18020,9.049114723476961,8,11.079920226254767,1,58,3,0,0,1,1,0,8.160803920954665,5,1,9.049114723476961
18025,12.73670383776449,12,14.672640825250475,1,63,3,1,0,1,2,0,14.422555584429787,2,0,17.10726506543359
18030,8.748463629942055,12,10.792243293398966,0,22,2,1,0,2,1,0,10.389026137075234,4,0,8.748463629942055
18035,11.142021191163188,13,12.638052671455641,0,33,3,1,0,1,1,1,13.043127510813633,4,0,14.284895871091992
18040,11.429554725537322,12,12.427981960528005,1,65,3,1,1,1,3,0,10.12667110305036,2,0,13.282781802386296
18045,6.803505257608338,12,9.930047914868675,0,55,0,0,0,2,3,0,0.0,5,0,6.85751406254539
18050,12.441148720271016,9,10.74678187553037,1,68,3,0,0,1,2,0,0.0,4,0,12.441148720271016
18055,10.571342565808699,8,12.211311892674125,1,47,2,0,3,1,1,0,11.728044909070785,5,0,13.418015107599418
18060,8.11102783819368,8,10.897601753215403,1,56,3,1,0,1,3,0,7.741099090035366,4,0,8.11102783819368
18065,9.61587214452889,8,11.079920226254767,1,75,2,1,0,1,3,0,9.503084610020228,4,0,11.643962499267984
18070,9.888424674859083,12,10.623170750425082,1,80,3,0,0,2,3,0,12.206077645517674,3,0,9.888424674859083
18075,11.314486721293981,8,11.695098780943722,1,71,1,1,0,1,1,0,9.717218213494077,4,0,13.350297037805756
18080,3.9512437185814275,8,10.451325058234776,0,52,2,0,0,2,1,0,8.263848131368906,5,0,3.9512437185814275
18085,6.154858094016418,12,11.128709656194046,0,49,1,0,1,1,1,1,9.936970683352676,2,1,6.154858094016418
18090,8.006700845440367,6,11.507358877993518,1,42,0,0,2,1,1,0,12.901719200051183,5,0,10.757924157061597
18095,6.175867270105761,8,9.288237848223762,0,64,2,0,0,2,3,0,0.0,2,0,6.175867270105761
18100,0.0,3,10.243692364956795,0,29,1,0,2,2,1,0,9.200391041122515,4,0,0.0
18105,7.783640596221253,9,11.190266672490848,1,76,2,1,0,1,1,0,9.902036500268814,1,0,9.425532393502772
18110,0.6931471805599453,12,9.288237848223762,0,56,2,0,0,2,3,0,11.68352019721342,5,1,0.6931471805599453
18115,9.61587214452889,12,12.121364124132038,1,42,2,1,3,1,1,0,12.468440756144114,4,0,11.976665770490767
18120,8.36450810375059,8,10.35288797609956,1,77,3,0,1,2,2,0,11.47937902264955,4,0,8.36450810375059
18125,13.199326270390594,12,14.088060362254797,1,78,3,0,0,1,2,0,11.678448377988165,5,0,17.283587499642902
18130,9.770013301136158,8,10.814221753204105,1,74,3,1,0,2,2,0,11.373674891823535,2,1,9.975854724662028
18135,13.019668195475587,14,14.586463167185212,1,49,3,1,2,1,2,0,11.51293546492023,2,0,15.5556610689531
18140,7.0909098220799835,10,11.610542128340578,0,48,3,0,1,2,1,0,10.463131911491967,5,1,9.83097062169695
18145,11.407576060361786,12,11.969173203349216,1,72,2,1,0,1,2,0,11.97603664577121,4,0,14.18431237326354
18150,9.34145634983372,12,11.428222385556161,0,54,2,1,2,1,1,0,9.210440366976517,1,0,13.111102207777295
18155,11.990531373522733,13,13.167647063248406,1,46,3,1,2,1,2,0,14.968611347572969,2,0,14.886142008749975
18160,4.110873864173311,13,10.723251890363157,0,27,2,0,0,2,1,0,11.883737014578514,4,1,4.110873864173311
18165,7.550135342488429,11,11.600689921732425,0,65,2,0,0,1,3,0,8.412054873292933,5,1,13.645790468119879
18170,4.290459441148391,9,10.674462827538377,1,37,2,0,3,2,1,0,11.636920278634463,2,0,4.290459441148391
18175,7.3783837129967145,9,11.485380194730258,1,35,2,0,2,1,1,1,12.456446075655599,1,0,7.3783837129967145
18180,7.099201743553092,8,10.974561423798537,1,78,2,1,2,2,3,0,7.937731775260109,4,0,9.324650718153594
18185,7.696667081526462,8,10.897601753215403,0,46,2,0,0,2,1,0,0.0,5,0,7.696667081526462
18190,7.783640596221253,13,12.14462086116848,1,53,2,1,0,1,1,0,13.049794835104816,5,0,7.783640596221253
18195,0.0,9,10.076644749570697,1,60,2,0,0,1,3,0,0.0,3,0,8.071218539969863
18200,9.69898173460629,12,11.695098780943722,1,54,3,1,1,1,1,0,13.091906231773164,5,0,9.69898173460629
18205,5.3981627015177525,11,10.243692364956795,0,57,2,0,0,2,3,0,10.975088291957388,4,0,5.3981627015177525
18210,3.828641396489095,10,11.428222385556161,0,30,1,0,2,1,1,0,9.099520536870939,2,1,3.828641396489095
18215,7.3783837129967145,9,8.931602548935768,0,24,3,0,0,2,1,0,8.853808274977197,2,0,7.8713112033234065
18220,7.824445930877619,1,11.496429917961313,1,67,1,1,0,1,3,0,7.601402334583733,4,0,10.811766273800105
18225,13.559328444560693,13,12.772460464301396,1,73,3,1,0,1,2,0,13.279368835614243,2,0,15.106669998920971
18230,9.820160289946374,12,10.16365262239305,0,23,3,0,0,2,4,0,12.220966184120165,4,0,9.820160289946374
18235,12.611541086966115,8,13.942106569283686,1,64,3,1,0,1,2,0,13.1421679654829,2,0,14.63440938474679
18240,5.831882477283517,6,10.41957729248823,0,57,2,0,1,2,1,0,0.0,2,0,5.831882477283517
18245,11.39640288460621,5,12.085432314014094,1,66,2,1,0,1,2,0,0.0,5,0,12.73670383776449
18250,6.2166061010848646,8,10.897601753215403,1,40,3,0,2,1,1,0,12.273735966890268,2,1,9.392745258631441
18255,9.44943600950432,8,12.56529356217316,1,50,3,0,2,1,4,0,13.317931805683793,5,0,13.724163614154637
18260,11.891368749982085,13,12.419286288567474,1,56,3,1,3,1,1,0,12.233692676364548,4,0,14.824964074730705
18265,10.691967639914864,12,12.308574737108612,1,78,3,1,0,2,2,0,12.206077645517674,5,0,13.260386417460465
18270,0.0,9,9.75820678716859,0,42,1,0,0,2,1,0,0.0,5,0,0.0
18275,13.407543823396258,12,13.094809883705356,1,60,2,1,0,1,2,0,0.0,2,0,15.563840643329382
18280,10.322230781590136,9,10.511947979456522,1,73,2,1,1,1,3,0,7.00397413672268,4,0,10.322230781590136
18285,9.441531454869693,12,9.69367212060944,0,49,1,0,0,2,1,0,0.0,4,0,9.441531454869693
18290,12.301387370778713,13,17.058790611209968,1,57,3,1,0,2,2,1,0.0,1,0,18.73556448112803
18295,8.556606193773073,3,11.367598443988374,1,41,2,0,6,1,2,0,11.863025843741806,2,0,9.23024103368252
18300,8.289288323000317,8,10.451325058234776,1,57,2,0,0,2,1,0,10.545367754151743,4,1,12.389564350766658
18305,13.204866440535003,12,12.59869172789388,1,70,3,1,0,1,3,0,0.0,2,0,14.94063526578453
18310,6.55250788703459,5,10.204473075038809,0,80,2,0,0,1,3,0,6.2166061010848646,4,0,6.55250788703459
18315,9.04793908261736,13,11.234068703381137,1,31,3,1,0,1,2,0,11.458479838780507,4,0,10.725489582719506
18320,13.910821646859095,12,14.278578554215343,1,49,3,0,1,1,2,1,0.0,2,0,14.69513772040451
18325,8.764209507142004,9,12.232589186385791,1,34,3,1,1,1,1,0,12.724869415131389,4,0,12.99020475638327
18330,9.314790473332646,14,11.649008066953392,1,42,3,0,2,1,2,0,13.302500884229884,4,0,12.634931962691928
18335,9.798182590890704,8,11.898221933343832,0,55,2,0,1,1,2,0,10.725489582719506,5,0,9.798182590890704
18340,7.616283561580385,9,10.451325058234776,1,62,3,0,0,1,3,0,10.484613193102275,5,0,9.395241931033524
18345,10.007892611890918,7,11.159961747859198,1,38,2,0,2,1,1,0,12.236218653973182,1,1,10.05195066017375
18350,10.292179440058462,12,12.56529356217316,1,41,3,0,3,1,1,0,12.89119017455097,4,0,13.352682721027628
18355,12.464587201678082,13,14.772942655434314,1,52,3,1,0,1,2,0,12.316275916098562,2,0,14.698865202986044
18360,11.466891997618188,14,13.382491442193844,1,33,3,1,1,1,1,0,12.765691290604371,4,0,13.537780136496803
18365,9.472781556562168,4,11.829754616082079,0,38,2,0,0,1,1,0,7.937731775260109,3,0,10.998777662206932
18370,7.313886831633462,12,11.676916614849558,0,54,1,0,3,1,1,0,7.0909098220799835,2,0,9.792611856190192
18375,10.707751151716078,14,11.92720927582913,0,31,2,0,0,1,1,0,11.277215789596893,4,0,12.720992874945178
18380,5.771441123130016,10,9.470543987306165,0,63,2,0,2,2,1,0,7.601402334583733,1,0,5.771441123130016
18385,7.201170883281678,8,10.91740401772286,0,51,2,0,1,1,2,0,8.556606193773073,5,1,7.201170883281678
18390,10.085850775128717,13,11.462907572501242,1,77,1,0,0,1,3,0,11.775297421715827,4,0,13.06896471037963
18395,9.942756341456828,8,11.962300367785085,1,56,3,1,0,1,1,0,10.673618922112436,5,0,11.781432363235949
18400,10.313973369101156,10,11.046019206267971,1,69,1,1,0,2,3,0,11.696920620516192,4,0,12.835083890570749
18405,9.082620630373812,12,11.329377681719818,1,36,3,1,0,2,1,0,12.44312304677877,4,1,11.042137528235768
18410,9.798182590890704,8,12.211311892674125,0,44,1,0,0,1,1,0,8.294299608857235,3,0,10.691967639914864
18415,10.373522431293592,13,11.076581376553111,1,73,2,1,0,2,3,0,0.0,4,0,13.642348128015021
18420,12.765691290604371,9,13.24648101289995,1,77,2,1,0,1,3,0,0.0,5,0,13.454542124461861
18425,14.657078174676883,13,18.736714906055,1,60,3,0,0,1,2,0,0.0,2,0,18.55021667408643
18430,8.740496729931813,9,9.383539618396707,0,19,2,0,0,2,4,0,10.275085591132715,4,0,8.740496729931813
18435,9.04793908261736,12,9.930047914868675,0,25,2,1,0,2,1,1,8.682877107057168,4,0,9.425532393502772
18440,11.020283511637867,8,12.86329861828133,1,46,2,1,2,1,1,0,13.477378344343276,3,0,11.091346218718432
18445,8.160803920954665,7,11.549918073413814,1,44,2,0,2,1,1,0,12.867809135160735,4,0,8.412054873292933
18450,9.87822102528824,9,11.59073968241829,0,36,3,0,2,1,1,0,0.0,2,0,10.92415631759022
18455,9.105090961257085,12,11.875916329276292,0,65,3,1,0,2,1,0,0.0,5,0,14.595294503688933
18460,13.114333221834064,9,12.161715204458655,1,82,3,1,0,1,3,0,0.0,5,0,15.298727661646375
18465,5.0238805208462765,8,9.818828007928495,1,55,1,0,0,2,3,0,10.900454637442037,4,0,5.0238805208462765
18470,13.910821646859095,14,12.82765702099908,1,75,3,1,0,1,3,0,0.0,4,0,14.537731471682465
18475,12.563750586299374,14,12.133060100630725,1,73,3,1,0,1,1,0,10.463131911491967,5,0,13.435714658591923
18480,6.508769136971682,12,10.076644749570697,0,33,1,0,0,1,1,0,6.111467339502679,5,1,6.508769136971682
18485,10.173552856959743,9,11.853101811967846,0,56,3,1,0,2,1,0,9.798182590890704,1,0,13.73884655270862
18490,10.168962358863777,13,12.498992721632195,1,65,3,1,0,1,3,0,0.0,3,0,12.39702765987948
18495,12.413090879946887,12,12.775523245143145,1,40,3,1,2,1,2,0,13.118357364036902,2,0,14.478199046503295
18500,7.170888478512505,14,12.466203023190976,1,45,3,0,2,1,1,0,13.389333939650964,3,0,7.170888478512505
18505,6.90875477931522,8,10.482095840823943,1,60,3,0,2,2,1,1,11.498836682527127,4,0,8.000014093678072
18510,12.345838935721968,8,12.172951219287846,1,68,3,1,0,1,3,0,0.0,4,0,15.04807111068727
18515,11.669937760751914,13,11.610542128340578,0,30,3,1,0,1,1,0,11.002116507732017,4,0,12.06105265381003
18520,5.993961427306569,8,10.87739942351305,0,52,2,0,1,2,1,0,9.140025198061156,3,1,10.827766295132466
18525,8.77971129020447,8,11.17371272508997,1,73,2,1,0,1,3,0,0.0,4,0,13.092936626443631
18530,9.137877200242468,5,10.897601753215403,1,65,2,1,0,1,1,1,8.77043908654689,3,0,12.045322738624144
18535,3.091042453358316,8,10.511947979456522,0,35,2,0,0,2,1,0,8.398634855292102,4,0,5.641907070938114
18540,14.203965815342823,12,14.915766784525715,1,58,2,1,0,1,2,0,15.136733189149378,5,0,16.33390847805184
18545,6.68586094706836,8,9.930047914868675,1,70,3,0,0,2,3,0,7.601402334583733,5,0,12.132431487478716
18550,11.612788899323661,12,13.24955057072685,1,40,3,1,0,1,2,1,13.242811303528269,3,0,12.984254667686653
18555,9.472781556562168,12,11.451478997511787,1,65,3,1,0,1,3,0,12.271396795480596,5,0,9.472781556562168
18560,12.765691290604371,12,11.845379821066128,1,35,3,0,1,1,1,0,12.025755079404917,3,0,13.1499804899607
18565,10.308985993422082,13,10.95586961402582,1,92,2,1,0,1,3,0,0.0,4,0,13.579789490265188
18570,4.394449154672439,8,10.076644749570697,0,34,2,0,2,2,1,0,11.586278151967912,4,0,4.394449154672439
18575,10.524090921620362,8,12.150351505528926,1,44,3,0,2,1,1,0,12.213549623135716,5,0,11.952476330009466
18580,11.970356641102999,8,11.756252709710795,1,61,3,0,0,1,1,0,9.210440366976517,2,1,12.816112636016506
18585,3.9318256327243257,9,9.818828007928495,0,56,2,0,0,2,3,0,0.0,5,0,9.476620038167528
18590,6.948897222313312,10,8.987165257038846,0,36,3,0,1,2,1,0,9.268703615273097,5,0,6.948897222313312
18595,13.122365377402328,12,12.874440766134532,1,66,3,1,0,1,1,0,9.588845298501564,3,0,16.479539276639144
18600,7.520776415062797,8,11.128709656194046,0,32,3,0,0,1,1,0,8.160803920954665,4,1,10.190394324520158
18605,9.933094897288786,11,10.31779779558084,1,77,2,1,0,2,3,0,9.99884318585288,2,0,9.933094897288786
18610,13.551546314212295,14,13.454811996192552,1,68,2,1,0,1,1,0,0.0,5,0,16.240136365378582
18615,16.485443506210228,13,15.374238224657555,1,81,2,1,0,1,2,0,10.203629181337648,5,0,18.016899232799155
18620,13.63877457278093,12,13.814273317948402,1,56,3,1,2,1,1,0,14.48794520739107,5,0,15.155761242362829
18625,11.695255355062795,12,10.204473075038809,0,35,2,1,0,2,1,0,7.601402334583733,2,1,12.335349374897772
18630,7.696667081526462,12,11.079920226254767,1,45,2,0,0,2,1,0,10.857478611593109,4,0,11.811554895830454
18635,5.14166355650266,6,8.931602548935768,0,44,1,0,1,2,2,0,0.0,4,0,5.14166355650266
18640,8.987321812850125,3,10.451325058234776,0,41,1,0,1,1,1,0,0.0,5,0,8.987321812850125
18645,15.463592286409263,12,17.170460291965853,1,63,3,1,0,1,2,0,16.382765025846997,4,0,20.863352944710442
18650,10.809748150372926,12,10.699154876036824,1,63,3,1,0,1,3,0,8.853808274977197,5,0,11.901590234400047
18655,11.798111925972618,13,12.721812895163849,1,67,2,0,0,1,3,0,12.79608183878539,5,0,15.956488188301353
18660,8.101980731853192,11,11.175229004346514,0,73,2,1,0,2,3,0,6.55250788703459,4,0,8.101980731853192
18665,9.99884318585288,12,12.507024863496335,1,44,2,0,0,1,1,0,11.635151947212842,3,0,13.87378040948403
18670,10.463131911491967,8,10.569104881654322,0,61,3,0,3,1,2,0,6.398594934535208,4,0,10.463131911491967
18675,7.824445930877619,9,11.342280932513091,1,50,2,0,4,1,1,0,0.0,5,0,7.824445930877619
18680,8.839421607620602,11,11.639529406064158,0,36,3,1,0,1,1,0,9.481206851499401,5,0,8.881975184248867
18685,0.0,9,9.470543987306165,0,63,2,1,0,2,3,0,0.0,3,0,0.0
18690,6.311734809152915,9,9.383539618396707,0,27,1,0,1,2,4,0,7.601402334583733,3,1,6.311734809152915
18695,11.813037464800539,8,10.936821754744528,1,67,2,1,0,1,3,0,11.0186455364637,5,0,11.813037464800539
18700,11.189975390433117,8,12.401664759016501,1,53,2,0,2,2,1,0,12.692997917784087,4,0,14.149408770339946
18705,10.308985993422082,12,11.60266814359896,1,60,3,0,0,1,1,0,12.403697343010705,5,0,13.378556330751158
18710,10.896757843893464,8,12.060739842420068,1,66,3,1,0,1,1,0,3.044522437723423,4,0,12.6410997921206
18715,12.277467297099491,14,15.886654492722034,1,62,3,1,0,1,2,0,15.550699852070762,5,0,17.260941739314646
18720,10.043292972227004,12,12.86329861828133,1,56,3,1,0,1,1,0,13.122365377402328,3,0,14.905754933096265
18725,12.301387370778713,7,11.518169685974078,1,68,3,1,0,1,3,0,0.0,2,0,14.48794520739107
18730,12.821260987319457,13,15.985068582672325,1,85,0,1,0,1,3,0,0.0,4,0,19.782784868832252
18735,10.985309671896763,14,12.915151848943381,1,40,3,1,0,1,2,0,14.708737759572582,4,0,14.668648900908911
18740,12.345838935721968,12,13.324155957794543,1,51,2,1,0,1,1,0,12.721888795877375,5,0,14.945298787202558
18745,9.75272280064639,12,11.686049021222916,1,28,3,0,1,1,1,0,12.782688818818986,5,0,9.75272280064639
18750,4.61512051684126,5,9.470543987306165,0,50,2,0,0,2,1,0,0.0,1,0,4.61512051684126
18755,2.4849066497880004,8,10.386788464403516,0,56,0,0,0,2,3,0,0.0,5,0,4.127134385045092
18760,13.710151153416941,14,12.951709356349655,1,63,3,1,1,1,1,1,0.0,5,0,16.810042161001817
18765,9.105090961257085,6,11.028627743384128,1,71,3,1,0,1,1,0,12.225880174775122,4,0,10.173552856959743
18770,11.608244735642321,10,11.404411999129266,1,70,2,1,0,2,1,0,12.211065162153215,3,0,14.574459992065522
18775,5.303304908059076,3,9.69367212060944,1,65,2,0,0,2,3,0,9.210440366976517,5,0,5.5254529391317835
18780,7.8636512654486515,11,11.485380194730258,0,38,2,0,0,1,1,0,9.495594499353297,4,0,9.717218213494077
18785,11.930325731537252,12,12.623918206710941,1,34,2,1,1,1,1,0,12.861001210669146,3,0,13.422173111573422
18790,8.962007209588313,12,11.404411999129266,1,33,2,1,0,1,1,0,12.075969654927759,3,0,10.591647316585027
18795,6.825460036255307,9,9.75820678716859,1,86,2,0,0,2,3,0,0.0,4,0,11.080926425083522
18800,9.844321241866913,8,11.234068703381137,0,47,3,0,3,1,1,0,10.090008612393838,1,0,9.844321241866913
18805,10.709985739582528,13,12.453624289743354,0,35,0,1,1,1,1,0,12.749271553766196,2,0,11.66822691098345
18810,1.0986122886681098,4,10.897601753215403,0,41,2,0,0,2,1,0,9.989711119284745,5,1,1.0986122886681098
18815,11.156264806643742,12,11.234068703381137,1,70,0,1,0,1,3,0,10.714439990727769,4,0,12.400820837540556
18820,6.46302945692067,5,10.540934738927314,0,62,2,0,0,1,3,0,10.429428364110965,2,0,6.46302945692067
18825,12.793862088206213,13,13.465606225930554,1,59,3,1,0,1,2,0,0.0,1,0,15.652880697680038
18830,6.447305862541213,1,9.818828007928495,0,42,2,0,0,2,1,0,0.0,4,0,7.875119281040293
18835,12.678264503855369,13,14.345028472183516,1,74,3,1,1,1,1,0,0.0,2,0,17.0309685888229
18840,11.955757004009955,12,12.991915683347502,1,41,1,1,2,1,1,0,12.669809806411457,2,1,13.879152740009959
18845,12.429220196836383,12,14.429809435565296,1,44,3,1,2,1,1,1,13.997832948091215,3,0,14.603968372873895
18850,13.935070680332966,12,14.394091372646512,0,44,3,1,0,1,1,1,0.0,2,0,15.713760054711393
18855,10.353001443478973,7,11.580689440046534,1,66,3,0,0,1,1,0,10.373522431293592,3,0,11.954728931106146
18860,13.003582093664077,12,11.09644927542817,1,75,2,0,0,1,3,0,12.353289340754502,4,0,13.455975814408239
18865,10.62135173563291,10,12.016004213152664,1,65,3,1,0,1,3,0,10.645448706505872,5,0,14.22563214117842
18870,8.006700845440367,6,10.897601753215403,1,68,2,0,0,1,3,0,9.905535454153428,4,0,12.095146671399466
18875,7.0909098220799835,12,11.59073968241829,1,48,2,0,1,1,4,0,12.696188290481068,3,0,7.0909098220799835
18880,0.0,8,6.672116019554623,0,61,2,0,0,2,1,0,0.0,1,0,0.0
18885,9.392745258631441,13,11.234068703381137,0,29,3,1,0,2,1,0,10.819798284210286,3,0,10.073272520325904
18890,9.305741456739435,12,9.875983398597374,0,26,3,0,0,2,4,0,9.90353755128617,1,0,9.495594499353297
18895,18.435490545458837,14,15.1825484271779,1,65,3,0,0,1,3,0,0.0,2,0,19.947719175870933
18900,12.337105293891872,14,14.958026580065576,1,56,3,1,0,1,2,0,14.403297778421795,5,0,15.973416755155725
18905,9.129238770539141,10,11.837597736678639,0,49,3,0,3,1,1,0,9.392745258631441,4,0,9.562475024372697
18910,7.659642954564682,12,10.674462827538377,0,73,1,1,0,1,1,0,11.060384472475045,3,0,7.659642954564682
18915,9.798182590890704,8,11.079920226254767,1,46,3,0,1,1,1,0,12.651722745315356,5,0,10.968215530759236
18920,6.493753839851686,4,10.243692364956795,0,41,3,0,4,2,1,0,0.0,4,0,6.493753839851686
18925,7.878912912297133,8,9.98133877479715,0,36,2,0,2,1,2,1,10.034121000171332,1,0,8.352554369474591
18930,15.616560239224903,12,14.904916772135065,0,80,2,1,0,1,2,0,0.0,1,0,16.978704567695647
18935,11.103467395592086,4,11.159961747859198,1,65,1,0,0,1,1,0,12.252626978758029,3,0,11.103467395592086
18940,12.577536196962324,12,14.701575924000322,1,78,0,1,0,1,2,0,0.0,1,0,16.381764525590235
18945,7.601402334583733,10,10.792243293398966,1,38,3,0,2,1,2,0,12.198549416880068,5,1,7.601402334583733
18950,11.289794413577894,13,11.144457783705516,1,81,3,1,0,2,3,0,0.0,3,0,14.763300344494624
18955,12.00762780434872,12,12.669143159145959,1,60,3,1,1,1,1,0,11.127277689932466,4,0,13.918068048816036
18960,5.707110264748875,8,10.16365262239305,0,27,2,1,0,2,1,0,4.795790545596741,5,0,5.707110264748875
18965,7.340835554123275,10,11.686049021222916,0,50,2,0,0,1,1,0,11.944064817531656,4,0,12.618321359534956
18970,8.987321812850125,13,11.704067376563522,1,71,3,1,0,1,2,0,0.0,5,0,14.02089820202114
18975,7.438971592395862,8,10.936821754744528,0,53,0,0,0,1,4,0,0.0,5,0,7.438971592395862
18980,7.791935956938058,11,10.87739942351305,0,23,1,0,1,1,1,0,8.802522498284421,3,0,7.791935956938058
18985,13.219854812903453,9,15.102276146044932,1,66,2,0,1,1,2,0,0.0,4,0,15.331121410228201
18990,12.832013750189885,12,15.179789805452149,1,68,3,1,0,1,2,0,0.0,4,0,16.1865017770105
18995,11.918397239722838,10,11.853101811967846,1,37,1,0,0,2,2,1,11.794345471549745,2,0,12.409017571151187
19000,10.373522431293592,13,17.962051653579064,0,82,2,1,0,1,3,0,0.0,4,0,16.04896001928162
19005,4.61512051684126,8,11.262239213240827,0,44,1,0,0,1,1,0,6.68586094706836,3,0,4.61512051684126
19010,13.161586013632684,12,13.165578814129656,1,60,3,1,0,1,2,0,11.6172944892629,2,0,14.045829107307345
19015,0.0,9,9.69367212060944,1,59,1,0,0,2,3,0,8.131824785007195,4,1,0.0
19020,2.3978952727983707,12,9.930047914868675,0,50,2,0,2,2,1,0,9.642187721358466,1,1,2.3978952727983707
19025,9.61587214452889,9,12.278869718770531,1,67,2,1,1,2,3,0,10.778977123006351,4,0,14.516130249640712
19030,12.715900771961074,13,0.0,0,50,3,1,0,1,3,1,12.128116509451258,2,0,16.20252879883646
19035,13.598598798635953,12,14.51389250917311,1,75,3,1,0,1,2,0,0.0,5,0,14.535786892530359
19040,0.0,8,9.137430017527388,0,65,1,0,0,2,3,0,0.0,1,0,0.0
19045,13.304686600863562,12,14.503081598461785,1,64,3,1,0,1,1,0,0.0,1,0,16.168788860330867
19050,10.474495347310453,12,12.605964462765131,1,76,3,1,0,1,3,0,13.120363378739663,4,0,12.786613679689001
19055,0.6931471805599453,8,9.550580764956187,0,30,1,0,1,2,1,1,6.447305862541213,1,1,0.6931471805599453
19060,14.994258165401996,12,12.097553606596385,1,74,2,1,0,1,3,0,0.0,4,0,15.114966527131761
19065,10.604131561522696,12,11.528864869228297,1,37,3,1,0,1,1,0,12.650761671914688,5,0,13.845361550523778
19070,10.373834872713369,12,11.639529406064158,0,28,2,1,0,2,1,0,8.24301946898925,3,0,10.636119834372657
19075,10.950824090522445,12,11.805849271474132,1,40,3,1,0,2,1,0,12.928781055513184,2,0,11.767575435251748
19080,4.795790545596741,8,9.470543987306165,1,67,2,0,0,2,3,0,0.0,4,0,4.795790545596741
19085,9.619199713152362,10,11.367598443988374,0,42,3,0,2,1,1,0,8.152198015861787,5,0,11.653130787298837
19090,8.787372988731876,9,11.955379969271414,1,52,3,0,1,1,1,0,12.643039650666653,4,0,14.869289693159468
19095,8.987321812850125,10,11.658397725704077,1,39,3,0,1,1,2,0,13.111708818640885,4,0,11.19822841866684
19100,10.064798252418377,9,11.234068703381137,0,30,2,0,0,2,1,1,9.305741456739435,3,1,10.518700218288165
19105,5.484796933490655,8,10.243692364956795,0,47,1,0,2,2,4,0,8.281723990411392,3,0,5.484796933490655
19110,8.006700845440367,9,11.159961747859198,0,57,1,1,0,2,4,0,7.496097345175956,4,0,10.87806606028079
19115,8.881975184248867,12,11.649008066953392,0,39,1,0,0,1,1,1,10.821596630217067,3,0,9.036106025364846
19120,10.308985993422082,14,13.121127138635973,1,61,3,1,1,1,2,0,13.366878520624217,5,0,14.874342323481388
19125,14.31325155008416,12,14.586463167185212,1,68,3,1,0,1,2,0,12.873904582205107,4,0,16.370798082183974
19130,8.071218539969863,12,9.98133877479715,1,22,2,0,0,2,2,0,7.313886831633462,5,0,12.622151230897948
19135,15.150643458111471,14,15.732276741838536,1,52,3,1,2,1,2,0,13.66585094484938,3,0,17.65033931666598
19140,11.373674891823535,13,11.30306069379871,1,64,2,1,0,2,1,0,0.0,3,0,13.60108018640869
19145,8.101980731853192,6,10.74678187553037,1,89,2,0,0,1,3,0,0.0,4,0,11.900233391293936
19150,7.901377353792616,10,10.623170750425082,0,46,3,1,0,2,1,0,0.0,5,0,11.166214996056205
19155,9.961803629358965,11,11.920040833915293,0,30,2,1,0,1,2,0,10.810959513102064,3,0,11.1154434073529
19160,12.901519679398886,10,12.715663031744286,1,67,3,1,0,1,3,0,0.0,3,0,15.103067146790405
19165,8.895766604056085,9,10.792243293398966,1,40,1,0,2,1,1,0,12.996779746057468,4,0,8.895766604056085
19170,12.587248476364008,13,15.219010508784862,1,53,3,1,4,1,2,0,16.440179222591198,3,0,18.10751402566801
19175,10.799595985047786,9,11.128709656194046,1,38,3,0,1,1,2,0,12.34104487465108,5,0,10.799595985047786
19180,6.763884908562435,8,10.16365262239305,1,75,1,1,0,2,1,0,6.634633357861686,5,0,8.676928249537397
19185,6.55250788703459,8,11.219680157476482,0,26,2,0,0,1,1,0,9.864278839310847,5,0,6.55250788703459
19190,14.584229388978047,13,13.479315484531796,1,57,3,1,0,1,2,0,0.0,5,0,14.657939871903103
19195,9.024131268455035,12,12.189572015326258,1,39,3,1,2,1,1,0,12.854068159552728,5,0,12.663658871951759
19200,12.948012371209098,14,15.249408614821068,1,78,3,1,0,1,2,0,0.0,4,0,16.998883591235444
19205,11.48247656671073,13,11.686049021222916,1,37,2,0,0,2,1,0,13.017005083966255,2,0,12.694655727828803
19210,9.581972891547895,12,11.518169685974078,1,31,3,0,0,1,1,0,12.019749091416921,5,0,9.60245002503719
19215,4.110873864173311,12,9.930047914868675,0,30,1,0,0,2,2,0,10.373522431293592,1,0,4.110873864173311
19220,7.650168700845001,8,10.569104881654322,0,80,3,0,0,2,3,0,7.3783837129967145,4,0,7.650168700845001
19225,7.115582126184454,14,11.159961747859198,1,74,3,0,0,1,3,0,10.853232402669228,2,1,7.115582126184454
19230,7.170888478512505,-1,10.16365262239305,0,72,2,1,1,2,3,0,5.25227342804663,2,0,7.170888478512505
19235,12.63525753545869,9,13.097029635877716,1,41,3,1,2,1,1,0,12.840003118946523,4,0,14.262201419071268
19240,7.901377353792616,8,10.482095840823943,1,54,2,1,0,2,1,0,11.542493975902508,2,0,11.675902789388996
19245,10.907807476583594,11,12.091511325881505,1,52,2,1,3,1,1,0,12.962549022539266,5,1,10.995427631436174
19250,5.303304908059076,6,10.204473075038809,0,21,3,0,0,2,1,0,6.133398042996649,5,0,5.303304908059076
19255,9.516427036104067,8,12.253423172919685,1,45,2,0,0,2,2,0,12.793862088206213,3,0,9.516427036104067
19260,9.392745258631441,9,12.14462086116848,0,56,3,1,0,1,2,0,0.0,2,0,13.54370314700388
19265,0.6931471805599453,10,10.482095840823943,1,71,3,1,0,2,3,0,10.491301994830229,2,0,11.763699747398626
19270,6.90875477931522,9,10.076644749570697,0,21,3,0,0,2,4,0,11.178445242969808,5,0,6.90875477931522
19275,2.3978952727983707,6,9.039802580037927,0,76,0,0,0,2,3,0,0.0,4,0,8.414274137408396
19280,15.620910077305137,14,16.892541732972983,1,42,3,1,3,1,2,1,16.047673293957907,2,0,16.20531876386365
19285,4.875197323201151,9,10.87739942351305,1,35,1,0,3,2,1,0,12.341918233338216,4,0,10.781681739143439
19290,10.275085591132715,13,12.896359396283692,1,65,3,1,1,1,1,0,0.0,4,0,16.12646066645694
19295,9.23024103368252,5,11.649008066953392,1,71,2,1,0,1,3,0,12.39380039582335,5,0,10.211009016314167
19300,5.707110264748875,8,8.372085865659063,1,58,1,0,0,2,1,0,0.0,4,0,5.707110264748875
19305,11.918397239722838,12,10.64914561257346,1,65,3,1,0,1,3,0,0.0,3,0,15.71387991206331
19310,5.739792912179234,8,10.623170750425082,0,33,1,0,0,2,1,0,3.713572066704308,5,1,5.739792912179234
19315,14.786289853910306,8,15.52059353637661,1,77,3,0,0,1,2,0,0.0,4,0,15.26007406305717
19320,12.203078166549846,14,13.913119058332606,1,51,3,1,2,1,1,0,13.876606598057414,4,1,15.243331145574865
19325,11.149096419938578,13,11.875916329276292,1,40,3,0,4,1,1,0,12.95749109270188,5,0,13.668750334645791
19330,10.404293143019792,11,9.930047914868675,0,67,3,0,0,2,3,0,10.073272520325904,4,0,10.404293143019792
19335,8.006700845440367,9,11.30306069379871,0,63,3,1,0,2,3,0,0.0,3,0,13.818507063952548
19340,8.071218539969863,8,11.010928456106528,1,50,2,0,1,2,1,0,10.474495347310453,3,0,10.881832472145556
19345,6.78105762593618,8,11.20508155522288,0,36,2,0,2,1,1,0,11.314486721293981,3,0,10.270939218446076
19350,3.713572066704308,4,10.16365262239305,0,25,1,0,2,1,1,0,0.0,2,0,8.338305731356565
19355,10.793454842740767,12,12.060739842420068,1,70,3,1,0,1,1,0,10.604131561522696,3,0,13.482971974375342
19360,7.804251383528112,9,10.87739942351305,1,33,3,1,1,2,1,0,8.922791623969637,4,0,10.65681219612839
19365,8.699681400989514,9,10.204473075038809,0,66,3,0,0,2,3,0,6.68586094706836,3,0,8.699681400989514
19370,12.694655727828803,14,12.82620459180008,1,66,3,0,0,1,1,0,13.153863982446317,5,0,15.874749519877604
19375,10.789339695269716,14,12.293832522398864,1,41,2,1,4,1,2,1,13.244582780038517,2,0,13.835118068187139
19380,12.520887034998584,13,12.156049496587327,0,35,3,1,0,1,1,0,0.0,2,0,13.67854584967945
19385,11.127277689932466,12,11.890841876391685,1,58,3,1,3,1,1,0,12.622810641870043,5,0,12.337105293891872
19390,11.744045122410057,12,12.097553606596385,1,66,3,0,0,1,1,0,0.0,4,0,13.970804298534327
19395,7.972810784121404,9,11.30306069379871,1,40,1,0,1,1,1,0,11.96209480994468,1,1,9.465060106725137
19400,5.303304908059076,10,10.16365262239305,0,57,2,0,0,1,2,0,0.0,1,0,5.303304908059076
19405,7.855932199718614,8,10.933740143113555,1,72,3,0,0,2,2,0,9.127067452782361,2,0,12.633237273506154
19410,5.303304908059076,8,10.792243293398966,0,46,1,0,0,2,1,0,6.398594934535208,5,1,5.303304908059076
19415,10.491301994830229,8,12.041811943026103,1,47,2,0,0,1,1,0,12.323860125621126,4,0,12.141005984951518
19420,11.915058360753719,13,12.466203023190976,1,62,3,0,1,1,2,0,13.442998001373553,4,0,15.015927347156182
19425,8.216358332386156,12,11.190266672490848,1,48,3,0,0,1,1,0,11.96254142081368,5,0,8.216358332386156
19430,6.2166061010848646,9,10.723251890363157,0,60,2,0,1,2,1,0,0.0,5,0,11.986055452062393
19435,11.373674891823535,14,13.34340411493854,1,80,3,1,0,2,2,0,11.695255355062795,5,0,15.810483351069808
19440,10.308985993422082,8,11.890841876391685,1,39,3,1,2,1,1,0,11.898194668458823,2,0,11.608244735642321
19445,12.472279517715116,12,13.768886493400288,1,39,2,1,3,1,2,0,12.765691290604371,2,0,13.081543466215237
19450,8.699681400989514,12,11.462907572501242,1,81,3,1,0,1,3,0,0.0,2,0,12.149507585033072
19455,11.177466714598282,12,11.912820634128884,0,65,2,1,0,2,2,0,9.059633754551479,1,0,12.73523217148465
19460,14.077875591662238,14,14.852666099839723,1,64,3,1,1,1,2,0,14.80876270134486,5,0,15.477920544845798
19465,14.030622744032508,12,14.61115576850123,1,63,2,1,0,1,2,0,14.13396501635527,5,0,14.639686439527019
19470,7.601402334583733,8,9.98133877479715,1,63,2,1,0,2,1,0,0.0,5,0,7.601402334583733
19475,11.651826167019166,13,13.072337074570212,1,39,3,1,3,1,1,0,12.521981322562505,5,0,13.885876752677717
19480,0.6931471805599453,12,11.09644927542817,1,74,2,0,0,2,1,0,11.976980184488554,5,0,12.328299127772787
19485,7.601402334583733,12,10.623170750425082,0,28,1,0,0,2,1,0,10.668978650219241,1,0,7.937731775260109
19490,14.19736648302693,14,14.475531660728862,1,56,3,1,0,1,3,0,13.592368256649284,4,0,16.273987756480448
19495,6.90875477931522,9,11.28963784015293,0,38,1,1,4,1,2,0,6.089044875446846,2,1,6.90875477931522
19500,10.988693712621323,12,11.721766808769676,1,57,3,0,0,2,1,0,0.0,5,0,14.229737832591969
19505,10.448743588106625,12,11.813881383532228,0,50,1,1,3,2,2,0,6.311734809152915,5,0,10.448743588106625
19510,7.030857476116121,8,9.98133877479715,0,22,2,0,0,2,1,0,0.0,2,0,8.776630098427717
19515,10.736418414365376,9,10.386788464403516,1,73,2,1,1,2,3,0,10.203629181337648,5,0,12.240478903153711
19520,9.305741456739435,8,11.560280761065794,1,35,2,0,2,1,4,0,11.666427362955483,1,0,10.043292972227004
19525,10.988693712621323,14,13.532346983149104,1,77,3,1,0,1,2,0,0.0,4,0,17.242836950996267
19530,7.107425474110705,9,11.30306069379871,0,53,2,0,2,1,1,0,10.571086129249698,4,0,11.364669046470935
19535,15.564362700154593,12,16.336531827147223,1,43,3,0,2,1,2,0,14.467836264837162,4,0,18.418979307329636
19540,3.044522437723423,8,11.079920226254767,1,39,1,0,3,1,1,0,11.998439434579149,2,0,3.044522437723423
19545,5.771441123130016,8,11.063113369269185,0,34,2,0,0,2,1,0,9.409273194575334,5,1,10.865917318389972
19550,14.36305434303426,13,15.914863209842572,1,56,3,1,1,1,2,1,0.0,2,0,15.549287921270004
19555,9.798737961337057,8,10.769770904774587,1,74,2,0,0,1,3,0,0.0,5,0,9.798737961337057
19560,8.006700845440367,6,11.355019808159389,0,56,1,1,0,1,1,0,9.23024103368252,2,0,8.006700845440367
19565,12.487488878546145,14,14.12442797925874,1,52,2,0,0,1,2,0,14.229605653708807,4,0,15.582806725808133
19570,11.73687669002817,14,13.724897967268705,1,68,3,1,0,1,3,0,12.73670383776449,2,0,15.849575608507214
19575,5.707110264748875,8,11.451478997511787,0,29,2,0,2,1,1,0,11.03005541721757,4,1,10.825780236605917
19580,10.344995251991222,8,10.992910250981359,1,80,2,1,0,1,3,0,11.0186455364637,3,0,10.344995251991222
19585,11.103467395592086,4,11.837597736678639,1,70,2,1,1,1,3,0,12.154784614286667,5,0,12.256770512686108
19590,7.601402334583733,13,10.897601753215403,1,78,3,1,0,2,3,0,0.0,5,0,9.012011377036412
19595,12.25486757159303,12,13.36398799942572,1,55,3,0,0,2,1,0,0.0,3,0,15.681140030557534
19600,16.213405921671733,12,15.71995954403361,1,83,3,1,0,1,3,0,0.0,5,0,18.91278216483348
19605,7.601402334583733,8,11.496429917961313,1,64,2,0,0,2,3,0,11.567423119906431,5,0,7.601402334583733
19610,0.0,2,10.540934738927314,1,59,3,0,1,1,1,0,11.277215789596893,5,0,0.0
19615,6.90875477931522,10,9.470543987306165,0,54,1,0,1,2,1,0,9.90353755128617,5,0,6.90875477931522
19620,10.480129006333248,12,11.079920226254767,0,32,3,0,0,2,1,0,9.503084610020228,5,0,11.955050317440996
19625,8.453401058328458,12,11.764691512444722,1,61,3,1,0,1,1,0,12.821260987319457,4,0,8.808518618782816
19630,9.217415285648144,10,12.17852223565681,1,46,3,1,2,1,1,0,12.625772622110356,2,0,12.563995310740875
19635,7.972810784121404,13,10.792243293398966,0,26,2,0,0,2,4,0,12.24611513631632,5,1,7.972810784121404
19640,7.601402334583733,11,11.010928456106528,0,45,1,0,1,2,1,0,11.065090289695444,5,0,10.698762529141884
19645,7.00397413672268,10,10.974561423798537,0,49,2,1,0,2,1,0,10.000205831412565,3,1,7.409136443920128
19650,8.517393171418904,14,11.342280932513091,0,31,2,0,0,2,1,0,9.04793908261736,3,0,9.87822102528824
19655,10.75301863171864,10,11.789588872889583,1,63,3,1,0,1,3,0,13.61263643674157,2,0,15.26789013409884
19660,12.936036208848487,14,13.092585193269537,1,77,3,1,0,1,3,0,0.0,5,0,15.958513698435901
19665,7.601402334583733,12,10.992910250981359,1,44,3,0,3,1,1,0,12.308137235587647,1,0,7.601402334583733
19670,8.049107721326406,9,11.234068703381137,0,44,1,1,0,2,1,0,10.171642709679686,5,0,10.970454363368692
19675,14.220976332738882,12,14.596413493470822,1,51,1,0,0,2,2,0,0.0,2,0,16.81423839034851
19680,9.305741456739435,10,11.367598443988374,1,61,2,1,0,2,1,0,10.714439990727769,2,0,11.0186455364637
19685,10.012386799492118,13,14.699791802940817,1,67,3,1,0,1,3,0,14.508658238524095,2,0,16.52504638830601
19690,8.581294116822761,8,11.262239213240827,1,59,2,1,1,1,3,0,9.200391041122515,2,0,9.130322663990151
19695,11.218567827096358,12,11.764691512444722,1,45,2,0,2,1,1,0,12.400820837540556,3,0,13.131325100934392
19700,13.887832149776026,13,14.998572661771988,1,49,3,0,2,1,1,0,14.907098567378478,1,1,16.969314428778194
19705,11.522885696764481,12,12.313440904836163,1,54,3,1,0,1,1,0,10.689692377847104,3,0,15.049818853122328
19710,12.936036208848487,13,13.028195276251832,1,59,3,1,0,1,1,0,13.017005083966255,5,0,15.237413587806026
19715,11.149096419938578,12,11.234068703381137,1,39,3,0,2,1,1,0,12.685410698175234,1,0,11.149096419938578
19720,10.038935856711177,14,11.639529406064158,0,33,3,0,0,1,1,0,12.685101053675606,4,0,12.611207699176356
19725,9.472781556562168,14,11.829754616082079,0,27,3,1,0,1,1,0,9.305741456739435,3,0,12.637208749244536
19730,14.070153551531353,12,15.021486914368623,1,46,3,1,3,1,2,0,13.906631064239868,5,0,14.936862659440855
19735,11.88518533064729,12,13.042346424915792,1,73,3,1,0,1,3,0,0.0,2,0,17.002073954038817
19740,8.716207971151853,10,11.428222385556161,0,72,3,0,0,1,3,0,10.122663242288953,1,0,8.716207971151853
19745,14.061589862421503,14,14.140176324773861,1,52,3,1,1,1,2,0,13.272507757002963,5,0,16.755492302613643
19750,0.6931471805599453,10,9.6246836542707,0,65,2,0,0,2,1,0,0.0,5,0,0.6931471805599453
19755,8.098946748943339,12,11.686049021222916,1,44,3,1,1,1,1,0,11.780667550692455,2,0,13.349165826779616
19760,15.864493021025373,13,15.901529680625858,1,68,2,1,0,1,2,0,13.706812255867513,4,0,17.801452964910673
19765,11.156264806643742,13,11.730500418141487,1,75,3,1,0,1,3,0,11.728044909070785,4,0,13.153863982446317
19770,10.12667110305036,12,12.986977412981291,0,36,3,1,0,1,1,0,0.0,4,0,14.564565843275643
19775,8.294299608857235,12,12.150351505528926,0,38,3,1,2,1,1,0,5.707110264748875,1,0,8.294299608857235
19780,11.251573687764477,12,12.82620459180008,1,58,3,1,0,1,1,0,13.45883704259595,5,0,15.022080287359454
19785,6.46302945692067,8,11.316305758236654,0,42,1,0,1,2,1,0,9.908524844053396,5,1,6.947937068614969
19790,17.451806438269646,12,0.0,1,65,3,1,0,1,2,0,17.125688577748935,4,0,18.539174646882728
19795,7.560601162768557,11,9.818828007928495,1,78,2,1,0,2,3,0,0.0,1,0,7.560601162768557
19800,10.40701662106948,13,11.17825468290496,1,71,3,1,0,1,3,0,0.0,4,0,12.796608306256319
19805,5.25227342804663,6,9.550580764956187,0,49,1,0,1,2,4,0,9.127067452782361,5,1,5.25227342804663
19810,14.557448378884015,13,14.947627876182446,1,85,3,1,0,1,3,0,0.0,5,0,18.140966854377275
19815,10.275085591132715,11,12.253423172919685,1,37,3,1,1,1,1,0,11.669937760751914,4,0,14.004063492665871
19820,6.2166061010848646,8,10.243692364956795,1,64,2,0,0,2,2,0,8.562357743370612,5,0,7.601402334583733
19825,11.166214996056205,11,11.404411999129266,1,57,3,1,1,1,1,0,12.201065128819632,5,0,12.95442035229611
19830,11.495789479023493,10,12.871666846354175,1,66,1,0,0,1,2,0,12.81584093453868,2,0,12.44627388376583
19835,11.847975261832087,12,12.36084293583064,1,53,2,0,4,1,1,0,13.429555387263958,5,0,14.09299152562173
19840,7.550135342488429,1,10.699154876036824,1,65,3,0,0,1,3,0,7.601402334583733,3,0,7.550135342488429
19845,9.210440366976517,12,11.219680157476482,1,65,3,1,0,2,1,0,8.071218539969863,4,0,14.070153551531353
19850,6.803505257608338,9,9.470543987306165,0,21,2,0,0,2,4,0,7.0909098220799835,4,1,6.803505257608338
19855,10.308985993422082,13,12.383727132769591,0,42,2,0,0,2,1,0,12.100717685412471,1,0,11.652696102959753
19860,12.345838935721968,12,13.605634685129951,1,66,3,1,0,1,2,0,0.0,5,0,15.786949346348816
19865,13.02805489573287,12,13.620194818630864,1,49,3,1,2,1,2,0,13.928840136128022,3,0,15.06684421977304
19870,12.914110901635024,13,17.29083953130359,1,68,3,1,0,1,2,0,0.0,5,0,18.08120000030888
19875,10.591647316585027,12,11.890841876391685,0,27,2,1,0,1,1,0,9.680406499268875,4,0,12.651082132354988
19880,0.6931471805599453,-1,10.030126736355644,0,76,2,1,0,2,3,0,0.0,3,0,0.6931471805599453
19885,12.245298166364206,8,11.704067376563522,0,50,3,1,0,2,1,1,6.7464121285733745,5,0,14.847983400253131
19890,10.491301994830229,13,12.12722921174015,1,43,3,0,2,1,1,0,13.434251602680698,5,0,13.30635187740947
19895,8.575650760987806,11,10.451325058234776,1,66,3,1,0,2,2,0,11.289794413577894,3,0,11.353941456740479
19900,9.61587214452889,12,12.379191996605552,1,32,3,1,0,1,1,0,12.293171935322027,2,0,9.61587214452889
19905,3.044522437723423,6,10.41957729248823,0,44,2,0,0,2,3,0,6.90875477931522,5,0,3.044522437723423
19910,11.227919807721856,12,11.367598443988374,1,36,3,1,0,1,1,0,12.082214317601338,4,0,12.72385700106288
19915,9.392745258631441,6,11.649008066953392,1,36,3,1,1,1,1,0,10.721084386282662,5,0,11.352768449837729
19920,10.762170357789895,8,10.16365262239305,1,85,2,1,1,2,3,0,5.993961427306569,4,0,10.762170357789895
19925,7.02197642307216,8,10.243692364956795,0,49,2,0,0,2,1,0,0.0,4,0,7.02197642307216
19930,10.404293143019792,12,11.898221933343832,1,67,2,1,0,1,3,0,0.0,5,0,11.982935344196433
19935,9.741027444837728,10,11.010928456106528,0,39,3,0,0,1,1,0,5.771441123130016,4,0,9.741027444837728
19940,6.90875477931522,13,11.485380194730258,1,59,1,0,0,1,1,0,8.517393171418904,2,1,9.305741456739435
19945,9.937937287265354,7,11.941393817766459,1,59,3,0,0,2,1,0,13.10409960546266,1,0,14.83950741240823
19950,9.105090961257085,9,10.204473075038809,1,73,2,0,1,2,3,0,11.561725152903833,5,0,9.105090961257085
19955,10.915106645867503,12,12.227312155065473,1,47,3,1,0,1,1,0,14.346139397261565,4,0,11.51293546492023
19960,0.6931471805599453,9,9.75820678716859,0,74,2,0,0,2,3,0,8.594339400592892,5,1,0.6931471805599453
19965,10.085850775128717,8,11.276032359350232,1,61,2,0,0,2,3,0,13.790193775620484,4,0,10.085850775128717
19970,7.333676395657684,9,10.41957729248823,0,42,2,0,5,2,1,0,0.0,4,0,7.333676395657684
19975,16.895951605384212,9,15.447240922154593,1,61,2,1,0,1,2,0,0.0,3,0,19.636625599423592
19980,9.636326803305096,12,10.814221753204105,0,50,3,0,2,1,2,0,10.491301994830229,5,0,9.636326803305096
19985,7.824445930877619,12,11.59073968241829,1,34,3,0,0,1,1,0,13.0400703062278,5,0,11.558863947911393
19990,10.714439990727769,8,11.667700038278326,1,67,3,1,0,1,3,0,10.859018228147887,4,0,10.736418414365376
19995,10.904137815028022,9,11.112709551691127,0,52,3,1,0,1,3,0,0.0,4,0,10.954326659732555
20000,5.198497031265826,10,9.470543987306165,0,83,0,1,1,2,3,0,7.601402334583733,5,0,5.198497031265826
20005,10.292179440058462,12,11.53944687502236,1,33,3,1,0,1,1,0,11.989165855127435,4,0,12.075400019877522
20010,7.783640596221253,11,10.897601753215403,1,33,2,0,3,2,4,0,12.360084744326953,5,0,7.783640596221253
20015,12.333590367227897,12,12.909818516118985,1,40,3,1,3,1,2,0,0.0,2,0,15.112755375534395
20020,6.68586094706836,8,9.013830214534465,1,65,2,0,0,2,3,0,10.169728906753061,1,1,7.937731775260109
20025,12.821260987319457,12,13.923845626430177,1,86,2,1,0,1,1,0,0.0,5,1,16.513981759927827
20030,12.59473402514672,14,14.958026580065576,1,49,3,1,1,1,2,1,0.0,2,0,16.90514297223
20035,12.061168253396312,8,11.92720927582913,1,67,2,1,1,2,2,0,11.552155793461898,4,0,12.061168253396312
20040,8.627123250788433,12,11.600689921732425,1,34,3,0,3,1,1,0,11.530283931266375,3,0,12.120411265974719
20045,0.0,10,10.35288797609956,0,37,2,0,1,2,1,0,9.496346040047019,4,1,8.853808274977197
20050,10.596659732783579,12,14.06726960857491,1,69,3,1,0,2,2,0,14.828565321378878,3,0,15.716423490520999
20055,11.50440930520189,13,12.337422763109329,1,49,3,1,3,1,1,0,12.04355959836804,4,0,13.218676690266044
20060,8.517393171418904,9,10.076644749570697,0,23,3,0,0,2,1,0,10.86477077032911,1,1,8.537191877922927
20065,16.519351981240273,13,15.03140519969408,1,73,2,1,0,1,2,0,0.0,3,0,18.706498587308392
20070,10.904523762856343,10,12.397210427038146,0,32,2,0,1,1,1,0,7.601402334583733,4,0,11.501277894620612
20075,12.487488878546145,8,14.429809435565296,1,67,3,1,0,1,2,0,14.142654420277243,5,0,14.60169306007217
20080,13.137647970600673,12,12.595035429071013,1,37,3,1,2,1,1,0,12.794139826639498,2,0,13.949780053124089
20085,9.62251624577579,9,11.996201706795759,1,61,2,0,0,1,1,0,0.0,5,0,9.62251624577579
20090,6.734591659972948,5,9.278188446806757,0,52,2,1,0,2,3,0,7.824445930877619,1,0,6.734591659972948
20095,4.61512051684126,10,9.75820678716859,0,42,1,0,0,2,1,0,9.741027444837728,4,0,4.61512051684126
20100,6.2166061010848646,8,10.540934738927314,1,31,2,0,0,2,1,0,11.625548544252984,1,1,8.77971129020447
20105,14.071702737318192,12,14.106651881775957,1,95,2,1,0,2,3,0,0.0,2,0,16.61230402990624
20110,10.177362240256695,14,11.144457783705516,0,27,3,1,1,1,1,0,12.826167834653992,2,0,10.250652418696085
20115,14.008608012328155,14,12.59869172789388,1,63,3,1,2,1,2,0,9.798182590890704,4,0,16.23614540659732
20120,9.071193240566025,8,11.996201706795759,1,50,2,0,0,1,1,0,12.70533466782146,2,1,11.13751903414526
20125,6.90875477931522,13,11.367598443988374,1,41,1,1,2,2,2,0,13.308844604096606,3,0,8.160803920954665
20130,15.562795711336868,12,15.160263388129438,1,61,3,1,0,1,2,1,15.673369984903081,4,0,16.865825756632557
20135,7.496097345175956,8,10.74678187553037,0,22,1,0,0,2,1,0,5.638354669333745,2,0,7.496097345175956
20140,6.2166061010848646,7,10.335496793040335,1,77,1,1,0,2,3,0,10.626217806887722,5,0,12.103491596905931
20145,11.818209214992565,14,12.303684773907628,1,47,3,0,2,1,1,0,12.724869415131389,4,0,14.043204540345297
20150,15.806121022549506,12,14.860299722008838,1,67,3,1,0,1,2,0,0.0,5,0,16.074143867922338
20155,9.564582358673212,8,11.046019206267971,1,60,3,0,0,1,3,0,0.0,5,0,11.58292716075612
20160,12.393012687350824,13,17.624775447863126,1,58,3,1,1,1,1,1,15.638445806211655,1,0,17.70125346691601
20165,12.592018486191964,4,10.798887699967695,1,85,2,1,0,1,3,0,0.0,5,0,13.471894263220676
20170,9.305741456739435,11,11.686049021222916,1,42,2,0,1,1,1,0,11.917063025610398,2,0,11.385103457032141
20175,10.668978650219241,9,11.829754616082079,1,59,3,1,1,1,1,0,12.306827069415759,5,0,12.745488641595722
20180,10.302632731899473,12,11.439918298765717,1,44,1,1,1,1,1,0,10.571342565808699,4,0,12.222000127079546
20185,0.6931471805599453,9,9.875983398597374,0,53,2,0,0,2,3,1,9.435162513668947,5,1,0.6931471805599453
20190,6.398594934535208,5,10.16365262239305,0,94,1,0,0,2,3,0,0.0,3,0,8.188966863648876
20195,6.957497370876951,13,11.30306069379871,0,47,3,0,0,2,1,0,11.470028402317833,4,0,10.622570475119794
20200,5.860786223465865,10,10.511947979456522,1,73,2,0,0,2,1,0,10.653747312552309,2,0,9.920885329712549
20205,11.11974953463761,14,12.620353152316724,1,41,3,1,2,1,1,0,12.669809806411457,2,0,14.1516191570488
20210,13.089842251812337,12,13.624129245160866,1,63,2,1,0,1,1,0,0.0,5,0,15.733021379470248
20215,9.132486932771318,2,11.610542128340578,1,52,3,0,2,1,1,0,12.805268971983855,4,0,12.609037965102189
20220,9.607907707957207,8,11.898221933343832,0,45,0,1,2,1,1,0,10.901007979642964,4,0,9.845964366292462
20225,13.64561270635336,11,12.605964462765131,1,57,2,1,1,1,1,0,12.861001210669146,2,0,14.95069614822575
20230,7.313886831633462,8,10.74678187553037,0,35,2,1,0,2,1,0,9.99383087243373,1,0,10.584081267024454
20235,10.626217806887722,12,11.276032359350232,0,44,3,0,0,2,1,0,0.0,4,0,13.206154742381907
20240,10.545367754151743,13,11.996201706795759,1,83,3,1,0,1,3,0,0.0,5,0,15.064839350708214
20245,7.0909098220799835,9,10.835727530509162,1,38,1,0,2,1,1,0,12.618185607609803,4,1,7.0909098220799835
20250,15.210764908225675,13,13.728441971829142,1,76,3,1,0,1,2,0,12.936036208848487,2,0,17.799444857471673
20255,8.016647877057803,7,11.20508155522288,0,47,1,0,1,1,2,0,0.0,3,0,8.016647877057803
20260,10.102379394048045,14,13.20017019377173,1,52,0,1,0,1,1,0,12.487488878546145,4,0,14.734358417598655
20265,10.915106645867503,14,12.318283507600151,1,47,3,0,2,1,2,0,11.707677772181546,4,0,12.647551406590285
20270,4.61512051684126,8,10.897601753215403,1,68,2,0,0,2,1,0,11.736077016252437,5,1,4.61512051684126
20275,5.564520407322694,8,11.046019206267971,1,24,3,0,0,1,1,0,5.017279836814924,4,0,5.564520407322694
20280,2.3978952727983707,9,9.288237848223762,0,23,2,0,0,2,4,1,8.77971129020447,2,0,2.3978952727983707
20285,10.354595018522993,9,12.397210427038146,1,41,1,0,0,1,1,0,10.165890277802454,4,0,10.454523783963511
20290,10.783135046711445,12,12.332672181245634,1,31,3,1,0,1,1,0,12.245298166364206,4,0,12.560949473827492
20295,9.116139576577355,13,11.392290774522229,1,61,3,0,0,2,1,0,12.080515091473,4,0,11.252871529635922
20300,13.353476685668044,9,16.276558605378675,1,62,3,1,0,2,2,0,0.0,4,0,15.643280625487053
20305,8.748463629942055,9,11.010928456106528,1,30,2,0,2,1,1,0,10.373522431293592,4,0,8.748463629942055
20310,8.699681400989514,8,10.723251890363157,0,53,1,1,1,2,1,0,10.231027154561334,5,0,11.571203807011969
20315,7.313886831633462,8,9.69367212060944,1,92,3,1,0,2,3,0,10.950824090522445,4,1,7.313886831633462
20320,9.87822102528824,12,11.970542120321573,1,74,3,1,0,1,3,0,11.652696102959753,5,0,13.51373091339712
20325,9.305741456739435,9,12.972014574830805,1,61,2,1,0,1,1,0,13.22672519452875,2,0,15.622322993995262
20330,12.765976963265441,12,13.090355542528382,1,51,3,0,2,1,1,0,13.988245476094372,2,0,14.473082891118036
20335,8.974744612722734,12,11.890841876391685,1,60,2,1,0,2,1,0,11.407576060361786,5,0,13.831286461428006
20340,11.052491896264268,12,10.511947979456522,1,70,2,1,0,2,3,0,0.0,3,0,14.041131837173966
20345,9.661479683575521,13,11.316305758236654,0,61,3,1,1,1,1,0,10.34177474101152,2,0,11.06195554002416
20350,12.190964083849375,12,15.243982947207128,1,71,3,1,0,1,2,0,0.0,2,0,17.131041149184114
20355,12.468440756144114,14,13.060908402931776,1,84,1,1,0,1,3,0,0.0,5,0,16.47296904307665
20360,9.350189267092581,12,10.91740401772286,1,72,2,1,0,2,3,0,12.175618592671356,4,0,9.350189267092581
20365,8.699681400989514,11,11.079920226254767,1,33,1,1,0,2,1,0,12.496878583628968,5,0,8.699681400989514
20370,9.87822102528824,9,10.74678187553037,0,51,1,0,0,2,1,0,7.944846711001996,5,0,10.221977646629885
20375,9.44549154241467,9,11.912820634128884,1,50,2,1,0,1,1,0,10.568775236216993,4,1,12.292942762543083
20380,9.686636660844938,13,11.853101811967846,1,38,1,1,0,2,1,0,11.918397239722838,4,0,10.243560441877241
20385,14.926710291301724,14,17.428169317508917,1,80,0,1,0,1,2,0,0.0,5,0,19.93179554445716
20390,15.280385250313998,12,14.312026467529659,1,63,3,1,0,1,3,0,0.0,4,0,19.289447913378357
20395,8.699681400989514,8,11.528864869228297,1,64,2,0,2,1,1,0,11.990841458736636,5,0,10.673618922112436
20400,8.987321812850125,9,11.392290774522229,0,40,2,0,2,2,1,0,9.546884034617925,4,0,8.987321812850125
20405,11.440365524765756,14,14.686308458214125,1,60,3,0,0,1,2,0,11.626263078808801,5,0,17.927812925930194
20410,6.90875477931522,11,10.95586961402582,0,51,2,0,0,2,1,0,9.225327501784431,5,0,7.696667081526462
20415,11.383966460172834,10,11.721766808769676,1,83,3,1,0,1,1,0,0.0,4,0,11.456365695436427
20420,17.09401289729368,12,17.160981548340803,1,60,3,1,0,1,1,0,0.0,2,0,18.13000754921783
20425,10.158168529848494,12,12.613184686599421,1,56,3,0,2,1,1,0,13.282781802386296,4,0,11.658764556186767
20430,13.31957518872681,12,14.745814517284613,1,63,3,1,0,1,3,0,14.220976332738882,5,0,18.225966728857998
20435,0.6931471805599453,8,10.030126736355644,0,61,2,0,1,2,1,0,0.0,1,0,0.6931471805599453
20440,6.2166061010848646,10,10.281431375093115,0,43,2,1,2,2,1,0,10.463131911491967,1,1,6.2166061010848646
20445,11.199597325534862,12,12.060739842420068,1,50,3,1,4,1,1,0,12.013100572810686,2,0,13.914089027450265
20450,9.305741456739435,8,9.930047914868675,1,67,3,1,1,2,3,0,4.2626798770413155,5,0,9.305741456739435
20455,8.665785595466064,12,11.59073968241829,0,31,2,0,0,1,1,0,9.952325334619427,5,0,11.755094871382958
20460,6.274762021241939,8,9.75820678716859,1,56,2,0,0,2,3,0,10.714439990727769,4,0,6.274762021241939
20465,14.198048843556741,14,14.597403102181325,1,72,3,1,0,1,1,0,0.0,2,1,17.01888692441033
20470,7.0909098220799835,11,10.64914561257346,0,38,1,0,1,2,1,0,10.313973369101156,1,1,7.0909098220799835
20475,8.81001204797317,12,12.035422182721987,0,47,3,1,0,1,1,0,12.301387370778713,5,0,10.725489582719506
20480,9.546884034617925,13,8.238587505742698,1,48,3,1,4,1,2,0,13.226905358153841,3,1,12.774509413971375
20485,8.006700845440367,12,10.814221753204105,1,37,2,0,0,1,1,0,10.511920715155128,2,0,8.4252971767117
20490,4.61512051684126,3,10.281431375093115,1,68,1,0,1,1,3,0,0.0,4,0,4.61512051684126
20495,7.749753406274437,12,11.329377681719818,1,51,2,0,0,1,1,0,12.66001358269538,5,1,11.188869822404088
20500,9.692828247710418,9,9.383539618396707,1,66,3,1,0,1,2,0,0.0,5,0,12.045557589289558
20505,11.440365524765756,13,11.329377681719818,1,69,2,1,0,1,3,0,9.392745258631441,4,0,12.33270970174018
20510,5.996452088619021,12,10.281431375093115,0,31,2,0,2,2,2,0,9.919902093804223,5,0,7.601901959875166
20515,14.204169225721929,14,14.423944319315101,1,52,3,1,1,1,2,0,13.778951339888735,3,0,15.799954508478866
20520,12.923914877701906,12,12.44939597018852,1,48,3,1,3,1,1,0,13.592368256649284,2,0,13.80141264778304
20525,6.928537818164665,8,11.112709551691127,0,33,1,0,5,1,1,0,9.414994033976548,2,1,7.259116128097101
20530,13.304686600863562,14,14.19608391739746,1,80,3,1,1,1,2,0,0.0,5,0,14.603968372873895
20535,12.810391344620207,14,12.715663031744286,1,48,3,1,1,2,2,0,13.058999632613395,4,0,14.745310034496136
20540,10.275085591132715,10,12.263679624391456,1,60,3,1,0,1,1,0,0.0,3,0,13.047641986378483
20545,11.092412706722497,12,12.397210427038146,1,56,2,1,1,1,1,0,12.558175654081676,2,0,14.166745431516219
20550,9.392745258631441,12,8.59518316934863,0,30,3,0,0,2,4,0,0.0,3,0,12.267172448547784
20555,5.993961427306569,2,9.75820678716859,0,38,3,0,4,1,1,0,0.0,5,0,5.993961427306569
20560,5.5254529391317835,10,11.010928456106528,0,34,2,0,1,2,4,0,9.472781556562168,5,1,5.707110264748875
20565,5.802118375377063,11,9.875983398597374,0,30,1,0,1,2,1,0,10.12667110305036,3,1,5.802118375377063
20570,16.932021420465954,13,18.842642635974837,1,43,2,1,2,1,2,1,0.0,4,0,18.14763110668455
20575,9.18204377282107,8,12.133060100630725,0,47,3,0,1,1,1,0,11.609153405321658,5,1,14.002173510580338
20580,8.529319371214077,13,10.05829638963037,1,77,3,0,0,2,2,0,11.34333452885509,5,0,9.906532910722088
20585,6.90875477931522,7,10.699154876036824,0,25,1,0,2,1,1,0,9.433563920090563,2,1,6.90875477931522
20590,14.162640795773006,12,15.390704139642725,1,73,3,0,0,1,2,0,11.51293546492023,5,0,15.515703016315223
20595,6.447305862541213,12,10.596503161315887,1,31,1,0,2,2,1,0,12.115496741336942,5,1,6.447305862541213
20600,10.279214842380336,13,12.232589186385791,1,52,3,1,1,1,1,0,13.579156379301477,4,0,12.981078576067848
20605,10.275085591132715,12,12.085432314014094,1,51,3,0,2,1,2,0,12.824822196605147,5,0,13.297997623898429
20610,5.303304908059076,8,9.470543987306165,1,34,1,0,1,1,1,0,10.596659732783579,5,0,5.303304908059076
20615,0.6931471805599453,8,11.496429917961313,1,64,3,0,0,1,1,0,10.596659732783579,5,0,10.309019325088835
20620,12.9872329927875,8,11.316305758236654,1,86,3,1,0,2,3,0,0.0,5,0,13.357911275712462
20625,5.916202062607435,9,10.814221753204105,0,30,2,0,1,2,1,0,9.105090961257085,1,0,5.916202062607435
20630,7.359467638255621,8,9.818828007928495,0,74,2,1,0,2,3,0,8.294299608857235,3,0,7.359467638255621
20635,13.802932788415129,14,14.257959280130619,1,62,3,1,0,1,3,0,12.07254696717504,2,0,16.565821781688964
20640,13.043971473071533,13,14.133906716298254,1,77,3,1,0,1,2,0,15.414898336565054,4,0,16.79827415052594
20645,1.0986122886681098,9,7.322693081186922,0,36,1,0,3,2,4,0,0.0,3,0,1.0986122886681098
20650,9.350189267092581,13,13.150980042887003,1,51,3,1,0,1,1,0,13.023649611968253,4,0,13.92481418931331
20655,10.505094936455558,13,13.006100286251838,1,62,3,1,0,1,1,0,12.206077645517674,2,0,15.329428488587148
20660,10.077482875583607,13,11.695098780943722,0,41,3,0,0,2,1,0,12.568981617474362,1,0,12.751882135058594
20665,8.294299608857235,-1,0.0,1,61,0,0,0,2,4,0,6.90875477931522,1,0,8.294299608857235
20670,5.303304908059076,8,9.98133877479715,0,35,1,0,2,2,1,0,0.0,4,0,5.303304908059076
20675,7.00397413672268,10,10.85678052964002,0,45,2,0,1,2,3,0,10.203629181337648,5,0,7.00397413672268
20680,0.0,8,10.386788464403516,0,34,2,0,2,2,1,0,8.853808274977197,4,1,0.0
20685,10.537441898283253,14,11.821849494415464,1,69,3,1,0,2,2,0,12.328294703023394,4,0,11.641327474774709
20690,9.503084610020228,12,12.346856754184904,1,38,2,1,2,1,1,0,12.589295553001502,1,0,12.820558039506015
20695,10.667815210028436,8,12.002846208646966,1,30,2,0,0,1,1,0,12.33270970174018,1,0,12.9478933167868
20700,16.1057903503393,12,15.695371951362215,1,80,3,1,0,1,2,0,8.45553053102413,4,0,17.782470530534603
20705,10.478442238622868,13,12.734956177307375,1,50,2,0,3,1,1,0,13.656773878497248,5,0,13.660073551173106
20710,10.633472802314019,8,10.64914561257346,1,71,3,1,0,2,3,0,0.0,5,0,11.042937835596494
20715,11.131679686740132,12,11.773059697378923,1,72,3,1,0,1,3,0,12.250094315624496,3,1,12.816655817607314
20720,8.807022955925477,9,10.85678052964002,0,28,3,0,3,1,4,0,9.490317840042412,4,1,11.045813650395022
20725,8.366602832783736,9,11.010928456106528,1,73,2,1,0,1,3,0,11.728044909070785,2,0,8.366602832783736
20730,9.546884034617925,13,11.53944687502236,1,62,3,0,1,1,1,0,12.775075663798933,4,0,12.310437165348775
20735,12.89295272879663,13,12.834887691146786,1,59,3,1,0,1,2,0,14.040253629363907,4,0,16.509157596389567
20740,10.645448706505872,13,12.689345803522986,1,40,2,1,2,1,1,0,13.321215875492413,1,0,11.034905792929415
20745,11.728044909070785,13,14.015533975469058,1,56,3,1,0,1,2,0,14.308987153895576,4,0,14.724172665737138
20750,13.008076473152153,12,12.964448352103938,1,40,2,1,2,1,2,0,14.15341105984318,4,0,13.657687643730208
20755,0.6931471805599453,8,10.511947979456522,1,26,3,0,3,1,1,0,11.364437057512568,5,0,5.863631175598097
20760,11.49273296168228,12,0.0,0,73,3,0,0,1,2,0,14.038654909278163,5,0,11.49273296168228
20765,5.968707559985366,8,11.53944687502236,1,47,2,0,1,2,1,0,13.296318365198623,5,1,5.968707559985366
20770,7.00397413672268,12,10.699154876036824,1,74,1,1,0,1,3,0,11.331295668854674,5,1,7.00397413672268
20775,9.210440366976517,14,13.556444503122725,1,64,3,0,0,1,2,0,13.976779556623864,3,0,14.986133692782305
20780,10.9525769086256,12,12.048161133447072,1,39,3,0,2,1,1,0,12.657438031821096,5,0,13.245113611634045
20785,9.366574594006819,8,12.222007128890565,0,33,3,0,0,1,1,0,9.980494888896912,5,0,11.208992051932396
20790,13.001282158716977,14,11.813881383532228,1,53,3,0,1,1,2,0,12.62346961830583,4,1,13.781934125845295
20795,11.695255355062795,13,12.283882237332369,1,39,3,1,1,1,1,0,12.742568940017076,5,0,12.165255859329688
20800,9.680406499268875,3,10.41957729248823,1,65,1,1,1,2,3,0,0.0,4,0,9.680406499268875
20805,10.819798284210286,12,12.890924613953977,1,85,3,0,0,1,3,0,0.0,5,0,15.608769069733093
20810,6.478509642208569,8,11.507358877993518,1,59,3,0,3,2,1,0,9.337061124755339,2,1,10.201033318424798
20815,11.863941427032282,13,12.811563081495608,1,44,3,0,2,1,1,0,12.757082940769225,2,0,14.209612010279262
20820,13.946539697563276,12,14.469929408102663,1,53,3,1,3,1,1,0,14.554109479211109,4,0,16.07435283248177
20825,12.817090150546623,14,13.903266770903059,1,56,2,1,2,1,1,0,0.0,5,0,16.18719820976273
20830,7.65491704784832,4,11.046019206267971,0,43,1,0,1,1,1,0,9.637632201310455,4,0,11.265886170980464
20835,8.188966863648876,12,10.674462827538377,0,35,2,0,4,2,4,0,9.961803629358965,5,0,8.188966863648876
20840,6.769641976852503,2,10.31779779558084,0,36,1,0,2,1,1,0,8.294299608857235,1,1,6.769641976852503
20845,10.463131911491967,12,11.721766808769676,0,42,2,1,0,1,1,1,0.0,1,0,11.373674891823535
20850,10.308985993422082,12,13.00658583990648,0,70,3,1,0,1,1,0,12.348877778786173,5,0,13.07107218827772
20855,15.348067642045114,14,15.363491581835282,1,63,3,1,0,1,1,0,12.899222326086994,1,0,16.934787061798847
20860,13.542389950903406,14,16.87545589099581,1,59,3,1,0,1,3,0,14.151268968443645,2,0,17.96933400354216
20865,19.11436728403181,13,17.652653463369298,1,52,3,1,2,1,2,0,0.0,3,0,19.448126017251752
20870,5.707110264748875,6,10.16365262239305,0,79,0,0,0,2,3,0,0.0,5,0,5.707110264748875
20875,9.3868953338758,13,10.612588900074114,1,68,3,0,0,2,3,0,8.291797105048733,3,0,13.894257965560296
20880,5.993961427306569,9,11.128709656194046,1,62,1,0,2,1,3,0,12.493508437657445,4,0,5.993961427306569
20885,10.021315031649332,9,10.992910250981359,0,48,3,0,3,1,3,0,9.32375833901174,2,0,10.021315031649332
20890,7.650168700845001,12,10.121094683881875,1,46,2,0,2,2,1,0,12.62741438362914,5,0,7.650168700845001
20895,11.92039522907888,9,11.883406949070103,1,74,2,1,0,1,3,0,11.289794413577894,5,0,13.818806121624062
20900,12.688501881189456,12,13.804485321433337,1,67,3,1,0,1,2,0,14.66566191468422,3,0,15.533085308503924
20905,11.251573687764477,12,12.453624289743354,0,26,3,1,0,2,1,0,0.0,5,1,12.700771936142122
20910,4.61512051684126,12,0.0,0,25,2,0,0,2,1,0,0.0,1,0,4.61512051684126
20915,11.74086549476798,14,12.440885314014933,1,66,3,1,0,2,2,0,12.899222326086994,2,0,15.121841645755637
20920,5.739792912179234,8,9.052540104625432,1,42,3,0,2,2,1,0,11.107975224295076,4,1,5.739792912179234
20925,5.7430031878094825,10,9.875983398597374,0,39,1,0,2,2,3,0,0.0,1,0,5.7430031878094825
20930,7.1316985104669115,12,11.329377681719818,1,45,3,0,4,1,1,0,12.467671232325932,2,1,9.328212292571072
20935,11.849404844423074,11,11.276032359350232,1,95,3,1,0,2,2,1,12.614868865984631,5,0,12.380030154325457
20940,7.415175109613295,8,9.08980721551555,1,67,2,0,0,2,3,0,9.928228944424575,2,0,8.089789175789319
20945,8.699681400989514,8,10.31779779558084,0,59,3,0,2,1,1,0,10.094149233605084,5,0,8.699681400989514
20950,14.654488618887783,14,14.805598606077885,1,43,3,1,1,1,2,0,15.298478033307632,2,0,15.415302295285159
20955,11.0597553536924,14,12.832001693946237,1,55,3,0,1,1,2,0,13.32416234521869,5,0,13.981500307192608
20960,7.438971592395862,11,10.623170750425082,0,32,2,0,3,1,1,0,9.314790473332646,4,0,9.409273194575334
20965,6.90875477931522,7,11.234068703381137,1,57,0,0,1,1,4,0,5.771441123130016,3,0,6.90875477931522
20970,8.108021221376747,12,11.663989490721185,1,76,3,1,0,1,3,0,0.0,3,0,14.831943775224723
20975,17.359364268929685,13,18.629513980594403,1,76,3,1,0,2,2,0,0.0,2,0,20.0908185713683
20980,8.853808274977197,9,10.386788464403516,0,22,3,0,0,2,1,0,8.517393171418904,5,0,8.853808274977197
20985,9.581972891547895,14,13.877187082337176,1,52,3,1,1,1,1,0,13.919871474189012,3,0,14.870171307413834
20990,8.134760782418645,9,11.028627743384128,0,25,3,0,0,1,1,0,9.846970109700957,3,0,10.631301825004375
20995,6.90875477931522,8,11.462907572501242,1,71,2,1,0,1,2,0,0.0,5,0,13.816720825295222
21000,7.534228326274089,8,10.769770904774587,0,42,3,0,1,2,1,0,4.709530201312334,3,0,11.607062229319112
21005,9.90353755128617,14,12.84349604282837,1,56,3,0,1,1,1,0,11.015361515187424,2,0,13.928840136128022
21010,10.060534035475412,11,12.073162291050107,1,50,3,0,1,1,1,0,11.957617696467539,4,0,14.036572744741306
21015,7.074116816197362,8,10.792243293398966,0,62,1,0,1,1,3,0,6.415096959171596,2,0,7.074116816197362
21020,13.554147092530322,12,14.550836006297958,1,59,3,1,1,1,2,0,14.863531411147399,1,0,15.075958492745226
21025,10.132652936168832,13,11.969173203349216,1,49,1,1,1,1,1,0,12.914110901635024,4,0,11.679718746396418
21030,7.696667081526462,9,10.992910250981359,1,46,1,1,3,2,1,0,12.666660207428574,4,0,10.740756721857226
21035,6.523562306149512,11,11.380020821211883,1,35,2,0,3,1,1,0,11.927290847865113,4,1,10.684668503929622
21040,12.765691290604371,13,13.400658718389716,0,56,3,1,0,2,2,0,14.335375800981781,5,0,14.93555845361667
21045,8.648396877031582,12,10.85678052964002,0,28,2,0,3,1,1,1,10.776891660007811,3,0,8.648396877031582
21050,12.100717685412471,13,12.150351505528926,1,38,3,0,2,1,1,1,14.690979711984754,4,0,13.148033073468746
21055,12.42541297375135,13,13.040001763028695,1,54,3,1,1,1,1,0,12.230770136157428,5,0,15.113260822625392
21060,12.861001210669146,14,12.802674158447411,1,49,1,1,0,2,2,0,12.834683971615659,5,0,14.03945458880924
21065,8.412054873292933,8,11.59073968241829,1,36,2,1,4,1,1,0,12.002124919798158,5,1,11.218567827096358
21070,6.478509642208569,9,10.85678052964002,0,52,3,0,1,1,3,1,10.057538227363054,1,1,6.478509642208569
21075,12.206077645517674,9,11.821849494415464,1,48,1,0,0,1,2,0,12.795250009628397,2,0,12.206077645517674
21080,11.055656405795794,9,6.071579704756956,0,21,1,0,0,2,1,0,11.51293546492023,4,1,11.086762629082946
21085,14.010255457801716,9,13.295480205381654,1,67,2,1,0,2,2,0,10.819798284210286,5,0,15.426946672661826
21090,7.0909098220799835,11,10.41957729248823,0,22,1,0,0,2,1,0,8.895766604056085,1,0,7.0909098220799835
21095,10.545367754151743,14,15.570412257880365,1,71,2,1,0,1,2,0,16.302747906229897,1,0,17.27522841987707
21100,8.434028950155469,12,11.159961747859198,0,37,1,0,1,2,1,0,11.116335852861406,3,0,8.434028950155469
21105,9.415808631610384,9,10.769770904774587,1,48,3,1,0,2,1,0,10.968215530759236,5,0,12.929217852247065
21110,6.792344427470809,8,10.87739942351305,0,66,1,0,1,1,3,0,9.38353709043758,3,0,6.792344427470809
21115,5.303304908059076,4,9.75820678716859,0,54,1,1,0,2,1,0,0.0,4,0,5.303304908059076
21120,10.163194443157385,12,10.95586961402582,0,51,2,0,0,2,4,0,11.402340213006235,5,0,10.182292842675238
21125,13.116347317149176,12,13.076872220227296,1,78,2,1,0,1,2,0,15.039080380214937,1,0,13.116347317149176
21130,15.262210928771415,13,12.662317215651642,1,67,3,1,0,1,3,0,0.0,2,0,15.941724873105779
21135,10.288783966353765,12,11.898221933343832,1,64,3,0,0,1,1,0,0.0,5,0,13.434837081934134
21140,8.4767877767812,9,0.0,1,38,2,0,0,2,4,0,0.0,5,0,8.4767877767812
21145,14.453938054446372,12,13.869023779394446,1,49,3,1,0,1,3,0,13.574713343675166,4,0,16.772424089563735
21150,6.90875477931522,11,10.511947979456522,0,31,1,0,1,2,1,1,9.517898598432753,4,0,6.90875477931522
21155,6.3473892096560105,8,11.367598443988374,0,25,2,1,0,2,2,0,5.993961427306569,2,0,6.3473892096560105
21160,7.83241092718792,4,10.674462827538377,0,47,1,0,2,1,1,1,7.741099090035366,5,1,9.050288983827956
21165,13.70255572276661,12,13.489849803556364,1,58,3,1,1,1,1,0,0.0,2,0,16.224362945368
21170,11.082157933374816,13,15.324822449061925,1,72,3,1,0,1,2,0,14.151983508870947,2,0,16.53779240703782
21175,7.53955882930103,4,10.814221753204105,0,76,0,0,0,2,3,0,0.0,4,0,7.53955882930103
21180,8.006700845440367,10,11.549918073413814,0,65,2,1,0,2,3,0,7.824445930877619,3,0,11.542493975902508
21185,11.50892748368293,12,12.091511325881505,1,44,2,1,2,1,1,0,13.195615697878253,5,0,13.681523061340135
21190,10.736418414365376,12,11.248253152234346,0,25,3,1,0,2,1,0,9.210440366976517,3,0,12.771957314336067
21195,10.12667110305036,9,11.996201706795759,1,58,3,1,2,1,1,0,12.970379348692445,2,0,14.41928047411971
21200,7.592366128519796,9,10.770452476304248,0,67,2,0,0,1,3,0,8.071218539969863,4,0,9.394576760974909
21205,16.04283327427448,12,15.04071827058796,1,90,3,1,0,2,2,0,12.611541086966115,4,0,16.501655991821533
21210,13.247234124673707,12,12.009446852348587,1,57,2,1,0,1,3,0,0.0,4,0,15.092408771205857
21215,6.688354713946762,9,11.190266672490848,0,50,3,0,6,1,1,0,10.098272780745283,1,1,6.688354713946762
21220,11.0186455364637,12,11.496429917961313,1,81,2,0,0,2,3,0,11.608244735642321,5,0,12.996802422000108
21225,6.398594934535208,3,9.383539618396707,0,59,2,0,0,2,3,0,0.0,1,0,6.398594934535208
21230,10.043292972227004,12,11.175229004346514,1,72,3,1,0,1,1,0,11.715874472198905,5,0,12.945628585536271
21235,0.6931471805599453,10,11.367598443988374,0,47,1,0,0,2,1,1,8.476579508530941,4,0,8.007034012193408
21240,5.707110264748875,12,10.31779779558084,1,67,3,0,0,2,3,0,10.021315031649332,4,0,5.707110264748875
21245,10.239995502805316,9,10.030126736355644,1,65,3,1,0,2,3,0,6.398594934535208,2,0,11.362114203075018
21250,15.385375903351772,13,15.289560445011698,1,57,3,1,4,1,2,0,14.272936037914342,4,0,17.373654735247342
21255,10.987172311286548,8,11.190266672490848,1,45,3,1,0,1,2,0,11.974777207691876,5,0,11.752028975863166
21260,4.51085950651685,12,10.386788464403516,0,80,2,0,0,1,3,0,0.0,5,0,4.51085950651685
21265,15.867581031316623,12,14.805598606077885,1,67,3,0,1,1,1,0,0.0,4,0,16.929381403963955
21270,9.105090961257085,8,10.814221753204105,1,70,3,1,1,2,3,0,6.803505257608338,5,0,9.105090961257085
21275,11.082157933374816,13,12.712411006152932,1,39,3,1,3,1,4,0,13.733216401013184,1,0,13.988624016715459
21280,8.699681400989514,13,10.792243293398966,1,80,3,0,0,1,3,0,11.58989576532275,5,0,12.235636302128867
21285,11.951193299043943,13,14.6208645782352,1,79,3,1,0,1,2,0,0.0,4,0,15.476592083417188
21290,6.2166061010848646,9,10.540934738927314,1,60,2,1,0,2,1,0,11.086762629082946,5,0,6.2166061010848646
21295,16.133476851470277,13,14.998572661771988,1,87,3,1,0,2,2,0,14.953343880298434,3,0,18.94727144920289
21300,7.065613363597717,11,9.98133877479715,1,53,2,0,0,2,1,0,10.778977123006351,4,0,7.065613363597717
21305,4.61512051684126,12,10.16365262239305,0,27,3,0,0,2,4,0,9.148571345578551,5,1,7.3783837129967145
21310,8.77971129020447,12,10.792243293398966,1,79,2,1,0,2,3,0,0.0,4,0,11.456365695436427
21315,11.002116507732017,8,13.671422347121611,1,65,3,1,0,1,3,0,0.0,5,0,13.974223102361051
21320,6.398594934535208,14,10.674462827538377,0,79,3,0,0,1,1,0,0.0,5,0,6.398594934535208
21325,7.719129840906732,7,10.31779779558084,0,38,1,0,0,2,1,0,9.60245002503719,4,1,8.055475141757274
21330,11.385103457032141,9,12.232589186385791,1,52,3,1,2,1,1,0,11.053283962966008,5,0,14.643189068544666
21335,12.206077645517674,13,15.011730742361483,1,57,3,1,1,1,2,0,0.0,1,0,16.283610174181653
21340,6.90875477931522,5,10.386788464403516,1,52,3,0,2,2,1,0,6.90875477931522,4,0,6.90875477931522
21345,6.985641817639208,8,10.64914561257346,1,44,2,0,1,1,1,0,11.970356641102999,4,0,8.83651926920248
21350,11.119897691565697,12,13.811021285824332,1,49,3,1,3,1,2,0,13.45883704259595,4,0,14.36102800106219
21355,5.303304908059076,13,10.482095840823943,0,65,2,0,2,1,3,0,8.101980731853192,1,1,5.303304908059076
21360,5.707110264748875,12,11.629960039799675,1,69,3,1,0,1,1,0,12.022756594390605,4,0,11.49782197939291
21365,8.274357006756292,13,11.507358877993518,0,27,3,0,0,2,2,0,11.255074002477121,4,0,8.274357006756292
21370,9.661479683575521,12,10.623170750425082,1,48,2,0,2,2,1,0,12.07254696717504,5,1,9.661479683575521
21375,14.385360087790426,13,15.425872591966474,1,63,3,1,0,1,2,0,16.285219048603903,2,0,16.430714281853017
21380,12.165255859329688,13,13.474766582387955,0,36,3,1,1,1,1,0,10.819798284210286,2,0,13.95091606833254
21385,12.936036208848487,13,12.989449596486997,1,74,3,1,0,1,3,0,0.0,3,0,15.537384078459157
21390,10.21833478806055,12,11.813881383532228,1,39,2,1,3,1,1,0,12.921961756849388,2,0,12.003962581340353
21395,5.087596335232384,11,11.570537163972045,1,42,2,0,0,2,1,0,13.248116346376765,5,1,10.649274620420252
21400,11.079076314320059,8,11.234068703381137,1,73,2,1,0,2,3,0,0.0,4,0,11.883115664987255
21405,9.358846580275406,12,10.897601753215403,0,24,3,0,0,1,1,0,11.156264806643742,5,0,9.417435838868785
21410,9.210440366976517,12,10.996539958075727,1,79,3,0,0,1,3,0,5.993961427306569,5,0,11.338583982516495
21415,10.721966979398362,8,11.912820634128884,1,46,3,0,2,1,1,0,12.604852121186608,5,0,13.374430189240396
21420,7.518064181233078,12,10.030126736355644,0,71,2,0,0,2,3,0,8.594339400592892,5,0,7.878912912297133
21425,12.90669432231532,12,9.75820678716859,1,63,3,0,0,1,3,0,12.292254928916668,3,0,12.90669432231532
21430,9.259225769705994,8,12.346856754184904,1,64,3,0,0,1,1,0,12.774792578965013,4,0,13.54370314700388
21435,8.366602832783736,12,10.35288797609956,0,49,2,0,3,2,1,0,8.952993499320474,4,1,10.138599199626192
21440,5.303304908059076,2,9.6246836542707,0,65,2,0,0,2,3,0,0.0,4,0,5.303304908059076
21445,10.351405324899678,5,10.243692364956795,1,46,2,0,1,1,1,0,11.388506711556236,2,0,10.351405324899678
21450,7.550135342488429,9,11.30306069379871,1,75,3,1,0,1,3,0,10.085850775128717,4,0,12.210567528391435
21455,13.204866440535003,13,13.506182735141644,1,68,3,0,0,1,3,0,11.51293546492023,4,0,15.128427718313521
21460,7.030857476116121,9,9.69367212060944,0,67,2,0,0,2,3,0,0.0,4,0,8.197263371414335
21465,13.924365859736941,14,13.67764513539699,1,52,3,1,1,1,1,0,0.0,1,0,14.077875591662238
21470,12.899222326086994,12,11.392290774522229,1,81,1,0,0,1,2,1,0.0,2,0,13.017005083966255
21475,13.901689171636098,14,13.697301765606367,1,56,0,1,0,2,2,0,0.0,4,0,15.685773242763466
21480,5.081404364984463,8,11.342280932513091,1,58,3,0,0,2,1,0,10.725049935309642,5,0,5.351858133476067
21485,9.546884034617925,11,10.936821754744528,0,40,3,0,0,2,1,0,0.0,3,0,10.150386692204734
21490,13.654755953482312,14,14.37574224436672,1,69,3,1,0,1,2,0,0.0,2,0,15.883069404226541
21495,11.674031897363493,12,12.164536066067402,1,73,3,1,0,1,3,0,0.0,4,0,14.78836345929335
21500,11.05723491317159,14,11.20508155522288,1,42,2,0,1,2,1,0,12.259618151783465,2,0,11.723194494148304
21505,5.5254529391317835,8,9.550580764956187,0,58,1,0,0,2,4,0,0.0,2,0,5.5254529391317835
21510,8.64135583403666,11,11.620298215285262,1,41,3,1,1,1,1,0,12.40410759774362,5,0,10.905240128159793
21515,8.497194544909547,12,11.20508155522288,1,28,1,0,1,1,1,0,12.876465396508989,5,0,10.073272520325904
21520,11.846543632608535,14,13.260324008583467,1,59,3,1,1,1,2,0,13.815511557963774,1,0,15.308324987201114
21525,12.923914877701906,12,12.775523245143145,1,53,3,0,0,1,1,0,13.251637470576167,4,0,13.845070331079134
21530,9.546884034617925,13,11.649008066953392,1,59,3,1,2,1,3,0,0.0,1,1,13.224921770781943
21535,0.0,9,10.386788464403516,0,29,2,0,1,2,1,0,0.0,5,0,0.0
21540,5.993961427306569,9,10.35288797609956,1,68,3,0,0,2,1,0,12.199556461239876,4,0,5.993961427306569
21545,8.412054873292933,12,10.540934738927314,0,23,3,1,0,2,1,0,10.373522431293592,4,0,9.539716058977092
21550,12.637858308703688,12,15.078105791870941,1,64,3,1,0,1,1,0,0.0,2,0,17.665615626854933
21555,8.853808274977197,8,10.21244095101202,1,83,1,0,0,2,3,0,3.9318256327243257,2,0,11.863589378812122
21560,7.123672785204607,8,9.550580764956187,1,64,2,0,1,1,3,0,10.563620718477313,5,0,7.123672785204607
21565,15.268294894271099,14,12.956058847601991,1,69,3,0,0,1,1,0,0.0,5,0,16.42359315695578
21570,10.2328272702548,9,11.773059697378923,1,34,2,1,2,1,1,0,11.813037464800539,3,0,12.318512543125225
21575,9.160834952072344,11,11.128709656194046,0,38,3,0,3,2,1,0,9.528866827722945,2,0,10.38951830848386
21580,8.665957964681349,12,11.392290774522229,0,45,3,0,0,1,1,0,12.075969654927759,5,0,11.371384941857645
21585,5.25227342804663,9,11.248253152234346,0,43,1,0,0,1,1,0,10.868587496017359,2,0,10.49656574811856
21590,7.0909098220799835,2,9.818828007928495,1,65,2,0,1,2,1,0,9.433563920090563,1,0,7.0909098220799835
21595,7.603897968521881,12,11.439918298765717,0,86,3,1,0,2,3,0,0.0,5,0,13.975080242712044
21600,9.15915233520675,12,12.478625495596154,1,43,3,0,2,1,1,0,12.013706813470414,5,0,13.363851238284166
21605,14.520586803460517,13,13.765483203841368,1,52,2,1,2,1,4,0,0.0,1,0,16.93363748397183
21610,5.14166355650266,10,10.243692364956795,1,39,3,0,1,1,1,0,10.897128138837616,4,1,9.353661191420406
21615,6.68586094706836,9,9.26803702884847,0,42,2,0,3,2,1,0,0.0,3,0,11.015361515187424
21620,5.5254529391317835,6,9.98133877479715,0,73,2,0,0,2,3,0,0.0,4,0,5.5254529391317835
21625,7.601402334583733,9,10.121094683881875,1,64,2,0,0,1,4,0,10.819798284210286,5,0,7.601402334583733
21630,4.394449154672439,8,10.386788464403516,0,39,2,0,1,2,1,0,5.5254529391317835,1,1,4.394449154672439
21635,8.412054873292933,12,10.674462827538377,0,23,2,0,0,2,1,0,11.874515310965899,1,0,10.448743588106625
21640,10.167427498042906,9,11.853101811967846,1,30,2,0,1,1,1,0,12.928781055513184,5,0,10.167427498042906
21645,8.006700845440367,12,10.35288797609956,0,62,2,0,1,1,3,0,0.0,4,0,8.006700845440367
21650,6.878326468291325,6,9.470543987306165,0,57,0,0,0,2,3,0,0.0,2,0,6.878326468291325
21655,14.45841704784969,12,16.77699834554734,1,49,3,0,3,1,2,0,0.0,5,0,18.384929216609198
21660,11.951186847493476,12,11.996201706795759,1,40,3,1,2,1,4,0,12.154784614286667,4,0,12.807655372286902
21665,14.220976332738882,14,14.49215253344101,1,72,2,1,0,1,2,0,0.0,3,0,16.468752592994022
21670,11.730461322518734,12,13.89331644915111,1,59,3,1,0,1,2,0,12.310887512348744,2,0,15.403418556200704
21675,0.6931471805599453,8,10.41957729248823,0,35,2,0,0,2,1,0,0.0,5,0,9.071308163280625
21680,9.99884318585288,12,11.128709656194046,1,82,3,1,0,1,3,0,13.662360543970586,2,0,14.845130332288226
21685,5.564520407322694,1,10.41957729248823,0,50,2,0,2,2,1,0,0.0,5,0,5.564520407322694
21690,14.305929984322287,12,13.227785310406071,1,73,3,1,1,1,3,0,0.0,4,0,16.981955641797686
21695,9.392745258631441,2,11.159961747859198,0,42,2,0,4,1,2,1,9.059633754551479,2,1,9.392745258631441
21700,9.105090961257085,8,11.392290774522229,0,47,1,0,0,2,1,0,9.367429587218957,3,1,10.778977123006351
21705,8.648396877031582,12,10.723251890363157,0,43,2,0,4,1,1,0,8.987321812850125,5,1,9.367429587218957
21710,7.901377353792616,13,11.898221933343832,1,36,3,0,0,2,1,1,12.267642702634728,4,0,11.868506811148853
21715,11.160541302448653,9,11.667700038278326,1,53,3,0,0,1,1,0,11.956976469393481,1,0,14.252151929744233
21720,12.959846800844963,10,12.401664759016501,1,72,3,1,0,1,2,0,0.0,4,0,13.581054510971494
21725,4.61512051684126,6,10.16365262239305,0,20,2,0,0,1,1,1,0.0,2,0,4.61512051684126
21730,10.211009016314167,10,11.367598443988374,1,37,3,1,3,1,2,0,9.510519035757246,5,0,10.410335274932896
21735,8.764209507142004,8,10.814221753204105,1,64,2,0,0,1,3,0,10.102379394048045,5,0,11.719134432217524
21740,11.010415172807951,13,13.179967524227237,1,54,3,0,2,1,1,0,15.11950994780138,2,0,15.361391014525527
21745,5.303304908059076,7,10.171951106615891,1,83,3,1,0,2,3,0,0.0,4,0,12.712682394973402
21750,7.844240718141811,9,10.386788464403516,1,87,1,1,1,2,3,0,9.210440366976517,5,0,7.844240718141811
21755,8.716207971151853,9,12.156049496587327,1,59,2,0,2,1,1,0,11.684784142914062,5,1,13.033927713872728
21760,6.133398042996649,8,10.030126736355644,0,22,1,0,1,2,1,0,0.0,2,0,6.133398042996649
21765,7.601402334583733,13,7.941427451750959,0,71,3,0,0,2,3,0,0.0,4,0,10.524090921620362
21770,8.46821300919452,8,11.549918073413814,0,47,1,0,2,1,1,0,9.908524844053396,2,0,8.586905803827538
21775,6.90875477931522,12,10.540934738927314,1,50,3,0,2,1,2,0,6.2166061010848646,5,0,10.839600519357369
21780,10.225607282932941,12,11.112709551691127,1,72,2,1,0,1,3,0,0.0,4,0,13.937375030989845
21785,5.707110264748875,8,10.91740401772286,0,30,1,0,1,1,2,0,9.735128070758227,2,1,5.707110264748875
21790,16.82109419707849,14,17.295845381732246,1,79,2,1,0,1,2,0,0.0,3,0,19.68443452303049
21795,11.098939154318382,14,13.001719661225357,1,49,3,1,3,1,1,0,13.266465452978318,4,0,13.966600272098061
21800,11.656168298529856,11,11.686049021222916,1,48,3,1,1,1,1,0,11.748005492256807,2,0,13.23104018807215
21805,12.765976963265441,14,13.248960269830526,1,75,3,1,0,1,3,0,12.524530013005734,3,0,15.236713704995756
21810,9.179984251961283,13,12.56529356217316,0,39,3,1,2,1,1,0,10.404293143019792,2,0,9.179984251961283
21815,10.308985993422082,13,10.41957729248823,0,80,1,0,0,2,3,0,8.071218539969863,5,0,10.600651654454007
21820,16.912074602876515,14,16.536293794208248,1,64,3,1,0,1,3,0,0.0,5,0,18.294712801901092
21825,2.3978952727983707,9,11.079920226254767,1,49,2,0,3,2,1,0,11.383966460172834,5,0,10.463417576808427
21830,6.68586094706836,8,10.897601753215403,0,54,1,0,0,2,1,0,9.39607277189222,4,0,10.457401400981889
21835,6.447305862541213,8,0.0,1,59,2,0,1,1,4,0,0.0,5,0,6.447305862541213
21840,0.6931471805599453,8,10.674462827538377,0,23,1,0,0,2,1,0,9.61587214452889,3,1,8.007034012193408
21845,11.522885696764481,12,11.989512759998888,1,30,3,0,0,1,1,0,12.54254845357358,3,0,12.010063844310778
21850,8.294299608857235,-1,9.182887610990473,1,75,3,0,1,2,3,0,4.61512051684126,4,0,8.294299608857235
21855,11.426288563310505,14,11.128709656194046,1,66,2,0,0,2,1,0,0.0,4,0,13.44690906030109
21860,6.90875477931522,9,10.897601753215403,1,49,3,0,0,2,2,0,0.0,1,0,10.736418414365376
21865,6.90875477931522,2,10.540934738927314,1,63,3,0,1,1,2,0,0.0,3,0,6.90875477931522
21870,3.9318256327243257,4,9.288237848223762,0,48,2,0,0,2,2,0,0.0,1,0,3.9318256327243257
21875,13.842153462620056,13,15.406242739888492,1,61,3,1,0,1,2,0,0.0,1,0,20.507985044219875
21880,0.0,5,9.00058661065466,0,32,1,0,0,2,1,0,0.0,4,0,0.0
21885,11.002116507732017,14,13.248960269830526,1,49,0,1,3,1,2,0,0.0,4,0,16.47310928568678
21890,7.741099090035366,8,10.451325058234776,0,64,1,1,0,1,1,0,6.2166061010848646,4,1,8.101980731853192
21895,7.065613363597717,3,10.204473075038809,0,32,1,0,1,1,1,0,9.367429587218957,3,0,7.065613363597717
21900,13.017005083966255,12,14.423944319315101,1,67,3,1,0,2,2,1,0.0,5,0,16.32103657658766
21905,11.264476926102367,12,11.570537163972045,1,48,3,1,3,1,2,0,11.185823192802378,2,0,13.727772735358728
21910,0.6931471805599453,13,9.98133877479715,0,33,1,0,0,2,1,0,9.53249633228804,4,1,0.6931471805599453
21915,1.791759469228055,6,9.98133877479715,0,50,1,0,0,2,3,1,0.0,3,0,1.791759469228055
21920,5.602118820879701,4,10.674462827538377,0,41,3,0,3,1,2,0,9.463508636396089,2,1,5.916202062607435
21925,7.00397413672268,13,11.32807815199392,1,74,2,1,0,1,3,0,0.0,2,0,12.979418675419067
21930,12.366919427768636,12,16.90147036329566,0,37,2,0,0,2,2,1,0.0,1,0,16.061832236486925
21935,7.650168700845001,8,10.386788464403516,0,30,2,0,0,2,1,0,6.90875477931522,3,0,11.003781759319981
21940,12.273735966890268,14,13.517604721126183,1,32,3,1,0,1,1,0,13.122365377402328,2,0,14.912121177962991
21945,4.110873864173311,13,10.728239322289022,0,31,3,0,0,2,1,0,11.992142767665067,5,0,8.912069097970134
21950,11.820417517632333,14,11.756252709710795,1,64,3,1,0,1,1,0,10.757924157061597,4,0,14.700930038712512
21955,8.648396877031582,10,11.046019206267971,1,69,3,1,2,2,3,0,7.601402334583733,2,0,12.849769569107353
21960,8.131824785007195,10,11.342280932513091,1,71,3,1,1,1,3,0,13.453106376097134,2,1,8.131824785007195
21965,9.312987208936326,8,11.439918298765717,1,42,2,0,5,1,1,0,12.457224282783562,4,1,10.344351978996153
21970,0.0,8,10.121094683881875,0,39,2,0,4,1,1,0,0.0,4,0,0.0
21975,5.739792912179234,8,7.774438037411996,0,21,0,0,0,2,1,1,8.016647877057803,1,0,5.739792912179234
21980,7.937731775260109,8,11.59073968241829,1,34,1,0,4,1,1,0,11.782960235741939,2,1,10.5815464756746
21985,7.02197642307216,10,10.030126736355644,0,80,2,0,0,2,3,0,8.699681400989514,4,0,9.316590491818841
21990,13.219491903015438,12,13.883266122676138,0,56,3,1,0,1,2,0,13.805461232211272,3,0,15.261723644755705
21995,7.462214939768189,7,10.31779779558084,1,48,3,0,0,1,3,0,6.175867270105761,4,1,7.462214939768189
22000,6.78105762593618,11,10.936821754744528,0,50,3,0,0,2,1,0,10.87806606028079,4,0,6.78105762593618
22005,8.517393171418904,12,10.540934738927314,1,38,3,0,0,2,1,0,12.201065128819632,2,0,10.985309671896763
22010,10.887455624298198,12,11.982778769792814,1,56,3,1,0,1,3,0,11.984808576881369,5,0,12.223426197857627
22015,8.517393171418904,8,10.87739942351305,1,62,2,0,0,2,3,0,10.373522431293592,2,0,14.028200459781736
22020,8.294299608857235,8,10.204473075038809,0,26,2,0,0,2,4,0,5.198497031265826,2,1,8.294299608857235
22025,6.311734809152915,9,10.85678052964002,1,53,1,0,0,1,1,0,5.303304908059076,2,1,6.580639137284949
22030,12.509877789891931,12,12.133060100630725,1,67,3,1,0,2,3,0,0.0,2,0,13.752571823152559
22035,11.662215780913316,12,0.0,1,70,2,1,0,2,2,0,12.429220196836383,2,0,16.287424922343227
22040,13.356646255406224,14,11.28963784015293,1,68,3,1,0,2,3,0,9.581972891547895,3,0,15.470304363250651
22045,6.792344427470809,9,11.112709551691127,1,40,2,0,2,2,1,0,11.701071692055445,5,1,11.573559498507079
22050,8.882114044208821,13,11.53944687502236,0,40,3,0,3,1,1,0,11.184435286790631,3,1,12.161085739795777
22055,8.556606193773073,9,11.010928456106528,1,59,3,0,1,2,3,0,9.798182590890704,1,0,8.556606193773073
22060,8.867990898182093,8,10.936821754744528,0,49,1,0,0,1,1,0,10.453947265542192,4,0,8.867990898182093
22065,6.55250788703459,8,9.69367212060944,0,72,2,0,0,2,3,0,0.0,5,0,12.862817736881576
22070,10.043292972227004,13,12.195051453346123,1,63,3,1,0,1,4,0,12.900471542366335,3,0,13.286183160425152
22075,7.576097340623111,12,10.31779779558084,0,75,2,0,0,2,2,0,7.8636512654486515,5,0,7.576097340623111
22080,5.351858133476067,8,9.470543987306165,0,71,1,1,2,1,3,0,5.916202062607435,4,0,6.698268054115413
22085,13.203945207713025,13,14.837221782945573,1,60,3,1,1,1,2,0,0.0,5,0,16.12392870556916
22090,10.896757843893464,14,11.59073968241829,1,44,3,1,3,1,1,0,0.0,4,0,11.678448377988165
22095,6.3818160174060985,8,10.204473075038809,0,30,2,0,1,2,1,0,9.574358290170174,1,1,6.3818160174060985
22100,8.895766604056085,12,11.42468676927484,1,87,2,1,0,2,3,0,9.852246888342531,5,0,12.473810905719647
22105,10.495183233934963,8,11.30306069379871,1,61,1,0,1,1,3,0,11.2922912626048,2,0,12.101495156560253
22110,14.498607907721096,14,15.000226921356099,1,81,2,1,0,1,2,0,0.0,5,0,14.763300344494624
22115,8.071218539969863,7,11.53944687502236,1,53,2,0,2,1,1,0,11.843602369619807,5,1,8.071218539969863
22120,9.093918908958932,12,11.063113369269185,0,46,3,0,1,2,1,1,10.362525022649812,4,0,12.390895238790055
22125,15.543264874899414,13,17.67409026396798,1,67,3,1,0,1,2,1,0.0,5,0,17.937373022437402
22130,2.3978952727983707,3,9.875983398597374,0,30,1,0,2,1,4,0,10.239995502805316,1,1,2.3978952727983707
22135,7.741099090035366,9,9.930047914868675,1,70,2,0,0,1,3,0,11.286789942169964,1,0,7.741099090035366
22140,4.709530201312334,6,9.6246836542707,0,37,0,0,4,2,4,0,10.819798284210286,4,0,4.709530201312334
22145,6.710523109452428,1,11.28963784015293,1,57,3,0,1,1,1,0,12.21066707495691,4,1,11.716853576559888
22150,11.41112527050716,12,12.655444358205663,1,48,3,1,3,1,2,0,12.745488641595722,5,0,13.60518574444028
22155,13.53314897324916,12,13.267828721203268,1,49,3,1,4,1,1,0,14.403853179405024,3,0,14.984270917286437
22160,9.61587214452889,12,10.623170750425082,1,61,2,0,0,1,2,0,13.043322334563697,5,0,10.292179440058462
22165,15.13699996245581,14,15.045152866347186,1,80,3,1,0,1,1,0,0.0,2,0,17.799910055971605
22170,6.803505257608338,9,10.076644749570697,0,22,1,0,2,1,4,0,9.15915233520675,4,1,6.803505257608338
22175,6.918695219020472,8,9.550580764956187,0,60,3,0,0,2,3,0,7.696667081526462,4,1,6.918695219020472
22180,13.79224295456585,13,15.05019701176901,1,52,3,1,3,1,2,0,0.0,3,0,15.37428676598956
22185,9.741027444837728,9,11.47420700963637,0,32,3,0,1,1,1,0,11.049317340813348,3,0,10.094149233605084
22190,12.206577518060588,13,15.201648593740995,1,58,0,1,1,1,1,0,0.0,5,0,18.34274191573822
22195,7.601402334583733,12,12.92573393238728,1,46,3,1,3,1,1,0,12.055255569732177,5,0,11.837910547573129
22200,11.6172944892629,9,11.329377681719818,1,74,3,1,2,1,3,0,0.0,5,0,11.628047184686986
22205,4.61512051684126,7,9.470543987306165,0,47,1,0,0,2,1,0,0.0,1,0,4.61512051684126
22210,10.375083663110118,3,11.046019206267971,0,63,2,1,0,2,1,0,0.0,1,0,10.704389879336146
22215,9.933094897288786,11,11.712956250852091,1,43,3,1,1,1,1,0,12.141806087407309,4,0,13.433958734459054
22220,9.37339415841248,12,11.560280761065794,1,35,3,1,1,1,1,0,11.57544006435923,2,0,11.968899893572035
22225,6.90875477931522,8,9.75820678716859,1,29,2,0,0,1,4,0,11.51293546492023,2,0,6.90875477931522
22230,8.013343181386672,8,10.897601753215403,1,64,3,0,0,1,3,0,11.050429581934747,5,0,10.680998859207012
22235,11.678448377988165,8,11.219680157476482,1,69,3,1,0,2,3,0,11.251573687764477,4,0,13.173058392858724
22240,10.348205424565993,8,10.723251890363157,1,71,3,1,0,1,2,0,10.434145214930487,4,0,13.339409980042882
22245,13.981025843899115,11,14.452931840649038,1,76,3,1,0,1,3,0,0.0,5,0,17.56444979204858
22250,10.480129006333248,13,11.30306069379871,0,45,3,1,2,1,1,0,9.62251624577579,2,0,11.16479958768697
22255,16.12933238176693,14,15.59806378450372,1,82,3,1,0,1,2,0,0.0,4,0,16.9183917919549
22260,11.860062063178267,8,12.288869755813161,1,60,2,1,0,2,1,0,9.741027444837728,1,0,14.754541167814684
22265,7.696667081526462,12,10.540934738927314,1,57,3,0,0,2,2,0,13.144909297253815,5,0,7.696667081526462
22270,0.6931471805599453,8,9.257781501750618,0,26,2,1,0,2,4,0,0.0,5,0,1.0986122886681098
22275,8.922791623969637,9,10.992910250981359,1,37,1,1,1,2,1,0,11.472113887062386,5,0,11.402005077384885
22280,10.169728906753061,12,11.53944687502236,0,69,2,1,0,1,3,0,10.203629181337648,5,0,10.207325906555994
22285,12.351691316780958,13,11.6251407963537,1,73,3,1,0,1,3,0,0.0,3,0,13.822834671047191
22290,5.303304908059076,8,10.482095840823943,0,42,2,0,2,2,1,0,10.167811434160654,2,1,10.016860879703811
22295,0.0,9,10.540934738927314,0,32,2,0,0,1,1,0,9.957075711706057,5,0,7.937731775260109
22300,11.927026509139932,9,11.890841876391685,1,68,3,1,0,1,3,0,0.0,2,0,14.015427241958484
22305,12.25486757159303,7,11.73915841150484,1,70,3,0,0,2,2,0,0.0,5,0,12.25486757159303
22310,11.724004532183379,12,11.234068703381137,1,31,3,0,1,1,2,0,13.32219899701495,4,0,11.748005492256807
22315,6.329720905522696,12,10.835727530509162,0,63,3,0,1,2,3,0,11.177466714598282,5,1,6.329720905522696
22320,8.59062950948942,3,11.262239213240827,1,59,3,0,0,1,4,0,12.378474329340447,3,0,11.243489253126375
22325,10.205479252168017,6,11.712956250852091,1,59,1,1,0,1,2,0,11.904974309480183,5,0,12.364148469034994
22330,11.289794413577894,8,12.283882237332369,1,60,3,0,0,1,2,0,0.0,2,0,13.267330877756825
22335,9.305741456739435,8,10.85678052964002,1,77,1,0,0,2,3,0,11.002116507732017,2,0,9.332646496360152
22340,13.19189130572284,13,11.046019206267971,1,69,3,1,0,1,3,0,10.275085591132715,5,0,15.391805458544814
22345,10.554535882074735,13,10.936821754744528,0,45,3,0,0,2,1,0,9.305741456739435,4,0,12.496317680785069
22350,9.913487387114461,12,11.639529406064158,1,41,3,0,1,1,1,0,12.839207048308943,4,0,11.272139700982676
22355,8.989818381366925,9,10.64914561257346,1,65,3,0,0,2,3,0,8.229777750081887,5,0,8.989818381366925
22360,9.798182590890704,12,12.189572015326258,1,55,3,1,1,1,1,0,12.34104487465108,1,0,14.113391197782724
22365,13.937729075643883,14,12.829107343679846,1,72,3,1,0,1,3,0,0.0,4,1,16.551824289148154
22370,12.314931534737134,9,13.25843899716391,1,66,3,1,0,2,3,0,0.0,5,1,16.42646238806752
22375,10.16203685698089,12,12.121364124132038,1,41,2,1,2,1,1,0,12.256770512686108,4,0,10.33854382482173
22380,10.819998260213833,6,9.818828007928495,1,62,2,1,0,2,3,0,0.0,5,0,10.819998260213833
22385,14.471994272824693,12,13.108055083400627,1,49,2,1,2,1,2,0,8.006700845440367,2,0,16.60360352827848
22390,11.80932691294063,9,10.974561423798537,1,60,3,1,0,2,1,0,12.095146671399466,2,0,11.80932691294063
22395,8.824824939175638,13,11.890841876391685,1,61,3,0,1,1,1,0,12.25486757159303,4,0,13.64922099915854
22400,14.006131744018864,13,14.44720116894457,1,72,3,1,0,1,3,0,0.0,1,0,15.321807933208326
22405,13.960477193265989,13,16.57185458528696,1,76,3,0,0,1,2,0,15.693447876338569,5,0,16.39890422998422
22410,11.05407540279458,11,11.046019206267971,1,61,3,1,1,2,3,0,0.0,4,0,13.326448056767768
22415,8.007034012193408,10,11.528864869228297,0,46,2,0,1,1,1,0,9.904537001671699,1,0,11.782967869242318
22420,12.067333429991589,12,16.41262367506648,1,44,3,1,2,1,1,0,13.664688831019712,2,0,17.54380520151206
22425,10.318935994253193,12,10.674462827538377,1,34,3,0,3,1,4,0,12.388398368982115,5,0,10.902297921958713
22430,11.242441323346558,12,11.704067376563522,1,71,3,1,0,2,3,1,12.19602736016897,5,0,15.090258923840583
22435,7.0909098220799835,8,10.91740401772286,1,61,1,0,0,1,1,0,11.19822841866684,1,1,11.524863917209606
22440,10.635879484421974,14,12.553908279925931,1,47,3,1,2,1,1,0,12.609539090975447,4,0,14.220709630688164
22445,10.463131911491967,12,12.820373687236241,1,77,3,1,0,2,3,0,10.463131911491967,2,0,14.836521960839315
22450,12.449022745701502,12,13.101454412807064,1,79,2,1,0,1,2,0,0.0,5,0,15.832677813191392
22455,16.04391086046953,13,14.06726960857491,1,67,3,1,0,1,3,0,0.0,2,0,16.835203517779313
22460,16.812651888331285,14,16.374883349939974,1,65,3,1,4,1,2,1,16.253500375300764,5,0,19.13049918851758
22465,13.586161542522282,14,13.922875224529346,1,49,3,1,3,1,2,0,7.601402334583733,3,0,15.411873565142825
22470,6.55250788703459,10,10.91740401772286,0,28,2,0,2,1,1,0,9.97025795616998,3,0,13.459836541501891
22475,16.863693003964265,13,16.083851216718923,1,61,3,1,0,1,3,0,0.0,2,0,19.250524307641165
22480,11.671901626269191,12,10.85678052964002,1,59,2,1,1,2,4,0,0.0,4,0,11.95138037590405
22485,0.0,1,10.386788464403516,0,43,2,0,3,2,1,0,0.0,5,0,0.0
22490,7.601402334583733,7,10.204473075038809,1,45,0,0,3,1,1,0,4.110873864173311,4,0,7.601402334583733
22495,13.326121846238388,12,12.392736165137526,1,64,3,0,0,1,3,0,9.798182590890704,5,0,15.414494214596354
22500,8.630700432209832,8,11.686049021222916,0,46,3,1,0,1,1,0,10.716216150693835,2,0,10.069044362997353
22505,3.4339872044851463,9,9.6246836542707,0,69,1,0,1,1,2,0,10.664316745782925,2,0,7.396948602621014
22510,7.438971592395862,8,10.723251890363157,0,76,1,1,0,1,3,1,0.0,5,0,7.438971592395862
22515,8.221747728346623,8,11.667700038278326,1,59,3,1,0,1,1,0,12.03344990281318,4,0,12.344620808094302
22520,11.581527593460411,12,11.600689921732425,1,52,1,1,1,1,1,0,12.377505973448748,5,0,11.581527593460411
22525,7.313886831633462,9,11.392290774522229,1,54,2,1,3,1,1,0,12.429220196836383,3,0,11.231901180182515
22530,8.366602832783736,12,11.079920226254767,0,35,3,0,1,2,1,0,0.0,1,0,11.071330462204312
22535,12.319405795112926,10,10.569104881654322,1,65,3,1,0,2,1,0,0.0,3,0,12.749852272189257
22540,9.059633754551479,8,11.686049021222916,0,45,3,0,0,1,1,0,11.958898918415885,2,0,12.702599527794307
22545,9.23024103368252,8,10.897601753215403,0,39,1,0,1,2,1,0,9.367429587218957,5,0,9.23024103368252
22550,9.741027444837728,12,11.890841876391685,1,40,3,1,1,1,1,0,11.628047184686986,5,0,12.329179263520874
22555,10.609081944147828,14,12.946567969094232,1,45,3,1,0,1,2,0,13.42246945133505,5,0,14.711394888307264
22560,9.28461261635077,10,12.216673809199175,1,34,3,0,2,1,2,0,13.108266481420335,1,0,11.42049214303914
22565,4.709530201312334,8,10.386788464403516,1,77,2,0,0,1,3,0,0.0,3,0,4.709530201312334
22570,8.235095497258357,11,11.53944687502236,1,44,1,1,2,1,1,0,12.045557589289558,2,1,11.549941827249432
22575,8.366835309827675,12,10.674462827538377,0,48,2,0,3,1,1,0,0.0,2,0,10.785228246650878
22580,7.496097345175956,8,11.620298215285262,0,47,2,0,0,2,1,0,11.002116507732017,4,0,10.85516473308054
22585,4.2626798770413155,9,10.030126736355644,0,34,3,0,1,1,1,0,0.0,5,0,4.2626798770413155
22590,7.650168700845001,8,10.769770904774587,1,37,3,0,1,1,4,0,12.15425816271595,4,0,7.650168700845001
22595,7.00397413672268,2,10.281431375093115,1,51,2,0,2,1,1,0,9.62911649414402,4,0,7.00397413672268
22600,0.6931471805599453,8,9.98133877479715,1,57,2,0,0,1,3,0,11.118415133585586,4,0,0.6931471805599453
22605,9.15915233520675,8,12.95682444491998,1,24,2,1,0,2,2,1,14.220976332738882,3,0,15.205423613703868
22610,9.210440366976517,8,10.030126736355644,1,80,1,1,0,2,3,0,0.0,4,0,11.931642378754141
22615,5.993961427306569,7,10.121094683881875,0,59,2,0,3,2,2,0,0.0,3,0,5.993961427306569
22620,14.991701289729283,13,17.001036340909398,1,77,3,1,0,2,2,0,16.913348099602146,2,0,16.52222660280902
22625,10.789339695269716,12,11.868369176293065,1,25,3,1,0,1,1,0,12.709876675502672,4,0,11.706030338921243
22630,7.601402334583733,11,10.41957729248823,0,23,0,0,0,2,4,0,10.298935994257638,4,0,7.601402334583733
22635,8.294299608857235,10,9.818828007928495,0,77,0,0,0,2,3,0,0.0,4,0,11.635151947212842
22640,11.881041706925902,13,12.041811943026103,1,65,3,1,0,1,2,0,13.550895061374236,2,0,15.608186440490696
22645,6.7464121285733745,8,11.219680157476482,1,61,1,0,0,1,3,0,12.138869243416009,5,0,10.796530128090472
22650,14.647114917021598,9,14.163343367496264,1,62,3,0,0,1,2,0,12.793862088206213,3,0,15.11760803224421
22655,10.596659732783579,9,11.355019808159389,1,75,3,1,0,1,3,0,8.412054873292933,2,0,14.010255457801716
22660,13.25339339419516,13,0.0,1,59,3,1,0,1,2,0,9.305741456739435,4,0,15.2902737959047
22665,7.824445930877619,12,10.674462827538377,1,64,1,1,1,2,1,0,12.832013750189885,2,0,11.344518647594766
22670,9.985113621416073,12,11.658397725704077,1,37,3,1,4,1,1,0,12.577639650232573,5,0,10.30229722897745
22675,9.961803629358965,13,12.109529731255833,1,58,3,0,1,1,1,0,12.899222326086994,1,0,14.587099627108781
22680,10.308985993422082,13,11.721766808769676,1,77,3,1,0,2,3,0,0.0,5,0,15.07680871219556
22685,9.472781556562168,12,11.079920226254767,1,45,3,1,1,2,3,0,11.878269721588795,3,0,9.741027444837728
22690,6.90875477931522,8,10.482095840823943,1,69,3,0,0,1,3,0,7.601402334583733,5,0,6.90875477931522
22695,11.60869917369206,12,11.485380194730258,0,53,2,0,0,1,4,0,11.8515453936489,3,1,13.381724675941141
22700,11.002116507732017,13,14.912163178235943,1,82,2,1,0,1,2,0,11.849404844423074,2,0,17.42966649282193
22705,6.293419278846481,8,10.386788464403516,0,21,2,0,0,1,4,0,0.0,5,0,6.293419278846481
22710,11.630717389475995,9,13.177924626446465,1,64,3,1,0,1,1,0,11.245581823958364,2,0,15.846615089035092
22715,11.561725152903833,8,13.140420303301077,1,63,3,1,0,1,2,0,14.346139397261565,4,0,14.77294361704669
22720,11.06665398721974,8,12.507024863496335,1,65,3,1,0,1,1,0,11.798111925972618,5,0,13.032003126463398
22725,7.523481312573497,8,10.897601753215403,0,26,1,1,0,1,1,0,0.0,4,0,8.832149906002899
22730,12.310437165348775,8,11.079920226254767,1,53,3,0,0,2,2,0,11.918397239722838,4,0,14.921429752721451
22735,5.707110264748875,4,9.383539618396707,0,61,2,0,0,2,3,0,0.0,2,0,6.2166061010848646
22740,9.83633227734872,11,11.686049021222916,1,67,3,1,1,2,3,0,12.319405795112926,4,0,10.114599007626499
22745,8.006700845440367,9,10.204473075038809,0,26,2,0,0,2,1,0,4.61512051684126,4,0,8.517393171418904
22750,9.908524844053396,8,10.897601753215403,1,20,1,0,0,1,1,0,11.70272730786727,4,0,9.908524844053396
22755,8.699681400989514,12,10.792243293398966,0,48,2,1,0,2,1,0,10.988693712621323,4,0,9.580592724328602
22760,10.626703114218108,12,12.1035595972642,1,56,3,1,0,1,1,0,12.3018418108936,2,0,12.457690916535093
22765,11.608244735642321,8,11.59073968241829,1,69,3,0,0,2,1,0,0.0,4,0,14.729398806184347
22770,9.61587214452889,11,11.258063895593375,1,67,3,1,0,2,3,0,9.952325334619427,2,0,12.180759965737863
22775,9.517898598432753,9,11.695098780943722,0,33,3,1,1,1,1,0,10.526775414924009,4,0,9.517898598432753
22780,9.503084610020228,12,11.451478997511787,1,80,3,1,0,2,3,0,0.0,5,0,12.843709758862499
22785,5.303304908059076,10,10.121094683881875,1,68,3,1,0,2,3,0,11.835016210489899,5,0,10.315630315397533
22790,9.546884034617925,14,12.546245434332967,1,59,1,0,1,1,1,0,12.063938642041201,5,0,13.947416505268018
22795,10.668978650219241,10,12.009446852348587,1,47,3,1,1,1,1,0,11.296024885689746,3,0,12.829068247847415
22800,13.49446609880608,12,14.423944319315101,1,67,3,1,0,1,3,0,13.415034483903348,5,0,15.171188740517254
22805,16.31033461727146,14,15.185299459865798,1,64,3,1,0,1,3,0,0.0,2,0,18.64970776168517
22810,7.313886831633462,11,10.623170750425082,0,43,2,0,1,2,1,0,7.00397413672268,5,0,7.824445930877619
22815,8.31898612539206,9,10.540934738927314,1,75,1,0,0,1,3,0,9.364005219520333,4,0,8.31898612539206
22820,3.713572066704308,10,9.69367212060944,0,52,2,0,1,2,1,0,7.601402334583733,1,0,3.713572066704308
22825,9.27902652976463,8,10.85678052964002,0,23,2,0,0,1,1,0,0.0,4,0,9.27902652976463
22830,12.100717685412471,12,13.353749018292671,1,47,3,1,2,2,1,0,13.530492932718326,5,0,14.51860856442677
22835,12.345838935721968,14,11.41638805747596,1,70,3,1,0,2,3,0,0.0,4,0,15.182877163975684
22840,11.289794413577894,14,11.262239213240827,0,47,3,0,0,2,2,0,10.795506083434564,4,0,12.847929163278053
22845,8.31898612539206,8,11.234068703381137,1,72,3,1,0,1,3,0,0.0,3,0,9.55400099583723
22850,13.570889252111332,14,14.053733033514023,1,59,3,1,2,1,2,0,13.541075028051122,3,0,16.920590433174485
22855,4.394449154672439,10,10.769770904774587,0,42,2,1,2,1,1,0,0.0,2,0,4.394449154672439
22860,9.105090961257085,9,10.974561423798537,1,88,2,1,1,2,3,0,0.0,1,0,12.724869415131389
22865,8.732465848349879,12,11.41638805747596,1,64,3,0,1,2,1,0,12.456835254920371,1,0,9.409273194575334
22870,10.428245666832275,9,11.74774208708152,1,48,2,1,2,1,1,0,11.719947764402807,4,0,13.527829818844937
22875,7.601402334583733,12,12.232589186385791,1,41,3,1,2,1,1,0,13.106236027992704,4,0,13.317931805683793
22880,11.982935344196433,8,11.721766808769676,1,81,2,1,0,1,3,0,0.0,5,0,12.644330802262578
22885,5.993961427306569,6,9.383539618396707,0,69,2,0,0,2,3,0,8.987321812850125,5,0,5.993961427306569
22890,7.762596048540069,9,10.482095840823943,1,56,3,1,0,2,1,0,11.010415172807951,2,0,11.594053737051604
22895,11.824087219587643,11,12.949141966951167,1,58,3,1,1,1,1,0,12.013706813470414,4,0,15.165270853658633
22900,8.517393171418904,8,11.367598443988374,1,49,3,0,0,1,1,0,11.626263078808801,5,0,12.100717685412471
22905,8.429672593886743,9,11.355019808159389,1,63,1,0,0,2,3,0,12.079721130074526,5,0,8.429672593886743
22910,9.980031840175913,12,11.969173203349216,1,58,3,0,1,1,1,0,13.08673827229789,2,0,12.058679912587115
22915,3.9318256327243257,8,10.386788464403516,0,67,1,0,1,2,3,0,0.0,4,0,3.9318256327243257
22920,6.985641817639208,8,8.84200277886267,1,25,1,0,0,1,2,0,0.0,4,0,6.985641817639208
22925,9.200391041122515,11,11.112709551691127,1,52,3,1,0,2,1,0,10.318935994253193,5,0,13.237299698343831
22930,15.163583966004193,12,17.805538527987835,1,72,2,1,0,1,2,0,0.0,2,0,17.522377291646936
22935,14.907098567378478,13,13.822894052359102,1,63,0,1,0,1,2,0,5.916202062607435,2,0,16.351110401281986
22940,9.472781556562168,12,9.98133877479715,1,55,3,1,0,2,4,0,7.601402334583733,5,0,13.975075980150168
22945,9.90353755128617,12,12.48273226193178,1,69,3,1,0,1,3,0,12.940843898859598,5,0,14.888463441849012
22950,8.987321812850125,14,14.452931840649038,1,55,3,1,2,1,2,0,13.275944180597024,2,0,15.477730845554648
22955,8.294299608857235,11,11.962300367785085,1,50,2,0,0,1,1,0,11.919396733395958,5,1,13.79224295456585
22960,5.198497031265826,13,12.138857187204595,0,31,1,0,0,2,1,0,12.963651310249437,5,0,9.37424334324612
22965,6.660575149839686,9,10.936821754744528,1,56,3,0,0,2,1,0,11.08446293162936,3,1,11.645540187581142
22970,0.0,8,10.569104881654322,0,40,2,0,2,2,3,0,0.0,1,0,0.0
