,NETWORTH,INCOME,FIN,NFIN,DEBT,EQUITY,STOCKS,HHOUSES,BUS,RETQLIQ,YESFINRISK,SPENDMOR,LATE,EMERGSAV,LIQ,FINLIT,AGE,EDUC,MARRIED,KIDS,OCCAT1,RET_ASSETS
0,762100.0,38804.734469,258100,699000.0,195000,49000.0,0,1,0,245000,0,5,0,1,13100,1,70,9,2,2,3,503100
5,721800.0,224829.65932,140500,1100000.0,518700,30000.0,0,1,460000,100000,0,3,0,1,40500,3,46,12,2,0,2,240500
10,43597590.0,445335.67134,60492890,684700.0,17580000,60482000.0,59680000,1,0,459000,0,3,1,1,10890,3,68,14,1,0,3,60951890
15,2203000.0,152408.56713,2163000,40000.0,0,1724000.0,0,0,0,1499000,0,3,0,1,164000,3,74,12,2,0,3,3662000
20,4100.0,56207.41483,1100,14000.0,11000,0.0,0,0,0,0,0,2,0,0,1100,0,19,8,1,0,1,1100
25,7232000.0,283198.8978,5728000,1615000.0,111000,4520750.0,4200000,1,0,795000,0,5,0,0,184000,2,74,12,1,0,3,6523000
30,70669800.0,13435733.968,13436800,57233000.0,0,10913000.0,6340000,1,40650000,1729500,0,2,0,1,117000,3,52,13,1,1,2,15166300
35,1500.0,39993.737475,1500,0.0,0,0.0,0,0,0,0,0,3,0,0,1500,1,60,12,2,0,3,1500
40,6406100.0,670165.33066,295000,7036100.0,925000,80000.0,80000,1,3210000,0,1,5,0,1,215000,3,43,12,1,2,2,295000
45,211350.0,43236.472946,27950,366800.0,183400,0.0,0,1,0,0,0,4,1,0,27950,2,67,12,1,0,3,27950
50,324500.0,211858.71743,20500,486000.0,182000,0.0,0,1,0,0,0,2,0,1,20500,3,46,13,2,0,1,20500
55,1320.0,42155.561122,1950,10000.0,10630,0.0,0,0,0,0,0,5,0,1,1950,2,51,9,2,1,1,1950
60,217000.0,18915.956914,204000,13000.0,0,41000.0,0,0,0,41000,0,3,0,1,13000,3,77,12,2,0,3,245000
65,422190.0,58369.238477,510,545000.0,123320,0.0,0,1,0,0,0,2,0,0,510,0,57,8,2,2,1,510
70,-163980.0,113495.74148,43620,36000.0,243600,450.0,0,0,0,7350,0,2,0,1,36020,2,30,13,1,0,1,50970
75,292790.0,55126.503006,3290,311800.0,22300,0.0,0,1,0,0,0,4,0,0,3290,0,56,8,1,1,1,3290
80,22750.0,22699.148297,2650,20700.0,600,0.0,0,1,0,0,0,5,1,0,2650,2,70,4,1,0,3,2650
85,1051200.0,81068.386774,428100,623100.0,0,0.0,0,1,0,320000,0,5,0,0,58100,1,57,8,1,0,3,748100
90,44000.0,49721.943888,13000,31000.0,0,0.0,0,0,10000,0,0,4,0,0,13000,2,32,12,2,0,2,13000
95,84500.0,86472.945892,2500,227800.0,145800,0.0,0,1,0,0,1,4,0,0,2500,3,46,13,2,0,1,2500
100,46867500.0,1887272.0441,31082000,15785500.0,0,19910000.0,19280000,1,13970000,1260000,0,5,0,1,207000,2,75,12,1,0,2,32342000
105,3435200.0,306978.95792,2877200,558000.0,0,936150.0,50000,1,0,2298000,0,1,0,1,425200,3,52,12,1,2,1,5175200
110,82900.0,57288.326653,1000,115700.0,33800,0.0,0,1,0,0,0,3,0,0,1000,3,62,10,1,0,3,1000
115,2391000.0,324273.54709,1598000,958000.0,165000,969250.0,133000,1,0,545000,0,4,0,1,220000,3,63,14,1,0,1,2143000
120,86456000.0,3480536.0721,11540000,75696000.0,780000,8770000.0,5000000,1,60000000,4970000,0,2,0,1,1570000,3,57,12,1,0,2,16510000
125,2620.0,42155.561122,2420,10000.0,9800,2000.0,0,0,0,2000,0,4,1,0,320,0,41,8,2,3,1,4420
130,520.0,12970.941884,520,0.0,0,0.0,0,0,0,0,0,5,0,0,520,2,19,9,2,0,4,520
135,-700.0,71340.180361,300,0.0,1000,0.0,0,0,0,0,0,4,1,0,300,2,51,8,1,1,1,300
140,432700.0,43236.472946,3700,557000.0,128000,0.0,0,0,500000,0,0,4,0,0,3700,1,62,11,2,0,1,3700
145,2720900.0,95120.240481,1445000,1275900.0,0,494000.0,222000,1,29000,680000,0,4,0,1,230000,3,68,12,1,0,3,2125000
150,7760.0,43236.472946,960,6800.0,0,0.0,0,0,0,0,1,2,0,1,960,2,23,9,2,0,1,960
155,357500.0,324273.54709,36000,762000.0,440500,30000.0,0,1,23000,30000,0,2,0,0,6000,3,52,8,1,0,1,66000
160,87400.0,70259.268537,22500,106700.0,41800,22000.0,0,1,0,22000,0,5,0,0,500,2,42,11,2,1,1,44500
165,4876500.0,717725.4509,1932500,3582000.0,638000,661000.0,0,1,0,775000,0,2,0,1,1022500,3,42,12,1,2,1,2707500
170,445800.0,54045.591182,1000,704800.0,260000,0.0,0,1,0,0,0,3,0,0,1000,2,50,12,2,0,1,1000
175,24000.0,36751.002004,9000,15000.0,0,0.0,0,0,0,0,0,5,0,0,2000,2,49,3,1,0,2,9000
180,14100.0,54045.591182,800,13300.0,0,0.0,0,0,0,0,0,4,0,0,800,2,55,6,1,0,1,800
185,42184000.0,6409807.1142,22731000,19453000.0,0,6471200.0,0,1,904000,7269000,0,2,0,1,10290000,3,67,14,1,0,2,30000000
190,615000.0,9728.2064128,4000,684000.0,73000,0.0,0,1,20000,0,0,5,0,0,4000,2,60,8,2,0,1,4000
195,158900.0,171864.97996,114400,282000.0,237500,90250.0,1000,1,0,105000,0,5,0,0,8400,3,52,13,1,0,1,219400
200,350430.0,16213.677355,288920,63000.0,1490,265000.0,0,1,0,265000,0,4,1,1,1920,2,69,11,1,1,3,553920
205,20690.0,48641.032064,19400,40000.0,38710,0.0,0,0,0,0,1,5,0,0,11400,3,73,8,2,0,1,19400
210,100.0,12970.941884,100,0.0,0,0.0,0,0,0,0,0,2,0,0,100,1,68,4,2,0,3,100
215,101300.0,3891.2825651,106300,100000.0,105000,0.0,0,1,0,0,0,4,1,0,300,2,36,10,2,0,4,106300
220,5000.0,10809.118236,2200,5800.0,3000,0.0,0,0,0,0,0,1,1,0,2000,1,53,8,2,0,1,2200
225,1167030.0,75663.827655,1044300,164000.0,41270,782750.0,269000,1,0,650000,0,4,0,1,10300,2,81,12,2,1,3,1694300
230,20700.0,86472.945892,21800,4900.0,6000,0.0,0,0,0,0,0,5,0,1,21800,2,61,9,2,0,2,21800
235,6288100.0,1020380.7615,769100,6373000.0,854000,173800.0,10000,1,4500000,250000,1,5,0,0,189100,3,55,12,1,1,2,1019100
240,55896000.0,5577505.01,28306000,31060000.0,3470000,23414600.0,1970000,1,21720000,2230000,0,2,0,1,606000,3,61,12,1,0,2,30536000
245,921100.0,281037.07415,673000,713000.0,464900,431000.0,4000,1,0,610000,0,5,0,1,59000,2,56,12,1,3,1,1283000
250,800000.0,255095.19038,111000,1800000.0,1111000,60000.0,60000,1,0,0,0,4,0,1,46000,3,39,14,1,2,1,111000
255,75090.0,22699.148297,90,75000.0,0,0.0,0,1,0,0,0,1,0,0,90,2,50,8,1,5,4,90
260,4097000.0,297250.7515,2783000,1314000.0,0,1162500.0,0,0,750000,2345000,0,4,0,1,38000,3,57,12,1,0,2,5128000
265,-54320.0,64854.709419,680,0.0,55000,0.0,0,0,0,0,0,2,1,0,680,2,39,12,2,0,1,680
270,12980.0,63773.797595,2670,45310.0,35000,780.0,780,0,10,0,0,4,0,0,1890,3,25,8,1,0,1,2670
275,242800.0,79987.47495,9000,387800.0,154000,0.0,0,1,0,0,0,2,0,1,9000,3,54,9,2,2,1,9000
280,155900.0,127547.59519,4500,300000.0,148600,0.0,0,1,0,0,0,2,0,0,4500,2,58,9,1,1,3,4500
285,-17495.0,6485.4709419,3055,19000.0,39550,0.0,0,0,0,1100,0,5,0,0,1955,2,34,8,2,0,1,4155
290,412500.0,136194.88978,108500,304000.0,0,0.0,0,1,0,0,0,5,0,1,98500,3,63,13,2,0,1,108500
295,9803500.0,2561761.022,2467500,9386000.0,2050000,2215000.0,260000,1,2500000,1955000,0,2,0,0,252500,3,65,13,2,0,2,4422500
300,10354000.0,1189003.006,3922000,9880000.0,3448000,2679100.0,1080000,1,1860000,1491000,0,1,0,1,51000,3,58,12,1,0,2,5413000
305,28221.0,30265.531062,221,28300.0,300,0.0,0,0,0,0,0,5,0,0,221,2,50,10,1,0,3,221
310,936000.0,114576.65331,456000,545500.0,65500,64300.0,0,1,291500,362000,0,5,0,0,57000,3,53,8,1,0,2,818000
315,518750.0,237800.6012,63000,751000.0,295250,49000.0,0,1,100000,49000,0,4,0,1,14000,3,37,12,1,0,1,112000
320,105400.0,102686.62325,15500,320000.0,230100,0.0,0,1,0,0,0,3,0,1,15500,2,35,13,1,2,1,15500
325,1715710.0,404261.02204,639000,2020000.0,943290,155000.0,10000,1,500000,125000,0,4,0,1,484000,2,33,12,1,0,2,764000
330,58000.0,27022.795591,30000,28000.0,0,0.0,0,1,0,0,0,5,0,0,30000,1,90,4,2,0,3,30000
335,14000.0,20537.324649,0,14000.0,0,0.0,0,0,0,0,0,5,0,0,0,3,74,13,2,0,3,0
340,129980.0,72421.092184,114980,57000.0,42000,31800.0,7500,0,0,54000,0,5,0,0,52980,2,44,9,1,0,1,168980
345,373600.0,125385.77154,8000,511800.0,146200,0.0,0,1,0,0,0,1,1,0,8000,1,37,10,1,3,1,8000
350,1360000.0,197806.86373,384000,1157000.0,181000,64500.0,0,1,575000,25000,0,4,0,1,295000,3,63,14,2,0,2,409000
355,300.0,23780.06012,300,0.0,0,0.0,0,0,0,0,0,1,0,1,300,2,58,6,2,0,3,300
360,379190.0,136194.88978,89190,540000.0,250000,33635.0,0,1,0,66700,0,5,0,1,22490,2,38,12,1,0,1,155890
365,573200.0,35670.09018,323000,250200.0,0,10000.0,0,1,0,100000,0,3,0,1,46000,3,80,9,2,0,3,423000
370,135544000.0,5577505.01,113125000,33319000.0,10900000,109315000.0,0,1,20119000,2100000,0,4,0,1,525000,3,71,12,1,0,1,115225000
375,360.0,35670.09018,360,0.0,0,0.0,0,0,0,0,0,2,0,0,360,3,55,8,2,0,1,360
380,225570.0,72421.092184,219070,17000.0,10500,212000.0,2000,0,0,210000,0,4,0,0,7070,2,51,8,2,0,1,429070
385,316100.0,86472.945892,157400,292700.0,134000,73925.0,0,1,0,127000,0,4,0,1,30400,2,47,8,1,1,1,284400
390,917900.0,58369.238477,721300,412000.0,215400,296500.0,0,1,0,285000,0,5,0,1,3500,2,73,12,2,0,1,1006300
395,84200.0,36751.002004,12000,72200.0,0,0.0,0,1,0,0,0,5,0,1,8000,1,72,9,1,0,3,12000
400,7576000.0,611796.09218,2833000,5243000.0,500000,1781400.0,285000,1,4560000,2292000,0,3,0,1,104000,3,55,12,2,0,2,5125000
405,-19800.0,30265.531062,80700,4500.0,105000,42000.0,0,0,0,80000,0,2,0,0,700,2,55,13,2,0,2,160700
410,318560.0,62692.885772,4000,342000.0,27440,0.0,0,0,0,0,0,2,1,0,4000,3,38,12,1,2,1,4000
415,16585200.0,787984.71944,1163200,15774000.0,352000,556000.0,256000,1,14350000,500000,0,5,0,1,14500,2,67,11,1,0,2,1663200
420,3794500.0,0.0,1270000,3625000.0,1100500,667000.0,100000,1,1200000,475000,0,4,0,0,113000,3,46,12,1,3,2,1745000
425,574460.0,157813.12625,67860,981200.0,474600,2600.0,2600,1,15000,46000,0,4,0,1,19260,3,43,13,1,2,1,113860
430,173333000.0,2788752.505,127618000,48552000.0,2837000,88860000.0,67960000,1,7428000,5150000,0,4,0,1,15688000,3,55,13,1,1,2,132768000
435,-43599.0,19456.412826,101,0.0,43700,0.0,0,0,0,0,1,2,1,0,101,2,37,9,2,2,4,101
440,60918000.0,1077669.0882,20835000,40083000.0,0,10500000.0,0,1,9000000,400000,1,2,0,1,1435000,3,64,8,2,0,3,21235000
445,100000.0,85392.034068,27000,348000.0,275000,0.0,0,1,0,0,0,5,0,1,27000,2,38,11,1,2,1,27000
450,239100.0,85392.034068,22600,264800.0,48300,5075.0,0,1,0,20500,0,2,1,0,2000,1,44,8,1,2,1,43100
455,5958800.0,289684.36874,2900800,3087000.0,29000,2560000.0,2280000,1,0,130000,0,3,0,1,340800,3,60,12,1,0,2,3030800
460,14985000.0,2496906.3126,13286000,1699000.0,0,10350000.0,500000,1,869000,3000000,0,5,1,0,136000,3,60,12,1,0,2,16286000
465,85621.0,11890.03006,61,86000.0,440,0.0,0,1,0,0,0,4,0,0,61,2,62,8,2,0,3,61
470,136000.0,90796.593186,66000,300000.0,230000,25000.0,0,1,0,25000,0,4,0,1,41000,2,31,9,1,3,1,91000
475,6680500.0,934988.72745,6347500,609000.0,276000,3300000.0,385000,1,0,3100000,0,4,0,1,92500,3,57,13,1,2,1,9447500
480,195000.0,14051.853707,0,207000.0,12000,0.0,0,1,26000,0,0,5,0,0,0,1,58,2,2,1,1,0
485,2630000.0,489653.05611,1064000,1566000.0,0,779250.0,24000,1,0,871000,0,4,0,1,68000,3,50,12,1,0,1,1935000
490,347405.0,30265.531062,1405,346000.0,0,0.0,0,1,0,0,0,1,0,0,1405,2,70,10,1,0,2,1405
495,-76950.0,32427.354709,1050,0.0,78000,250.0,0,0,0,250,0,3,0,0,800,3,41,9,1,0,1,1300
500,480100.0,324273.54709,288000,425000.0,232900,123750.0,0,1,0,225000,0,4,0,1,23000,2,51,14,1,1,1,513000
505,23160.0,44317.38477,18460,23700.0,19000,14000.0,0,0,0,14000,0,4,1,0,2460,1,49,11,2,2,1,32460
510,15530.0,94039.328657,1370,173400.0,159240,0.0,0,1,0,0,0,4,0,0,1370,2,47,8,1,2,1,1370
515,425590.0,193483.21643,171090,365500.0,111000,144000.0,0,1,0,144000,0,5,0,1,27090,2,52,8,1,2,1,315090
520,845300.0,205373.24649,240800,864500.0,260000,57000.0,0,1,0,190000,0,5,0,0,50800,2,53,12,1,2,1,430800
525,26294300.0,1002437.6253,16166200,10128100.0,0,11803000.0,9000000,1,1000000,400000,0,5,0,1,4516000,3,77,14,1,0,3,16566200
530,3466000.0,496138.52705,466000,5500000.0,2500000,160000.0,160000,1,1000000,0,0,2,0,0,6000,3,58,14,1,3,2,466000
535,1078500.0,94039.328657,183500,1133000.0,238000,77000.0,40000,1,250000,37000,0,2,0,1,66500,2,52,9,1,0,1,220500
540,135775000.0,4539829.6593,131140000,4635000.0,0,74837800.0,6680000,1,0,12013000,0,3,0,1,2435000,3,76,13,1,0,2,143153000
545,12156000.0,5523459.4188,7336000,7090000.0,2270000,6271600.0,0,1,800000,436000,0,4,0,1,800000,3,40,12,1,3,1,7772000
550,12771080.0,646385.27054,11221080,1550000.0,0,7800000.0,0,1,0,5000000,0,5,0,1,112080,3,81,13,1,0,3,16221080
555,697700.0,75123.371743,487200,348500.0,138000,194520.0,0,1,0,479000,0,3,0,1,5700,3,56,12,1,0,1,966200
560,1343700.0,92958.416834,130700,1573000.0,360000,0.0,0,1,241000,0,0,5,0,1,44700,3,48,9,1,3,2,130700
565,74950.0,63773.797595,8000,242000.0,175050,0.0,0,1,0,0,0,4,0,0,8000,2,30,13,2,0,1,8000
570,134200.0,80960.295591,48980,135700.0,50480,46000.0,0,1,0,46000,0,1,0,1,2980,3,47,10,1,0,1,94980
575,386300.0,98362.975952,157900,390000.0,161600,38450.0,0,1,0,151000,0,5,0,0,5400,3,62,11,1,0,1,308900
580,27652000.0,6172006.513,25182000,2470000.0,0,9074350.0,0,1,800000,6099000,0,4,0,1,453000,3,65,14,1,0,2,31281000
585,590.0,37831.913828,6290,18300.0,24000,539.0,0,0,0,980,0,3,0,0,5310,2,24,12,1,0,1,7270
590,67735500.0,10625363.226,43524300,26325200.0,2114000,34782500.0,5480000,1,10730000,3067000,0,2,0,1,987300,3,48,13,1,3,1,46591300
595,72380.0,17294.589178,1280,71100.0,0,0.0,0,1,0,0,0,2,0,1,1280,3,66,8,2,0,3,1280
600,252500.0,115657.56513,168500,290000.0,206000,88000.0,0,1,0,0,0,2,0,1,60000,3,39,13,2,0,1,168500
605,-4400.0,32427.354709,1300,29000.0,34700,0.0,0,0,0,0,0,4,0,0,500,0,42,9,2,3,1,1300
610,-4600.0,37831.913828,200,15800.0,20600,0.0,0,0,0,0,0,1,0,1,200,0,31,10,1,1,1,200
615,293350.0,52964.679359,194350,99000.0,0,14000.0,0,1,0,90000,0,2,0,0,4350,3,74,3,2,1,3,284350
620,63101.0,16213.677355,601,78000.0,15500,0.0,0,1,0,0,0,1,0,0,1,1,84,4,2,0,3,601
625,168700.0,88634.769539,48700,329000.0,209000,4300.0,0,1,0,43000,0,3,0,0,5700,3,37,12,1,0,1,91700
630,40000.0,100524.7996,47200,293000.0,300200,30000.0,17000,1,0,26000,0,5,0,1,4200,2,52,13,2,0,1,73200
635,18330200.0,2118587.1743,12894000,5436200.0,0,7752600.0,2200000,1,0,2029000,0,3,0,1,665000,3,52,13,1,2,1,14923000
640,250900.0,68097.44489,2000,379000.0,130100,0.0,0,1,0,0,0,3,0,0,2000,2,75,9,2,0,3,2000
645,1556000.0,438850.2004,660000,1201000.0,305000,362000.0,0,1,700000,620000,0,2,0,0,10000,3,62,13,1,0,1,1280000
650,283300.0,86472.945892,178800,274500.0,170000,113700.0,78000,1,0,73000,0,5,0,1,20800,2,32,10,1,1,1,251800
655,14340.0,35670.09018,900,14000.0,560,0.0,0,0,0,0,0,5,0,0,900,2,63,12,2,0,1,900
660,34245300.0,562074.1483,606000,35339300.0,1700000,300000.0,0,1,26630000,300000,0,5,0,1,306000,3,64,9,1,0,2,906000
665,249260000.0,12668286.573,220056000,29204000.0,0,179787150.0,170390000,1,19690000,12290000,0,5,0,1,1786000,3,79,8,1,0,3,232346000
670,8081500.0,995519.78958,3597500,5484000.0,1000000,2911000.0,450000,1,100000,2192000,0,4,0,1,35500,3,50,13,1,2,1,5789500
675,508500.0,210777.80561,493000,35000.0,19500,47000.0,0,0,0,470000,1,4,0,0,23000,3,45,12,1,1,1,963000
680,56930.0,30265.531062,330,72000.0,15400,0.0,0,1,0,0,0,1,0,0,330,1,52,5,1,3,3,330
685,1477400.0,153489.47896,183000,1451000.0,156600,24000.0,18000,1,0,40000,0,5,0,1,125000,3,71,12,2,0,1,223000
690,246900.0,44317.38477,124200,146000.0,23300,0.0,0,1,0,0,0,3,0,0,88200,0,39,12,2,1,1,124200
695,93090.0,43236.472946,29500,157500.0,93910,525.0,0,1,0,1500,0,3,0,1,28000,3,47,8,1,1,1,31000
700,27110.0,31346.442886,21900,14060.0,8850,1180.0,0,0,0,5900,0,2,1,1,16000,2,22,8,1,0,1,27800
705,4801000.0,551265.03006,5416000,645000.0,1260000,5385000.0,4500000,0,0,385000,0,3,0,1,31000,3,53,12,2,0,3,5801000
710,113440.0,60531.062124,100340,42000.0,28900,80000.0,80000,0,0,0,0,5,0,1,340,2,39,13,1,2,1,100340
715,50.0,27022.795591,50,0.0,0,0.0,0,0,0,0,0,3,0,0,50,1,68,2,1,0,3,50
720,4520.0,29184.619238,2020,2500.0,0,1050.0,0,0,0,1500,0,5,0,0,520,1,40,8,2,0,1,3520
725,512040.0,31346.442886,40,512000.0,0,0.0,0,1,0,0,0,4,0,0,40,3,75,1,2,2,3,40
730,235490.0,86472.945892,3800,635000.0,403310,0.0,0,1,0,0,0,5,0,0,3800,3,67,8,1,0,1,3800
735,878470.0,78906.563126,28570,944900.0,95000,0.0,0,1,606000,0,0,4,0,1,28570,2,37,8,1,2,2,28570
740,282150.0,136194.88978,125750,345000.0,188600,85400.0,0,1,0,80000,0,3,0,1,45750,3,28,12,1,1,1,205750
745,14800.0,50802.855711,5200,10000.0,400,0.0,0,0,0,0,0,1,1,1,5200,0,46,11,2,0,1,5200
750,334250.0,81068.386774,1060,414000.0,80810,0.0,0,1,0,0,0,2,0,0,1060,2,56,8,1,2,1,1060
755,19908000.0,188078.65731,19041000,880000.0,13000,72200.0,0,1,0,18974000,0,3,0,1,7000,3,69,14,1,1,3,38015000
760,486800.0,75663.827655,101800,385000.0,0,0.0,0,1,0,100000,0,5,0,1,1800,2,77,7,2,0,3,201800
765,-38410.0,42155.561122,7000,6700.0,52110,0.0,0,0,0,0,0,3,0,1,7000,1,34,12,2,0,1,7000
770,195159000.0,22039792.084,151150000,44009000.0,0,35270000.0,0,1,10110000,3890000,0,4,0,1,7260000,3,63,12,1,0,1,155040000
775,98940.0,107010.27054,19000,245700.0,165760,6500.0,0,1,0,10000,0,4,0,1,4000,3,76,12,1,0,2,29000
780,234500.0,62692.885772,1400,251000.0,17900,0.0,0,1,0,0,0,5,1,1,1400,1,72,2,1,1,1,1400
785,937600.0,47560.12024,728000,210000.0,400,120000.0,0,1,0,180000,0,4,0,1,518000,2,78,8,1,0,3,908000
790,0.0,8863.4769539,0,0.0,0,0.0,0,0,0,0,0,4,0,1,0,1,29,8,2,1,4,0
795,162310.0,48641.032064,2710,178000.0,18400,0.0,0,1,0,0,0,5,0,0,2710,3,85,11,2,1,3,2710
800,920550.0,252933.36673,350050,840000.0,269500,77050.0,0,1,0,278000,0,2,0,1,68050,2,45,13,1,2,1,628050
805,1167900.0,126466.68337,359200,844500.0,35800,275000.0,0,1,0,311000,0,3,0,1,42000,2,67,8,1,0,3,670200
810,29463500.0,1837550.1002,19629500,11234000.0,1400000,8694000.0,206000,1,0,1210000,0,4,0,1,113500,2,62,2,1,0,3,20839500
815,237680.0,82149.298597,103000,150150.0,15470,9450.0,0,0,0,63000,0,5,0,1,40000,2,39,13,2,0,1,166000
820,-555500.0,36751.002004,9100,899000.0,1463600,0.0,0,1,564000,0,0,3,0,1,9100,2,66,2,1,0,2,9100
825,616631000.0,44122820.641,568346000,48285000.0,0,532390000.0,253410000,1,0,28980000,0,2,0,1,106000,3,87,14,1,0,2,597326000
830,62062900.0,526404.05812,50341900,11721000.0,0,12591500.0,1420000,1,414000,2190000,0,5,0,1,231900,3,68,12,1,0,3,52531900
835,3496300.0,589096.94389,2815000,1027300.0,346000,2165000.0,256000,1,0,1541000,0,2,0,1,718000,3,41,13,1,2,1,4356000
840,624700.0,124304.85972,98700,696000.0,170000,25400.0,0,1,0,88000,0,4,0,1,1700,2,31,12,1,1,1,186700
845,235000.0,90796.593186,96400,152000.0,13400,66750.0,0,1,0,89000,0,5,1,0,7400,3,54,8,1,0,1,185400
850,216780.0,118900.3006,42000,334800.0,160020,1400.0,0,1,0,14000,0,3,0,1,28000,2,50,12,1,4,1,56000
855,96696000.0,4626302.6052,67229000,37187000.0,7720000,41422500.0,22160000,1,10680000,1645000,0,5,0,1,11694000,3,58,14,1,4,2,68874000
860,17371000.0,470196.64329,12332000,5039000.0,0,6512700.0,24000,1,3000,3634000,0,2,1,1,314000,3,74,14,1,0,3,15966000
865,100.0,7025.9268537,100,0.0,0,0.0,0,0,0,0,0,1,0,0,100,1,56,8,2,0,3,100
870,4521800.0,630171.59319,3216000,1617800.0,312000,552900.0,0,1,0,2553000,0,5,0,1,376000,3,63,12,1,0,1,5769000
875,1700900.0,100524.7996,1176900,534000.0,10000,690000.0,900,1,0,407000,0,4,0,0,74000,3,64,12,1,0,1,1583900
880,309800.0,103767.53507,121000,422000.0,233200,23000.0,0,1,75000,92000,0,2,0,0,29000,3,50,12,1,3,1,213000
885,9150.0,20537.324649,150,9000.0,0,0.0,0,1,0,0,0,2,0,0,150,1,62,8,2,0,1,150
890,67750900.0,5279173.3467,7990000,61809000.0,2048100,5310000.0,1110000,1,45190000,6200000,0,3,0,1,480000,3,79,11,1,0,2,14190000
895,9500.0,25941.883768,3000,6500.0,0,500.0,0,0,0,500,0,4,0,1,2500,3,21,9,2,0,1,3500
900,78227400.0,1632176.8537,46303400,36434000.0,4510000,11186000.0,4820000,1,15150000,4220000,0,1,0,1,498400,2,61,11,1,0,2,50523400
905,-105080.0,39993.737475,1360,12000.0,118440,540.0,0,0,0,540,0,5,1,0,820,3,40,12,2,0,1,1900
910,10554300.0,838787.57515,7634300,3242000.0,322000,6489000.0,2300000,1,458000,3189000,0,5,0,1,145000,3,52,12,1,4,1,10823300
915,60950.0,110253.00601,1100,208400.0,148550,0.0,0,1,0,0,0,5,0,0,1100,1,51,9,2,1,1,1100
920,28100.0,59450.150301,30000,24000.0,25900,27000.0,0,0,0,27000,0,5,0,1,3000,2,52,8,1,0,1,57000
925,220000.0,14051.853707,2000,218000.0,0,0.0,0,0,0,0,0,2,0,1,2000,0,74,7,2,0,3,2000
930,-13200.0,28103.707415,2000,0.0,15200,0.0,0,0,0,0,0,1,1,0,2000,1,27,8,2,0,1,2000
935,152800.0,47560.12024,124800,28000.0,0,62800.0,0,0,0,81000,0,4,0,1,43800,1,69,12,2,0,1,205800
940,64000.0,118900.3006,25000,42000.0,3000,0.0,0,0,0,0,0,5,1,0,25000,1,43,9,2,0,1,25000
945,1240010.0,113495.74148,601610,739500.0,101100,172500.0,0,1,0,310000,0,5,0,1,41610,2,73,13,1,0,3,911610
950,204100.0,10809.118236,3100,201000.0,0,0.0,0,1,0,0,0,4,0,0,3100,3,91,8,2,0,3,3100
955,-34980.0,30265.531062,1720,13300.0,50000,0.0,0,0,0,0,0,2,1,0,1720,2,42,4,1,1,1,1720
960,3700.0,67016.533066,4000,0.0,300,0.0,0,0,0,0,1,1,0,0,4000,1,31,8,1,1,1,4000
965,90.0,14051.853707,90,0.0,0,0.0,0,0,0,0,0,2,0,0,90,3,21,8,2,0,4,90
970,153485270.0,4291219.9399,14115270,144979000.0,5609000,8744000.0,204000,1,125330000,0,0,5,0,1,5279270,3,62,12,1,2,2,14115270
975,13727900.0,2799561.6232,205000,13799900.0,277000,104250.0,0,1,10210000,150000,0,5,0,1,55000,3,63,12,1,0,1,355000
980,1244500.0,279956.16232,926000,532500.0,214000,726500.0,25000,1,0,710000,0,5,0,1,58000,3,52,13,1,0,1,1636000
985,6200.0,22699.148297,1200,5000.0,0,0.0,0,0,0,0,0,2,0,0,1200,2,48,3,2,2,4,1200
990,82890.0,39993.737475,1890,180000.0,99000,0.0,0,1,0,0,0,2,0,0,1890,3,82,7,2,0,3,1890
995,26670000.0,2613644.7896,21590000,5080000.0,0,10186800.0,4000000,1,500000,950000,0,3,0,1,1640000,3,75,8,1,0,3,22540000
1000,468820.0,216182.36473,71800,585000.0,187980,32000.0,0,1,0,64000,0,3,0,0,7800,3,43,12,1,2,1,135800
1005,455320.0,74042.45992,126320,351000.0,22000,63000.0,0,1,0,105000,0,4,0,1,21320,3,76,9,1,0,3,231320
1010,1006000.0,98362.975952,755000,251000.0,0,24980.0,0,1,0,623000,0,4,0,1,17000,3,73,13,2,0,3,1378000
1015,322700.0,74582.915832,209000,578000.0,464300,7750.0,0,1,0,155000,0,5,0,1,54000,2,62,13,1,0,3,364000
1020,-263300.0,57288.326653,5300,45000.0,313600,0.0,0,0,0,0,0,5,0,0,5300,3,60,13,2,0,2,5300
1025,12481000.0,1275475.9519,6027000,7524000.0,1070000,4293700.0,0,1,5104000,1522000,0,3,0,1,497000,3,54,13,2,3,2,7549000
1030,1053900.0,156732.21443,808900,245000.0,0,137500.0,0,1,0,425000,0,1,0,1,238900,3,56,10,2,1,1,1233900
1035,1291500.0,27022.795591,809000,482500.0,0,289000.0,0,1,0,270000,0,4,0,1,43000,2,67,12,2,0,3,1079000
1040,460.0,49721.943888,460,0.0,0,0.0,0,0,0,0,0,5,0,0,460,2,42,8,2,2,3,460
1045,210000.0,69178.356713,31000,179000.0,0,1450.0,0,1,0,29000,0,5,0,0,2000,2,41,8,1,1,1,60000
1050,2482800.0,276972.84569,1578800,1204000.0,300000,371000.0,100000,1,0,1205500,0,5,0,1,123300,2,59,13,1,0,3,2784300
1055,20300.0,49721.943888,2800,22400.0,4900,0.0,0,0,0,0,0,5,0,0,2800,1,54,8,2,3,1,2800
1060,11436100.0,476682.11423,602100,10834000.0,0,251250.0,0,1,8500000,350000,0,5,0,0,152100,3,61,8,1,0,2,952100
1065,66777300.0,4618736.2224,56138900,16470400.0,5832000,32880000.0,0,1,0,4800000,0,5,0,1,838900,3,74,12,1,0,3,60938900
1070,311800.0,159974.9499,34000,370900.0,93100,3000.0,0,1,0,0,0,5,0,1,24000,3,68,10,1,0,3,34000
1075,3910.0,14051.853707,10,3900.0,0,0.0,0,0,0,0,0,5,0,0,10,2,62,5,2,0,3,10
1080,112100.0,18375.501002,10000,102100.0,0,0.0,0,1,0,0,0,3,0,0,10000,3,81,12,2,0,3,10000
1085,6550.0,11890.03006,2650,3900.0,0,0.0,0,0,0,0,0,5,0,0,2650,1,77,9,2,0,3,2650
1090,270105.0,226991.48297,69705,717000.0,516600,38600.0,12000,1,0,53000,0,1,0,0,4705,1,33,11,1,2,1,122705
1095,-29100.0,12970.941884,900,0.0,30000,0.0,0,0,0,0,0,3,1,0,900,1,45,7,1,3,2,900
1100,186100.0,55126.503006,119100,67000.0,0,5000.0,0,0,0,100000,0,5,1,1,13000,2,75,14,2,0,3,219100
1105,141724800.0,992277.05411,24051800,119473000.0,1800000,8267600.0,4650000,1,82960000,46000,0,5,0,1,1143500,3,62,12,1,0,2,24097800
1110,688800.0,70259.268537,72800,616000.0,0,29000.0,0,1,0,58000,0,2,0,1,14800,1,50,9,2,0,1,130800
1115,11450.0,36751.002004,450,11000.0,0,0.0,0,0,0,0,0,5,0,0,450,2,29,8,2,2,1,450
1120,2552500.0,794470.19038,1926500,1146000.0,520000,548000.0,49000,1,145000,1437000,1,3,0,1,303500,3,41,12,1,2,1,3363500
1125,25210.0,43236.472946,210,25000.0,0,0.0,0,0,0,0,0,3,0,0,210,1,46,1,1,0,1,210
1130,535600.0,129709.41884,353200,593400.0,411000,78500.0,10000,1,0,306000,0,4,0,0,27200,3,39,12,1,2,1,659200
1135,-6195.0,36751.002004,5,5700.0,11900,0.0,0,0,0,0,0,1,1,0,5,2,60,9,2,0,1,5
1140,19000.0,16213.677355,0,19000.0,0,0.0,0,0,0,0,0,5,0,1,0,2,67,4,2,0,3,0
1145,31900.0,62692.885772,6500,264000.0,238600,0.0,0,1,0,0,0,5,0,0,3000,2,41,13,2,0,1,6500
1150,5751.0,20537.324649,251,27500.0,22000,0.0,0,0,0,0,0,1,0,0,251,2,54,11,2,0,3,251
1155,60932000.0,3750764.0281,4893000,56204000.0,165000,2106400.0,0,1,50000000,2633000,1,2,0,1,2160000,3,58,14,1,0,2,7526000
1160,11700.0,48641.032064,20200,44000.0,52500,0.0,0,1,0,0,0,1,0,0,200,3,70,8,1,0,3,20200
1165,100500.0,28103.707415,15400,404500.0,319400,0.0,0,1,0,0,0,5,0,1,5400,3,71,12,1,0,1,15400
1170,4737020.0,202130.51102,3994020,743000.0,0,2011500.0,144000,1,0,2993000,0,5,0,1,410020,3,79,9,1,0,3,6987020
1175,717900.0,135113.97796,427100,292800.0,2000,228350.0,0,1,0,0,0,5,0,1,10500,3,70,12,1,1,3,427100
1180,353800.0,43236.472946,10900,343200.0,300,0.0,0,1,0,0,0,5,0,1,10900,3,63,8,1,0,3,10900
1185,200.0,16213.677355,200,0.0,0,0.0,0,0,0,0,0,3,0,0,200,3,69,3,2,0,3,200
1190,4981000.0,382642.78557,3486000,2185000.0,690000,3280500.0,0,1,200000,3379000,0,2,0,1,57000,0,70,13,1,0,2,6865000
1195,10.0,37831.913828,10,21000.0,21000,0.0,0,0,0,0,0,4,0,0,10,3,21,8,1,2,1,10
1200,651800.0,125385.77154,204000,845100.0,397300,0.0,0,1,0,203000,0,5,0,0,1000,3,36,8,1,3,1,407000
1205,48200.0,19456.412826,10100,149000.0,110900,6100.0,0,1,0,6100,0,3,0,0,4000,3,62,9,2,1,1,16200
1210,409850.0,68097.44489,13550,476000.0,79700,1640.0,1500,1,0,350,0,5,0,1,8700,3,50,9,2,2,1,13900
1215,3491300.0,273470.69138,197000,3713000.0,418700,0.0,0,1,2575000,0,0,4,0,1,197000,3,65,9,1,0,2,197000
1220,386700.0,71340.180361,8100,781400.0,402800,0.0,0,1,0,0,0,1,0,0,8100,2,57,13,2,0,3,8100
1225,3000.0,64854.709419,3000,0.0,0,0.0,0,0,0,0,0,4,0,0,3000,2,35,2,1,2,2,3000
1230,3142800.0,346972.69539,1064800,3828000.0,1750000,976000.0,881000,1,0,95000,0,4,0,1,88800,2,52,12,1,2,1,1159800
1235,387500.0,56207.41483,153300,369200.0,135000,20900.0,0,1,0,38000,0,5,0,1,115300,2,59,10,1,0,1,191300
1240,5005.0,38912.825651,685,21500.0,17180,0.0,0,0,0,0,0,5,0,0,685,1,55,8,1,1,1,685
1245,2892000.0,350215.43086,1985000,943000.0,36000,1593950.0,113000,1,0,1577000,0,5,0,1,93000,3,52,14,1,0,1,3562000
1250,-3900.0,27022.795591,100,12500.0,16500,0.0,0,0,0,0,0,4,0,0,100,1,40,12,2,0,1,100
1255,12700.0,35670.09018,3600,9100.0,0,1000.0,0,0,0,2000,0,4,0,0,100,3,43,8,2,1,1,5600
1260,4367100.0,224829.65932,3028300,1378800.0,40000,923300.0,8300,1,0,600000,0,2,0,1,280000,3,64,12,1,0,2,3628300
1265,4220.0,44317.38477,530,4800.0,1110,0.0,0,0,0,0,0,5,1,0,530,1,20,8,2,2,1,530
1270,1020200.0,139437.62525,49200,1133000.0,162000,0.0,0,1,200000,0,0,1,0,0,37200,2,72,8,1,0,2,49200
1275,7510.0,20537.324649,1550,11000.0,5040,75.0,0,0,0,250,0,2,0,0,1300,2,26,13,2,0,1,1800
1280,3646000.0,275632.51503,3116000,530000.0,0,2390000.0,100000,0,0,1000000,0,5,0,1,16000,3,58,14,2,0,1,4116000
1285,7537000.0,1415994.489,1305000,7124000.0,892000,445000.0,25000,1,5047000,600000,0,5,0,1,680000,3,56,14,1,0,2,1905000
1290,-600.0,36751.002004,100,8300.0,9000,0.0,0,0,0,0,0,3,1,0,100,3,52,8,1,0,1,100
1295,526110.0,0.0,210,1015900.0,490000,0.0,0,1,0,0,0,1,0,0,210,2,78,12,1,1,1,210
1300,14420.0,55126.503006,67420,29000.0,82000,37000.0,0,0,0,15000,0,5,0,0,8420,2,39,12,1,2,1,82420
1305,90600.0,12970.941884,14400,76500.0,300,0.0,0,1,0,0,0,4,0,1,14400,2,65,8,2,0,3,14400
1310,25130.0,30265.531062,330,34800.0,10000,0.0,0,1,0,0,0,3,0,0,330,2,48,8,1,3,2,330
1315,359936000.0,27761058.367,27885000,332522000.0,471000,2405000.0,1930000,1,272370000,950000,0,2,0,1,5000,3,79,12,1,1,3,28835000
1320,283300.0,242124.2485,132800,426500.0,276000,55000.0,0,1,0,66000,0,1,0,0,5500,3,64,14,1,0,1,198800
1325,86601.0,46479.208417,1,486600.0,400000,0.0,0,1,0,0,0,5,0,0,1,3,63,8,2,1,3,1
1330,53990.0,59450.150301,46010,26000.0,18020,10.0,0,0,0,10,0,4,0,1,7500,2,51,12,2,1,1,46020
1335,245300.0,47560.12024,2500,512000.0,269200,0.0,0,1,0,0,0,5,1,0,2500,3,66,8,1,0,3,2500
1340,29306500.0,579368.73747,19289000,10017500.0,0,11116650.0,3130000,1,4000000,529000,0,5,0,1,1350000,1,68,14,1,0,3,19818000
1345,45650.0,35670.09018,42050,13000.0,9400,24800.0,0,0,0,31000,0,4,0,1,11050,2,38,12,2,0,1,73050
1350,3140600.0,589096.94389,1592600,1599000.0,51000,1062900.0,168000,0,418000,441000,0,2,0,1,178600,3,37,13,1,2,1,2033600
1355,194000.0,81068.386774,80000,287700.0,173700,0.0,0,1,0,58000,0,4,0,1,22000,2,61,12,1,0,2,138000
1360,935200.0,92958.416834,864200,268000.0,197000,8500.0,0,1,0,170000,0,4,0,0,124200,3,73,14,2,0,3,1034200
1365,17190.0,75663.827655,5190,12500.0,500,0.0,0,0,0,0,0,4,1,1,5190,1,35,8,1,2,1,5190
1370,2972900.0,207535.07014,1430900,1542000.0,0,896000.0,0,1,0,900000,0,2,0,1,174900,3,61,11,1,0,3,2330900
1375,365300.0,76744.739479,7500,482800.0,125000,0.0,0,1,214000,0,0,5,1,0,7500,3,59,14,2,0,2,7500
1380,49600.0,2161.8236473,40000,9600.0,0,19000.0,0,0,0,19000,0,4,0,0,5000,3,39,13,2,0,4,59000
1385,677500.0,97282.064128,45500,702000.0,70000,12000.0,0,1,500000,27000,0,4,0,0,8500,2,31,12,1,3,1,72500
1390,7154000.0,495057.61523,1539000,7546000.0,1931000,1500000.0,1500000,1,1714000,0,0,2,0,0,39000,2,47,12,1,2,2,1539000
1395,1941200.0,186997.74549,470400,1475800.0,5000,67500.0,0,1,500000,300000,0,1,0,1,49400,1,55,8,1,1,2,770400
1400,4250.0,30265.531062,1100,3200.0,50,0.0,0,0,0,0,0,3,0,0,1100,2,26,9,2,0,1,1100
1405,-89970.0,110253.00601,128530,270900.0,489400,44800.0,0,0,40000,44800,0,5,0,0,54730,2,39,8,1,1,1,173330
1410,838200.0,51883.767535,135000,783200.0,80000,24000.0,0,1,0,0,0,5,0,1,75000,1,90,8,2,0,3,135000
1415,464100.0,97282.064128,196200,392900.0,125000,64000.0,0,1,0,180000,0,3,0,0,16200,3,65,13,1,0,1,376200
1420,121210.0,18375.501002,6000,115300.0,90,0.0,0,1,0,0,0,2,0,0,6000,2,48,8,2,0,1,6000
1425,899000.0,324273.54709,475000,424000.0,0,20000.0,20000,0,0,0,0,5,0,0,440000,3,48,13,1,1,1,475000
1430,299000.0,37831.913828,1300,298000.0,300,40.0,0,1,0,800,0,4,0,0,500,1,59,12,2,0,1,2100
1435,183688300.0,123126665.83,112548000,71140300.0,0,70323000.0,54930000,1,21230000,313000,0,5,0,1,5305000,3,72,12,1,0,1,112861000
1440,4300.0,32427.354709,3300,6000.0,5000,0.0,0,0,6000,0,0,5,0,0,3300,1,57,9,2,0,2,3300
1445,2000.0,17294.589178,2000,0.0,0,1800.0,1800,0,0,0,0,1,0,0,30,2,36,9,2,0,3,2000
1450,1198920.0,124304.85972,820520,581400.0,203000,611500.0,0,1,0,785010,0,2,0,0,35510,2,59,9,1,0,1,1605530
1455,300.0,29184.619238,300,0.0,0,0.0,0,0,0,0,0,5,0,0,300,3,55,8,2,1,1,300
1460,-67740.0,17294.589178,15250,17500.0,100490,1000.0,1000,0,0,0,0,5,0,0,3250,2,73,12,2,1,2,15250
1465,3174000.0,464792.08417,2060000,1638000.0,524000,1080000.0,600000,1,0,600000,0,5,0,0,860000,3,50,13,1,4,1,2660000
1470,109100.0,107010.27054,19000,316000.0,225900,0.0,0,1,0,0,0,5,0,1,7000,3,53,13,2,0,1,19000
1475,6560.0,5728.8326653,360,6200.0,0,0.0,0,0,0,0,0,1,0,0,360,3,31,8,2,0,4,360
1480,394110.0,115657.56513,30510,492300.0,128700,0.0,0,1,0,0,0,4,0,0,30510,1,63,10,1,2,3,30510
1485,303200.0,286441.63327,133100,532500.0,362400,43000.0,0,1,0,100000,0,5,0,0,33100,2,41,8,1,0,1,233100
1490,23687970.0,0.0,3324970,20445000.0,82000,853000.0,0,1,17500000,46000,1,1,0,0,854970,3,52,14,1,3,2,3370970
1495,393800.0,91877.50501,43400,700000.0,349600,0.0,0,1,300000,0,0,5,1,0,3400,2,64,12,1,0,2,43400
1500,200.0,25941.883768,200,0.0,0,0.0,0,0,0,0,0,2,0,1,200,3,27,8,2,1,1,200
1505,147300.0,62692.885772,144100,60000.0,56800,115200.0,0,0,0,144000,0,3,1,0,100,3,64,8,2,0,1,288100
1510,294960.0,89715.681363,45000,428800.0,178840,7000.0,0,1,0,7000,0,3,1,0,38000,2,61,10,2,0,1,52000
1515,6932200.0,236719.68938,5620000,1512000.0,199800,3032500.0,0,1,0,2015000,0,2,0,0,15000,3,67,12,1,0,3,7635000
1520,135570.0,34589.178357,7870,510000.0,382300,670.0,670,1,50000,0,0,5,0,1,7200,3,57,11,1,0,3,7870
1525,6900.0,45398.296593,8000,0.0,1100,0.0,0,0,0,0,0,5,0,0,8000,1,45,4,1,1,1,8000
1530,322700.0,23780.06012,4500,325000.0,6800,0.0,0,1,0,0,0,5,0,0,2000,3,59,10,2,1,3,4500
1535,255180.0,43236.472946,14180,263000.0,22000,0.0,0,1,0,0,0,5,0,0,14180,1,74,8,1,0,3,14180
1540,25850.0,61611.973948,10500,16100.0,750,0.0,0,0,0,0,0,5,1,0,500,3,66,10,1,0,3,10500
1545,236905000.0,5880160.3206,157480500,79424500.0,0,78124000.0,23190000,1,69010000,1634000,0,3,0,1,16500,3,64,13,1,0,2,159114500
1550,764700.0,88634.769539,300700,586000.0,122000,84350.0,0,1,0,700,0,2,0,0,10000,3,64,8,1,0,1,301400
1555,19090.0,48641.032064,11140,33000.0,25050,0.0,0,0,0,0,0,5,1,0,1440,2,49,12,2,2,1,11140
1560,3938840.0,412908.31663,2068840,1870000.0,0,784100.0,0,1,0,558000,0,4,0,1,96840,2,64,10,1,0,3,2626840
1565,690.0,33508.266533,690,0.0,0,0.0,0,0,0,0,1,3,0,0,690,0,58,5,2,1,3,690
1570,30250.0,75663.827655,13650,289600.0,273000,5850.0,400,1,0,9000,0,3,0,0,4250,3,51,11,1,0,1,22650
1575,387890.0,116738.47695,94890,557000.0,264000,11600.0,0,1,0,38000,0,5,0,1,56890,3,44,13,1,2,1,132890
1580,718000.0,144842.18437,777000,250000.0,309000,360800.0,0,1,0,754000,0,5,0,1,19000,3,77,14,1,0,2,1531000
1585,3380.0,42155.561122,3380,0.0,0,0.0,0,0,0,3000,1,5,0,0,380,2,35,8,1,3,1,6380
1590,48114500.0,1707840.6814,3020600,46291900.0,1198000,1293400.0,612000,1,43550000,580000,0,5,0,0,471600,3,65,8,1,0,2,3600600
1595,70500.0,11890.03006,2500,68000.0,0,0.0,0,0,0,0,0,3,0,0,2500,3,74,-1,1,0,3,2500
1600,4514000.0,235638.77756,3460000,1054000.0,0,2700000.0,0,1,500000,2290000,0,4,0,1,525000,3,61,14,1,0,2,5750000
1605,240.0,24860.971944,240,0.0,0,0.0,0,0,0,0,0,5,0,0,240,2,61,6,2,0,3,240
1610,2431820.0,33508.266533,1382820,1300000.0,251000,208500.0,0,1,0,1101000,1,5,0,0,8820,3,49,12,2,0,4,2483820
1615,-300.0,7890.6563126,800,0.0,1100,0.0,0,0,0,0,0,3,0,0,800,1,46,4,2,0,3,800
1620,6700.0,103767.53507,6700,0.0,0,1200.0,0,0,0,4000,0,4,0,1,2700,3,26,12,2,0,1,10700
1625,42950.0,37831.913828,750,66200.0,24000,0.0,0,0,44200,0,0,1,0,0,750,2,26,8,1,0,2,750
1630,39900.0,30265.531062,31800,8100.0,0,130.0,0,0,0,6500,0,2,0,0,11300,1,45,8,2,1,1,38300
1635,20700.0,64854.709419,15000,12100.0,6400,0.0,0,0,0,0,0,4,0,0,15000,3,68,8,1,1,1,15000
1640,26150.0,71340.180361,17250,14700.0,5800,2790.0,0,0,0,6200,0,4,0,0,10320,2,56,8,1,1,1,23450
1645,41253000.0,1515438.3768,7985000,33508000.0,240000,5280000.0,2000000,1,31000000,3100000,0,5,0,1,120000,3,83,14,1,0,2,11085000
1650,10322000.0,645304.35872,6922000,4590000.0,1190000,2653500.0,0,1,500000,1310000,0,5,0,1,360000,3,71,14,2,0,3,8232000
1655,182700.0,116738.47695,78000,115700.0,11000,24000.0,24000,1,13000,0,0,4,0,0,50000,1,39,10,2,1,1,78000
1660,387800.0,78906.563126,6000,723800.0,342000,0.0,0,1,0,0,0,5,0,1,6000,2,61,2,1,0,1,6000
1665,-1790.0,21618.236473,510,42100.0,44400,0.0,0,1,0,0,0,4,1,0,10,2,78,4,2,0,3,510
1670,41481220.0,3621054.6092,10409220,31072000.0,0,4633000.0,2500000,1,27000000,650000,1,1,0,1,2259220,3,71,12,1,0,3,11059220
1675,4701.0,28103.707415,1601,3700.0,600,0.0,0,0,0,0,0,1,0,0,1,2,74,8,1,0,3,1601
1680,23503200.0,8420303.1062,22891200,7692000.0,7080000,19093000.0,16410000,1,926000,183000,0,1,0,0,400000,3,42,14,1,2,1,23074200
1685,79400.0,46479.208417,32000,125000.0,77600,30000.0,0,1,0,30000,0,4,1,0,2000,2,49,2,2,0,1,62000
1690,259800.0,115657.56513,67000,432300.0,239500,7050.0,0,1,0,47000,0,3,0,1,20000,3,34,11,1,2,1,114000
1695,31380.0,67016.533066,27380,27000.0,23000,26980.0,980,0,0,26000,0,2,0,0,400,0,38,8,2,0,1,53380
1700,683490.0,338325.4008,212490,805000.0,334000,174570.0,0,1,0,174990,0,5,0,1,37500,3,34,13,1,2,1,387480
1705,79300.0,14051.853707,600,78700.0,0,0.0,0,1,0,0,0,1,0,0,600,2,58,8,2,0,4,600
1710,683320.0,54045.591182,400210,363000.0,79890,195000.0,0,1,0,300000,0,5,0,0,210,2,51,11,2,0,4,700210
1715,-8000.0,8214.9298597,2000,0.0,10000,0.0,0,0,0,0,0,1,0,0,2000,3,35,8,2,1,1,2000
1720,1610300.0,118900.3006,28800,1954500.0,373000,21000.0,0,1,1150000,21000,1,2,1,1,5500,3,40,10,2,1,2,49800
1725,3419580.0,290765.28056,1872580,1547000.0,0,927300.0,0,1,500000,289000,0,4,0,1,33580,3,85,12,2,0,3,2161580
1730,393240.0,125385.77154,161240,661000.0,429000,140930.0,0,1,0,130400,0,5,0,1,30840,1,39,13,1,2,1,291640
1735,149936000.0,1102530.0601,358000,149578000.0,0,0.0,0,1,147080000,0,0,1,0,0,158000,3,70,8,2,0,2,358000
1740,3465380.0,653951.65331,1379380,3221000.0,1135000,634650.0,0,1,1598000,820000,0,2,0,0,319380,3,43,13,1,3,1,2199380
1745,20327000.0,2507715.4309,11050000,9277000.0,0,7320000.0,0,1,5000000,2700000,0,3,0,1,250000,3,64,13,1,0,2,13750000
1750,1221800.0,231315.13026,1176000,69000.0,23200,1160000.0,580000,0,0,580000,0,1,0,0,8000,2,74,13,2,0,2,1756000
1755,83340.0,22699.148297,13400,70000.0,60,5000.0,0,0,0,8000,0,2,0,0,5200,2,34,9,2,1,1,21400
1760,21079460.0,2940080.1603,9230000,12849460.0,1000000,8350000.0,0,1,10000000,1850000,1,5,0,1,130000,3,65,12,1,0,2,11080000
1765,5320.0,10809.118236,3340,16000.0,14020,0.0,0,0,0,0,0,5,1,0,3340,1,23,10,1,1,1,3340
1770,-65200.0,98362.975952,15450,0.0,80650,1275.0,0,0,0,5100,0,4,1,0,5350,1,48,9,1,5,1,20550
1775,20525760.0,474520.29058,18123800,2401960.0,0,11700000.0,0,1,60,700000,1,2,0,1,548800,2,80,9,1,0,3,18823800
1780,8771500.0,1664604.2084,5638000,3715000.0,581500,3069550.0,670000,1,150000,52000,0,3,0,1,2186000,3,55,13,1,2,1,5690000
1785,-5040.0,19456.412826,60,9900.0,15000,0.0,0,0,0,0,0,4,1,0,60,1,53,8,2,0,4,60
1790,215700.0,165379.50902,227700,29000.0,41000,205200.0,2700,0,0,30000,0,4,0,1,15000,3,63,11,2,0,1,257700
1795,800.0,23780.06012,800,0.0,0,0.0,0,0,0,0,0,4,0,0,800,0,56,7,2,0,3,800
1800,-12329.0,28103.707415,491,12000.0,24820,0.0,0,0,0,0,0,5,0,0,491,3,40,10,1,3,1,491
1805,6080.0,54045.591182,10260,13000.0,17180,425.0,0,0,0,2050,0,4,0,0,7110,2,25,10,2,0,1,12310
1810,8070.0,18375.501002,70,8000.0,0,0.0,0,0,0,0,1,1,0,0,70,2,73,9,2,0,3,70
1815,6776000.0,252933.36673,326000,6975000.0,525000,200000.0,200000,1,4700000,0,0,4,0,1,94000,3,55,12,1,1,2,326000
1820,309900.0,110253.00601,254800,76800.0,21700,100800.0,0,0,0,0,0,3,0,0,2800,1,68,8,2,0,3,254800
1825,420480.0,63773.797595,184500,400000.0,164020,131000.0,113000,1,0,60000,0,4,0,1,11500,2,65,9,2,0,1,244500
1830,1000.0,57288.326653,1000,0.0,0,0.0,0,0,0,0,0,1,0,0,1000,2,33,8,2,2,1,1000
1835,318800.0,129709.41884,110800,600000.0,392000,50200.0,0,1,0,83000,0,3,0,0,22800,1,29,12,1,2,1,193800
1840,123999000.0,4481460.4208,116380000,7619000.0,0,80000000.0,80000000,1,0,5100000,0,4,0,1,20440000,3,77,13,1,0,3,121480000
1845,41164600.0,1318712.4248,12484000,28925600.0,245000,12432500.0,778000,1,0,1196000,0,5,0,1,13000,3,82,12,1,0,1,13680000
1850,468200.0,83230.210421,44000,588000.0,163800,13000.0,0,1,0,0,0,1,0,1,28700,2,81,13,1,2,1,44000
1855,14650.0,43236.472946,2950,11700.0,0,0.0,0,0,0,0,0,2,0,0,2950,1,33,4,1,1,1,2950
1860,-20300.0,79987.47495,400,6300.0,27000,0.0,0,0,2000,0,0,1,1,0,400,3,25,12,2,0,1,400
1865,928500.0,1415994.489,433500,1299000.0,804000,74300.0,0,1,10000,161000,0,1,0,1,22500,3,51,9,1,0,2,594500
1870,-85080.0,37831.913828,120,29000.0,114200,0.0,0,0,0,0,0,5,0,0,120,1,42,12,2,2,1,120
1875,79885000.0,1859168.3367,30230000,49655000.0,0,10500000.0,0,1,30000000,0,0,5,0,1,230000,2,71,12,1,0,2,30230000
1880,703260.0,135113.97796,634000,80200.0,10940,351000.0,270000,1,0,270000,0,4,0,0,94000,2,74,9,1,1,1,904000
1885,442000.0,476682.11423,439000,13000.0,10000,411000.0,19000,0,0,232000,0,5,0,0,28000,3,29,13,1,0,1,671000
1890,19516000.0,1178193.8878,826000,19388000.0,698000,616000.0,150000,1,17800000,116000,0,2,0,1,210000,3,32,9,1,0,2,942000
1895,70926770.0,12679095.691,37985770,34411000.0,1470000,16555350.0,0,1,24900000,0,0,5,0,1,4222770,3,68,14,1,0,2,37985770
1900,455550.0,379400.0501,14550,1662000.0,1221000,1200.0,1200,1,250000,0,0,5,0,1,13350,3,42,14,1,2,1,14550
1905,-11060.0,15132.765531,3540,5400.0,20000,0.0,0,0,0,0,0,4,0,0,1190,2,70,8,2,0,3,3540
1910,74410.0,90796.593186,74560,15000.0,15150,7300.0,0,0,0,70000,1,2,1,0,4560,2,36,8,1,2,1,144560
1915,513640.0,43236.472946,11100,525000.0,22460,0.0,0,0,500000,7900,0,4,0,0,3000,3,38,12,2,0,2,19000
1920,1513000.0,279956.16232,114000,2208000.0,809000,600.0,0,1,978000,12000,0,3,0,1,102000,3,47,12,1,0,1,126000
1925,29267500.0,686379.00802,17786000,11496500.0,15000,8236000.0,46000,1,6500000,1000000,0,4,0,1,1240000,3,59,12,1,1,3,18786000
1930,2580.0,32427.354709,580,19000.0,17000,0.0,0,0,0,0,0,5,0,0,580,0,71,10,2,1,2,580
1935,-10150.0,7890.6563126,1700,6700.0,18550,0.0,0,0,0,0,0,4,0,0,1200,3,28,13,2,0,1,1700
1940,11590.0,69178.356713,25790,5800.0,20000,2890.0,0,0,0,18190,0,4,0,1,7600,3,26,13,2,0,1,43980
1945,22880.0,62692.885772,4880,55000.0,37000,0.0,0,0,0,0,0,5,0,0,4880,3,59,8,1,0,1,4880
1950,43001.0,11890.03006,1,43000.0,0,0.0,0,1,0,0,0,4,0,0,1,2,59,8,2,0,3,1
1955,3739000.0,198887.77555,536000,3723000.0,520000,381000.0,0,1,50000,420000,0,5,0,1,50000,2,63,6,2,2,1,956000
1960,61200.0,67016.533066,26200,37000.0,2000,0.0,0,0,0,13000,0,5,0,1,13200,2,35,8,2,0,1,39200
1965,100900.0,19456.412826,900,100000.0,0,0.0,0,1,0,0,0,1,0,1,300,1,88,10,2,1,3,900
1970,115364000.0,2864416.3327,58285000,57079000.0,0,50316000.0,50000000,1,53230000,3040000,0,4,0,1,4545000,3,73,14,1,1,1,61325000
1975,169154000.0,4788439.3788,92661000,76493000.0,0,52119000.0,0,1,37300000,2079000,0,4,0,1,1582000,3,71,13,1,0,2,94740000
1980,1158500.0,231315.13026,798000,409500.0,49000,698000.0,591000,1,150000,157000,0,5,0,1,50000,1,46,13,1,2,1,955000
1985,722000.0,105929.35872,452500,269500.0,0,168700.0,0,0,0,337000,0,3,0,1,3500,3,70,13,1,0,3,789500
1990,8146200.0,0.0,1809000,7117200.0,780000,932000.0,500000,1,3801700,720000,0,1,0,1,589000,3,62,8,1,0,2,2529000
1995,1568100.0,260499.7495,248100,1729000.0,409000,40350.0,5000,1,0,101000,0,3,0,0,47100,3,56,14,2,0,1,349100
2000,1089880.0,168622.24449,115080,974800.0,0,114000.0,0,1,0,114000,0,5,0,0,1080,2,66,12,1,1,1,229080
2005,-10280.0,38912.825651,800,42000.0,53080,0.0,0,0,0,0,0,4,0,0,800,3,23,9,2,0,2,800
2010,14262000.0,525323.14629,1445000,12817000.0,0,749000.0,0,1,11770000,1070000,0,2,0,1,375000,3,63,12,2,0,2,2515000
2015,3374000.0,236719.68938,531000,3786000.0,943000,0.0,0,1,537000,341000,1,4,0,1,15000,3,69,14,1,0,2,872000
2020,6934000.0,1134957.4148,4100000,4554000.0,1720000,3880000.0,0,1,0,2250000,0,2,0,1,150000,3,52,13,1,2,1,6350000
2025,296200.0,42155.561122,8600,303600.0,16000,0.0,0,1,0,0,0,4,0,1,8600,3,95,8,2,0,3,8600
2030,-300.0,23780.06012,200,6500.0,7000,0.0,0,0,0,0,0,5,0,0,200,1,28,9,2,2,4,200
2035,97032000.0,4399311.1222,22379000,74653000.0,0,18100000.0,0,1,68000000,1600000,0,4,0,1,75000,3,71,9,1,0,2,23979000
2040,54930.0,37831.913828,170,57700.0,2940,0.0,0,0,48000,0,0,2,0,0,170,1,34,9,2,1,1,170
2045,306620.0,18375.501002,20,306600.0,0,0.0,0,1,0,0,0,4,0,1,20,3,80,8,1,0,3,20
2050,77070.0,84311.122244,16070,158000.0,97000,0.0,0,1,0,0,0,2,0,0,16070,1,45,10,2,0,1,16070
2055,180803800.0,8733767.5351,40126000,155457800.0,14780000,125000.0,0,1,85250000,0,0,2,0,1,5126000,2,74,12,1,0,3,40126000
2060,91750.0,32427.354709,16350,89800.0,14400,0.0,0,1,0,0,0,5,0,0,16350,2,66,8,2,0,3,16350
2065,4558400.0,282117.98597,1511300,3147100.0,100000,724000.0,0,1,0,360000,0,4,0,0,751000,3,53,12,1,2,1,1871300
2070,234410.0,43236.472946,27010,257400.0,50000,0.0,0,0,0,0,0,4,1,0,27010,1,41,8,1,2,2,27010
2075,12132000.0,447497.49499,11371000,761000.0,0,10407000.0,5000000,1,0,290000,0,2,0,1,69000,3,94,14,2,0,3,11661000
2080,283226000.0,14851728.457,70385000,212841000.0,0,65880000.0,65880000,1,197270000,0,0,5,0,1,3505000,3,81,12,1,0,2,70385000
2085,215900.0,32427.354709,3000,212900.0,0,0.0,0,1,0,0,0,1,0,0,3000,3,69,8,2,1,3,3000
2090,157400.0,118900.3006,22100,414000.0,278700,0.0,0,1,0,0,0,5,0,0,22100,2,30,12,1,0,1,22100
2095,3268500.0,378319.13828,1882000,1691500.0,305000,1360000.0,800000,1,0,800000,0,4,0,1,282000,3,53,13,1,1,1,2682000
2100,352600.0,97282.064128,12400,623000.0,282800,0.0,0,1,0,3000,0,5,0,1,9400,1,52,8,1,2,1,15400
2105,2299780.0,188078.65731,1636000,977900.0,314120,534800.0,0,1,10000,1560000,0,5,0,1,76000,3,65,12,1,0,2,3196000
2110,820000.0,74582.915832,524000,296000.0,0,374500.0,25000,1,0,412000,0,4,0,1,40000,3,73,9,1,0,3,936000
2115,15260.0,12970.941884,4060,15000.0,3800,0.0,0,0,0,0,0,4,0,0,60,2,64,8,2,0,3,4060
2120,88501.0,39993.737475,2401,272100.0,186000,0.0,0,1,0,0,0,2,1,0,2401,3,30,8,1,2,1,2401
2125,80660.0,59450.150301,260,86300.0,5900,0.0,0,1,0,0,0,1,0,0,260,2,72,3,1,1,1,260
2130,4200.0,64854.709419,3500,7000.0,6300,0.0,0,0,0,0,0,2,1,0,3500,3,58,6,2,0,1,3500
2135,4115000.0,444254.75952,2745000,2000000.0,630000,1545000.0,0,1,300000,2575000,0,2,0,1,170000,3,69,14,2,0,2,5320000
2140,10057500.0,260499.7495,1453500,9093000.0,489000,1019000.0,0,1,5150000,19000,0,3,0,1,184500,3,73,12,1,0,2,1472500
2145,369400.0,79987.47495,13000,461400.0,105000,0.0,0,1,0,3000,0,5,0,0,10000,3,62,12,2,0,1,16000
2150,9995800.0,636657.06413,9869300,126500.0,0,9855000.0,6730000,1,0,3000000,0,5,0,1,138700,2,84,11,2,0,3,12869300
2155,4650.0,61611.973948,4400,107600.0,107350,1500.0,0,1,0,1500,0,2,0,0,2750,1,47,12,2,2,1,5900
2160,118713100.0,18007990.982,50821000,67892100.0,0,35887500.0,0,1,59480000,675000,0,3,0,1,146000,3,72,12,1,0,2,51496000
2165,2146600.0,444254.75952,1457300,854000.0,164700,804800.0,0,1,0,801000,0,3,0,1,95800,3,63,13,1,0,1,2258300
2170,18010.0,84311.122244,67900,53900.0,103790,26700.0,0,0,0,66000,0,4,1,0,1400,2,60,13,1,3,1,133900
2175,83539900.0,3739954.9098,80419000,3120900.0,0,58660000.0,19020000,1,0,600000,0,5,0,1,674000,3,69,13,1,0,2,81019000
2180,204429400.0,14203181.363,128337700,76096000.0,4300,64751000.0,61470000,1,65410000,2281000,0,5,0,1,46700,3,61,12,1,0,2,130618700
2185,3820.0,36751.002004,300,3700.0,180,0.0,0,0,0,0,0,5,0,0,300,0,58,9,2,0,3,300
2190,4201.0,24860.971944,1,13400.0,9200,0.0,0,0,0,0,0,4,0,1,1,2,63,8,2,0,3,1
2195,193200.0,57288.326653,21900,189700.0,18400,0.0,0,1,0,12000,0,4,0,0,9900,1,49,1,1,3,2,33900
2200,36800.0,108091.18236,14000,50800.0,28000,0.0,0,0,0,0,0,5,0,0,14000,1,48,8,1,2,1,14000
2205,2960.0,10376.753507,2960,0.0,0,0.0,0,0,0,0,0,1,0,0,2960,1,82,7,2,0,3,2960
2210,142900.0,61611.973948,11800,209600.0,78500,0.0,0,1,0,0,0,4,0,0,10800,2,66,9,2,0,3,11800
2215,653610.0,77825.651303,182610,554000.0,83000,10800.0,0,1,96000,129000,0,5,0,1,53610,2,71,9,1,0,1,311610
2220,67060.0,54045.591182,62060,10000.0,5000,0.0,0,0,0,60000,0,1,0,0,2060,2,31,9,2,0,1,122060
2225,555700.0,216182.36473,316500,495000.0,255800,33550.0,0,1,0,226000,0,3,0,1,74500,3,53,12,1,0,1,542500
2230,1964000.0,89715.681363,420600,1580400.0,37000,206000.0,0,1,0,320000,0,5,0,1,100600,3,65,8,2,0,3,740600
2235,51427000.0,4701966.4329,44177000,7250000.0,0,43400650.0,2460000,0,7250000,1621000,1,5,0,1,96000,3,57,13,1,0,2,45798000
2240,4990.0,11890.03006,1090,8800.0,4900,0.0,0,0,0,0,0,4,0,0,1090,3,78,11,2,0,3,1090
2245,200.0,68097.44489,4000,4100.0,7900,0.0,0,0,0,0,0,4,0,1,4000,1,67,9,2,0,1,4000
2250,1100500.0,186997.74549,718000,846500.0,464000,546400.0,0,1,10000,683000,0,4,0,0,35000,3,58,12,2,0,1,1401000
2255,146300.0,153489.47896,97000,49300.0,0,53000.0,0,0,10000,87000,0,2,0,0,10000,3,42,12,1,0,1,184000
2260,116050.0,50802.855711,2250,128600.0,14800,0.0,0,1,0,0,0,2,0,0,1520,3,69,9,1,0,3,2250
2265,179000.0,117819.38878,73500,144700.0,39200,3000.0,0,1,0,20000,0,4,0,1,53500,3,40,13,1,0,1,93500
2270,32300.0,12970.941884,300,138000.0,106000,0.0,0,1,0,0,0,5,0,0,300,0,62,8,2,0,3,300
2275,736600.0,99443.887776,11500,783100.0,58000,0.0,0,1,0,0,1,5,0,1,11300,3,57,12,2,0,1,11500
2280,9455100.0,692864.47896,4968100,5527000.0,1040000,3553600.0,610000,1,3500000,998000,0,4,0,1,260100,3,42,12,1,2,2,5966100
2285,148270.0,82149.298597,44760,134000.0,30490,39000.0,0,1,0,39000,0,1,1,0,3260,2,38,11,2,0,1,83760
2290,7400.0,37831.913828,200,13300.0,6100,0.0,0,0,7600,0,0,5,0,0,200,3,63,12,1,1,2,200
2295,3253000.0,70259.268537,278000,4550000.0,1575000,165000.0,0,1,0,275000,0,5,0,1,3000,3,63,9,1,1,1,553000
2300,11440000.0,1491658.3166,2940000,8500000.0,0,1645000.0,100000,1,2000000,1500000,0,1,0,1,590000,3,57,14,1,0,2,4440000
2305,372680.0,111333.91784,140380,461200.0,228900,120622.0,3100,1,96000,127800,0,4,0,0,9480,2,28,12,1,0,1,268180
2310,152970.0,14051.853707,770,337600.0,185400,0.0,0,1,0,0,0,4,0,0,770,2,46,12,2,2,4,770
2315,13536000.0,707997.24449,700000,13485000.0,649000,500000.0,0,1,10000000,500000,0,2,0,0,200000,3,73,8,1,0,3,1200000
2320,296560.0,39993.737475,133660,201700.0,38800,60900.0,0,1,0,1500,0,5,0,1,12160,2,65,12,2,1,2,135160
2325,1200.0,18375.501002,1200,0.0,0,0.0,0,0,0,0,0,1,0,1,1200,1,83,3,2,0,3,1200
2330,48072030.0,1588940.3808,15132030,32940000.0,0,5105030.0,0,1,20000000,2500000,0,3,0,1,2641000,3,70,14,1,0,1,17632030
2335,261090.0,142680.36072,55090,206000.0,0,26500.0,0,1,0,53000,0,5,0,1,2090,3,56,12,1,0,1,108090
2340,25640.0,64854.709419,10640,42700.0,27700,500.0,0,0,0,500,0,3,0,0,8140,2,25,12,2,0,1,11140
2345,9800.0,23780.06012,3600,6200.0,0,0.0,0,0,0,0,0,2,0,0,3600,3,68,9,2,0,3,3600
2350,266091800.0,138345904.31,132435000,133656800.0,0,109955000.0,0,1,99650000,955000,0,3,0,1,22280000,2,54,12,1,0,2,133390000
2355,875000.0,205373.24649,309000,839000.0,273000,105000.0,0,1,0,300000,0,4,0,1,9000,1,39,12,1,2,1,609000
2360,742230.0,429121.99399,274000,468230.0,0,148000.0,93000,1,0,55000,0,2,0,0,126000,3,41,14,1,2,1,329000
2365,4200.0,20537.324649,0,4200.0,0,0.0,0,0,0,0,0,5,0,0,0,1,35,8,1,4,1,0
2370,380.0,15132.765531,380,0.0,0,0.0,0,0,0,0,0,3,0,0,380,1,53,9,2,0,3,380
2375,22800.0,131871.24248,33500,178000.0,188700,0.0,0,1,0,0,0,5,1,0,3500,1,65,13,2,0,1,33500
2380,80500.0,62692.885772,57500,23000.0,0,0.0,0,0,0,20000,0,2,0,0,37500,2,27,7,1,2,1,77500
2385,5600.0,25941.883768,800,4800.0,0,0.0,0,0,0,0,0,1,0,0,800,2,51,12,2,1,2,800
2390,8142500.0,422636.52305,2067500,6075000.0,0,2030000.0,0,0,5000000,2030000,0,4,0,1,20300,2,80,13,1,0,3,4097500
2395,137100.0,97282.064128,54500,713800.0,631200,3000.0,0,1,0,3000,0,2,0,0,51500,2,43,12,1,2,1,57500
2400,131303000.0,7533955.4108,2132000,129171000.0,0,481000.0,0,1,81940000,481000,0,4,0,1,1651000,3,50,13,1,2,2,2613000
2405,4429250.0,1005247.996,2847250,3181000.0,1599000,2000300.0,750000,1,0,1607000,0,5,0,1,490000,3,53,13,1,4,1,4454250
2410,4666200.0,210669.71443,3581200,1085000.0,0,2122900.0,500000,1,0,1121000,0,4,0,1,53000,3,69,8,1,0,3,4702200
2415,324000.0,139437.62525,273000,118000.0,67000,130000.0,85000,0,0,150000,0,2,0,1,38000,3,57,12,1,0,3,423000
2420,666490.0,207535.07014,371790,327000.0,32300,131900.0,0,1,0,336900,0,4,0,0,34890,1,49,12,1,3,1,708690
2425,-45100.0,31346.442886,0,6900.0,52000,0.0,0,0,0,0,0,5,0,0,0,2,44,10,2,3,4,0
2430,-1460.0,34589.178357,390,0.0,1850,0.0,0,0,0,0,0,1,0,0,310,2,45,6,2,1,4,390
2435,112380.0,91877.50501,201380,54000.0,143000,186.0,0,0,0,1380,0,2,0,0,30000,3,37,13,1,2,1,202760
2440,272140.0,17294.589178,140,287000.0,15000,0.0,0,1,0,0,0,5,0,0,40,2,70,8,1,0,3,140
2445,204100.0,163217.68537,10100,696000.0,502000,0.0,0,1,0,0,0,2,0,0,10100,2,55,13,1,1,1,10100
2450,121270.0,112414.82966,19270,462000.0,360000,10000.0,0,1,0,10000,0,2,0,0,9270,2,31,9,1,1,1,29270
2455,7330.0,50802.855711,130,7200.0,0,0.0,0,0,0,0,0,5,0,0,130,2,36,8,1,2,1,130
2460,1246000.0,319949.8998,580000,1611000.0,945000,425000.0,173000,1,0,360000,0,4,0,0,47000,2,52,12,1,2,1,940000
2465,263000.0,92958.416834,169000,254000.0,160000,150850.0,40000,1,0,51000,0,4,0,1,18000,3,28,12,2,0,1,220000
2470,270500.0,464792.08417,32000,720000.0,481500,3900.0,0,1,0,0,0,5,1,1,32000,3,34,13,1,2,1,32000
2475,572200.0,237800.6012,352000,831000.0,610800,324000.0,0,1,10000,280000,0,5,0,1,72000,3,42,13,1,2,1,632000
2480,3361630.0,332920.84168,1313130,2474000.0,425500,702800.0,15000,1,783000,1283000,0,3,0,1,15130,3,56,12,1,1,2,2596130
2485,9690.0,58369.238477,23300,29000.0,42610,8100.0,2100,0,0,20000,0,5,0,1,1200,3,35,12,2,0,1,43300
2490,49100.0,97282.064128,9400,39700.0,0,0.0,0,0,0,0,0,2,0,0,9400,1,33,6,1,0,2,9400
2495,0.0,6485.4709419,0,0.0,0,0.0,0,0,0,0,0,2,0,1,0,1,31,5,2,0,3,0
2500,78582000.0,16894651.804,48422000,30160000.0,0,33945000.0,0,1,0,1557000,0,2,0,1,3865000,3,56,13,1,0,1,49979000
2505,1266500.0,423717.43487,571500,1000000.0,305000,403550.0,103000,1,0,32000,1,1,0,1,435000,3,48,13,1,2,1,603500
2510,6619850.0,65935.621242,183850,6500000.0,64000,54900.0,0,1,0,183000,0,1,0,0,850,2,91,14,1,0,2,366850
2515,308560.0,45398.296593,2600,408700.0,102740,0.0,0,1,0,0,0,1,0,0,600,2,67,12,1,1,3,2600
2520,80000.0,34589.178357,58700,21300.0,0,0.0,0,1,0,0,0,4,0,1,58700,3,87,7,2,0,3,58700
2525,969750.0,76744.739479,310900,730500.0,71650,32500.0,0,1,0,180000,0,2,0,0,900,2,71,8,2,0,3,490900
2530,31420.0,50802.855711,7020,24400.0,0,0.0,0,0,0,0,0,3,0,0,7020,3,30,12,2,0,1,7020
2535,3136000.0,798793.83768,1643000,3754000.0,2261000,1431200.0,200000,1,0,1368000,0,4,0,0,75000,3,43,13,1,2,1,3011000
2540,25990.0,20537.324649,3430,22600.0,40,0.0,0,1,0,0,0,4,0,0,3430,2,59,8,2,0,3,3430
2545,401.0,21618.236473,1,5400.0,5000,0.0,0,0,0,0,0,3,0,0,1,2,61,10,1,0,3,1
2550,800200.0,74582.915832,48400,753500.0,1700,0.0,0,1,0,0,0,4,0,1,46400,2,75,9,1,2,3,48400
2555,1600250.0,126466.68337,1116250,484000.0,0,323000.0,323000,1,0,0,0,4,0,1,644000,2,77,13,2,0,3,1116250
2560,1214000.0,75663.827655,679000,648000.0,113000,256600.0,0,1,0,629000,0,5,0,1,50000,3,61,12,1,1,3,1308000
2565,131500.0,59450.150301,20500,223000.0,112000,0.0,0,1,0,0,0,5,0,1,20500,1,66,12,2,0,3,20500
2570,1251600.0,163217.68537,650600,921000.0,320000,445000.0,0,1,100000,350000,0,2,1,1,30600,3,60,12,1,0,2,1000600
2575,4000.0,82149.298597,12000,13000.0,21000,0.0,0,0,0,0,1,2,0,0,6000,1,26,8,2,0,1,12000
2580,8940.0,50802.855711,240,8800.0,100,0.0,0,0,0,0,0,3,1,0,240,3,35,10,2,2,1,240
2585,-2000.0,37831.913828,1000,17000.0,20000,0.0,0,0,0,0,1,4,0,0,1000,1,29,9,1,1,1,1000
2590,208000.0,94039.328657,190000,29000.0,11000,15550.0,0,0,0,43000,0,3,0,1,140000,3,47,12,2,0,1,233000
2595,183710.0,129709.41884,13810,205000.0,35100,10000.0,0,1,0,10000,0,5,1,0,3810,2,62,12,1,0,1,23810
2600,1537560.0,118900.3006,1058000,646000.0,166440,0.0,0,1,294200,17000,0,5,1,0,1000,2,66,8,1,0,2,1075000
2605,113780.0,129709.41884,30060,367000.0,283280,10500.0,0,1,0,30000,0,4,1,0,60,3,52,12,1,0,1,60060
2610,85901.0,73502.004008,10801,238100.0,163000,5220.0,0,1,0,10800,0,5,1,0,1,3,43,8,1,3,1,21601
2615,10400.0,97282.064128,1400,30000.0,21000,0.0,0,0,0,0,0,1,0,0,1400,1,39,8,1,0,1,1400
2620,206400.0,56207.41483,18400,656000.0,468000,3800.0,0,1,0,5700,0,4,0,1,12700,3,21,12,2,0,1,24100
2625,233500.0,57288.326653,108000,169600.0,44100,46000.0,46000,1,0,32000,0,5,0,0,30000,3,53,8,2,0,1,140000
2630,570.0,46479.208417,570,0.0,0,0.0,0,0,0,0,0,2,0,0,570,3,65,12,2,1,3,570
2635,6260.0,113495.74148,56960,168000.0,218700,8582.0,0,1,0,56910,0,5,0,0,50,2,42,8,1,2,1,113870
2640,17940850.0,1189003.006,1969150,16070700.0,99000,1716000.0,20000,1,15400000,296000,0,1,0,0,33150,3,40,12,1,0,2,2265150
2645,166525.0,135113.97796,97320,267005.0,197800,53520.0,620,1,0,68000,0,1,0,1,11600,3,37,12,1,0,1,165320
2650,5256000.0,222667.83567,657000,4599000.0,0,0.0,0,1,239000,0,0,5,0,0,657000,2,61,9,1,0,2,657000
2655,-23700.0,30265.531062,300,0.0,24000,0.0,0,0,0,0,0,2,1,0,300,2,24,8,2,1,1,300
2660,904750.0,220506.01202,514500,569400.0,179150,250300.0,9300,1,3000,478000,0,4,0,0,27200,3,63,12,1,2,1,992500
2665,546300.0,89715.681363,532300,18000.0,4000,432000.0,0,1,0,432000,0,4,0,0,20300,3,39,10,2,1,1,964300
2670,129440.0,81068.386774,116200,15400.0,2160,29600.0,0,0,0,74000,0,5,0,0,32200,1,57,12,2,1,1,190200
2675,25800.0,75663.827655,14800,28300.0,17300,0.0,0,0,0,0,1,2,1,1,14800,2,49,13,1,0,1,14800
2680,1047000.0,108091.18236,734000,395000.0,82000,156000.0,0,1,0,503000,0,3,0,1,191000,2,59,8,1,0,1,1237000
2685,248010.0,135113.97796,58010,374000.0,184000,0.0,0,1,0,56000,0,4,0,0,2010,2,48,8,1,0,1,114010
2690,68560.0,148084.91984,43790,95400.0,70630,4890.0,90,0,0,32000,1,1,0,0,10200,3,41,8,1,2,1,75790
2695,3129205.0,221586.92385,27005,3112200.0,10000,0.0,0,0,2050000,0,0,2,0,0,27005,2,80,12,1,0,3,27005
2700,-56050.0,60531.062124,150,11000.0,67200,0.0,0,0,0,0,0,5,0,0,150,1,35,9,2,1,1,150
2705,1073890.0,45398.296593,488000,586700.0,810,378500.0,0,1,0,90000,0,5,0,0,33000,1,78,8,2,0,3,578000
2710,25004000.0,953364.22846,5210000,19846000.0,52000,1889500.0,100000,1,16300000,1510000,0,5,0,1,1400000,2,60,12,1,0,2,6720000
2715,4694300.0,306978.95792,3338300,1356000.0,0,3300000.0,2000000,1,136000,1300000,0,1,0,1,12300,3,84,8,2,0,2,4638300
2720,7498500.0,144842.18437,4570000,2928500.0,0,1930000.0,1000000,1,0,3550000,0,3,0,1,20000,3,65,13,1,0,3,8120000
2725,3400.0,31346.442886,110,4100.0,810,0.0,0,0,0,0,0,4,1,0,110,3,47,2,1,2,1,110
2730,645352000.0,77652705.411,206652000,454850000.0,16150000,27564000.0,27060000,1,414290000,2070000,0,4,0,1,72342000,3,69,9,1,0,2,208722000
2735,559700.0,54802.229459,152000,407700.0,0,60200.0,0,1,0,17000,0,5,0,1,85000,0,89,8,2,0,3,169000
2740,380960.0,54045.591182,429460,204500.0,253000,83400.0,70000,1,0,134000,0,5,1,0,27460,2,53,10,2,1,3,563460
2745,935400.0,18375.501002,403700,533000.0,1300,315000.0,150000,0,533000,50000,0,2,0,1,10700,3,67,8,2,0,2,453700
2750,1748800.0,70259.268537,178300,1645500.0,75000,111650.0,89000,1,0,87000,0,5,0,1,2300,3,31,12,2,0,1,265300
2755,960000.0,286441.63327,574000,708000.0,322000,103850.0,0,1,0,552000,0,1,0,1,22000,3,58,12,1,0,1,1126000
2760,7200.0,72421.092184,3200,4000.0,0,0.0,0,0,0,0,0,2,0,0,3200,2,43,11,2,1,2,3200
2765,1433345000.0,453258755.01,812303000,621042000.0,0,397098500.0,0,1,550730000,149270000,0,2,0,1,260653000,3,77,14,1,0,3,961573000
2770,1686000.0,171324.52405,726000,960000.0,0,500000.0,500000,0,650000,150000,0,2,0,1,75000,2,73,12,2,0,2,876000
2775,6300.0,28103.707415,200,6100.0,0,0.0,0,0,0,0,0,2,0,0,200,2,43,8,2,0,1,200
2780,360300.0,162136.77355,251600,426000.0,317300,217000.0,68000,1,0,50000,0,1,0,1,33000,3,27,12,1,0,1,301600
2785,26820.0,75663.827655,920,47900.0,22000,125.5,90,1,0,80,0,4,0,0,750,3,43,4,1,0,1,1000
2790,4444000.0,154570.39078,333000,4122000.0,11000,140200.0,79000,0,4000000,91000,0,3,0,1,101000,3,69,12,2,0,2,424000
2795,829800.0,284279.80962,366000,507000.0,43200,53200.0,0,1,20000,266000,0,4,1,0,100000,1,54,12,1,0,1,632000
2800,398170000.0,110847507.52,52417000,345753000.0,0,2400000.0,0,1,263430000,2750000,0,4,0,1,3202000,0,58,13,1,0,2,55167000
2805,2633830.0,273470.69138,506030,2816800.0,689000,386000.0,61000,1,0,275000,0,2,0,1,170030,3,46,12,1,2,1,781030
2810,538300.0,190240.48096,160300,768000.0,390000,119000.0,20000,1,0,0,0,5,0,1,41300,2,56,11,1,0,1,160300
2815,10800.0,23780.06012,1800,34000.0,25000,0.0,0,0,0,0,0,2,0,0,1800,3,39,8,1,2,1,1800
2820,47135000.0,9782252.004,41335000,5800000.0,0,31603750.0,187000,1,4021000,449000,0,4,0,1,5119000,3,50,14,1,2,2,41784000
2825,263060.0,151327.65531,68000,429000.0,233940,31000.0,0,1,10000,40000,0,5,0,0,28000,3,38,12,1,2,1,108000
2830,130.0,14051.853707,130,0.0,0,0.0,0,0,0,0,0,5,0,0,130,2,80,8,2,0,3,130
2835,12350.0,36751.002004,8050,14600.0,10300,0.0,0,0,0,0,1,1,0,0,8050,2,30,8,1,1,1,8050
2840,114738800.0,2388815.1303,86221000,28526500.0,8700,79021850.0,20800000,1,23220000,2391000,0,3,0,1,290000,3,65,13,1,0,2,88612000
2845,9520.0,21618.236473,720,8800.0,0,0.0,0,0,0,0,0,5,0,0,620,1,53,8,2,0,1,720
2850,154700.0,211858.71743,129700,123000.0,98000,85500.0,0,1,0,123000,0,5,0,0,6700,2,40,8,1,1,1,252700
2855,1211146000.0,174886236.6,1084074000,127072000.0,0,990706000.0,983510000,1,0,7196000,0,5,0,1,43040000,3,79,13,1,0,3,1091270000
2860,215970.0,88634.769539,56900,251800.0,92730,6400.0,0,1,0,32000,0,4,0,0,9900,2,56,8,1,0,1,88900
2865,13999000.0,2648233.9679,3458000,12501000.0,1960000,2009000.0,100000,1,7900000,1370000,0,4,0,1,730000,3,53,13,1,1,2,4828000
2870,87756000.0,2686065.8818,71979000,15777000.0,0,38406000.0,10960000,1,200000,1170000,0,2,0,1,1349000,3,73,14,1,0,3,73149000
2875,1340950.0,25941.883768,129950,1211000.0,0,0.0,0,1,811000,0,0,5,0,0,950,2,59,9,2,0,2,129950
2880,-2200.0,24860.971944,1700,6400.0,10300,0.0,0,0,0,0,0,3,1,0,1700,3,21,9,2,0,1,1700
2885,2516670.0,570721.44289,454670,2472000.0,410000,258000.0,165000,1,1141000,151000,0,2,0,1,138670,3,46,11,1,1,2,605670
2890,663270.0,202130.51102,23770,778900.0,139400,13550.0,10000,1,500000,7100,0,5,0,0,6420,3,69,9,1,2,2,30870
2895,76580.0,64854.709419,16580,167800.0,107800,0.0,0,1,0,0,0,5,0,0,16580,3,38,13,1,1,1,16580
2900,168000.0,38804.734469,75000,603000.0,510000,59000.0,0,1,0,59000,0,2,0,0,16000,1,85,8,2,1,3,134000
2905,360.0,8323.0210421,360,0.0,0,0.0,0,0,0,0,0,4,0,0,360,2,63,9,2,0,3,360
2910,906900.0,86472.945892,513000,393900.0,0,87000.0,0,1,0,81000,0,4,0,1,172000,3,70,13,1,0,3,594000
2915,3913300.0,171000.2505,1227600,2685700.0,0,0.0,0,1,250000,965000,0,5,0,1,2600,3,78,14,1,0,3,2192600
2920,54850.0,39993.737475,1350,119000.0,65500,50.0,0,1,0,50,0,4,0,1,1300,2,28,8,2,2,1,1400
2925,464400.0,111333.91784,108000,371400.0,15000,52000.0,0,1,0,0,0,5,0,1,50000,2,62,13,1,0,1,108000
2930,-5500.0,17294.589178,900,18600.0,25000,0.0,0,0,0,0,0,5,1,0,900,1,31,10,2,4,2,900
2935,-33700.0,73502.004008,6800,24000.0,64500,600.0,600,0,0,0,0,2,0,1,4700,3,30,12,1,0,1,6800
2940,29501.0,47560.12024,1,30000.0,500,0.0,0,0,0,0,0,5,0,0,1,1,37,8,1,3,1,1
2945,1698000.0,54045.591182,582000,1266000.0,150000,204400.0,0,0,250000,42000,1,2,0,1,140000,3,66,13,2,0,2,624000
2950,2649000.0,834463.92786,2036000,1643000.0,1030000,1824000.0,4000,1,100000,2000000,0,1,0,1,32000,3,54,14,1,2,1,4036000
2955,299900.0,158894.03808,11900,563000.0,275000,0.0,0,1,0,0,0,5,0,0,11900,2,58,8,1,0,1,11900
2960,400.0,61611.973948,400,0.0,0,0.0,0,0,0,0,0,2,0,0,400,1,51,-1,1,2,1,400
2965,17230.0,20537.324649,21020,3200.0,6990,7000.0,0,0,0,20000,0,5,0,0,1020,2,60,8,2,2,1,41020
2970,16367100.0,350215.43086,9073000,9344100.0,2050000,1820000.0,1500000,1,0,3050000,0,5,0,0,4523000,3,66,8,1,0,2,12123000
2975,1500.0,32427.354709,1500,0.0,0,0.0,0,0,0,0,1,4,0,0,1500,2,21,9,2,0,1,1500
2980,-71810.0,270227.95591,33190,17000.0,122000,16200.0,9400,0,0,17000,0,4,0,0,4790,1,57,12,1,3,1,50190
2985,78805.0,15132.765531,825,78500.0,520,0.0,0,0,57000,0,0,5,1,1,745,2,80,8,2,0,2,825
2990,852031.0,113495.74148,412031,600000.0,160000,0.0,0,1,0,0,0,4,0,1,125031,3,67,13,2,0,1,412031
2995,113432100.0,11598183.868,55409100,58023000.0,0,38933680.0,20160000,1,24270000,4279700,0,2,0,1,13611400,3,60,13,1,0,2,59688800
3000,1296800.0,543698.64729,819000,850000.0,372200,489750.0,0,1,0,450000,0,4,0,1,194000,3,39,14,1,3,1,1269000
3005,31000.0,37831.913828,4000,44000.0,17000,0.0,0,0,0,0,0,4,1,0,4000,1,64,12,2,0,1,4000
3010,8212000.0,365348.19639,7435000,791000.0,14000,5625000.0,2500000,1,0,2025000,0,5,0,1,60000,3,73,13,1,0,3,9460000
3015,1300.0,39993.737475,4300,19000.0,22000,2600.0,0,0,0,4000,0,4,0,0,300,1,36,8,1,2,4,8300
3020,9567000.0,1318712.4248,5982000,5205000.0,1620000,5145000.0,145000,1,479000,180000,0,2,0,1,207000,3,59,13,2,0,2,6162000
3025,12370.0,28103.707415,370,12000.0,0,0.0,0,0,0,0,0,2,0,0,370,1,40,8,2,0,1,370
3030,-148410.0,82149.298597,6530,4200.0,159140,0.0,0,0,0,0,0,1,1,0,6530,3,47,13,2,1,1,6530
3035,580300.0,45398.296593,151000,429300.0,0,16500.0,0,1,0,0,0,5,0,1,85000,2,63,9,2,0,3,151000
3040,755400.0,111333.91784,398100,684900.0,327600,99500.0,4000,1,0,372000,0,4,0,1,22100,3,46,12,1,4,1,770100
3045,9850.0,125385.77154,11650,28600.0,30400,0.0,0,0,0,0,0,2,0,1,11650,3,46,12,1,0,1,11650
3050,291600.0,74582.915832,13000,339600.0,61000,0.0,0,1,0,0,0,5,0,0,13000,1,47,8,1,0,1,13000
3055,1380.0,15132.765531,800,1000.0,420,0.0,0,1,0,0,0,4,0,0,800,3,67,8,2,0,3,800
3060,108000.0,0.0,14000,97000.0,3000,0.0,0,0,0,0,0,5,0,0,14000,3,40,12,2,0,1,14000
3065,15230000.0,477763.02605,1905000,13325000.0,0,360000.0,300000,1,10010000,200000,0,5,0,1,1105000,3,79,14,1,0,2,2105000
3070,2080.0,20537.324649,1780,4400.0,4100,0.0,0,0,0,0,0,4,0,0,1780,3,70,8,2,0,3,1780
3075,14761114.0,1139281.0621,3753244,12263000.0,1255130,0.0,0,1,9999000,2717000,0,3,0,1,54244,3,51,13,1,2,3,6470244
3080,18050000.0,2248296.5932,16950000,1750000.0,650000,10525000.0,0,1,250000,2350000,0,4,0,1,100000,3,61,13,1,0,2,19300000
3085,157838000.0,23207176.854,94875000,73243000.0,10280000,57380000.0,29830000,1,0,1100000,0,4,0,1,825000,3,68,12,1,0,1,95975000
3090,727620.0,152949.02305,241220,707400.0,221000,74050.0,0,1,0,214500,0,3,0,0,21720,3,67,12,1,1,1,455720
3095,1323000.0,196725.9519,954000,369800.0,800,447500.0,0,1,0,855000,0,4,0,0,99000,0,50,11,1,2,1,1809000
3100,77990.0,75663.827655,38000,135900.0,95910,0.0,0,1,0,0,0,1,0,0,18000,3,44,8,1,3,1,38000
3105,373800.0,41074.649299,1800,465200.0,93200,0.0,0,1,0,0,0,2,0,0,1800,1,70,9,1,1,3,1800
3110,40900.0,37831.913828,28400,14000.0,1500,5400.0,0,0,0,27000,0,3,0,0,1400,2,48,8,2,0,1,55400
3115,20679000.0,506947.64529,5838000,14841000.0,0,3130000.0,2470000,1,5600000,300000,0,3,0,1,568000,2,66,12,1,0,2,6138000
3120,1049700.0,24104.333667,865000,184700.0,0,800000.0,0,1,0,35000,0,2,0,1,30000,2,76,12,2,0,3,900000
3125,32505.0,59450.150301,35005,5500.0,8000,0.0,0,0,0,0,0,4,1,0,5,1,48,7,2,4,1,35005
3130,35001.0,12970.941884,1,60000.0,25000,0.0,0,1,0,0,0,4,1,0,1,1,44,8,1,1,3,1
3135,-31570.0,32427.354709,1600,0.0,33170,0.0,0,0,0,0,0,3,1,1,1600,1,50,11,2,5,4,1600
3140,1025501.0,261580.66132,729601,452000.0,156100,690000.0,40000,1,0,400000,0,5,0,1,32101,3,44,13,1,3,1,1129601
3145,63530.0,57288.326653,5530,58000.0,0,0.0,0,0,0,0,0,1,0,1,5530,2,27,8,1,1,1,5530
3150,659000.0,47560.12024,228000,431000.0,0,24750.0,0,1,0,165000,0,4,0,1,3000,3,74,14,2,0,3,393000
3155,20940.0,43236.472946,8340,12600.0,0,196.0,0,0,0,280,0,4,0,1,8060,2,24,9,1,0,1,8620
3160,11060.0,86472.945892,11660,0.0,600,2940.0,0,0,0,9800,0,2,1,0,1860,1,41,8,1,3,1,21460
3165,5210.0,41074.649299,1010,4200.0,0,0.0,0,0,0,0,0,5,0,0,1010,2,43,9,2,1,1,1010
3170,1339720.0,95984.96994,837720,748000.0,246000,707450.0,398000,1,0,63000,0,3,0,1,9720,2,81,12,1,0,3,900720
3175,2259100.0,194564.12826,1016100,1457000.0,214000,775000.0,0,1,0,162000,0,1,0,0,167100,2,47,13,1,0,1,1178100
3180,28250.0,91877.50501,26580,60000.0,58330,5000.0,0,0,0,25000,0,4,0,0,850,1,65,8,1,1,1,51580
3185,412400.0,148084.91984,294700,426400.0,308700,184150.0,0,1,0,219000,0,5,0,1,71600,3,35,13,1,2,1,513700
3190,1163320.0,125385.77154,565000,654000.0,55680,352000.0,0,1,0,220000,0,4,0,1,125000,3,67,13,1,0,3,785000
3195,300.0,25941.883768,300,0.0,0,0.0,0,0,0,0,0,5,0,0,300,2,38,3,2,0,1,300
3200,1908000.0,270227.95591,1154000,754000.0,0,117500.0,0,1,0,150000,0,5,0,1,204000,2,63,11,1,1,3,1304000
3205,35500.0,45398.296593,15500,25000.0,5000,5100.0,0,0,0,5100,0,3,0,1,10400,3,22,10,2,0,1,20600
3210,99614000.0,4993488.3517,52367000,47247000.0,0,44695800.0,0,1,17930000,1379000,0,2,0,1,1988000,3,73,13,1,0,3,53746000
3215,40770.0,17294.589178,42150,0.0,1380,0.0,0,0,0,0,0,3,1,0,1150,2,54,12,2,0,3,42150
3220,9610.0,31346.442886,10,9600.0,0,0.0,0,0,0,0,0,1,0,0,10,3,35,6,2,0,1,10
3225,2853000.0,148084.91984,1284000,1569000.0,0,639600.0,0,1,50000,794000,0,4,0,1,141000,3,71,13,1,0,2,2078000
3230,3052000.0,1340330.6613,320000,3425000.0,693000,295000.0,0,1,1750000,225000,0,1,0,1,85000,3,45,13,1,4,2,545000
3235,14201.0,37831.913828,1,24000.0,9800,0.0,0,0,0,0,0,4,0,0,1,1,77,8,1,0,3,1
3240,41100.0,58369.238477,4000,54100.0,17000,1000.0,1000,0,27000,0,1,5,0,0,3000,2,35,9,2,1,2,4000
3245,-3000.0,50802.855711,0,0.0,3000,0.0,0,0,0,0,0,4,0,0,0,3,62,13,2,0,1,0
3250,72500.0,77825.651303,15200,69400.0,12100,0.0,0,0,0,0,1,5,0,0,8500,2,78,8,2,0,3,15200
3255,2825200.0,272389.77956,2110000,1051200.0,336000,667950.0,0,1,0,1857000,0,5,0,0,103000,3,44,13,1,2,1,3967000
3260,2245640.0,291846.19238,1746640,1011000.0,512000,1499734.0,0,1,0,956000,0,3,0,1,130840,3,37,12,1,2,1,2702640
3265,656400.0,81068.386774,79500,794900.0,218000,600.0,0,1,0,3000,0,4,0,1,76000,3,48,12,1,0,1,82500
3270,10250.0,7350.2004008,50,10200.0,0,0.0,0,1,0,0,0,5,0,0,50,3,55,4,2,0,1,50
3275,3029500.0,126466.68337,2719500,315900.0,5900,2710000.0,1000000,1,0,1710000,0,4,0,0,9500,3,71,9,1,0,3,4429500
3280,84700.0,49721.943888,66500,18200.0,0,21600.0,0,0,0,48000,0,1,0,0,18500,2,57,14,1,0,1,114500
3285,50894000.0,8366257.515,33757000,19747000.0,2610000,6600000.0,6600000,1,9063000,0,1,4,0,1,22157000,3,52,8,2,0,2,33757000
3290,2747700.0,57288.326653,1335000,1414000.0,1300,1160000.0,1000000,1,0,0,0,4,0,1,175000,2,74,12,2,0,3,1335000
3295,18415400.0,603148.7976,8003400,11355000.0,943000,2986900.0,2030000,1,4168000,1774000,0,4,0,0,235000,3,66,14,1,1,2,9777400
3300,1475300.0,354539.07816,470300,1388000.0,383000,371200.0,0,1,605000,464000,0,3,0,1,6300,2,46,11,1,2,1,934300
3305,1476100.0,144842.18437,948100,654000.0,126000,255100.0,7100,1,0,677000,0,2,0,1,14000,2,74,12,1,0,2,1625100
3310,3000.0,96201.152305,2000,37000.0,36000,0.0,0,0,0,0,0,3,0,1,2000,2,25,12,1,0,1,2000
3315,33500.0,162136.77355,17500,38000.0,22000,13000.0,13000,0,0,0,0,2,0,0,4500,3,38,12,1,2,1,17500
3320,9630.0,94039.328657,1200,35000.0,26570,0.0,0,0,0,0,0,2,1,1,1200,3,39,9,1,3,1,1200
3325,866100.0,172945.89178,318100,548000.0,0,79500.0,50000,1,0,59000,0,5,0,1,209100,3,56,13,2,0,1,377100
3330,886320.0,119981.21242,886320,0.0,0,816450.0,385000,0,0,24000,1,1,0,1,12100,3,25,12,2,0,1,910320
3335,-6300.0,20537.324649,200,6700.0,13200,0.0,0,0,0,0,0,4,0,0,200,3,68,8,2,0,3,200
3340,9700.0,56207.41483,400,16400.0,7100,0.0,0,0,0,0,0,2,0,1,400,2,42,8,1,2,1,400
3345,7760.0,68097.44489,1300,109000.0,102540,0.0,0,0,0,0,0,4,1,0,1300,2,51,8,1,0,1,1300
3350,-9200.0,12970.941884,500,0.0,9700,0.0,0,0,0,0,0,1,1,0,500,2,46,9,2,0,4,500
3355,2752000.0,392370.99198,1316000,1436000.0,0,675000.0,10000,1,1000000,600000,0,1,0,1,6000,3,64,14,1,1,2,1916000
3360,2339100.0,297250.7515,970000,1666100.0,297000,552000.0,0,1,0,920000,0,3,0,1,10000,3,74,13,1,0,3,1890000
3365,5732900.0,90796.593186,206900,6811000.0,1285000,100000.0,0,1,0,200000,0,5,0,1,6900,3,67,14,1,0,3,406900
3370,5778000.0,1318712.4248,3521000,3987000.0,1730000,3086000.0,1500000,1,0,1656000,0,1,0,1,85000,3,50,13,1,2,4,5177000
3375,2664170.0,727453.65731,768170,3312000.0,1416000,603597.3,4900,1,0,662000,0,2,0,0,101020,3,44,9,1,1,1,1430170
3380,43548800.0,535807.99098,25409200,19649600.0,1510000,12461000.0,0,1,14960000,1321000,1,3,0,0,3378200,3,69,12,1,0,2,26730200
3385,198550.0,69178.356713,1150,289400.0,92000,0.0,0,1,0,0,0,5,0,0,1150,0,61,8,1,2,1,1150
3390,19200.0,38912.825651,5200,25000.0,11000,0.0,0,0,0,0,1,5,0,1,5200,3,29,12,2,0,2,5200
3395,65472100.0,241043.33667,65347100,125000.0,0,62005000.0,59670000,0,0,400000,0,4,1,1,279100,3,72,14,2,0,3,65747100
3400,4054000.0,1145766.5331,2837000,2303000.0,1086000,1492800.0,0,1,300000,1710000,0,4,0,1,927000,3,62,14,1,2,2,4547000
3405,191200.0,65935.621242,35400,272000.0,116200,3100.0,0,1,0,31000,0,4,0,0,4400,2,52,8,2,1,1,66400
3410,21090.0,43236.472946,390,23700.0,3000,0.0,0,0,0,0,0,3,1,0,390,1,46,2,1,2,1,390
3415,-128530.0,97282.064128,180,47000.0,175710,0.0,0,0,0,0,0,3,1,0,180,2,63,12,1,2,1,180
3420,2988500.0,238881.51303,1942200,1046300.0,0,549450.0,0,1,75000,1480000,0,4,0,0,459200,3,61,12,1,0,1,3422200
3425,13400.0,6485.4709419,7400,15000.0,9000,2000.0,2000,0,0,0,0,2,0,0,5400,1,20,8,2,0,4,7400
3430,6420.0,98362.975952,6500,0.0,80,0.0,0,0,0,0,1,2,0,0,6500,1,21,9,1,0,1,6500
3435,70589000.0,2881710.9218,41418000,29171000.0,0,77000.0,0,1,25660000,555000,0,4,0,1,64000,3,65,13,1,0,2,41973000
3440,10112900.0,524242.23447,5437000,4828500.0,152600,2980000.0,0,1,1340000,1550000,0,5,0,1,32000,3,70,12,1,0,2,6987000
3445,9620.0,39993.737475,1000,82620.0,74000,0.0,0,0,19620,0,1,5,1,0,1000,1,52,8,1,4,2,1000
3450,754600.0,235638.77756,491600,384000.0,121000,390900.0,3400,1,0,436000,0,5,0,1,52200,3,43,10,1,2,1,927600
3455,31265000.0,2637424.8497,22884000,8381000.0,0,21080000.0,7000000,1,5130000,5100000,0,2,0,1,424000,3,69,13,1,0,2,27984000
3460,22800.0,51883.767535,22800,0.0,0,0.0,0,0,0,5800,0,1,0,0,7000,3,68,6,1,0,3,28600
3465,13254400.0,1189003.006,8273000,6686400.0,1705000,6530000.0,0,1,2300000,3300000,0,2,0,1,753000,3,64,13,2,0,2,11573000
3470,184420.0,54045.591182,2000,256000.0,73580,0.0,0,1,0,0,0,4,0,1,2000,3,57,10,1,0,1,2000
3475,445000.0,42155.561122,284000,161000.0,0,154000.0,152000,1,0,20000,0,5,0,1,112000,2,70,14,2,0,2,304000
3480,153350.0,17294.589178,3350,150000.0,0,0.0,0,1,0,0,0,5,0,0,350,3,81,8,2,0,3,3350
3485,32900.0,209696.89379,26500,7400.0,1000,0.0,0,0,0,6000,0,1,0,1,15500,0,38,8,1,2,1,32500
3490,107672000.0,1567322.1443,41879000,65793000.0,0,29637400.0,25000000,1,63590000,279000,0,2,0,1,580000,3,80,8,1,0,2,42158000
3495,3782100.0,140518.53707,1260000,2528100.0,6000,1163000.0,800000,1,500000,363000,0,1,0,1,97000,3,80,12,2,0,2,1623000
3500,1275500.0,99443.887776,650500,733000.0,108000,600000.0,300000,1,0,300000,0,1,0,0,50500,3,77,8,1,0,3,950500
3505,89361.0,73502.004008,125261,30500.0,66400,85400.0,0,0,0,122000,0,5,1,0,161,3,60,13,2,0,1,247261
3510,30200.0,71340.180361,13900,18800.0,2500,12000.0,0,0,0,12000,0,4,1,0,1900,2,38,8,1,1,1,25900
3515,410640.0,46479.208417,24640,436000.0,50000,0.0,0,0,0,0,0,2,0,0,22640,3,67,14,1,1,1,24640
3520,250420.0,144842.18437,1100,384000.0,134680,0.0,0,1,0,0,0,3,0,0,1100,2,40,2,1,4,4,1100
3525,1090.0,55126.503006,21390,15700.0,36000,320.0,320,0,0,0,0,3,0,1,20670,3,69,12,2,0,1,21390
3530,-25750.0,43236.472946,3600,17000.0,46350,750.0,0,0,0,1000,0,2,0,0,2600,3,25,12,2,0,1,4600
3535,1681.0,61611.973948,1,43000.0,41320,0.0,0,0,0,0,0,5,1,0,1,2,40,8,1,1,1,1
3540,18130.0,31346.442886,1530,20100.0,3500,0.0,0,0,0,0,0,2,1,0,1530,2,26,7,1,3,1,1530
3545,57380.0,15132.765531,180,57200.0,0,0.0,0,1,0,0,0,3,0,0,180,0,83,2,1,0,3,180
3550,5900.0,15132.765531,0,5900.0,0,0.0,0,0,0,0,0,1,0,0,0,2,62,6,2,0,3,0
3555,269550.0,81068.386774,36450,487100.0,254000,21600.0,9600,1,0,12000,0,4,1,1,14050,3,43,9,2,0,1,48450
3560,15705000.0,1426803.6072,7563000,8142000.0,0,1733000.0,0,1,6200000,990000,0,2,0,1,524000,1,60,10,1,0,2,8553000
3565,572300.0,78690.380762,223300,365000.0,16000,139800.0,24000,1,0,193000,0,2,0,1,6300,3,72,12,1,0,2,416300
3570,6683400.0,967416.08216,3305500,3446900.0,69000,2073600.0,1690000,1,0,1188000,0,5,0,1,427500,3,74,12,1,0,2,4493500
3575,1049000.0,163217.68537,473000,1100000.0,524000,450000.0,250000,1,0,200000,0,5,0,0,23000,2,60,12,1,0,3,673000
3580,187600.0,70259.268537,199300,9100.0,20800,67700.0,0,0,0,197000,0,4,0,0,2300,0,55,12,2,0,1,396300
3585,234630.0,18375.501002,710,438030.0,204110,10.0,10,1,0,510,0,3,1,0,190,2,23,9,2,0,1,1220
3590,402650.0,85392.034068,283750,271300.0,152400,24000.0,0,1,0,32000,0,2,0,1,11750,3,55,9,2,1,1,315750
3595,75020.0,12970.941884,2720,103300.0,31000,0.0,0,1,0,0,0,4,0,0,720,2,75,6,2,0,3,2720
3600,14534000.0,275632.51503,12810000,4334000.0,2610000,7876000.0,0,1,230000,1036000,0,4,0,0,1814000,3,44,14,1,0,2,13846000
3605,3137500.0,281037.07415,1801500,2038000.0,702000,1542800.0,0,1,500000,1741000,0,4,0,1,60500,2,56,13,1,0,1,3542500
3610,81160.0,112414.82966,71860,29300.0,20000,53250.0,4000,0,0,11700,0,4,0,1,18160,3,26,13,1,0,1,83560
3615,142477600.0,8560821.6433,66874000,75603600.0,0,29136000.0,25130000,1,60156000,3670000,0,3,0,1,27411000,3,72,12,1,0,2,70544000
3620,1914217000.0,247993599.7,1809973000,108424000.0,4180000,1788483800.0,1786080000,1,50040000,523000,0,5,0,0,6010000,3,85,14,1,0,2,1810496000
3625,-10250.0,37831.913828,150,5200.0,15600,0.0,0,0,0,0,0,4,0,0,150,2,27,12,2,0,1,150
3630,114000.0,135113.97796,6000,128000.0,20000,0.0,0,0,60000,0,0,4,0,0,6000,3,36,10,1,2,1,6000
3635,110650.0,72421.092184,4150,155700.0,49200,0.0,0,1,0,0,0,4,0,0,4150,2,58,8,1,1,1,4150
3640,-6300.0,19456.412826,1200,0.0,7500,0.0,0,0,0,0,0,2,1,0,1200,1,33,8,2,2,2,1200
3645,89720.0,79987.47495,7750,250000.0,168030,1420.0,220,1,0,4000,0,4,0,1,3530,3,52,10,1,2,1,11750
3650,495901.0,59450.150301,401,525000.0,29500,0.0,0,1,0,0,0,5,0,0,401,1,60,6,1,1,4,401
3655,17098541.0,2183441.8838,8811941,10096600.0,1810000,100000.0,100000,1,4982000,0,0,4,0,1,711941,3,52,12,1,0,2,8811941
3660,49101830.0,0.0,6000230,46386600.0,3285000,4450000.0,4270000,1,39075000,1280000,1,3,0,1,322230,3,52,14,1,1,2,7280230
3665,91900.0,76744.739479,39000,208000.0,155100,0.0,0,1,0,20000,0,1,0,0,19000,2,27,12,2,0,1,59000
3670,4900.0,23780.06012,4900,0.0,0,0.0,0,0,0,0,0,2,0,0,2400,2,59,9,1,0,3,4900
3675,182080.0,71340.180361,62230,520300.0,400450,2230.0,230,1,0,2000,1,2,0,0,14000,3,75,8,1,0,1,64230
3680,663900.0,157813.12625,265700,458200.0,60000,39150.0,0,1,1000,241000,0,5,0,0,24700,3,71,10,1,1,1,506700
3685,901500.0,216182.36473,134600,848900.0,82000,9800.0,0,1,250000,109800,0,3,0,1,24800,2,61,14,1,2,2,244400
3690,7650.0,34589.178357,3050,22000.0,17400,0.0,0,0,0,650,0,5,0,1,2400,2,54,13,2,0,1,3700
3695,943800.0,189159.56914,135800,910000.0,102000,30000.0,0,1,0,120000,0,5,0,0,12000,3,69,9,1,0,3,255800
3700,14075100.0,1686222.4449,12562100,1513000.0,0,11320000.0,1500000,1,529000,750000,0,4,0,1,742100,3,61,13,1,1,1,13312100
3705,15.0,22699.148297,15,0.0,0,0.0,0,0,0,0,0,4,0,0,15,2,63,7,2,0,4,15
3710,-18739.0,29184.619238,661,2600.0,22000,0.0,0,0,0,0,1,4,1,0,661,2,50,8,2,0,4,661
3715,11733100.0,2918461.9238,3410100,8824000.0,501000,2861500.0,0,1,7000000,990000,1,1,0,1,300100,3,41,13,1,2,2,4400100
3720,12050.0,41074.649299,50,12000.0,0,0.0,0,0,0,0,0,1,0,0,50,1,39,8,1,3,2,50
3725,111240.0,87553.857715,85430,40610.0,14800,4800.0,0,0,0,30000,0,2,0,1,19430,3,39,8,1,1,1,115430
3730,26503050.0,567478.70741,22274050,4229000.0,0,21640500.0,6330000,1,0,1305000,0,4,0,1,119050,3,72,14,1,0,3,23579050
3735,6201500.0,853920.34068,2405500,4722000.0,926000,1618000.0,750000,1,0,1300500,0,3,0,0,120000,3,59,13,1,0,1,3706000
3740,2103730.0,553426.85371,1438730,1188000.0,523000,1334000.0,1110000,1,0,200000,1,1,1,0,127030,3,37,12,2,2,3,1638730
3745,3106200.0,231315.13026,2721200,385000.0,0,1784550.0,0,1,0,177000,0,4,0,1,16200,3,75,12,2,0,1,2898200
3750,102600.0,46479.208417,11600,201000.0,110000,8000.0,0,1,0,0,0,4,0,1,3600,2,41,9,1,2,1,11600
3755,430250.0,82149.298597,194150,236100.0,0,10000.0,0,1,0,190000,0,5,0,0,4150,3,59,5,1,0,1,384150
3760,136900.0,55126.503006,15000,156700.0,34800,0.0,0,1,0,0,0,1,0,0,15000,2,47,9,1,2,1,15000
3765,2451800.0,182674.0982,2534300,31000.0,113500,2279300.0,8300,0,0,826000,0,5,0,1,100000,3,66,12,2,0,3,3360300
3770,1308500.0,189159.56914,898000,497000.0,86500,247542.89568,5700,1,0,831000,0,5,0,1,40300,3,44,12,1,2,1,1729000
3775,67659200.0,9062689.003,16381200,51278000.0,0,5772800.0,0,1,40660000,432000,0,2,0,1,239200,2,79,13,1,0,2,16813200
3780,44693000.0,1048484.4689,581000,44174000.0,62000,463400.0,17000,1,41520000,558000,1,4,0,1,6000,2,65,14,1,0,2,1139000
3785,37170.0,12970.941884,1170,55000.0,19000,0.0,0,1,0,0,0,2,0,0,1170,2,39,12,1,0,2,1170
3790,859310.0,165379.50902,603110,1590200.0,1334000,300000.0,0,1,0,300000,0,4,0,0,3110,3,34,12,1,0,1,903110
3795,247941000.0,18872720.441,12372000,235569000.0,0,7600000.0,6580000,1,218180000,1700000,0,2,0,1,92000,3,64,12,1,0,2,14072000
3800,5850500.0,572883.26653,389000,7402500.0,1941000,0.0,0,1,1000000,0,0,5,0,0,239000,3,53,13,1,3,1,389000
3805,1290100.0,336163.57715,596000,1217000.0,522900,193950.0,0,1,0,259000,0,5,0,1,232000,3,48,13,1,1,1,855000
3810,943500.0,164298.59719,561300,444400.0,62200,420310.0,6800,1,20000,282800,0,5,0,0,57400,3,51,13,1,2,1,844100
3815,564000.0,70259.268537,4500,845000.0,285500,0.0,0,1,0,0,0,4,0,0,4500,2,53,8,1,2,1,4500
3820,13855200.0,1621367.7355,14030000,1625200.0,1800000,13505000.0,500000,1,0,2375000,0,5,0,1,75000,2,49,13,1,2,1,16405000
3825,161100.0,182674.0982,170700,55000.0,64600,18000.0,0,0,0,120000,0,4,0,0,40500,1,67,8,1,0,3,290700
3830,1000.0,25941.883768,1000,0.0,0,0.0,0,0,0,0,0,5,0,1,1000,1,43,8,2,0,1,1000
3835,290600.0,47560.12024,23600,366000.0,99000,11350.0,8600,1,0,11000,0,4,0,0,4000,2,66,13,2,0,3,34600
3840,2925500.0,20537.324649,430000,2628000.0,132500,204000.0,0,1,2000000,410000,0,3,1,0,20000,3,43,13,1,0,2,840000
3845,270200.0,34589.178357,32500,237700.0,0,31500.0,1500,1,0,30000,0,4,0,0,1000,3,61,8,2,1,1,62500
3850,822600.0,81068.386774,506000,339000.0,22400,217000.0,0,1,0,283000,0,4,0,1,153000,2,70,12,2,0,1,789000
3855,1270000.0,162136.77355,801000,1727000.0,1258000,520000.0,0,0,25000,220000,0,4,0,1,31000,3,38,14,1,0,2,1021000
3860,-1280.0,52964.679359,320,16000.0,17600,0.0,0,0,0,0,0,4,0,0,320,0,41,11,1,1,1,320
3865,151600.0,98362.975952,46100,296000.0,190500,0.0,0,1,0,5000,0,4,0,1,41100,3,32,8,1,1,1,51100
3870,387100.0,91877.50501,65500,416900.0,95300,0.0,0,1,0,25000,0,3,0,0,23500,3,64,8,1,0,3,90500
3875,1882500.0,185916.83367,1567000,317000.0,1500,1000000.0,1000000,1,0,267000,0,4,0,1,20000,3,81,13,2,0,1,1834000
3880,-155140.0,61611.973948,1130,11000.0,167270,0.0,0,0,0,0,0,5,1,0,1130,3,36,13,2,0,1,1130
3885,1955300.0,256176.1022,1400000,1230300.0,675000,1050800.0,397000,1,0,569000,0,2,0,1,88000,3,36,12,1,0,1,1969000
3890,217259500.0,9719559.1182,76737500,140522000.0,0,76010000.0,69910000,1,124430000,6100000,0,2,0,0,727500,2,79,14,1,0,2,82837500
3895,598100.0,76744.739479,137600,460500.0,0,45500.0,0,1,0,91000,0,4,0,0,46600,3,63,8,1,1,1,228600
3900,36880.0,122143.03607,20100,48000.0,31220,17200.0,1200,0,0,16000,0,5,0,0,2900,2,29,8,1,2,1,36100
3905,51335000.0,4874912.3246,36270000,15065000.0,0,27900000.0,20000000,1,12500000,0,0,5,0,1,870000,3,59,11,1,0,2,36270000
3910,532080.0,229153.30661,294080,833000.0,595000,181500.0,3000,1,0,256000,0,5,0,1,4580,3,43,14,1,2,1,550080
3915,712680.0,248609.71944,280180,962000.0,529500,131780.0,280,1,0,245000,0,5,0,0,33400,3,40,8,1,0,1,525180
3920,46010.0,116738.47695,14250,322000.0,290240,3000.0,0,1,0,10000,0,4,0,1,4250,2,30,8,1,2,1,24250
3925,9337000.0,1556513.0261,3975000,7667000.0,2305000,1080000.0,0,1,0,3635000,0,4,0,0,310000,3,71,13,1,0,2,7610000
3930,4101100.0,844192.13427,1901100,2815000.0,615000,1639600.0,141000,1,1630000,269000,0,5,0,1,93100,3,53,14,1,0,2,2170100
3935,5038650.0,596663.32665,2122800,3638000.0,722150,719400.0,0,1,0,1475500,0,4,0,1,647300,3,67,13,1,0,1,3598300
3940,96600.0,16213.677355,400,112800.0,16600,0.0,0,1,0,0,0,5,1,0,400,2,78,8,2,0,3,400
3945,786500.0,129709.41884,541000,332500.0,87000,211000.0,0,1,0,481000,0,5,0,0,60000,3,61,11,1,0,1,1022000
3950,170100.0,126466.68337,63600,172000.0,65500,23500.0,0,1,0,47000,0,2,0,0,16600,2,42,6,1,1,1,110600
3955,270530.0,118900.3006,150530,120000.0,0,36000.0,0,0,0,36000,0,3,1,1,4530,3,71,12,1,3,3,186530
3960,-26780.0,20537.324649,12220,0.0,39000,0.0,0,0,0,0,0,1,1,0,220,3,67,11,2,0,3,12220
3965,134400.0,63773.797595,58500,443900.0,368000,8500.0,8500,1,0,0,0,4,0,0,50000,2,40,9,2,0,4,58500
3970,1202000.0,184835.92184,432300,776000.0,6300,142800.0,30000,1,0,188000,0,5,0,1,14300,3,61,12,1,1,2,620300
3975,623100.0,157813.12625,203100,570000.0,150000,100480.0,100000,1,0,2400,0,4,0,0,100700,2,52,13,1,2,2,205500
3980,3138700.0,386966.43287,550200,3846000.0,1257500,337500.0,300000,1,0,60000,0,3,0,0,90200,3,69,14,1,0,2,610200
3985,5540000.0,164298.59719,1720000,4720000.0,900000,0.0,0,1,4200000,120000,0,5,0,0,600000,2,69,8,1,0,2,1840000
3990,11000.0,54045.591182,7000,12000.0,8000,0.0,0,0,0,4000,0,4,0,0,3000,3,40,12,2,0,1,11000
3995,-6960.0,25941.883768,1140,5800.0,13900,0.0,0,0,0,0,0,5,0,0,740,2,59,13,2,1,1,1140
4000,691650.0,57612.6002,130900,696000.0,135250,63250.0,0,1,0,115000,0,4,0,1,9900,3,80,8,2,1,3,245900
4005,155000.0,37831.913828,17000,138900.0,900,0.0,0,1,0,15000,0,5,0,1,2000,2,65,9,2,0,3,32000
4010,4602000.0,1249209.7946,511000,4286000.0,195000,185000.0,25000,1,3200000,200000,0,4,0,1,20000,1,63,12,2,0,2,711000
4015,488400.0,329678.10621,89500,432000.0,33100,32500.0,2500,0,400000,65000,0,4,0,1,22000,3,37,12,1,1,2,154500
4020,1308200.0,91877.50501,634500,689100.0,15400,504000.0,0,1,0,204000,0,5,0,1,130500,3,64,8,1,0,3,838500
4025,114200.0,44317.38477,5400,108800.0,0,0.0,0,1,0,0,0,5,0,0,5000,1,57,6,1,1,3,5400
4030,196360.0,65935.621242,10060,206000.0,19700,6000.0,6000,1,0,0,0,2,0,1,4060,3,81,10,1,0,2,10060
4035,252650.0,44317.38477,2950,646700.0,397000,400.0,0,1,0,2000,0,5,0,0,950,2,45,8,2,1,1,4950
4040,5650.0,27022.795591,1250,8200.0,3800,0.0,0,0,0,0,0,3,0,0,1250,2,46,8,2,1,4,1250
4045,71894000.0,1686222.4449,11031000,61338000.0,475000,1643800.0,229000,1,55780000,947000,0,2,0,1,9245000,3,49,12,1,1,2,11978000
4050,26097000.0,3804809.6192,21487000,4610000.0,0,11543250.0,5000000,1,750000,2937000,0,5,0,1,9550000,3,52,13,1,1,2,24424000
4055,1257500.0,129709.41884,222500,1035000.0,0,137900.0,0,1,560000,62000,0,5,0,0,11500,2,57,8,1,0,2,284500
4060,645900.0,139437.62525,169900,476000.0,0,167000.0,0,1,0,167000,0,2,0,0,2900,3,41,10,1,1,1,336900
4065,34070.0,64854.709419,15070,39000.0,20000,2300.0,300,0,1000,10000,0,4,0,0,4770,2,28,12,1,0,2,25070
4070,452220.0,122143.03607,92500,507000.0,147280,500.0,500,1,0,0,0,2,1,0,2000,2,67,8,1,0,3,92500
4075,1075640050.0,19315894.289,463100050,617300000.0,4760000,239271500.0,28520000,1,544387000,16690000,1,3,0,0,3000000,3,66,12,1,1,2,479790050
4080,24200.0,21618.236473,0,25000.0,800,0.0,0,1,0,0,0,5,1,0,0,2,29,9,2,0,4,0
4085,6410.0,7025.9268537,310,13000.0,6900,0.0,0,0,0,0,0,2,1,0,310,2,39,9,2,0,4,310
4090,4823400.0,64854.709419,4412000,417000.0,5600,3849600.0,3630000,1,0,366000,0,2,0,1,20000,3,80,14,2,0,3,4778000
4095,28850.0,139437.62525,2450,55800.0,29400,100.0,100,0,0,0,0,1,0,0,2350,2,35,8,1,0,1,2450
4100,397600.0,108091.18236,76600,616000.0,295000,40000.0,7000,1,0,35000,0,4,0,1,19600,2,44,13,1,1,1,111600
4105,6354200.0,686379.00802,2480600,3873600.0,0,685000.0,60000,1,3050000,872000,0,4,0,1,223600,2,65,8,1,0,3,3352600
4110,10739500.0,998762.52505,8470000,2734500.0,465000,6865500.0,360000,1,0,2290000,0,5,0,1,378000,1,60,13,1,2,1,10760000
4115,78620.0,41074.649299,5790,72830.0,0,2000.0,2000,1,0,0,0,5,0,0,3790,2,66,9,1,0,1,5790
4120,113802500.0,1477606.4629,26162000,92690500.0,5050000,5480000.0,0,1,12200000,600000,0,3,0,1,2622000,3,77,12,1,0,2,26762000
4125,34568000.0,1340330.6613,18118000,22126000.0,5676000,13708000.0,11630000,1,8042000,3024000,0,2,0,1,2064000,2,67,12,1,0,2,21142000
4130,196250.0,132952.15431,15650,186600.0,6000,0.0,0,1,0,0,0,2,1,0,15650,2,40,12,1,1,1,15650
4135,81984900.0,3664291.0822,43558800,38426100.0,0,37500000.0,8000000,1,22000000,1500000,0,4,0,1,58800,3,63,12,1,0,3,45058800
4140,519880.0,157813.12625,146880,466000.0,93000,16900.0,5800,1,0,44000,0,2,0,1,97080,3,38,11,1,1,1,190880
4145,218650.0,112414.82966,145650,187000.0,114000,73850.0,0,1,10000,129000,0,5,0,0,16650,1,61,9,1,0,1,274650
4150,467650.0,109172.09419,75470,505280.0,113100,63000.0,0,1,0,63000,0,5,0,1,12470,3,40,12,1,2,1,138470
4155,19490.0,50802.855711,490,25200.0,6200,120.0,120,0,0,0,0,3,0,0,370,3,23,12,1,0,1,490
4160,162960.0,90796.593186,137200,38000.0,12240,126000.0,0,0,0,126000,0,3,0,0,11200,3,45,11,2,1,1,263200
4165,19100.0,25941.883768,200,19100.0,200,0.0,0,0,0,0,0,4,0,0,200,2,25,8,1,2,1,200
4170,8170.0,44317.38477,1140,26000.0,18970,0.0,0,0,0,0,0,4,0,0,1140,2,47,7,2,3,4,1140
4175,6660.0,54045.591182,1460,9900.0,4700,0.0,0,0,0,0,0,2,1,0,1460,2,41,2,1,2,1,1460
4180,9330.0,10592.935872,430,8900.0,0,0.0,0,0,0,0,1,4,0,0,430,2,28,6,1,2,1,430
4185,-8650.0,74582.915832,10500,24000.0,43150,0.0,0,0,0,0,0,3,0,0,10500,3,35,13,1,1,1,10500
4190,5210.0,108091.18236,910,24400.0,20100,0.0,0,0,0,0,0,5,0,0,910,0,59,6,1,0,1,910
4195,8150.0,45398.296593,1480,34700.0,28030,0.0,0,0,0,0,0,4,0,0,1480,1,36,8,2,4,3,1480
4200,3264300.0,706916.33267,1697300,1842000.0,275000,180000.0,9000,1,0,385000,0,5,0,1,1303300,3,41,12,1,2,4,2082300
4205,150.0,48641.032064,150,0.0,0,0.0,0,0,0,0,0,5,0,0,150,0,41,8,2,2,1,150
4210,1260890.0,97282.064128,1035490,230400.0,5000,193500.0,0,1,0,72000,0,4,0,0,423490,3,67,14,1,0,3,1107490
4215,5060.0,8647.2945892,60,5000.0,0,0.0,0,0,0,0,0,4,0,0,60,2,69,2,1,0,3,60
4220,1640000.0,86472.945892,1540000,100000.0,0,896000.0,500000,0,0,880000,0,3,0,1,110000,3,58,12,2,0,1,2420000
4225,-151580.0,174026.80361,47750,364000.0,563330,23660.0,660,1,0,45000,0,1,1,0,1790,3,46,13,1,2,1,92750
4230,1278300.0,34589.178357,813000,465300.0,0,181700.0,0,1,0,439000,0,4,0,0,14000,3,70,12,2,0,3,1252000
4235,500.0,32427.354709,500,0.0,0,0.0,0,0,0,0,0,4,0,0,500,2,39,9,1,4,1,500
4240,7800.0,43236.472946,9000,0.0,1200,0.0,0,0,0,0,0,1,0,0,9000,1,28,8,2,0,1,9000
4245,283050.0,63773.797595,1700,286550.0,5200,0.0,0,1,0,0,0,5,0,0,1700,2,78,9,1,0,3,1700
4250,-10500.0,8106.8386774,20,0.0,10520,0.0,0,0,0,0,0,4,1,0,20,1,25,10,2,1,1,20
4255,70710.0,65935.621242,1210,170100.0,100600,528.0,0,1,0,880,0,5,0,0,330,2,52,8,1,0,1,2090
4260,30100.0,16213.677355,25100,5000.0,0,0.0,0,1,0,0,0,2,0,0,100,2,63,9,2,0,4,25100
4265,8838500.0,1163061.1222,8176000,662500.0,0,5800000.0,400000,1,0,400000,0,5,0,1,766000,3,85,13,1,0,3,8576000
4270,15746600.0,421555.61122,1066000,15965600.0,1285000,416000.0,300000,1,13000000,16000,0,4,0,0,650000,2,39,9,1,3,2,1082000
4275,-2919.0,11890.03006,481,0.0,3400,0.0,0,0,0,0,0,5,0,0,481,1,68,9,2,0,3,481
4280,2306200.0,1048484.4689,1685700,1028500.0,408000,1133010.0,120000,1,0,451700,0,5,0,1,714000,3,39,8,1,3,1,2137400
4285,39940.0,44317.38477,10940,89000.0,60000,0.0,0,1,0,0,0,5,0,1,10940,3,41,9,2,0,1,10940
4290,46833000.0,0.0,2427000,44406000.0,0,9000.0,9000,0,44000000,0,1,1,0,0,1018000,3,75,12,1,0,2,2427000
4295,159000.0,113495.74148,50000,151000.0,42000,0.0,0,0,100000,0,0,2,0,0,50000,1,25,8,1,0,2,50000
4300,233100.0,54045.591182,16000,257000.0,39900,0.0,0,1,0,0,0,5,0,0,16000,1,48,8,1,1,1,16000
4305,200.0,12970.941884,200,0.0,0,0.0,0,0,0,0,0,5,0,0,200,2,68,3,2,1,3,200
4310,14789000.0,483167.58517,12950000,1839000.0,0,5970000.0,0,1,0,4950000,0,2,0,0,1980000,3,82,14,1,0,3,17900000
4315,140100.0,81068.386774,113100,27000.0,0,5500.0,0,0,0,5500,0,5,0,1,107600,3,55,14,2,0,3,118600
4320,21372000.0,1178193.8878,4109000,18586000.0,1323000,2108500.0,0,1,9913000,155000,0,2,0,1,804000,3,64,12,1,1,1,4264000
4325,435301.0,15132.765531,1,435300.0,0,0.0,0,1,0,0,0,5,0,0,1,1,68,8,2,1,3,1
4330,472870.0,103767.53507,127870,624900.0,279900,11170.0,170,1,0,11000,0,5,0,1,110000,2,33,8,1,0,1,138870
4335,37110.0,46479.208417,13000,25000.0,890,0.0,0,0,0,0,0,2,0,1,13000,1,61,8,2,0,3,13000
4340,247920.0,54045.591182,8320,404600.0,165000,1200.0,1200,1,4000,0,0,4,0,0,7120,3,57,9,1,0,1,8320
4345,62798800.0,3199498.998,29550000,34062800.0,814000,15970000.0,0,1,32500100,1600000,0,4,0,1,4410000,1,56,12,1,0,2,31150000
4350,93000.0,30265.531062,3000,90000.0,0,0.0,0,1,0,0,0,1,0,0,3000,2,66,8,2,0,2,3000
4355,827500.0,71340.180361,391500,436000.0,0,104000.0,0,1,0,0,0,5,0,1,57500,2,71,12,2,0,2,391500
4360,575860.0,232396.04208,19060,746800.0,190000,511.0,0,1,300000,730,0,4,0,0,8330,2,45,10,1,0,2,19790
4365,546090.0,8431.1122244,90,546000.0,0,0.0,0,1,0,0,0,5,0,0,90,3,62,8,2,2,3,90
4370,566200.0,52964.679359,356200,210000.0,0,185000.0,0,1,0,200,0,5,0,1,46000,3,70,9,2,0,1,356400
4375,1994000.0,126466.68337,1303000,691000.0,0,1120000.0,400000,1,0,200000,0,5,0,1,103000,3,86,12,1,0,3,1503000
4380,741500.0,68097.44489,240000,900000.0,398500,0.0,0,1,60000,0,0,5,0,1,40000,1,54,8,1,2,2,240000
4385,115550.0,86472.945892,430,199400.0,84280,400.0,0,1,0,400,0,1,1,0,30,3,24,8,1,0,1,830
4390,7875100.0,186997.74549,2862400,5012700.0,0,2150000.0,0,1,500,750000,0,2,0,1,672400,3,62,13,1,0,2,3612400
4395,127910.0,70259.268537,24700,195000.0,91790,15400.0,0,1,0,22000,0,4,0,0,2700,1,22,8,1,1,1,46700
4400,1692100.0,138356.71343,1473100,289000.0,70000,463850.0,0,1,0,684000,0,3,0,1,35000,3,62,11,2,0,1,2157100
4405,1315900.0,199968.68737,238000,1421000.0,343100,136000.0,28000,1,0,90000,0,2,0,0,120000,3,48,12,1,3,1,328000
4410,714960.0,88634.769539,264600,769000.0,318640,252000.0,0,1,0,252000,0,1,0,0,6600,1,57,11,2,0,1,516600
4415,87700.0,140518.53707,61000,26700.0,0,0.0,0,0,0,0,0,2,0,0,61000,3,28,12,1,0,1,61000
4420,-27100.0,110253.00601,5000,20000.0,52100,1000.0,1000,0,0,0,0,1,0,0,4000,2,26,8,1,2,1,5000
4425,1040200.0,97282.064128,200,1040000.0,0,0.0,0,1,0,0,0,3,0,0,200,1,83,13,2,1,3,200
4430,-72700.0,64854.709419,33300,51000.0,157000,0.0,0,0,0,0,0,2,0,0,33300,2,30,12,1,0,1,33300
4435,-5920.0,43236.472946,180,0.0,6100,0.0,0,0,0,0,1,5,0,0,180,2,59,9,2,0,3,180
4440,22100.0,15132.765531,200,21900.0,0,0.0,0,1,0,0,0,4,0,0,200,0,81,1,1,0,3,200
4445,19710.0,20537.324649,1910,22000.0,4200,1200.0,0,0,5000,0,0,5,0,0,710,2,22,9,2,0,1,1910
4450,994500.0,92526.052104,912500,82000.0,0,0.0,0,0,0,83500,0,4,0,1,804000,3,78,9,1,0,3,996000
4455,701000.0,186997.74549,460000,417000.0,176000,200000.0,0,1,0,230000,0,3,0,1,230000,3,34,13,1,0,1,690000
4460,220.0,3242.7354709,250,0.0,30,0.0,0,0,0,0,0,2,0,0,250,2,25,8,2,0,4,250
4465,3311100.0,28103.707415,21100,4072000.0,782000,100.0,0,1,0,100,0,2,0,0,21000,3,52,12,2,2,4,21200
4470,103630.0,16213.677355,530,108000.0,4900,0.0,0,1,0,0,0,5,0,0,530,0,56,10,2,0,3,530
4475,1326300.0,239962.42485,810000,1078300.0,562000,246550.0,0,1,0,781000,0,5,0,1,29000,3,64,14,1,1,1,1591000
4480,3107000.0,570721.44289,2130000,1502000.0,525000,1093000.0,0,1,783000,1035000,0,4,0,1,395000,3,61,12,1,0,2,3165000
4485,751.0,18375.501002,751,0.0,0,0.0,0,0,0,0,0,4,0,0,751,1,25,8,1,1,4,751
4490,8651000.0,416151.0521,7580000,1071000.0,0,4240000.0,0,1,0,600000,0,2,0,1,1080000,1,70,13,1,0,3,8180000
4495,16496000.0,1266828.6573,8559000,7937000.0,0,3860000.0,0,1,5470000,5720000,0,5,0,1,545000,0,73,12,1,0,3,14279000
4500,4042000.0,557750.501,1949000,2243000.0,150000,976850.0,5000,1,50000,1128000,0,1,0,1,16000,3,65,12,1,0,3,3077000
4505,45800.0,177269.53908,174800,21000.0,150000,20800.0,0,0,0,32000,0,4,0,1,142800,3,44,9,1,0,4,206800
4510,95916700.0,901480.46092,31023700,70994000.0,6101000,14232000.0,6540000,1,57510000,962000,0,5,0,1,1101700,3,75,8,1,0,2,31985700
4515,-25720.0,56207.41483,2000,16980.0,44700,0.0,0,0,0,0,0,4,0,1,2000,3,59,8,1,0,1,2000
4520,743540.0,94687.875752,420540,323000.0,0,98150.0,0,1,0,137000,0,5,0,1,167940,3,74,9,1,0,2,557540
4525,112400.0,73502.004008,54500,300000.0,242100,0.0,0,1,0,0,0,1,0,0,54500,3,47,9,1,1,2,54500
4530,185690.0,179431.36273,119690,531000.0,465000,30550.0,550,1,0,60000,0,4,0,0,58640,3,41,14,2,2,1,179690
4535,306800.0,38912.825651,25000,317900.0,36100,0.0,0,1,0,0,0,2,0,0,23000,2,82,8,2,1,3,25000
4540,-9610.0,18375.501002,390,0.0,10000,0.0,0,0,0,0,1,2,1,0,390,2,56,9,2,0,3,390
4545,16397000.0,251852.45491,8235000,8162000.0,0,3659000.0,1000000,1,6300000,1840000,0,4,0,1,195000,3,61,13,1,0,2,10075000
4550,100.0,18375.501002,500,3100.0,3500,0.0,0,0,0,0,0,4,0,0,500,1,59,12,2,0,2,500
4555,543470.0,97282.064128,232000,315000.0,3530,0.0,0,1,0,200000,0,4,0,0,12000,3,59,14,1,0,1,432000
4560,898500.0,136194.88978,84200,910300.0,96000,19600.0,0,1,0,78000,0,5,0,0,6200,3,53,12,1,1,1,162200
4565,-95.0,70259.268537,2205,32700.0,35000,0.0,0,0,0,0,0,4,1,1,2205,2,26,9,1,4,1,2205
4570,113500.0,69178.356713,50000,64500.0,1000,10200.0,0,0,0,34000,0,5,0,1,16000,2,44,8,1,1,1,84000
4575,950732.5,145923.09619,333500,1116732.5,499500,330000.0,0,1,7500,130000,0,2,0,0,3500,3,67,12,1,1,2,463500
4580,2111000.0,301574.3988,488000,2223000.0,600000,226000.0,0,1,0,328000,0,3,0,0,90000,3,29,12,1,0,1,816000
4585,1422100.0,275632.51503,944000,478100.0,0,281000.0,0,1,100000,430000,0,5,0,1,313000,3,54,8,1,0,4,1374000
4590,489200.0,158894.03808,68400,544000.0,123200,65000.0,0,1,0,0,0,1,0,0,3400,2,51,8,1,0,1,68400
4595,3222610.0,192402.30461,2472610,750000.0,0,1356200.0,0,1,80000,1822000,0,5,0,1,124610,3,67,12,1,1,2,4294610
4600,428850.0,64854.709419,184800,244050.0,0,0.0,0,1,0,0,0,5,0,0,59600,1,75,8,1,0,3,184800
4605,262600000.0,9230986.9739,16371000,246301000.0,72000,10550000.0,10550000,1,242530000,0,1,5,0,1,5729000,3,67,12,1,0,2,16371000
4610,-80410.0,31346.442886,4910,0.0,85320,4500.0,0,0,0,4500,0,2,0,0,410,1,43,11,2,2,1,9410
4615,3047500.0,255095.19038,1021500,3897000.0,1871000,403750.0,300000,1,1000000,685000,0,4,0,1,36500,3,52,13,1,1,1,1706500
4620,21450.0,24860.971944,490,21000.0,40,0.0,0,0,0,0,0,4,0,0,320,2,51,10,2,0,4,490
4625,802500.0,98914.240982,168500,967000.0,333000,142500.0,100000,1,40000,36000,0,5,0,1,26000,0,73,13,2,0,2,204500
4630,124000.0,109172.09419,54500,207000.0,137500,50000.0,0,1,0,50000,0,2,1,0,4500,2,41,11,1,1,1,104500
4635,30233200.0,1199812.1242,9496000,21697200.0,960000,5073000.0,113000,1,7370000,1330000,0,2,0,1,319000,3,64,12,1,1,2,10826000
4640,326530.0,67016.533066,158400,445300.0,277170,120000.0,0,1,0,150000,0,2,0,0,8400,2,66,9,2,0,3,308400
4645,1641200.0,112209.45641,176200,1465000.0,0,40000.0,0,1,0,55000,0,4,0,1,53200,3,84,14,1,0,3,231200
4650,296210.0,81068.386774,249710,201500.0,155000,104650.0,0,1,0,174000,0,5,0,0,710,3,66,8,1,0,1,423710
4655,6335700.0,1113339.1784,3605000,3099700.0,369000,2484000.0,30000,1,0,2570000,0,5,0,1,452000,1,66,12,1,0,3,6175000
4660,143865300.0,4699804.6092,81866300,61999000.0,0,79834000.0,71030000,1,32310000,3484000,0,3,0,1,2032300,0,75,12,1,0,2,85350300
4665,409590.0,64854.709419,176630,469000.0,236040,59600.0,24000,1,41000,8000,0,2,1,1,101630,3,26,13,1,2,2,184630
4670,181620.0,12970.941884,2820,189000.0,10200,0.0,0,1,0,0,0,2,0,0,2820,1,58,7,2,0,4,2820
4675,2051600.0,151327.65531,139000,1964100.0,51500,22250.0,0,1,1284500,89000,0,2,0,1,50000,2,72,14,1,1,2,228000
4680,368400.0,116738.47695,50000,335600.0,17200,0.0,0,1,63000,0,0,5,0,1,2000,2,74,8,1,0,2,50000
4685,2770.0,47560.12024,100,8200.0,5530,0.0,0,0,0,0,0,5,0,0,100,1,33,9,2,0,1,100
4690,8850.0,14051.853707,12200,0.0,3350,0.0,0,0,0,0,0,4,0,0,12200,3,29,12,2,0,1,12200
4695,403300.0,75663.827655,92300,446000.0,135000,0.0,0,1,0,92000,0,5,0,0,300,2,61,8,1,0,1,184300
4700,421500.0,51883.767535,154500,267000.0,0,18000.0,0,1,0,18000,0,5,0,1,124000,2,63,12,2,0,1,172500
4705,491000.0,486410.32064,464500,26500.0,0,6250.0,0,0,0,185000,0,3,0,1,279500,3,56,12,1,1,1,649500
4710,1.0,19456.412826,1,0.0,0,0.0,0,0,0,0,0,1,0,0,1,2,40,4,2,1,2,1
4715,6944000.0,558831.41283,2977000,4867000.0,900000,1200000.0,105000,1,3180000,564000,0,5,0,0,1777000,3,31,13,1,0,2,3541000
4720,-14500.0,27022.795591,7500,0.0,22000,750.0,0,0,0,5000,0,3,0,0,2500,3,36,9,2,2,1,12500
4725,64500.0,111333.91784,29200,237300.0,202000,2100.0,1200,1,0,6000,0,5,0,0,22000,3,29,12,1,1,1,35200
4730,19878000.0,210777.80561,4905000,15693000.0,720000,2602500.0,500000,1,650000,3575000,0,1,0,0,20000,3,66,12,1,0,2,8480000
4735,49500.0,51883.767535,10500,39000.0,0,5200.0,5200,0,0,0,0,5,0,0,5300,3,25,8,2,0,1,10500
4740,42100.0,24860.971944,6000,58200.0,22100,0.0,0,1,0,0,0,2,0,1,6000,0,68,8,1,0,3,6000
4745,208600.0,22699.148297,13000,208600.0,13000,0.0,0,1,0,0,0,3,0,0,13000,1,72,5,2,0,3,13000
4750,73450.0,101605.71142,7000,68600.0,2150,0.0,0,1,0,0,0,2,1,0,7000,2,43,-1,1,2,4,7000
4755,674200.0,47560.12024,239000,436200.0,1000,64400.0,0,1,208000,0,0,1,0,1,99600,2,74,13,1,0,2,239000
4760,3655000.0,422636.52305,3286000,726000.0,357000,2102100.0,193000,1,0,1749000,0,4,0,0,1031000,3,48,13,1,3,1,5035000
4765,416750.0,20537.324649,1150,1015600.0,600000,0.0,0,1,0,0,0,4,0,0,1150,2,67,9,2,0,1,1150
4770,48566680.0,2803020.5411,9799680,39504000.0,737000,8256950.0,0,1,27800000,1386000,0,5,0,1,225680,3,58,14,1,1,2,11185680
4775,-38400.0,74582.915832,3500,0.0,41900,0.0,0,0,0,0,0,5,1,0,3500,2,53,9,2,0,1,3500
4780,81320.0,18375.501002,120,131200.0,50000,0.0,0,1,0,0,0,5,0,0,120,3,62,8,2,0,3,120
4785,123470.0,70259.268537,39520,313100.0,229150,11900.0,5000,1,10000,24100,0,5,0,0,6820,3,51,12,2,1,1,63620
4790,267100.0,79987.47495,51000,383200.0,167100,16100.0,0,1,0,26000,0,1,0,0,25000,3,37,11,1,3,1,77000
4795,244400.0,22699.148297,130000,124000.0,9600,120000.0,0,1,0,0,1,5,0,1,0,3,53,8,2,0,1,130000
4800,123500.0,303736.22244,100500,39000.0,16000,48000.0,0,0,0,80000,0,2,0,1,20500,3,26,12,2,0,1,180500
4805,-11900.0,41074.649299,100,0.0,12000,0.0,0,0,0,0,0,4,0,0,100,1,40,8,1,0,1,100
4810,1186800.0,221586.92385,309000,877900.0,100,90000.0,0,1,0,300000,0,5,0,1,9000,3,72,10,1,0,3,609000
4815,3146600.0,477763.02605,1273000,1873600.0,0,685000.0,92000,1,1380000,575000,0,2,0,1,606000,3,58,14,1,0,2,1848000
4820,18980.0,48641.032064,13200,7000.0,1220,0.0,0,0,0,0,0,5,0,0,1700,1,72,11,2,2,3,13200
4825,214300.0,41074.649299,0,456000.0,241700,0.0,0,1,0,0,0,1,0,1,0,2,38,12,1,1,1,0
4830,3101900.0,153489.47896,2330000,771900.0,0,352000.0,0,1,200000,2290000,1,1,0,1,40000,3,62,12,1,0,3,4620000
4835,135300.0,37831.913828,11000,256000.0,131700,0.0,0,1,0,0,0,5,0,0,6000,1,41,8,1,2,1,11000
4840,22810.0,96201.152305,510,55000.0,32700,0.0,0,0,0,0,0,2,0,0,510,1,29,7,1,0,1,510
4845,22215200.0,2875225.4509,20374000,1898200.0,57000,6319100.0,0,1,0,191000,0,5,0,1,1306000,2,72,13,1,0,2,20565000
4850,122320.0,61611.973948,60800,218600.0,157080,6000.0,0,1,0,60000,0,5,0,0,800,3,43,8,1,2,1,120800
4855,1540.0,20537.324649,1540,0.0,0,0.0,0,0,0,0,0,1,0,0,1540,3,70,2,1,0,3,1540
4860,28070520.0,1513276.5531,20420520,9450000.0,1800000,18043200.0,15000000,1,5650000,1798000,0,1,0,0,2162500,3,55,13,1,2,1,22218520
4865,14700.0,33508.266533,6100,11600.0,3000,750.0,0,0,0,5000,0,2,0,0,800,2,30,9,2,1,1,11100
4870,292400.0,142680.36072,90000,347500.0,145100,16000.0,16000,1,0,0,0,5,0,1,74000,3,41,11,1,2,1,90000
4875,54500.0,28103.707415,500,70000.0,16000,0.0,0,1,0,0,0,4,0,0,500,2,34,9,1,2,4,500
4880,18750.0,45398.296593,140,42100.0,23490,0.0,0,0,0,0,0,4,1,0,140,1,42,8,1,0,1,140
4885,540550.0,234557.86573,331550,376000.0,167000,96250.0,0,1,0,160000,0,4,0,1,171550,3,30,14,1,1,2,491550
4890,433000.0,199968.68737,208000,774000.0,549000,133000.0,105000,1,0,43000,0,4,0,0,60000,3,45,12,2,0,1,251000
4895,992800.0,189159.56914,727500,430300.0,165000,596000.0,150000,1,0,370000,0,2,0,0,107500,3,51,12,1,2,1,1097500
4900,517077500.0,32308454.409,17994100,499083400.0,0,12643000.0,12320000,1,436250000,323000,0,1,0,1,3851100,3,58,8,1,2,2,18317100
4905,1172500.0,48641.032064,629000,543500.0,0,167500.0,0,1,0,350000,0,2,0,1,97000,2,68,9,1,0,3,979000
4910,55211.0,41074.649299,211,140000.0,85000,0.0,0,1,0,0,0,1,0,0,211,2,55,9,1,2,3,211
4915,1313400.0,108091.18236,156700,1156700.0,0,79670.0,11000,1,73000,32700,0,2,0,1,56000,3,41,12,1,3,1,189400
4920,30360.0,90796.593186,6700,159300.0,135640,525.0,0,1,0,3500,0,5,0,1,1700,3,63,8,2,0,1,10200
4925,90137000.0,11619802.104,15865000,76142000.0,1870000,7840000.0,5840000,1,65270000,0,0,4,0,1,1505000,3,72,9,1,0,2,15865000
4930,64200.0,27022.795591,200,90000.0,26000,0.0,0,1,0,0,0,5,1,0,200,2,61,8,1,0,3,200
4935,279050.0,274551.60321,11450,881000.0,613400,0.0,0,1,0,0,0,3,0,1,11450,3,55,8,1,1,1,11450
4940,9734995.0,546941.38277,5444500,4290495.0,0,3787500.0,0,1,1510000,850000,0,5,0,1,94500,3,80,14,1,0,3,6294500
4945,362300.0,83230.210421,21500,482000.0,141200,840.0,0,1,0,0,0,5,0,0,16500,3,51,8,2,1,1,21500
4950,1159000.0,339406.31263,34000,1192000.0,67000,31000.0,31000,1,0,0,0,2,0,1,3000,2,51,12,1,2,1,34000
4955,0.0,16213.677355,0,0.0,0,0.0,0,0,0,0,0,4,0,0,0,1,41,7,2,0,2,0
4960,147200.0,25941.883768,39200,116000.0,8000,9250.0,0,0,0,37000,0,5,1,0,2200,3,59,13,2,0,3,76200
4965,375540.0,39993.737475,6600,393000.0,24060,0.0,0,1,0,0,0,2,0,0,6500,2,56,12,1,3,1,6600
4970,280210.0,144842.18437,109910,307000.0,136700,2140.0,0,1,0,107000,0,4,0,0,2910,1,57,11,1,0,1,216910
4975,119883100.0,731777.30461,39265000,80618100.0,0,32000000.0,20000000,1,50000000,6000000,0,3,1,0,265000,3,60,12,1,0,2,45265000
4980,152501800.0,0.0,5491800,147010000.0,0,152110.0,42000,1,145760000,2248000,0,5,0,1,138800,3,61,11,1,0,2,7739800
4985,2200.0,22699.148297,1390,5100.0,4290,0.0,0,0,0,0,0,4,0,0,140,2,77,9,2,0,3,1390
4990,70411300.0,7306963.9279,15274300,57097000.0,1960000,6810000.0,5760000,1,47340000,1076000,1,2,0,1,2138300,3,61,9,1,0,3,16350300
4995,2682800.0,28103.707415,1794200,888600.0,0,1103600.0,85000,1,0,1601000,0,1,0,1,7000,3,62,14,1,0,2,3395200
5000,2118900.0,172081.16232,884000,1234900.0,0,431500.0,355000,1,475000,255000,0,4,0,1,124000,2,84,14,2,0,3,1139000
5005,320700.0,100524.7996,31000,292700.0,3000,0.0,0,1,0,0,0,3,0,1,31000,2,59,8,1,1,1,31000
5010,98300.0,27022.795591,30300,68000.0,0,0.0,0,1,0,0,0,5,0,1,30300,2,70,9,2,0,3,30300
5015,2064700.0,159974.9499,968700,1632000.0,536000,740000.0,40000,1,0,720000,0,5,0,1,195700,3,60,11,2,1,3,1688700
5020,970800.0,194564.12826,614700,829100.0,473000,0.0,0,1,0,0,0,3,0,1,104700,3,49,13,1,1,1,614700
5025,530400.0,87553.857715,306000,325400.0,101000,152800.0,1000,1,0,258900,0,5,0,1,44100,3,52,11,2,0,1,564900
5030,5155000.0,609634.26854,3903000,1252000.0,0,1412500.0,0,1,0,1551000,0,2,0,1,377000,3,73,14,1,0,1,5454000
5035,205000.0,75663.827655,125000,319000.0,239000,120000.0,0,1,0,106000,0,5,0,0,19000,2,36,12,1,2,1,231000
5040,3270.0,37831.913828,5270,0.0,2000,0.0,0,0,0,0,0,5,0,0,270,3,49,12,2,1,1,5270
5045,4694000.0,485329.40882,1832000,2952000.0,90000,1750000.0,0,1,0,1750000,0,3,0,1,35000,3,74,12,2,0,3,3582000
5050,3079300.0,394532.81563,694200,2490000.0,104900,155900.0,60000,1,500000,538000,0,3,0,1,31200,3,65,9,1,0,2,1232200
5055,460110.0,94147.41984,264110,358000.0,162000,37317.0,0,1,0,248000,0,4,0,1,16110,1,74,9,1,0,3,512110
5060,627000.0,24860.971944,2000,625000.0,0,0.0,0,0,0,0,0,4,0,0,2000,1,94,8,2,0,3,2000
5065,89050.0,54045.591182,50,193800.0,104800,0.0,0,1,0,0,0,4,0,0,50,0,39,8,1,1,1,50
5070,51650.0,62692.885772,90,92000.0,40440,0.0,0,1,0,0,0,5,0,0,90,1,76,7,2,0,1,90
5075,7330.0,71340.180361,6500,22000.0,21170,0.0,0,0,0,0,0,4,1,0,6500,3,50,3,1,1,1,6500
5080,688870.0,151327.65531,477870,397000.0,186000,270.0,270,1,101000,150000,0,3,0,0,2600,3,73,14,1,1,2,627870
5085,71000.0,37831.913828,0,71000.0,0,0.0,0,0,71000,0,0,2,0,0,0,2,32,6,1,4,4,0
5090,-3220.0,34589.178357,8230,5300.0,16750,0.0,0,0,0,0,0,5,0,0,630,1,68,8,2,1,3,8230
5095,345420.0,94039.328657,206100,758700.0,619380,139300.0,0,1,0,199000,0,3,1,0,7100,1,63,9,1,3,1,405100
5100,839251.0,386966.43287,627800,746500.0,535049,527000.0,104000,1,0,470000,0,3,0,1,39800,3,56,9,2,1,1,1097800
5105,3550.0,22699.148297,2950,8100.0,7500,0.0,0,0,0,0,1,1,0,0,2950,3,61,8,2,0,2,2950
5110,933500.0,192402.30461,33000,1266000.0,365500,0.0,0,1,600000,0,0,2,0,1,33000,1,57,9,1,0,2,33000
5115,450.0,18375.501002,450,0.0,0,0.0,0,0,0,0,0,4,0,0,450,2,51,8,2,0,3,450
5120,7950000.0,423717.43487,3948000,4467000.0,465000,2680000.0,170000,1,0,2025000,0,3,0,1,53000,3,72,12,1,0,1,5973000
5125,640.0,36751.002004,940,0.0,300,140.0,0,0,0,140,0,3,0,1,800,3,64,8,2,0,1,1080
5130,7300.0,19456.412826,600,6700.0,0,0.0,0,0,0,0,0,5,0,0,600,2,60,3,1,1,3,600
5135,4250.0,29184.619238,50,4200.0,0,0.0,0,0,0,0,0,5,0,0,50,2,45,8,2,0,2,50
5140,-19280.0,11890.03006,320,36400.0,56000,0.0,0,1,0,0,0,4,0,0,320,0,57,9,2,1,3,320
5145,15602000.0,1859168.3367,2235000,13367000.0,0,2075000.0,0,1,12000000,50000,0,3,0,1,185000,2,55,12,1,0,2,2285000
5150,480400.0,85392.034068,186500,674900.0,381000,73750.0,0,1,0,75000,0,4,0,0,111500,3,37,8,1,0,1,261500
5155,440850.0,216182.36473,17000,724000.0,300150,0.0,0,1,0,0,0,3,0,1,17000,2,65,12,1,1,1,17000
5160,3500.0,35670.09018,3500,0.0,0,0.0,0,0,0,0,0,4,0,0,1000,2,34,9,2,0,1,3500
5165,438350.0,151327.65531,240150,394000.0,195800,122650.0,0,1,0,220150,0,5,0,1,20000,3,53,9,1,1,1,460300
5170,29200.0,89715.681363,22900,34000.0,27700,0.0,0,0,0,0,0,5,1,0,22900,3,42,12,1,4,1,22900
5175,1.0,31346.442886,1,0.0,0,0.0,0,0,0,0,1,5,0,0,1,3,35,9,2,0,3,1
5180,101710050.0,18811108.467,8815050,92895000.0,0,7741700.0,0,1,85250000,7779000,0,5,1,1,550000,3,72,14,1,0,1,16594050
5185,10014000.0,205373.24649,5146000,6608000.0,1740000,5020000.0,5000000,1,1360000,20000,0,2,0,1,126000,3,72,13,1,0,3,5166000
5190,171420.0,78906.563126,96220,102200.0,27000,42600.0,30000,0,0,63000,0,1,0,1,3220,3,34,9,1,3,2,159220
5195,308500.0,57288.326653,1800,306700.0,0,0.0,0,1,0,0,0,5,0,1,1800,2,77,8,2,0,3,1800
5200,473700.0,105929.35872,140000,432700.0,99000,105000.0,0,1,0,130000,0,2,0,1,10000,3,56,8,1,1,1,270000
5205,180400.0,43236.472946,5200,175200.0,0,0.0,0,1,10000,0,1,5,1,0,5200,3,44,6,2,0,2,5200
5210,14210.0,82149.298597,21110,38000.0,44900,4000.0,4000,0,0,6000,1,2,0,1,900,2,41,13,1,0,1,27110
5215,693500.0,57288.326653,445500,248000.0,0,81000.0,30000,1,0,340000,0,5,0,1,50000,3,76,12,1,0,3,785500
5220,14860.0,38912.825651,160,21700.0,7000,0.0,0,0,0,0,0,5,0,0,160,2,45,9,2,1,1,160
5225,42100.0,27022.795591,34300,7800.0,0,6520.0,0,0,0,14300,0,3,0,0,20000,2,29,13,2,0,1,48600
5230,1388400.0,265904.30862,489900,1313000.0,414500,472200.0,2200,1,407000,470000,0,5,0,0,17700,3,62,9,1,0,2,959900
5235,19200.0,48641.032064,2700,24000.0,7500,0.0,0,0,0,0,0,4,0,0,1500,2,73,4,2,0,3,2700
5240,1112600.0,151327.65531,584000,528600.0,0,260000.0,0,1,0,200000,0,1,0,1,104000,2,50,12,1,2,1,784000
5245,1680000.0,172945.89178,732200,1335000.0,387200,615450.0,300000,1,0,424000,0,1,0,0,8200,2,65,9,1,0,1,1156200
5250,89700.0,131871.24248,34200,400000.0,344500,11200.0,0,1,0,32000,0,2,0,0,2200,1,47,12,2,0,1,66200
5255,5044000.0,203211.42285,4880000,188000.0,24000,512000.0,0,0,0,2570000,0,1,0,1,311000,3,67,12,1,0,3,7450000
5260,1945630.0,219425.1002,412560,1533070.0,0,111000.0,500,1,383000,221000,0,3,0,0,191060,1,43,10,1,0,2,633560
5265,76520000.0,924179.60922,71829000,4691000.0,0,10491800.0,366000,1,1000000,2096000,0,1,0,0,12547000,3,69,12,1,0,3,73925000
5270,1294600.0,216182.36473,2500,1562100.0,270000,0.0,0,1,300000,0,0,4,0,0,2500,1,54,12,1,3,2,2500
5275,8406000.0,430202.90581,7506000,900000.0,0,1575000.0,0,0,0,2100000,0,2,0,1,406000,3,79,14,2,0,2,9606000
5280,244700.0,55775.0501,78500,285200.0,119000,4500.0,0,1,0,44000,0,5,0,0,34500,3,74,9,2,0,3,122500
5285,-4820.0,71340.180361,490,0.0,5310,0.0,0,0,0,0,0,3,1,0,490,2,20,8,1,1,1,490
5290,31034000.0,2669852.2044,24784000,6250000.0,0,15712000.0,13770000,1,4400000,0,0,4,0,1,1217000,3,74,13,2,0,3,24784000
5295,1895000.0,138356.71343,830500,1557200.0,492700,567600.0,10000,1,500000,716000,0,2,0,0,24500,3,52,12,1,2,2,1546500
5300,996000.0,380480.96192,450000,746000.0,200000,315000.0,75000,1,0,300000,0,4,0,1,75000,3,45,12,1,2,1,750000
5305,2980.0,41074.649299,5000,10000.0,12020,0.0,0,0,0,0,0,2,1,1,4500,2,82,4,1,0,3,5000
5310,81450.0,15132.765531,750,84700.0,4000,0.0,0,1,0,0,0,4,0,1,750,3,85,9,2,0,3,750
5315,8987200.0,5058667.3347,5703200,4771000.0,1487000,2854250.0,0,1,0,295000,0,2,0,0,308200,3,65,13,1,0,2,5998200
5320,2744000.0,206454.15832,2003000,1010000.0,269000,1646800.0,0,1,0,1730000,0,5,0,1,196000,3,62,13,1,1,1,3733000
5325,38880.0,39993.737475,11300,27700.0,120,0.0,0,0,0,0,1,2,0,0,7300,2,26,8,1,1,2,11300
5330,11435900.0,256176.1022,383900,11075800.0,23800,357500.0,0,1,10637800,365000,0,5,0,0,18900,3,59,12,1,1,2,748900
5335,38521.0,23780.06012,471,43100.0,5050,0.0,0,1,0,0,0,5,0,0,301,2,82,8,2,0,3,471
5340,632100.0,48295.140281,258200,373900.0,0,60750.0,0,1,0,85000,0,3,0,1,23200,2,74,8,1,0,3,343200
5345,888600.0,144842.18437,425600,764000.0,301000,61350.0,0,1,20000,259000,0,3,0,0,16600,3,40,9,1,0,1,684600
5350,40618500.0,8993186.3727,35183000,5871500.0,436000,31419150.0,19990000,1,7500,2046000,0,5,0,1,2692000,3,56,13,1,2,2,37229000
5355,5743000.0,378319.13828,581000,5347000.0,185000,500000.0,0,1,4484000,500000,0,3,0,1,81000,1,71,12,1,0,2,1081000
5360,225850.0,52964.679359,50,604300.0,378500,0.0,0,1,0,0,0,1,0,0,50,2,63,1,1,0,4,50
5365,3210100.0,132952.15431,1004100,4406000.0,2200000,268050.0,0,1,578000,860000,0,2,0,1,142100,3,39,12,1,2,2,1864100
5370,3950.0,46479.208417,3950,0.0,0,0.0,0,0,0,0,0,2,0,0,3950,0,51,11,2,1,4,3950
5375,-16290.0,41074.649299,210,3500.0,20000,0.0,0,0,0,0,0,5,0,0,210,2,42,11,2,1,1,210
5380,162000.0,44317.38477,23400,211600.0,73000,6200.0,6200,1,0,0,0,5,0,1,2200,3,71,13,2,0,3,23400
5385,75170.0,153489.47896,121570,37000.0,83400,71600.0,0,0,0,101000,0,3,0,0,10520,3,32,12,1,0,1,222570
5390,19060.0,57288.326653,19260,12000.0,12200,18150.0,2000,0,0,16000,0,5,0,0,980,2,57,12,2,0,1,35260
5395,748700.0,42155.561122,164400,585000.0,700,160000.0,140000,1,0,20000,0,4,0,0,4400,1,72,12,1,0,3,184400
5400,-47800.0,48641.032064,4200,26000.0,78000,2000.0,0,0,0,0,0,4,0,0,2200,3,41,13,2,2,1,4200
5405,92906000.0,7220490.982,11944000,80962000.0,0,3100000.0,0,1,71336000,0,0,1,0,1,8704000,0,53,12,1,0,2,11944000
5410,114700.0,24860.971944,22000,103000.0,10300,0.0,0,0,50000,0,0,5,0,0,7000,2,38,10,2,0,2,22000
5415,23000.0,88634.769539,23000,0.0,0,14300.0,0,0,0,22000,0,5,0,0,1000,1,31,12,2,0,1,45000
5420,4300.0,18375.501002,7300,0.0,3000,0.0,0,0,0,0,0,4,0,0,300,2,66,9,2,0,3,7300
5425,2521000.0,437769.28858,295000,2691000.0,465000,74000.0,10000,1,1350000,60000,0,1,0,1,225000,3,44,12,1,3,2,355000
5430,336400.0,97282.064128,18000,351600.0,33200,13000.0,0,1,0,13000,0,5,0,0,5000,2,38,10,1,1,1,31000
5435,2152700.0,497219.43888,2055100,983600.0,886000,1041000.0,116000,1,0,1600000,1,5,0,0,189100,3,56,11,1,0,3,3655100
5440,51700.0,34589.178357,29000,24600.0,1900,12500.0,0,0,0,20000,0,4,0,1,9000,2,66,9,2,0,1,49000
5445,6500.0,56207.41483,800,5700.0,0,0.0,0,0,0,0,0,1,0,0,500,0,74,7,1,1,3,800
5450,108880.0,19456.412826,2070,220000.0,113190,0.0,0,1,0,0,0,4,1,1,2070,1,71,10,2,0,3,2070
5455,160100.0,4756.012024,200,159900.0,0,0.0,0,1,0,0,0,5,0,0,200,2,58,6,2,0,4,200
5460,1066600.0,81068.386774,556910,535000.0,25310,254500.0,0,1,42000,170000,0,2,0,1,256910,1,64,9,1,0,3,726910
5465,29645000.0,1805122.7455,10995000,18650000.0,0,10920000.0,10500000,1,14350000,420000,0,5,0,0,75000,3,72,13,2,0,3,11415000
5470,9474250.0,708970.06513,2310000,7164250.0,0,25000.0,0,1,4700000,1280000,0,4,0,1,1000000,3,73,12,1,0,2,3590000
5475,208600.0,20537.324649,113200,95400.0,0,0.0,0,0,0,0,0,3,0,1,2200,2,36,10,2,1,3,113200
5480,237990.0,74582.915832,190,277000.0,39200,0.0,0,1,0,0,0,4,0,1,190,2,65,12,2,0,1,190
5485,2239700.0,395613.72745,1505400,752000.0,17700,300000.0,0,1,0,1500000,0,4,0,1,2900,2,67,8,1,0,3,3005400
5490,3390.0,45398.296593,40,10000.0,6650,0.0,0,0,0,0,0,5,1,0,40,2,58,9,2,2,1,40
5495,65700.0,20537.324649,600,106100.0,41000,0.0,0,1,0,0,0,1,1,0,600,1,60,5,1,0,3,600
5500,52360.0,50802.855711,19600,48000.0,15240,0.0,0,0,0,0,0,2,0,1,19600,1,26,12,1,0,1,19600
5505,85497000.0,1621367.7355,42976000,42821000.0,300000,24010000.0,10000,1,40000000,0,0,4,0,1,366000,3,55,12,1,0,3,42976000
5510,26122000.0,1767290.8317,6620000,19923000.0,421000,6300000.0,5780000,1,10000000,520000,0,1,0,1,320000,3,75,13,1,0,2,7140000
5515,494300.0,45398.296593,41300,583000.0,130000,0.0,0,1,0,0,0,4,0,0,11300,1,76,10,1,0,3,41300
5520,-9300.0,36751.002004,300,21800.0,31400,0.0,0,0,0,0,0,5,1,0,300,3,42,5,1,2,1,300
5525,3430.0,21618.236473,2880,8500.0,7950,0.0,0,0,0,0,0,4,1,0,2880,3,20,10,2,0,1,2880
5530,5224000.0,231315.13026,5182000,42000.0,0,3471950.0,492000,0,0,199000,0,5,0,1,51000,2,87,8,2,0,3,5381000
5535,1354100.0,167541.33267,930100,424000.0,0,550000.0,300000,1,0,0,0,2,0,1,380000,3,92,14,1,0,3,930100
5540,140.0,14051.853707,140,0.0,0,0.0,0,0,0,0,0,5,0,0,140,2,68,8,2,0,3,140
5545,15712000.0,559912.32465,10692000,7500000.0,2480000,2093100.0,0,1,0,2548000,0,4,0,1,4769000,3,68,14,1,0,3,13240000
5550,63789000.0,931745.99198,4390000,59749000.0,350000,2648000.0,2100000,1,58000000,148000,0,5,0,1,1142000,3,51,12,1,2,2,4538000
5555,-280.0,27022.795591,20,0.0,300,0.0,0,0,0,0,0,5,0,0,20,0,45,8,2,2,1,20
5560,334997000.0,6625989.479,136502000,198495000.0,0,89408000.0,47560000,1,167890000,8560000,1,2,0,1,45382000,3,70,14,1,0,2,145062000
5565,11000950.0,403180.11022,5208850,5861100.0,69000,1087450.0,0,1,3200000,3511000,0,5,0,1,197650,3,65,12,1,0,2,8719850
5570,55423000.0,1524085.6713,30320000,25103000.0,0,10000000.0,0,1,0,0,0,2,0,1,320000,3,84,12,1,0,3,30320000
5575,806510.0,113495.74148,384310,447200.0,25000,198000.0,0,1,0,371000,0,5,0,1,7310,3,66,12,1,0,3,755310
5580,34472500.0,683136.27255,3654000,31513500.0,695000,2742163.7931,0,1,0,1755000,0,2,0,1,639000,3,59,13,2,0,1,5409000
5585,9301000.0,326435.37074,3460000,6386000.0,545000,2840000.0,2000000,1,5500000,1350000,1,4,0,1,110000,2,46,8,1,3,2,4810000
5590,32585900.0,3156262.5251,18350000,14235900.0,0,17040000.0,7790000,1,2150000,1750000,0,4,0,1,1310000,0,79,14,1,0,2,20100000
5595,6400.0,79987.47495,3500,7400.0,4500,2500.0,0,0,0,2500,1,4,0,0,1000,2,44,8,2,1,1,6000
5600,2178241500.0,128714979.96,1924763000,253478500.0,0,1694210000.0,1624570000,1,106960000,69640000,1,5,0,1,200203000,3,84,9,1,0,3,1994403000
5605,-18630.0,39993.737475,1500,11000.0,31130,0.0,0,0,0,0,0,1,1,0,1500,1,44,8,2,2,1,1500
5610,177500.0,134033.06613,128700,170000.0,121200,8730.0,0,0,0,9700,0,4,0,1,119000,3,30,14,2,0,1,138400
5615,4136900.0,185916.83367,1637000,2499900.0,0,325500.0,500,1,0,1300000,0,2,0,0,336500,3,67,14,2,0,3,2937000
5620,433090.0,22699.148297,10350,493000.0,70260,8000.0,0,1,0,10000,0,2,0,0,350,0,47,4,1,4,1,20350
5625,353500.0,30211.485471,106000,247500.0,0,35000.0,0,1,0,35000,0,5,0,1,48000,2,90,8,1,0,3,141000
5630,3601.0,38912.825651,1,3600.0,0,0.0,0,0,0,0,0,4,0,0,1,1,28,7,1,0,1,1
5635,672050.0,453982.96593,214050,977000.0,519000,118500.0,30000,1,0,118000,0,2,0,0,66050,3,40,14,1,4,1,332050
5640,1999000.0,71340.180361,1206000,793000.0,0,625000.0,255000,1,0,85000,0,4,0,1,202000,3,65,9,2,0,3,1291000
5645,1520000.0,143761.27255,277000,1571200.0,328200,251000.0,40000,1,50000,121000,0,1,0,0,105400,3,64,14,1,2,2,398000
5650,0.0,19456.412826,0,0.0,0,0.0,0,0,0,0,0,2,0,0,0,1,22,7,2,3,4,0
5655,621500.0,19456.412826,112000,509500.0,0,11000.0,0,1,0,22000,0,1,0,1,60000,2,60,12,2,0,3,134000
5660,1450112880.0,91285165.331,108318880,1341870000.0,76000,55432600.0,30800000,1,1293850000,13938000,0,5,0,1,27700880,3,79,12,1,0,2,122256880
5665,3600.0,9512.0240481,200,3400.0,0,0.0,0,0,0,0,0,5,0,0,200,1,64,4,2,0,3,200
5670,63052.0,16213.677355,52,167000.0,104000,0.0,0,1,0,0,0,4,0,0,52,2,37,7,2,2,3,52
5675,672100.0,61611.973948,147000,525100.0,0,47000.0,0,1,0,0,0,2,0,1,45000,3,75,12,1,0,3,147000
5680,16175200.0,370752.75551,13051000,3153200.0,29000,7150000.0,0,1,0,10000000,0,5,0,0,11000,3,79,14,2,0,3,23051000
5685,329200.0,99443.887776,5900,365000.0,41700,0.0,0,1,0,0,0,4,0,0,2400,2,79,8,1,0,3,5900
5690,15300.0,30265.531062,100,15300.0,100,0.0,0,0,0,0,1,5,0,0,100,2,52,14,2,2,1,100
5695,1270349700.0,86433924.975,115162700,1155187000.0,0,12487000.0,11640000,1,1135350000,3097000,0,4,0,1,3565700,3,72,13,1,0,2,118259700
5700,53300.0,48641.032064,56300,0.0,3000,50000.0,0,0,0,50000,0,3,0,1,6300,2,65,8,2,0,1,106300
5705,12730.0,20537.324649,12730,0.0,0,0.0,0,0,0,0,0,4,0,0,2730,2,37,9,2,0,1,12730
5710,139350.0,34589.178357,5200,335000.0,200850,0.0,0,1,0,0,0,4,0,0,5200,2,56,4,2,1,1,5200
5715,32290.0,64854.709419,390,31900.0,0,0.0,0,0,0,0,0,5,0,0,390,3,45,10,1,1,3,390
5720,-24270.0,14051.853707,130,0.0,24400,0.0,0,0,0,0,0,5,1,0,130,1,32,12,2,0,1,130
5725,295920.0,340487.22445,237020,85900.0,27000,140600.0,0,0,50000,54000,0,1,0,1,51020,3,30,12,1,0,1,291020
5730,620000.0,69664.767034,220000,400000.0,0,51250.0,0,1,0,5000,0,3,0,0,30000,2,93,12,2,0,3,225000
5735,-9800.0,7566.3827655,500,4700.0,15000,0.0,0,0,0,0,0,5,1,0,500,1,37,9,2,3,1,500
5740,188937800.0,15933721.192,78221000,118166800.0,7450000,49090000.0,48130000,1,67980000,1600000,0,2,0,1,421000,2,92,12,1,2,1,79821000
5745,28750000.0,2291533.0661,2416000,26334000.0,0,1048000.0,850000,1,25000000,937000,0,5,0,1,629000,3,66,12,1,0,3,3353000
5750,40694000.0,3372444.8898,2594000,38100000.0,0,2200000.0,0,1,37000000,1500000,0,5,0,1,194000,2,51,12,1,1,2,4094000
5755,5082500.0,844192.13427,4138500,944000.0,0,2347000.0,0,1,0,867000,1,2,0,1,6500,3,56,12,1,0,1,5005500
5760,-139050.0,62692.885772,1320,10.0,140380,0.0,0,0,0,0,1,1,0,0,1320,2,35,13,2,0,1,1320
5765,749470.0,164298.59719,210170,702000.0,162700,92000.0,12000,0,0,80000,0,5,0,0,112970,3,36,12,1,1,1,290170
5770,1978000.0,165379.50902,499000,1703000.0,224000,62000.0,0,1,0,440000,0,2,0,1,59000,2,60,10,1,1,1,939000
5775,22372000.0,2334769.5391,13216000,9156000.0,0,7000000.0,5000000,1,1000000,2400000,0,4,0,1,2901000,3,72,12,1,0,2,15616000
5780,6800.0,50802.855711,7600,5200.0,6000,0.0,0,0,0,0,0,2,0,0,7600,2,41,8,2,2,2,7600
5785,455000.0,235638.77756,271200,356000.0,172200,185000.0,17000,1,0,220000,0,4,0,0,34200,3,47,8,1,3,1,491200
5790,905600.0,163217.68537,383000,722600.0,200000,53000.0,0,1,0,300000,0,4,0,1,53000,3,62,13,1,0,1,683000
5795,274500.0,216182.36473,191200,725000.0,641700,156730.0,35000,1,0,95700,0,5,0,1,26500,3,25,12,1,0,1,286900
5800,5002800.0,268066.13226,3830000,1373500.0,200700,1701550.0,0,1,0,1865000,0,5,0,0,1945000,3,60,13,1,2,1,5695000
5805,614000.0,73502.004008,351000,282000.0,19000,102600.0,0,1,0,342000,0,5,0,1,9000,3,69,11,2,0,3,693000
5810,1043800.0,244286.07214,506000,1027000.0,489200,306200.0,0,1,0,452000,0,4,0,1,54000,3,62,8,1,0,1,958000
5815,186767800.0,4042610.2204,67671500,119096300.0,0,37584000.0,25710000,1,91960000,3404500,1,2,0,1,928000,3,70,12,1,0,3,71076000
5820,11688000.0,345891.78357,8112000,3708000.0,132000,6800000.0,6000000,1,0,800000,0,4,0,0,266000,3,62,13,1,0,3,8912000
5825,10400.0,18375.501002,11400,0.0,1000,5000.0,0,0,0,5000,0,5,0,0,4400,0,35,10,2,0,2,16400
5830,1393900.0,345891.78357,865600,1056000.0,527700,563650.0,0,1,0,823000,0,3,0,1,32000,3,58,10,1,1,1,1688600
5835,752780.0,82149.298597,341080,481200.0,69500,178550.0,0,1,0,206000,0,3,0,0,80,2,44,9,1,2,1,547080
5840,21100290.0,1502467.4349,17538490,4123000.0,561200,9632250.0,0,1,716000,4003000,0,5,0,1,40040,3,73,14,1,0,2,21541490
5845,100.0,19456.412826,900,28000.0,28800,0.0,0,0,0,0,0,2,0,0,900,2,22,8,1,1,1,900
5850,225300.0,49073.396794,122200,103100.0,0,5500.0,0,1,0,110000,0,5,0,0,8200,3,75,9,1,0,3,232200
5855,27632000.0,773932.86573,8075000,25369000.0,5812000,5450000.0,5450000,1,11140000,0,0,2,0,1,425000,3,74,9,1,0,2,8075000
5860,237523000.0,7079972.4449,6329000,231194000.0,0,4254500.0,3020000,1,226690000,2429000,0,3,0,1,880000,2,57,14,1,1,2,8758000
5865,2861280.0,1056050.8517,278280,4344000.0,1761000,169500.0,0,1,1100000,206000,0,3,1,0,57280,3,65,14,1,2,1,484280
5870,465100.0,33508.266533,40000,450100.0,25000,0.0,0,1,0,0,0,4,0,0,30000,2,74,1,1,1,3,40000
5875,465060.0,174026.80361,75160,664000.0,274100,40080.0,0,1,0,54400,0,5,0,1,19960,2,35,12,1,1,1,129560
5880,1652250.0,318868.98798,781250,1020500.0,149500,2150.0,0,0,121000,769000,0,1,1,0,11450,1,56,8,1,1,1,1550250
5885,164740.0,25941.883768,11030,261000.0,107290,0.0,0,1,0,0,0,2,1,0,11030,2,53,3,2,0,1,11030
5890,17040.0,52964.679359,2260,102900.0,88120,0.0,0,1,0,0,0,5,0,0,1260,3,32,10,1,3,1,2260
5895,650600.0,65935.621242,16000,634600.0,0,0.0,0,1,83000,0,0,5,0,1,14000,2,82,8,1,0,3,16000
5900,68950.0,37831.913828,2000,125000.0,58050,0.0,0,1,0,0,0,2,0,0,2000,1,76,10,2,0,3,2000
5905,90300.0,49721.943888,3500,112400.0,25600,0.0,0,1,0,0,0,3,1,0,3500,1,77,6,2,1,3,3500
5910,184300.0,67016.533066,22000,192000.0,29700,0.0,0,1,0,0,0,5,0,0,22000,2,42,10,1,2,1,22000
5915,-22950.0,10809.118236,850,21000.0,44800,0.0,0,0,0,0,0,4,1,0,850,1,35,9,2,4,1,850
5920,1698090.0,182674.0982,1454390,460300.0,216600,1171100.0,2300,1,0,1383000,0,3,0,1,24090,3,56,13,1,1,1,2837390
5925,366400.0,113495.74148,60200,553900.0,247700,3600.0,0,1,0,18000,0,2,0,1,30200,1,57,10,1,1,1,78200
5930,1062600.0,184835.92184,479300,1152300.0,569000,160050.0,0,1,0,474000,0,3,0,0,5300,3,60,9,1,2,1,953300
5935,8130.0,34589.178357,630,8500.0,1000,0.0,0,0,0,0,0,5,0,0,630,2,66,5,1,0,3,630
5940,150870.0,70259.268537,40000,171920.0,61050,23100.0,0,1,0,33000,0,4,0,1,7000,2,31,12,2,0,1,73000
5945,6435000.0,366429.10822,4226000,2553000.0,344000,2754000.0,0,1,0,753000,0,5,0,1,45000,3,66,13,1,0,3,4979000
5950,25000.0,23780.06012,0,43000.0,18000,0.0,0,0,0,0,0,1,0,0,0,1,45,3,2,1,4,0
5955,100000.0,85392.034068,86500,56000.0,42500,32000.0,0,0,0,86000,0,5,0,1,500,2,55,10,1,0,1,172500
5960,1.0,19456.412826,1,0.0,0,0.0,0,0,0,0,0,4,0,0,1,2,56,7,2,1,2,1
5965,2108000.0,309356.96393,693000,1450000.0,35000,168600.0,132000,1,600000,366000,0,3,0,1,112000,3,75,9,1,0,3,1059000
5970,253300.0,103767.53507,129100,306900.0,182700,40000.0,0,1,0,127000,0,3,0,0,2100,2,63,5,1,0,1,256100
5975,8046700.0,806446.69339,5760000,2300700.0,14000,2950000.0,2640000,1,1000000,310000,0,2,0,1,120000,2,76,14,1,0,3,6070000
5980,122600.0,45398.296593,108600,14000.0,0,0.0,0,0,0,0,0,4,0,1,108600,0,74,9,2,0,3,108600
5985,-2210.0,36751.002004,490,4000.0,6700,0.0,0,0,0,0,0,2,1,0,320,1,72,10,2,0,2,490
5990,195300.0,97282.064128,175000,25000.0,4700,75400.0,0,0,0,8000,0,2,0,1,17000,3,42,13,2,0,4,183000
5995,-160.0,24860.971944,110,0.0,270,0.0,0,0,0,0,0,1,1,0,110,2,59,1,1,1,3,110
6000,40841100.0,3772382.2645,21551000,19290100.0,0,17300000.0,13500000,1,8000000,1800000,1,2,0,1,1251000,2,81,13,2,0,2,23351000
6005,40770.0,51883.767535,570,71200.0,31000,0.0,0,0,0,0,0,5,0,0,570,2,61,12,1,0,1,570
6010,82830.0,48641.032064,76000,7800.0,970,19500.0,0,0,0,65000,0,2,0,1,11000,3,65,10,2,0,1,141000
6015,1558200.0,702592.68537,896200,1315000.0,653000,675000.0,75000,1,0,630000,0,1,0,1,111200,3,46,13,1,2,1,1526200
6020,4368300.0,1178193.8878,3083000,1710300.0,425000,2384000.0,600000,1,100,1784000,0,2,0,1,699000,3,52,13,1,2,4,4867000
6025,47800.0,28103.707415,34600,15000.0,1800,0.0,0,0,0,0,1,1,0,0,34600,1,21,8,1,0,1,34600
6030,448800.0,337244.48898,279000,689800.0,520000,67500.0,0,1,25000,18000,0,4,0,0,196000,3,55,9,1,0,2,297000
6035,156400.0,103767.53507,137170,153000.0,133770,13600.0,0,1,0,136000,0,2,1,0,1170,1,52,8,1,1,1,273170
6040,890900.0,25941.883768,42800,898100.0,50000,0.0,0,1,0,0,0,5,0,0,37300,1,85,9,2,1,3,42800
6045,10557000.0,768528.30661,9330000,2827000.0,1600000,7080000.0,3200000,1,327000,4000000,0,5,0,0,30000,2,62,14,1,2,2,13330000
6050,401000.0,32427.354709,40000,361000.0,0,0.0,0,1,0,0,0,3,0,1,40000,2,68,9,2,0,3,40000
6055,-9370.0,30265.531062,280,0.0,9650,0.0,0,0,0,0,0,5,0,0,280,1,27,9,2,1,1,280
6060,3262060.0,169703.15631,3077060,530000.0,345000,3029600.0,2970000,1,0,82000,0,3,0,1,25060,3,41,12,1,1,1,3159060
6065,-2900.0,8971.5681363,1800,0.0,4700,0.0,0,0,0,0,0,4,1,0,1800,1,32,9,2,0,4,1800
6070,5864700.0,36751.002004,3354900,2509800.0,0,2200000.0,1100000,1,0,1100000,0,4,0,1,24900,2,63,14,1,0,3,4454900
6075,6184000.0,278983.34168,2848000,3336000.0,0,1390000.0,50000,1,2500000,80000,0,3,0,1,106000,3,76,12,1,0,2,2928000
6080,27020.0,4431.738477,22720,4300.0,0,3820.0,520,0,0,22000,0,4,0,0,200,2,44,12,1,3,1,44720
6085,4119400.0,49721.943888,937000,4000000.0,817600,627500.0,400000,1,470000,350000,0,2,0,0,85000,3,54,13,2,0,2,1287000
6090,1560400.0,104848.44689,91500,1501900.0,33000,54500.0,45000,1,1250000,9500,0,5,0,0,37000,2,68,13,2,0,3,101000
6095,188100.0,75663.827655,29100,199000.0,40000,0.0,0,1,0,14000,0,5,0,1,5100,3,72,10,1,1,3,43100
6100,429800.0,129709.41884,87500,490300.0,148000,2000.0,0,1,0,2000,0,5,0,0,80000,2,39,13,2,2,1,89500
6105,32119850.0,478843.93788,12431250,20488600.0,800000,8453600.0,4900000,1,13711000,1355000,0,1,0,0,176250,3,71,14,1,0,2,13786250
6110,1187330.0,79987.47495,774630,412700.0,0,711000.0,711000,1,0,0,0,5,0,1,63630,2,74,7,1,0,3,774630
6115,171300.0,82149.298597,162900,8400.0,0,67620.0,0,0,0,56400,0,3,0,1,46500,3,37,13,2,0,1,219300
6120,56451500.0,407503.75752,14336500,42115000.0,0,145700.0,500,1,38600000,6000,0,4,0,0,11010000,3,53,13,1,1,2,14342500
6125,921000.0,113495.74148,246000,843000.0,168000,23000.0,0,1,0,230000,0,1,0,1,16000,2,62,8,1,0,3,476000
6130,196701.0,4972.1943888,1,261000.0,64300,0.0,0,1,0,0,0,1,0,0,1,2,56,9,1,0,1,1
6135,24390000.0,1337844.5641,20409000,4071000.0,90000,9639000.0,6500000,1,533000,3432000,0,2,0,1,2030000,3,72,13,1,0,1,23841000
6140,36190.0,67016.533066,11490,73200.0,48500,0.0,0,0,0,0,0,1,0,1,11490,3,68,12,1,0,2,11490
6145,229100.0,43236.472946,10000,220800.0,1700,0.0,0,1,0,0,1,2,0,0,10000,3,49,2,1,1,1,10000
6150,2821140.0,545860.47094,935540,2850000.0,964400,521700.0,62000,1,0,707000,0,2,0,1,121540,3,58,13,1,1,1,1642540
6155,77300.0,115657.56513,83000,252400.0,258100,22000.0,0,1,0,22000,0,5,0,1,56000,2,29,12,1,2,1,105000
6160,9700.0,25941.883768,0,9700.0,0,0.0,0,0,0,0,0,1,0,0,0,2,44,8,2,0,4,0
6165,98669300.0,7231300.1002,17433300,83296000.0,2060000,15080000.0,0,1,64810000,82000,0,2,0,1,253300,3,58,13,1,0,2,17515300
6170,142600.0,113495.74148,91200,297000.0,245600,34500.0,2800,1,0,82000,0,3,0,1,6400,3,32,12,2,0,1,173200
6175,26200.0,116738.47695,6200,66000.0,46000,0.0,0,0,0,1400,0,4,1,0,4800,2,29,8,1,0,1,7600
6180,1398000.0,175107.71543,748000,1264000.0,614000,558000.0,350000,1,0,260000,0,2,0,1,108000,3,49,13,1,2,1,1008000
6185,2073000.0,722049.0982,1207000,1401000.0,535000,1170000.0,0,1,0,170000,1,1,0,0,37000,2,52,13,1,1,1,1377000
6190,4650.0,151327.65531,12950,24200.0,32500,4000.0,0,0,0,10000,0,5,0,0,2950,2,30,8,1,3,1,22950
6195,97630.0,45398.296593,99750,24680.0,26800,21000.0,11000,0,680,10000,0,5,0,0,8750,3,47,9,2,0,2,109750
6200,184760.0,127547.59519,66500,373900.0,255640,60000.0,0,1,0,60000,1,4,0,1,6500,3,30,12,1,2,1,126500
6205,20490.0,54045.591182,18250,8400.0,6160,2500.0,0,0,0,10000,0,5,0,0,8250,1,31,9,2,0,1,28250
6210,1312590.0,184835.92184,443090,1057000.0,187500,349000.0,100000,1,400000,108000,0,3,0,1,10690,2,42,10,1,0,2,551090
6215,-1350.0,15132.765531,50,6600.0,8000,0.0,0,0,0,0,0,5,0,0,50,1,56,2,1,0,1,50
6220,30600.0,49721.943888,14700,15900.0,0,1000.0,0,0,8500,10000,0,4,0,0,4700,1,52,8,2,1,2,24700
6225,180370.0,108091.18236,116630,198400.0,134660,71700.0,1200,1,0,94000,0,3,0,1,21430,3,56,11,1,3,1,210630
6230,620600.0,130790.33066,553000,474100.0,406500,530000.0,0,1,0,530000,1,5,0,0,23000,3,55,9,1,0,1,1083000
6235,2400.0,32427.354709,2500,0.0,100,0.0,0,0,0,0,0,2,1,0,2500,1,27,12,2,2,4,2500
6240,908000.0,135113.97796,86000,862000.0,40000,420.0,0,1,0,42000,0,3,0,1,40000,3,61,9,1,0,2,128000
6245,31430.0,39993.737475,3500,38000.0,10070,0.0,0,0,0,0,0,5,0,0,3500,0,63,6,2,1,1,3500
6250,51000.0,43236.472946,23900,200000.0,172900,7800.0,0,1,0,7800,0,5,1,0,100,2,35,9,2,1,1,31700
6255,30376000.0,1437612.7255,8770000,21606000.0,0,5500000.0,500000,1,15010000,2050000,0,3,0,1,20000,3,60,12,1,0,2,10820000
6260,45354820.0,8193311.6232,13999420,33045400.0,1690000,9579000.0,0,1,27471700,79000,0,5,0,1,1411120,3,36,12,1,4,1,14078420
6265,65800.0,34589.178357,47800,18000.0,0,7900.0,400,0,0,25000,0,2,0,1,7400,2,38,8,2,3,1,72800
6270,15854000.0,2086159.8196,2630000,15028000.0,1804000,850000.0,600000,1,9960000,650000,0,3,0,1,380000,3,54,12,1,1,2,3280000
6275,862050.0,172945.89178,620300,290000.0,48250,400000.0,0,1,0,187800,0,4,0,0,21000,3,37,8,1,0,1,808100
6280,1352200.0,103767.53507,597300,754900.0,0,148500.0,0,1,15000,0,0,3,0,0,77300,3,63,13,1,0,2,597300
6285,19021.0,37831.913828,16421,9200.0,6600,7820.0,20,0,0,12000,0,5,0,0,4401,2,26,9,2,0,1,28421
6290,-8620.0,39993.737475,580,49600.0,58800,80.0,0,0,40000,0,0,2,1,0,500,2,24,9,2,0,1,580
6295,4432000.0,408584.66934,3406000,1026000.0,0,1400000.0,400000,1,0,800000,0,5,0,1,6000,3,61,14,1,0,1,4206000
6300,4597200.0,299412.57515,3746000,851200.0,0,2200000.0,400000,1,0,2800000,0,5,0,1,10000,3,72,14,1,0,3,6546000
6305,383000.0,145923.09619,364000,19000.0,0,141500.0,4000,0,0,300000,0,4,0,1,60000,3,33,12,2,0,1,664000
6310,18620.0,54045.591182,20,29100.0,10500,0.0,0,0,0,0,0,1,0,0,20,2,34,7,1,3,4,20
6315,1013200.0,449659.31864,905200,363000.0,255000,430890.0,355000,1,0,76400,0,4,0,1,473800,3,35,12,1,0,1,981600
6320,308150.0,42155.561122,33250,299500.0,24600,12000.0,5000,0,0,3000,0,4,0,1,4250,3,22,12,2,0,1,36250
6325,10895.0,36751.002004,95,11000.0,200,0.0,0,0,0,0,0,4,0,0,95,1,49,10,2,0,1,95
6330,29261.0,16213.677355,9701,21000.0,1440,0.0,0,0,0,0,0,5,0,1,9701,1,78,8,2,0,3,9701
6335,156480.0,65935.621242,75180,212000.0,130700,4640.0,340,1,0,43300,0,5,0,0,4540,2,38,9,2,1,1,118480
6340,8700.0,10809.118236,0,15000.0,6300,0.0,0,0,0,0,0,4,0,0,0,2,40,2,1,1,1,0
6345,3200.0,31346.442886,3200,82000.0,82000,200.0,200,1,0,0,0,1,1,0,3000,3,28,11,2,0,1,3200
6350,7092000.0,302655.31062,6583000,509000.0,0,4145000.0,150000,1,0,2475000,0,5,0,0,570000,3,49,12,1,0,1,9058000
6355,32250.0,68097.44489,12250,200200.0,180200,5500.0,0,1,0,11000,0,4,0,1,1250,3,43,8,1,2,1,23250
6360,3166700.0,100524.7996,599700,2567000.0,0,217100.0,0,1,2000000,467000,0,1,0,1,132700,3,74,14,1,1,3,1066700
6365,131200.0,86472.945892,47800,135000.0,51600,16000.0,0,1,0,16000,0,2,0,0,31800,2,54,12,1,3,1,63800
6370,4668800.0,822573.8978,3100000,1576500.0,7700,2505000.0,0,1,1093000,500000,0,1,0,1,100000,3,75,12,1,0,3,3600000
6375,148650.0,94039.328657,58050,420000.0,329400,31500.0,14000,1,0,35000,0,2,0,0,9050,3,35,12,1,2,1,93050
6380,576200.0,116738.47695,180400,413800.0,18000,116550.0,0,1,0,157000,0,4,0,0,23400,2,58,13,1,1,1,337400
6385,1180820.0,415070.14028,457090,1421200.0,697470,255265.0,38000,1,0,337100,0,4,0,1,81990,3,39,12,1,2,1,794190
6390,411000.0,78906.563126,46500,364500.0,0,19400.0,0,1,250100,32000,0,3,0,0,2500,1,62,8,1,0,2,78500
6395,589950.0,104848.44689,169100,434850.0,14000,72500.0,0,1,0,145000,0,5,0,1,24000,3,61,10,1,1,1,314100
6400,-200.0,29184.619238,2400,0.0,2600,0.0,0,0,0,0,0,1,0,0,2400,1,27,9,2,2,1,2400
6405,23660.0,78906.563126,3660,32000.0,12000,0.0,0,0,0,0,0,4,1,0,3660,1,25,8,1,2,1,3660
6410,950.0,34589.178357,1200,0.0,250,0.0,0,0,0,0,0,2,1,0,1200,3,32,9,2,0,1,1200
6415,697500.0,37831.913828,124000,896500.0,323000,15000.0,0,0,0,83000,0,4,0,1,26000,3,31,12,2,0,1,207000
6420,7921400.0,83230.210421,2228570,5762830.0,70000,0.0,0,1,1842500,0,0,5,0,1,95570,3,62,10,1,0,1,2228570
6425,8200.0,60531.062124,2100,6100.0,0,0.0,0,0,600,0,0,5,0,0,2100,1,41,7,1,3,1,2100
6430,18000.0,46479.208417,6000,28000.0,16000,0.0,0,0,0,0,0,1,1,0,6000,2,38,8,1,1,1,6000
6435,523400.0,108091.18236,376400,173000.0,26000,117500.0,0,0,0,235000,0,3,0,1,137400,2,40,9,1,1,4,611400
6440,22300.0,23780.06012,10900,13000.0,1600,2100.0,0,0,0,10400,0,5,0,1,500,2,61,11,2,0,1,21300
6445,95611.0,25941.883768,1,300000.0,204390,0.0,0,1,0,0,0,5,0,0,1,3,33,12,2,1,4,1
6450,457700.0,98362.975952,67000,393700.0,3000,55000.0,0,1,0,55000,0,3,0,0,12000,1,31,12,2,0,1,122000
6455,2647600.0,128304.23347,504600,2143000.0,0,149500.0,0,1,0,245000,0,3,0,1,119600,2,76,12,1,0,3,749600
6460,13500.0,57288.326653,1500,13000.0,1000,0.0,0,0,0,0,0,2,0,0,1500,1,25,8,1,1,1,1500
6465,13800.0,9728.2064128,7000,6800.0,0,0.0,0,0,0,0,0,4,0,0,7000,2,27,12,2,0,2,7000
6470,500000.0,130790.33066,55500,584500.0,140000,27000.0,0,1,0,50000,0,4,0,0,5500,3,64,12,1,1,1,105500
6475,428200.0,95120.240481,154900,322700.0,49400,97500.0,0,1,0,150000,0,2,1,1,4900,2,90,8,1,0,3,304900
6480,1124700.0,111333.91784,897700,240000.0,13000,550000.0,0,1,0,750000,0,4,0,1,47000,3,68,13,1,1,1,1647700
6485,68800.0,15132.765531,68800,0.0,0,25000.0,0,0,0,35000,0,4,0,1,33800,3,23,13,2,0,1,103800
6490,1306700.0,452902.05411,868700,588000.0,150000,806000.0,0,1,0,591000,0,5,0,1,277700,3,43,14,1,5,1,1459700
6495,-11750.0,58369.238477,2310,24800.0,38860,0.0,0,0,0,0,0,2,0,0,2310,2,50,9,2,2,1,2310
6500,37420300.0,2215869.2385,14847300,25373000.0,2800000,9915000.0,200000,1,13200000,8500000,1,1,0,1,950300,2,63,14,1,1,2,23347300
6505,12600.0,27022.795591,600,12000.0,0,0.0,0,0,0,0,0,4,0,1,600,2,49,8,2,2,1,600
6510,108933000.0,9625519.7896,97873000,14070000.0,3010000,82013000.0,52460000,1,1810000,2283000,0,5,0,1,3040000,3,69,14,1,0,2,100156000
6515,16450.0,23780.06012,450,17000.0,1000,0.0,0,0,0,0,0,5,0,0,450,2,59,9,2,0,3,450
6520,75440.0,10809.118236,840,74600.0,0,0.0,0,1,0,0,1,2,0,0,840,1,55,8,2,0,3,840
6525,10000.0,32427.354709,12000,0.0,2000,0.0,0,0,0,0,0,5,1,0,12000,1,42,9,2,0,1,12000
6530,22250.0,61611.973948,500,22700.0,950,0.0,0,0,0,0,0,1,1,0,500,3,49,8,2,0,1,500
6535,991500.0,61611.973948,567000,719500.0,295000,253000.0,0,1,0,506000,0,3,0,1,1000,3,69,8,1,0,3,1073000
6540,29420.0,18375.501002,25600,7200.0,3380,0.0,0,0,0,0,0,4,0,0,490,2,57,8,2,1,3,25600
6545,12000.0,12970.941884,1000,11000.0,0,0.0,0,0,0,0,0,5,0,1,1000,2,67,9,2,0,3,1000
6550,144260.0,59450.150301,7960,320100.0,183800,0.0,0,1,119800,0,0,5,1,0,1760,3,35,9,1,1,4,7960
6555,46370.0,37831.913828,1000,170900.0,125530,0.0,0,1,0,0,0,3,1,0,1000,3,49,8,1,3,1,1000
6560,1400.0,55126.503006,1400,0.0,0,0.0,0,0,0,0,0,2,0,1,1400,2,40,8,2,0,1,1400
6565,-97500.0,75663.827655,17000,27000.0,141500,0.0,0,0,0,0,0,4,0,0,17000,3,57,12,1,1,1,17000
6570,23032000.0,4907339.6794,20650000,2782000.0,400000,13233000.0,0,1,500000,6353000,0,4,0,0,1200000,3,61,14,1,0,2,27003000
6575,744030700.0,21492850.701,388146700,437334000.0,81450000,305790000.0,260160000,1,258230000,1950000,0,5,0,1,3336700,3,79,13,1,0,2,390096700
6580,39000.0,45398.296593,27000,23000.0,11000,3900.0,0,0,0,26000,0,2,0,0,1000,2,53,12,2,1,1,53000
6585,5287800.0,464792.08417,3018900,2802900.0,534000,229250.0,25000,1,1433000,881900,0,4,0,1,2040000,3,64,12,1,1,2,3900800
6590,465400.0,32859.719439,93000,372400.0,0,53000.0,0,1,0,53000,0,5,0,1,38000,3,78,11,2,0,3,146000
6595,300.0,27022.795591,300,0.0,0,0.0,0,0,0,0,0,1,0,0,300,2,33,8,2,4,1,300
6600,39020.0,12970.941884,4020,35000.0,0,0.0,0,1,0,0,1,5,0,1,1020,2,71,10,2,1,3,4020
6605,405450.0,51235.220441,313150,210000.0,117700,68400.0,0,1,0,185000,0,3,0,0,8150,3,71,13,2,0,3,498150
6610,229010.0,108091.18236,60010,322000.0,153000,50000.0,0,1,0,50000,0,2,0,0,10010,3,45,12,1,2,1,110010
6615,4830.0,64854.709419,8100,0.0,3270,400.0,0,0,0,8000,0,1,0,0,100,1,36,11,2,3,1,16100
6620,1189500.0,487491.23246,698500,845000.0,354000,156250.0,2500,1,105000,665000,0,5,0,1,31000,3,40,14,1,3,1,1363500
6625,300920.0,94039.328657,1000,300000.0,80,0.0,0,1,0,0,0,5,1,0,1000,3,60,9,1,2,1,1000
6630,353640.0,110253.00601,178090,413000.0,237450,55000.0,0,1,0,55000,0,4,0,1,7090,3,38,12,1,1,1,233090
6635,2565400.0,83230.210421,586700,2418700.0,440000,45000.0,45000,1,565000,0,0,4,0,1,41700,3,61,12,1,1,2,586700
6640,-41000.0,23780.06012,140,7400.0,48540,0.0,0,0,0,0,0,5,0,0,140,3,32,9,2,0,1,140
6645,3007400.0,286441.63327,2226000,911000.0,129600,2038000.0,0,1,0,1746000,0,5,0,1,80000,3,63,13,1,0,1,3972000
6650,28500.0,59450.150301,26000,3100.0,600,3600.0,0,0,0,9000,0,1,0,1,17000,0,52,9,2,0,1,35000
6655,1379500.0,356700.9018,680500,1263000.0,564000,180000.0,0,1,0,600000,0,1,0,1,80500,2,45,13,1,2,1,1280500
6660,237500.0,91877.50501,68500,643000.0,474000,60000.0,60000,1,0,0,0,2,0,0,8500,3,51,13,1,2,1,68500
6665,8050.0,55126.503006,17950,23000.0,32900,12000.0,0,0,0,12000,0,5,1,0,950,2,33,8,1,2,1,29950
6670,1105390.0,69221.593186,120500,1199100.0,214210,32550.0,0,1,0,65100,0,4,1,0,55400,3,83,9,1,0,2,185600
6675,15354200.0,1470040.0802,3744000,11610200.0,0,2322000.0,100000,1,0,622000,0,1,0,1,1422000,2,62,12,1,0,1,4366000
6680,-29490.0,23780.06012,510,20000.0,50000,0.0,0,0,0,0,0,5,1,0,510,1,65,8,2,0,1,510
6685,10698000.0,740424.5992,9085000,1613000.0,0,2017000.0,0,1,26000,2375000,0,3,0,1,3240000,3,61,13,1,0,2,11460000
6690,1338900.0,220506.01202,699000,913000.0,273100,94000.0,0,1,0,188000,0,1,0,1,66000,3,43,13,1,0,1,887000
6695,11580.0,34589.178357,80,11600.0,100,0.0,0,0,0,0,0,5,0,0,80,2,44,10,1,2,1,80
6700,21700.0,43236.472946,200,21500.0,0,0.0,0,1,0,0,0,1,0,0,200,2,40,4,1,3,4,200
6705,17920.0,32427.354709,520,214000.0,196600,0.0,0,1,0,0,0,4,1,0,520,2,57,8,1,1,1,520
6710,754500.0,63773.797595,737700,32800.0,16000,531000.0,0,0,0,708000,0,5,0,0,6500,3,53,13,1,2,2,1445700
6715,746500.0,198887.77555,553500,279000.0,86000,32000.0,0,1,0,220000,0,5,0,0,23500,3,56,11,2,0,1,773500
6720,4929900.0,806360.22044,1875800,3264100.0,210000,1666000.0,298000,1,1030000,1524000,0,2,0,1,23800,2,61,12,1,0,2,3399800
6725,32760.0,71340.180361,2950,30000.0,190,0.0,0,0,0,0,0,1,0,0,2950,3,51,8,2,0,2,2950
6730,18675000.0,2010495.992,10499000,8176000.0,0,4931300.0,1320000,1,0,6678000,0,4,0,1,901000,3,65,14,1,0,2,17177000
6735,6406000.0,1578131.2625,3717000,4844000.0,2155000,2980000.0,50000,1,0,3100000,0,4,0,0,567000,3,49,14,1,2,2,6817000
6740,270600.0,256176.1022,7100,568000.0,304500,4000.0,500,1,0,3500,1,1,0,1,2100,3,58,14,1,4,3,10600
6745,3338200.0,899318.63727,2169200,1169000.0,0,103200.0,0,1,0,2064000,0,4,0,1,105200,2,62,13,2,1,1,4233200
6750,21973390.0,4031801.1022,4988390,18445000.0,1460000,4118700.0,2500000,1,14950000,1351000,0,3,0,1,257390,3,39,12,1,2,1,6339390
6755,1403000.0,1999686.8737,73000,1330000.0,0,6000.0,0,1,0,10000,0,2,0,1,63000,3,64,12,1,0,1,83000
6760,142000.0,108091.18236,62500,228500.0,149000,40250.0,500,1,0,53000,0,5,0,0,4000,3,34,12,1,2,1,115500
6765,-390.0,48641.032064,610,0.0,1000,0.0,0,0,0,0,0,4,0,1,610,1,32,12,2,2,1,610
6770,548100.0,51883.767535,179000,400100.0,31000,78600.0,0,1,0,168000,0,4,1,1,9000,2,57,12,2,0,1,347000
6775,99211500.0,3123835.1703,40931500,58280000.0,0,38150000.0,35000000,1,38000000,2500000,0,3,0,1,31500,2,75,12,1,0,2,43431500
6780,1151900.0,50802.855711,887000,264900.0,0,266750.0,240000,1,0,165000,0,5,0,1,71000,2,66,12,2,0,3,1052000
6785,1393000.0,190240.48096,554500,840000.0,1500,400000.0,400000,1,75000,0,0,2,0,1,54500,2,69,12,1,0,2,554500
6790,-64710.0,129709.41884,12290,541000.0,618000,0.0,0,1,0,0,0,5,0,1,12290,1,43,13,1,0,1,12290
6795,6451000.0,403180.11022,1960000,4491000.0,0,0.0,0,1,4025000,442000,0,5,0,1,398000,3,70,8,1,0,2,2402000
6800,928000.0,0.0,117000,895000.0,84000,69000.0,0,1,318000,109000,0,2,0,1,8000,2,57,9,1,1,1,226000
6805,-12300.0,88634.769539,17700,0.0,30000,16000.0,0,0,0,16000,0,5,1,0,1700,2,55,12,2,1,1,33700
6810,560300.0,210777.80561,265000,310000.0,14700,43000.0,43000,0,250000,0,0,2,1,1,190000,3,29,12,1,0,2,265000
6815,10941500.0,378319.13828,518000,10760500.0,337000,235000.0,0,1,10000000,0,0,4,0,1,48000,3,60,11,1,0,2,518000
6820,2977000.0,149165.83166,45000,2962000.0,30000,0.0,0,1,2500000,0,0,5,0,1,45000,2,52,8,1,0,2,45000
6825,6673000.0,2042923.3467,5062000,2105000.0,494000,2135050.0,800000,1,200000,3326000,0,4,0,1,551000,3,50,13,1,2,1,8388000
6830,551120.0,51883.767535,5500,559000.0,13380,0.0,0,1,0,0,0,1,0,0,2500,3,55,12,2,0,1,5500
6835,29770.0,92958.416834,10770,192000.0,173000,130.0,0,1,0,1300,0,4,0,1,9470,3,27,12,1,0,2,12070
6840,11468000.0,1978068.6373,7686000,4272000.0,490000,3801000.0,1900000,1,400000,2661000,0,5,0,1,625000,3,68,12,1,0,3,10347000
6845,61070.0,21618.236473,48800,13000.0,730,31200.0,0,0,0,48000,0,1,0,0,800,3,42,8,2,1,1,96800
6850,272800.0,21618.236473,700,272100.0,0,0.0,0,1,0,0,0,5,0,0,700,2,78,5,1,0,3,700
6855,300900.0,29779.120741,36900,314000.0,50000,9000.0,0,1,0,9000,0,3,0,1,5900,0,85,12,2,0,3,45900
6860,2024440.0,174026.80361,5500,2025000.0,6060,0.0,0,0,2000000,0,0,4,1,0,5500,2,32,6,1,2,2,5500
6865,1032700.0,387614.97996,347000,882800.0,197100,100400.0,0,1,0,192000,0,4,0,1,125000,3,73,12,1,0,1,539000
6870,2040350.0,228072.39479,1106150,1204200.0,270000,787000.0,0,1,0,175000,0,2,0,1,136150,3,65,13,1,0,3,1281150
6875,21191.0,46479.208417,101,21880.0,790,0.0,0,0,480,0,0,2,0,0,101,0,28,8,1,4,2,101
6880,104340.0,35129.634269,9800,115500.0,20960,0.0,0,1,0,6000,0,2,1,0,3800,3,73,4,1,0,3,15800
6885,16000.0,31346.442886,5000,11000.0,0,0.0,0,0,0,0,0,5,0,0,5000,2,63,8,1,0,1,5000
6890,489580.0,18375.501002,80,489500.0,0,0.0,0,1,0,0,0,5,0,0,80,1,61,6,1,0,3,80
6895,85679300.0,14037261.398,8044300,77635000.0,0,7607000.0,5120000,1,74200000,2487000,0,2,0,1,17300,3,64,14,1,0,2,10531300
6900,55700.0,49721.943888,2000,104700.0,51000,0.0,0,1,0,0,0,1,0,0,2000,1,51,8,2,1,1,2000
6905,29009400.0,3848046.0922,17234400,12726000.0,951000,16136500.0,0,1,11000000,2000000,0,5,0,1,365400,3,56,13,1,2,2,19234400
6910,833400.0,214020.54108,512400,686000.0,365000,58000.0,0,1,0,152200,0,5,0,1,86200,3,66,12,1,0,2,664600
6915,317600.0,82149.298597,158400,159200.0,0,93000.0,0,1,0,21000,0,2,0,1,44400,2,41,12,1,3,1,179400
6920,10103000.0,657194.38878,8630000,2147000.0,674000,8300000.0,1500000,1,50000,6300000,0,2,0,1,160000,3,55,14,1,0,1,14930000
6925,-28280.0,25941.883768,520,36500.0,65300,0.0,0,0,500,0,0,5,1,0,270,2,58,8,2,2,2,520
6930,6511400.0,325354.45892,2197600,4983800.0,670000,1620100.0,100,1,2400000,1679000,0,3,0,1,223500,3,52,13,1,2,1,3876600
6935,454800.0,59450.150301,128800,326000.0,0,15000.0,0,1,0,30000,0,2,0,1,68800,2,69,8,2,0,3,158800
6940,426440900.0,12257540.08,79675900,346765000.0,0,78285000.0,25430000,1,338800000,2865000,0,2,0,1,993900,3,56,13,1,6,2,82540900
6945,58300.0,39993.737475,400,60900.0,3000,0.0,0,1,0,0,0,3,0,0,400,2,48,8,2,2,2,400
6950,485980.0,97282.064128,468880,18100.0,1000,8400.0,0,1,0,436000,0,5,0,1,32580,2,61,11,1,0,3,904880
6955,314700.0,147004.00802,89700,225000.0,0,0.0,0,1,0,0,0,5,0,1,42700,3,77,12,2,0,3,89700
6960,3586000.0,503704.90982,652000,3466000.0,532000,577750.0,0,1,1000000,327000,0,2,0,0,30000,3,55,14,1,2,2,979000
6965,4993000.0,108091.18236,4633000,360000.0,0,4050000.0,4000000,1,0,525000,1,5,0,1,108000,1,57,12,2,0,1,5158000
6970,10400.0,32427.354709,0,10400.0,0,0.0,0,0,0,0,0,5,0,0,0,3,42,2,1,0,1,0
6975,562201.0,183755.01002,396201,330000.0,164000,138250.0,0,1,0,395000,0,1,0,0,1201,3,48,8,1,2,1,791201
6980,219817900.0,21553792.51,9918000,216669900.0,6770000,3979000.0,864000,1,189670000,4454000,0,4,0,1,4559000,3,69,13,1,0,2,14372000
6985,13620.0,37831.913828,900,21100.0,8380,0.0,0,0,0,0,1,3,1,0,900,1,29,8,1,2,2,900
6990,-12320.0,113495.74148,101680,0.0,114000,82700.0,4700,0,0,95600,0,3,1,0,1380,2,57,9,1,1,1,197280
6995,2349990.0,144842.18437,793020,1841970.0,285000,494600.0,0,1,500000,792000,0,3,0,0,1020,2,73,12,1,0,3,1585020
7000,1353400.0,132952.15431,683300,880100.0,210000,332800.0,0,1,0,608000,0,5,0,1,36100,2,75,12,1,0,3,1291300
7005,5969000.0,1167384.7695,5415000,1444000.0,890000,4181000.0,430000,1,45000,2586000,0,2,0,1,474000,3,48,14,1,3,1,8001000
7010,7400.0,64854.709419,9000,0.0,1600,0.0,0,0,0,0,0,4,0,1,9000,2,56,8,1,0,1,9000
7015,14000.0,21618.236473,16000,0.0,2000,12000.0,12000,0,0,0,0,3,0,0,4000,1,79,9,2,0,3,16000
7020,172750.0,104848.44689,68450,241300.0,137000,52000.0,0,1,1000,28600,0,5,0,1,9850,3,28,8,1,1,1,97050
7025,-29900.0,51883.767535,8100,4700.0,42700,4900.0,0,0,0,4900,0,4,0,0,3200,3,26,13,2,0,1,13000
7030,799800.0,175107.71543,12000,1179800.0,392000,0.0,0,0,0,0,0,1,0,1,12000,2,39,8,1,0,1,12000
7035,938800.0,186997.74549,623400,316000.0,600,116400.0,0,1,0,157000,0,4,0,1,41400,2,90,12,2,0,3,780400
7040,6595905.0,336163.57715,4422905,3053000.0,880000,2594650.0,902000,1,0,2434000,0,1,0,0,676905,3,73,13,1,0,3,6856905
7045,1565700.0,118900.3006,1334700,292000.0,61000,1008000.0,0,1,0,30000,0,4,0,1,222700,3,56,12,2,0,1,1364700
7050,1785800.0,82149.298597,747800,1643000.0,605000,221350.0,0,1,35000,464000,0,4,0,0,81300,2,84,12,1,1,3,1211800
7055,6667400.0,322111.72345,2586400,4081000.0,0,612500.0,0,1,0,1500000,0,4,0,1,266400,3,69,12,1,0,3,4086400
7060,286499300.0,49073396.794,273346000,13187300.0,34000,201350000.0,0,1,0,2700000,0,5,0,1,6926000,2,66,8,1,0,3,276046000
7065,10611.0,12970.941884,7011,3600.0,0,0.0,0,0,0,7000,0,5,0,0,11,3,33,8,2,1,2,14011
7070,33000.0,81068.386774,34000,16000.0,17000,14400.0,0,0,0,24000,0,4,0,0,10000,3,57,12,1,2,1,58000
7075,451800.0,124304.85972,205900,442000.0,196100,16600.0,1500,1,0,163000,0,2,0,1,34400,3,29,12,1,0,1,368900
7080,3138100.0,104091.80862,994100,2144000.0,0,560000.0,0,1,0,135000,0,3,0,0,6100,2,82,12,2,0,3,1129100
7085,251700.0,175107.71543,124500,253600.0,126400,3500.0,0,1,0,113500,0,5,1,0,11000,3,67,8,1,0,1,238000
7090,15888000.0,2896843.6874,9129000,7487000.0,728000,7302600.0,0,1,1561000,2514000,0,4,0,1,759000,3,51,14,1,0,2,11643000
7095,14070.0,73502.004008,15170,16000.0,17100,10.0,10,0,0,0,0,2,1,0,15160,3,64,2,2,1,3,15170
7100,1435400.0,49073.396794,400000,1207600.0,172200,243000.0,0,1,0,68000,0,5,0,0,157000,3,82,10,2,0,3,468000
7105,122965.0,39993.737475,15865,244000.0,136900,165.0,0,1,0,15660,0,5,0,0,205,2,61,9,1,0,1,31525
7110,5600.0,48641.032064,0,5600.0,0,0.0,0,0,0,0,0,5,0,0,0,2,41,8,2,1,2,0
7115,61087540.0,3004934.8697,50437540,17460000.0,6810000,35796000.0,10480000,1,7030000,3073000,0,3,0,0,131540,3,68,14,1,0,1,53510540
7120,36520.0,37831.913828,3020,53000.0,19500,0.0,0,0,0,0,1,2,0,1,3020,1,50,8,1,3,3,3020
7125,135250.0,12970.941884,25800,111100.0,1650,0.0,0,1,0,0,0,1,1,0,800,2,76,9,2,0,3,25800
7130,8012.0,55126.503006,42,217000.0,209030,0.0,0,1,0,0,0,4,0,0,42,0,61,8,1,0,1,42
7135,21240.0,21618.236473,17050,27000.0,22810,0.0,0,0,0,0,0,1,0,0,2050,3,65,9,2,0,3,17050
7140,-38840.0,27022.795591,60,0.0,38900,0.0,0,0,0,0,0,3,0,0,60,0,38,9,2,0,2,60
7145,7000.0,25941.883768,7000,0.0,0,0.0,0,0,0,0,0,4,0,0,7000,1,34,5,1,5,3,7000
7150,2272220.0,188078.65731,1455520,1518000.0,701300,970076.92308,170000,1,0,960000,0,5,0,0,62520,3,55,12,1,1,1,2415520
7155,654600.0,60531.062124,71200,583400.0,0,0.0,0,1,0,0,0,5,0,0,11200,3,70,9,1,2,3,71200
7160,7385400.0,616119.73948,3037000,5098400.0,750000,1996400.0,0,1,0,1852000,0,2,0,1,165000,3,57,14,1,1,1,4889000
7165,800610.0,546941.38277,800610,0.0,0,475900.0,13000,0,0,130000,0,5,1,1,281610,3,27,12,2,0,1,930610
7170,850.0,12970.941884,850,0.0,0,0.0,0,0,0,0,0,4,0,1,850,3,83,2,2,0,3,850
7175,407670.0,86472.945892,56070,477000.0,125400,16500.0,0,1,0,55000,0,4,0,0,1070,1,58,7,1,0,1,111070
7180,4100.0,50802.855711,1400,4500.0,1800,0.0,0,0,0,0,0,2,1,0,1400,1,34,8,2,0,1,1400
7185,1567900.0,121062.12425,402300,1165600.0,0,76600.0,0,1,0,383000,0,4,0,1,15500,3,66,10,1,0,3,785300
7190,2490440.0,143761.27255,1998000,541000.0,48560,656500.0,565000,1,0,183000,0,3,0,1,1220000,3,50,12,1,1,1,2181000
7195,9600.0,63773.797595,9600,0.0,0,0.0,0,0,0,0,0,1,0,1,9600,2,44,9,2,2,2,9600
7200,563400.0,145923.09619,51400,586000.0,74000,0.0,0,1,23000,0,0,4,0,1,51400,3,36,12,2,0,1,51400
7205,755250.0,96201.152305,260250,495000.0,0,11750.0,0,1,1000,223250,0,4,0,1,37000,3,64,9,1,0,1,483500
7210,261500.0,15132.765531,37500,300000.0,76000,7000.0,0,1,0,35000,0,5,0,1,2500,2,63,8,2,0,3,72500
7215,1259700.0,179863.72745,324600,935100.0,0,73750.0,30000,1,0,206000,0,5,0,1,43600,3,78,14,1,0,2,530600
7220,895700.0,132952.15431,151100,900200.0,155600,12600.0,0,1,0,87000,0,1,0,1,61800,2,42,9,1,4,1,238100
7225,350000.0,48641.032064,61000,323000.0,34000,11000.0,11000,1,0,0,0,3,0,1,25000,2,71,10,1,0,3,61000
7230,2280500.0,154570.39078,1145500,1490000.0,355000,270700.0,0,1,7000,889000,0,4,0,1,256300,3,79,12,1,0,3,2034500
7235,9400.0,7674.4739479,4700,4700.0,0,0.0,0,0,0,0,0,4,0,0,4700,3,64,8,2,0,3,4700
7240,992110.0,223748.74749,756360,626600.0,390850,385300.0,95000,1,0,351000,0,2,0,1,277360,3,31,12,1,1,1,1107360
7245,-6199.0,92958.416834,1,0.0,6200,0.0,0,0,0,0,0,5,0,0,1,2,47,9,2,0,1,1
7250,2072250.0,139437.62525,1620900,451700.0,350,1046400.0,1400,1,10000,1605000,0,4,0,1,9500,3,69,13,1,0,2,3225900
7255,7261000.0,448578.40681,1205000,6362000.0,306000,535000.0,432000,1,4852000,103000,0,2,0,0,450000,3,56,13,1,1,2,1308000
7260,3730.0,8647.2945892,290,5800.0,2360,0.0,0,0,0,0,0,4,0,1,290,1,54,6,1,0,1,290
7265,-178270.0,23780.06012,530,24000.0,202800,0.0,0,0,0,0,0,5,0,0,530,3,45,12,2,0,4,530
7270,1265000.0,337244.48898,555000,1283000.0,573000,0.0,0,1,0,350000,0,1,0,0,205000,3,64,12,1,0,1,905000
7275,15253600.0,248609.71944,5628000,9637000.0,11400,334500.0,0,1,1200000,238000,0,5,0,0,40000,3,68,9,1,0,1,5866000
7280,31700.0,59450.150301,32700,0.0,1000,8000.0,0,0,0,32000,0,4,0,0,700,2,53,8,2,1,1,64700
7285,781800.0,172945.89178,226500,855800.0,300500,20300.0,2300,1,487000,120500,0,3,0,0,6700,3,51,14,1,2,2,347000
7290,23989000.0,431283.81764,20121000,3868000.0,0,12371600.0,1820000,1,2500000,1808000,0,4,0,1,4083000,3,69,12,1,0,3,21929000
7295,19730.0,49721.943888,630,225800.0,206700,0.0,0,1,0,0,0,1,0,1,630,0,48,8,2,1,1,630
7300,-1070.0,74582.915832,1030,11000.0,13100,0.0,0,0,0,0,0,5,0,0,1030,2,40,8,2,1,1,1030
7305,607420.0,97282.064128,184000,426000.0,2580,170000.0,0,1,0,170000,0,2,0,1,14000,3,65,12,1,2,1,354000
7310,314200.0,97282.064128,195000,293000.0,173800,24000.0,0,1,0,120000,0,4,0,1,75000,3,40,11,1,2,1,315000
7315,153100.0,199968.68737,13000,621000.0,480900,0.0,0,1,0,0,0,4,0,1,13000,2,40,13,1,3,1,13000
7320,20230.0,48641.032064,14200,6880.0,850,5950.0,0,0,0,0,0,4,0,1,5200,0,84,12,2,0,3,14200
7325,117196000.0,5458604.7094,15381000,102200000.0,385000,10974500.0,5660000,1,89910000,5288000,0,1,0,1,328000,3,61,13,1,0,2,20669000
7330,8013000.0,1336007.014,4754000,5119000.0,1860000,2998500.0,10000,1,0,2901000,0,2,0,1,131000,3,63,9,1,0,3,7655000
7335,366800.0,122143.03607,361800,5400.0,400,30500.0,0,0,0,40300,0,5,0,0,68500,3,49,12,1,2,1,402100
7340,426800.0,51883.767535,220000,252800.0,46000,123950.0,0,1,0,79000,0,4,0,1,21000,3,85,8,2,0,3,299000
7345,85000.0,151327.65531,55000,630000.0,600000,40000.0,0,1,0,40000,0,5,0,0,15000,3,32,12,1,1,1,95000
7350,467890200.0,9865957.8156,455122200,12768000.0,0,417237000.0,29200000,1,7780000,8627000,0,3,0,1,295200,3,75,13,1,0,2,463749200
7355,60230.0,71340.180361,148430,60000.0,148200,0.0,0,0,0,134000,0,2,0,0,14430,1,24,12,1,0,1,282430
7360,467400.0,0.0,85400,382000.0,0,0.0,0,1,0,61000,0,5,0,0,24400,3,59,12,1,0,2,146400
7365,-5130.0,107010.27054,9800,3700.0,18630,312.0,0,0,0,780,0,5,0,1,9020,3,26,9,1,2,1,10580
7370,658880.0,0.0,121300,630500.0,92920,0.0,0,1,170000,0,1,3,0,1,1300,3,60,9,1,0,2,121300
7375,9371000.0,296169.83968,5990000,3821000.0,440000,5050000.0,250000,1,800000,4000000,1,1,0,1,280000,3,72,14,2,0,1,9990000
7380,371000.0,58369.238477,20000,476000.0,125000,0.0,0,1,0,0,0,5,0,1,20000,3,66,8,1,0,1,20000
7385,3357150.0,137600.07515,326050,3245000.0,213900,155400.0,0,1,3000000,316000,0,1,0,0,10050,3,50,12,2,1,1,642050
7390,569700.0,74582.915832,297500,352500.0,80300,139500.0,0,1,0,237000,0,1,0,0,60500,2,57,13,1,2,1,534500
7395,-35070.0,122143.03607,90930,26000.0,152000,79930.0,930,0,0,79000,0,1,0,0,11000,3,48,14,2,0,1,169930
7400,7432000.0,1372758.016,6521000,2217000.0,1306000,6371000.0,3000000,1,0,371000,1,4,0,1,150000,3,45,13,2,0,1,6892000
7405,11277900.0,489653.05611,2731000,8547000.0,100,642000.0,0,1,5320000,1000000,0,1,0,1,191000,3,67,12,1,0,3,3731000
7410,266300.0,23780.06012,257500,8800.0,0,123500.0,1000,0,0,245000,1,4,0,0,11500,3,41,12,2,0,2,502500
7415,438200.0,51883.767535,4200,547000.0,113000,0.0,0,1,0,0,0,4,0,0,4200,2,59,8,1,3,2,4200
7420,239000.0,82149.298597,221600,17400.0,0,80000.0,0,0,0,0,0,2,0,0,21600,1,74,9,2,0,3,221600
7425,74572800.0,6053106.2124,46130800,31882000.0,3440000,4380480.0,2630000,1,25115000,1173100,0,2,0,1,14882700,3,61,12,1,0,2,47303900
7430,121100.0,128628.50701,10100,450000.0,339000,100.0,100,1,0,0,0,5,0,1,10000,3,30,12,1,1,1,10100
7435,579800.0,86472.945892,177000,595000.0,192200,129000.0,0,1,0,167800,0,5,1,0,9200,3,46,12,2,1,1,344800
7440,16000.0,12970.941884,16000,0.0,0,0.0,0,0,0,0,1,5,0,0,16000,2,22,12,2,0,4,16000
7445,2493500.0,85392.034068,2052500,441000.0,0,1512500.0,1100000,1,0,350000,0,4,0,1,352500,3,62,12,2,1,3,2402500
7450,1046600.0,137275.8016,1210,1254600.0,209210,0.0,0,1,977000,0,0,2,0,0,1210,2,51,12,1,2,2,1210
7455,1887000.0,211858.71743,1570000,465000.0,148000,48000.0,4300,1,0,1381000,0,5,0,1,154200,2,61,8,1,0,3,2951000
7460,4000.0,38912.825651,1500,4500.0,2000,0.0,0,0,0,0,0,4,0,1,1500,1,40,2,2,0,1,1500
7465,118000.0,91877.50501,99000,21000.0,2000,76500.0,20000,0,0,56500,0,5,0,1,22500,3,29,12,2,0,1,155500
7470,6000.0,62692.885772,7600,3400.0,5000,0.0,0,0,0,0,0,2,0,0,7600,2,63,8,1,0,1,7600
7475,18251000.0,351296.34269,11133000,7118000.0,0,9826900.0,112000,1,1140000,1594000,0,2,0,1,367000,3,71,12,2,0,3,12727000
7480,178850.0,162136.77355,75950,535700.0,432800,18000.0,15000,1,0,3000,0,4,1,0,11950,3,39,12,1,5,1,78950
7485,320700.0,271308.86774,90300,534000.0,303600,70000.0,0,1,0,50000,0,3,0,0,5300,3,43,12,1,0,1,140300
7490,20894000.0,1427884.519,13534000,7360000.0,0,9122000.0,5430000,1,371000,2372000,0,5,0,1,231000,3,76,14,1,0,2,15906000
7495,4180.0,22699.148297,80,4100.0,0,0.0,0,0,0,0,0,5,0,0,80,2,49,9,2,1,3,80
7500,5927900.0,371833.66733,4510900,1417000.0,0,257670.0,0,1,0,1336900,0,4,1,0,3174000,3,78,14,1,0,3,5847800
7505,39040.0,9295.8416834,160,39400.0,520,0.0,0,1,0,0,0,4,0,0,160,2,25,9,2,0,1,160
7510,62120.0,97282.064128,20220,84200.0,42300,0.0,0,1,10000,0,0,2,1,0,10220,3,38,8,1,2,2,20220
7515,1573100.0,154570.39078,1425000,397300.0,249200,75000.0,0,1,100000,150000,0,1,0,1,375000,3,56,12,1,2,2,1575000
7520,433760.0,113495.74148,48160,385600.0,0,0.0,0,1,0,0,0,5,0,1,28160,2,75,8,1,0,3,48160
7525,-30770.0,32427.354709,2030,0.0,32800,310.0,310,0,0,0,0,4,0,0,1720,2,43,12,1,0,4,2030
7530,19400.0,27022.795591,400,37700.0,18700,0.0,0,0,0,0,0,5,1,0,400,2,39,5,2,2,1,400
7535,969300.0,88094.313627,635300,356000.0,22000,462250.0,0,1,0,613500,0,4,0,1,21800,3,66,11,1,0,3,1248800
7540,14600.0,81068.386774,10300,43000.0,38700,2000.0,0,0,0,2000,0,2,0,1,8300,3,33,12,1,1,1,12300
7545,7401200.0,288603.45691,3822000,3592200.0,13000,3526000.0,0,1,3000000,3162000,0,5,0,1,60000,3,57,14,1,2,2,6984000
7550,1852500.0,14051.853707,563500,1289000.0,0,389000.0,209000,1,74000,180000,0,5,0,0,155500,2,89,13,1,0,3,743500
7555,144100.0,81068.386774,8100,660000.0,524000,4000.0,0,1,0,4000,0,5,0,1,4100,1,38,9,1,3,1,12100
7560,193460.0,56207.41483,12100,214500.0,33140,12000.0,0,1,0,12000,0,5,0,0,100,3,40,3,1,4,1,24100
7565,15500.0,10592.935872,15500,0.0,0,0.0,0,0,0,0,0,2,0,0,5000,3,65,12,2,0,2,15500
7570,1591400.0,732858.21643,1225400,1129000.0,763000,549500.0,500000,1,0,590000,0,1,0,1,135400,3,46,12,1,2,1,1815400
7575,1107500.0,405341.93387,792000,721500.0,406000,751000.0,580000,1,0,190000,0,4,0,1,22000,3,37,13,1,0,1,982000
7580,79762500.0,599906.06212,7042500,73200000.0,480000,1900000.0,0,1,30000000,0,0,1,0,1,5142500,3,71,13,1,0,2,7042500
7585,-29100.0,140518.53707,20900,71000.0,121000,200.0,200,0,0,0,0,3,0,0,20700,2,52,8,1,4,2,20900
7590,117700.0,137275.8016,129500,2000.0,13800,120000.0,0,0,0,120000,0,1,0,1,9500,2,45,12,1,0,1,249500
7595,31000.0,41074.649299,26200,5600.0,800,7500.0,0,0,0,25000,0,4,0,0,1200,2,61,8,2,0,1,51200
7600,3607500.0,194564.12826,2938000,730500.0,61000,2868000.0,0,1,0,2931000,0,5,0,0,7000,3,63,14,1,0,1,5869000
7605,1491200.0,85392.034068,321200,1170000.0,0,271500.0,0,1,0,290000,0,2,0,0,25200,3,48,14,1,2,1,611200
7610,9300.0,73502.004008,500,9000.0,200,0.0,0,0,0,0,0,1,1,0,500,2,58,12,2,0,1,500
7615,-1999.0,10809.118236,1,0.0,2000,0.0,0,0,0,0,0,2,0,0,1,2,65,5,2,0,3,1
7620,270520.0,81068.386774,62320,320000.0,111800,7950.0,0,1,0,53000,0,5,0,0,9320,2,47,8,2,0,1,115320
7625,1384510.0,144842.18437,843310,974000.0,432800,275000.0,0,1,0,15000,0,5,0,0,3310,0,50,9,1,2,1,858310
7630,56100.0,185916.83367,122760,32000.0,98660,52000.0,0,0,3000,52000,0,4,0,1,70760,2,41,13,1,1,1,174760
7635,1.0,9728.2064128,1,0.0,0,0.0,0,0,0,0,0,1,0,0,1,2,53,12,2,0,3,1
7640,187561000.0,4874912.3246,17405000,177339000.0,7183000,10984000.0,8360000,1,159540000,2624000,0,2,0,1,421000,3,70,12,1,0,2,20029000
7645,450.0,33508.266533,550,0.0,100,0.0,0,0,0,0,0,2,0,1,550,1,26,12,2,0,1,550
7650,20.0,30265.531062,20,0.0,0,0.0,0,0,0,0,0,5,0,0,20,1,60,7,2,0,3,20
7655,19155670.0,952283.31663,8435170,10915500.0,195000,3338000.0,250000,1,7000000,2860000,0,4,0,1,2925170,3,63,14,1,1,1,11295170
7660,3699100.0,1167384.7695,2397000,1302100.0,0,1588500.0,125000,1,0,1100000,0,5,0,1,252000,3,33,12,1,1,1,3497000
7665,139600.0,48641.032064,2000,300000.0,162400,0.0,0,1,0,0,0,1,1,0,2000,0,38,8,1,2,4,2000
7670,50280.0,25941.883768,280,50000.0,0,0.0,0,1,0,0,0,5,0,1,280,2,80,2,1,0,3,280
7675,-9850.0,62692.885772,1070,15000.0,25920,0.0,0,0,0,0,0,2,0,0,1070,2,46,14,1,5,2,1070
7680,1074570000.0,78463389.279,601090000,473480000.0,0,507710000.0,157710000,1,421170000,1450000,0,4,0,1,8390000,0,87,13,1,0,3,602540000
7685,9600.0,24860.971944,400,9200.0,0,0.0,0,0,0,0,0,5,0,0,400,1,70,8,2,1,1,400
7690,19479000.0,449659.31864,8979000,10700000.0,200000,8859000.0,0,1,10000000,8359000,0,1,0,1,20000,3,70,14,1,0,2,17338000
7695,2920300.0,378319.13828,1270300,1728000.0,78000,879800.0,0,1,600000,526000,0,2,0,1,44300,3,43,14,1,0,2,1796300
7700,621500.0,194564.12826,192000,1038000.0,608500,46500.0,43000,1,0,70000,0,5,0,1,69000,2,58,9,1,0,1,262000
7705,36403500.0,2986559.3687,31627500,4776000.0,0,14348000.0,10980000,1,0,14698000,0,5,0,1,549500,3,77,13,1,0,3,46325500
7710,204303100.0,4712775.5511,31099000,174494100.0,1290000,20810000.0,8990000,1,162830000,0,1,5,0,1,99000,3,46,13,1,0,2,31099000
7715,1536580.0,75663.827655,115200,1656800.0,235420,0.0,0,1,0,0,0,5,0,0,114700,2,50,9,2,1,1,115200
7720,64202000.0,3642672.8457,19767000,44435000.0,0,13252200.0,2500000,1,40000000,3537000,0,3,0,1,2835000,3,58,12,1,0,2,23304000
7725,-27250.0,39993.737475,50,47000.0,74300,0.0,0,0,0,0,0,2,0,0,50,2,41,12,2,4,1,50
7730,1140600.0,140518.53707,465200,675400.0,0,157500.0,0,1,0,0,0,5,0,1,15200,3,65,8,1,0,1,465200
7735,1613600.0,162136.77355,335000,1650000.0,371400,235000.0,100000,1,0,105000,0,2,0,1,130000,3,47,13,1,1,1,440000
7740,770600.0,56207.41483,205600,565000.0,0,10000.0,10000,1,0,0,0,4,0,1,95000,2,94,12,2,0,3,205600
7745,2670100.0,178350.4509,1580000,1090100.0,0,832000.0,0,1,0,1360000,0,2,0,1,128000,3,73,12,1,0,3,2940000
7750,273150.0,148084.91984,247650,541000.0,515500,200000.0,0,1,17000,200000,0,3,0,0,47600,3,39,12,1,0,1,447650
7755,70100.0,84311.122244,12800,288000.0,230700,2200.0,0,1,0,10000,0,5,0,0,2800,1,23,8,2,0,1,22800
7760,709800.0,143761.27255,55800,1085000.0,431000,0.0,0,1,0,0,0,5,0,1,54300,2,52,9,2,0,3,55800
7765,2998000.0,65935.621242,473000,2525000.0,0,33750.0,0,1,0,75000,0,3,0,0,398000,3,72,13,2,0,3,548000
7770,5000.0,42155.561122,10000,0.0,5000,0.0,0,0,0,0,1,5,0,0,10000,2,38,9,2,2,1,10000
7775,22631.0,112414.82966,29351,16000.0,22720,14000.0,0,0,0,20000,0,4,1,0,9351,1,31,9,1,1,1,49351
7780,50840.0,59450.150301,230,67000.0,16390,0.0,0,0,0,0,0,4,0,0,230,3,26,12,2,0,1,230
7785,300.0,11890.03006,300,0.0,0,0.0,0,0,0,0,0,4,0,0,300,2,60,8,2,0,3,300
7790,-5539.0,12970.941884,261,8600.0,14400,0.0,0,0,0,0,0,5,0,0,261,1,45,6,2,0,3,261
7795,519800.0,47560.12024,2800,681000.0,164000,2500.0,0,1,0,2500,0,5,1,0,300,2,53,11,2,0,1,5300
7800,2708800.0,342649.0481,2006000,943000.0,240200,750000.0,300000,1,0,500000,0,4,0,1,56000,3,82,12,2,0,3,2506000
7805,1100.0,16213.677355,1100,0.0,0,0.0,0,0,0,0,0,2,0,0,1100,2,68,8,2,0,3,1100
7810,125410.0,108091.18236,121310,208300.0,204200,100000.0,600,1,0,112000,0,4,0,1,8710,2,56,9,1,0,3,233310
7815,212676000.0,14743637.275,199355000,13321000.0,0,154230000.0,98760000,1,6890000,0,0,5,0,1,25285000,3,67,12,2,0,1,199355000
7820,798100.0,164298.59719,422600,630000.0,254500,209000.0,19000,1,0,380000,0,5,0,1,23600,3,44,13,1,2,1,802600
7825,177020.0,114576.65331,52100,324000.0,199080,0.0,0,1,50000,0,1,5,0,0,52100,3,56,8,2,1,3,52100
7830,34000.0,37831.913828,3000,31000.0,0,0.0,0,0,0,0,0,4,0,0,3000,1,65,8,2,0,1,3000
7835,419400.0,124304.85972,99000,578000.0,257600,58200.0,0,1,0,97000,0,5,0,0,2000,3,49,8,1,2,1,196000
7840,105880.0,118900.3006,17980,375000.0,287100,15000.0,0,1,0,15000,0,5,0,0,2980,3,34,9,1,2,1,32980
7845,126080.0,85392.034068,3500,275000.0,152420,0.0,0,1,0,0,0,1,0,0,3500,2,44,9,1,2,1,3500
7850,709280.0,455063.87776,19000,991000.0,300720,0.0,0,1,0,0,0,5,0,1,19000,2,48,12,1,2,1,19000
7855,1026280.0,224829.65932,539380,846900.0,360000,146200.0,92000,1,0,100000,0,5,0,1,21380,3,53,13,1,0,1,639380
7860,-5200.0,97282.064128,3800,13000.0,22000,3800.0,0,0,0,3800,0,1,0,0,0,1,33,11,2,0,1,7600
7865,192350.0,121062.12425,182650,9800.0,100,14200.0,0,0,0,93200,0,5,0,0,89450,3,28,12,1,0,1,275850
7870,12110.0,28103.707415,12110,0.0,0,0.0,0,0,0,12000,0,5,0,0,110,1,34,8,2,0,1,24110
7875,1093900.0,34589.178357,10000,1516500.0,432600,0.0,0,1,0,0,0,5,0,0,10000,2,78,6,2,0,3,10000
7880,3989500.0,1621367.7355,2858500,2130000.0,999000,2088500.0,1500000,1,0,177000,0,2,0,1,681500,3,39,13,1,2,1,3035500
7885,197321.0,36751.002004,621,310400.0,113700,0.0,0,1,0,0,0,4,0,0,621,3,71,9,1,0,3,621
7890,79810.0,32427.354709,1950,103000.0,25140,0.0,0,1,0,0,0,4,0,0,1950,2,43,4,2,0,1,1950
7895,612814.0,62692.885772,399330,297084.0,83600,216150.0,0,1,0,393000,0,4,0,1,6330,2,74,8,1,0,3,792330
7900,135850.0,107010.27054,35000,468100.0,367250,30000.0,0,1,0,30000,0,3,0,1,5000,1,43,9,1,4,1,65000
7905,3497000.0,354539.07816,2160000,1437000.0,100000,337500.0,0,1,987000,750000,0,5,0,1,1410000,3,77,12,1,0,2,2910000
7910,32272500.0,2842798.0962,4385500,27887000.0,0,1030000.0,380000,1,14800000,25000,0,5,0,1,1380500,3,37,8,1,3,2,4410500
7915,16800.0,18375.501002,7000,9800.0,0,0.0,0,0,0,0,0,5,0,0,5000,2,78,8,2,0,3,7000
7920,992250.0,110253.00601,432550,719000.0,159300,370000.0,0,1,0,400000,0,5,0,0,32500,3,60,12,2,0,1,832550
7925,398300.0,45398.296593,0,748300.0,350000,0.0,0,1,0,0,0,5,1,0,0,2,60,6,1,0,4,0
7930,76900.0,97282.064128,1500,137000.0,61600,0.0,0,1,0,0,0,2,0,0,1500,1,55,9,2,0,1,1500
7935,36785600.0,6712462.4248,26623000,10162600.0,0,15184900.0,11500000,1,962000,1834000,0,4,0,1,10212000,3,52,14,1,2,1,28457000
7940,23028000.0,1221430.3607,9339000,16480000.0,2791000,5614400.0,5240000,1,6662000,869000,0,2,0,1,2530000,3,64,12,1,0,1,10208000
7945,22400.0,25941.883768,15300,7100.0,0,0.0,0,0,0,0,0,5,0,0,15300,3,39,13,2,0,4,15300
7950,293310.0,99443.887776,125300,238900.0,70890,30000.0,0,1,0,120000,0,3,1,0,5300,2,64,9,1,1,1,245300
7955,4548000.0,815007.51503,2820000,2728000.0,1000000,610000.0,60000,1,1500000,1300000,0,4,0,1,1200000,1,63,14,1,0,3,4120000
7960,4009220.0,985791.58317,2157220,2627000.0,775000,2012900.0,670000,1,0,244000,0,2,0,1,20000,3,57,13,1,1,1,2401220
7965,1000.0,33508.266533,1000,0.0,0,0.0,0,0,0,0,0,2,0,0,1000,1,44,5,2,5,4,1000
7970,1164740.0,45398.296593,516940,781000.0,133200,393040.0,40,1,225000,495000,0,5,0,1,11900,3,49,13,1,0,2,1011940
7975,5338770.0,552345.94188,2396770,3363000.0,421000,824200.0,530000,1,1000000,1560000,0,4,0,1,269770,3,54,12,1,2,1,3956770
7980,1200600.0,261580.66132,712000,838000.0,349400,470000.0,90000,1,0,140000,0,1,0,1,382000,3,34,12,1,1,1,852000
7985,63775.0,102686.62325,11675,234000.0,181900,0.0,0,1,10000,0,0,4,0,0,11675,2,34,8,1,1,1,11675
7990,375310.0,22699.148297,48310,327000.0,0,48000.0,48000,1,0,0,0,5,0,0,310,2,69,8,2,0,3,48310
7995,21160.0,75663.827655,12310,21000.0,12150,400.0,400,0,0,0,0,3,0,0,10410,2,60,9,2,0,3,12310
8000,2041080.0,130033.69238,1681400,368000.0,8320,856800.0,0,1,0,440400,0,4,0,1,454000,3,70,13,1,0,2,2121800
8005,34673000.0,2432051.6032,3316000,32026000.0,669000,2050470.0,1150000,1,31100000,9400,0,1,0,1,31600,3,46,14,2,2,1,3325400
8010,1181900.0,144842.18437,2900,1395000.0,216000,0.0,0,1,1000000,0,0,4,0,0,2900,3,63,13,2,0,1,2900
8015,455700.0,97282.064128,15000,444000.0,3300,0.0,0,0,400000,0,0,4,0,0,15000,2,46,14,2,0,2,15000
8020,2035400.0,685298.09619,1315300,2019100.0,1299000,1277650.0,0,1,0,1252000,0,2,0,1,15300,3,48,13,1,2,1,2567300
8025,224000.0,130790.33066,123400,490900.0,390300,12100.0,0,1,0,117000,0,2,0,0,6100,2,37,9,1,0,1,240400
8030,30800.0,54045.591182,30400,14600.0,14200,1200.0,0,0,0,24000,0,4,1,1,6400,3,54,11,2,1,1,54400
8035,424000.0,81068.386774,5000,431000.0,12000,0.0,0,1,0,0,0,4,0,0,5000,3,39,11,1,0,1,5000
8040,262200.0,83230.210421,99000,163200.0,0,10500.0,0,1,0,97000,0,4,0,1,2000,1,71,8,1,0,3,196000
8045,143530.0,103767.53507,76820,299000.0,232290,73900.0,0,1,0,74200,0,4,1,0,2620,1,45,7,1,1,1,151020
8050,37809000.0,1978068.6373,4820000,33327000.0,338000,2932500.0,0,1,31300000,1800000,0,2,0,0,795000,3,58,14,2,0,2,6620000
8055,700720.0,162136.77355,338420,965800.0,603500,0.0,0,1,0,57000,0,5,0,0,276920,3,69,8,1,1,3,395420
8060,6320000.0,284279.80962,4999000,1321000.0,0,3975000.0,500000,1,0,3170000,0,5,0,1,29000,2,75,14,1,0,3,8169000
8065,15060.0,64854.709419,4380,24400.0,13720,80.0,0,0,0,0,1,4,0,0,3300,3,24,8,2,0,1,4380
8070,252400.0,28103.707415,500,262900.0,11000,0.0,0,1,0,0,0,4,0,0,500,2,72,8,1,0,3,500
8075,178700.0,15132.765531,46000,132700.0,0,3300.0,0,1,0,0,0,5,0,1,40000,2,85,8,2,0,3,46000
8080,127350.0,126466.68337,24350,315000.0,212000,0.0,0,1,0,0,0,4,0,1,24350,3,60,14,2,0,1,24350
8085,339900.0,73502.004008,128500,521400.0,310000,42300.0,7500,1,0,116000,0,2,0,1,5000,2,60,9,2,0,3,244500
8090,2054100.0,69178.356713,1780000,276500.0,2400,894000.0,40000,1,0,1180000,0,5,0,1,520000,3,65,12,1,0,3,2960000
8095,284100.0,24860.971944,78600,331600.0,126100,85.0,10,1,0,300,1,5,0,0,290,3,47,12,2,1,2,78900
8100,601860.0,158894.03808,181000,547000.0,126140,127900.0,0,1,0,151000,0,2,0,0,30000,3,49,13,1,2,1,332000
8105,197200.0,48641.032064,2200,287000.0,92000,0.0,0,1,0,0,0,3,0,0,2200,2,45,12,1,2,1,2200
8110,29100.0,75663.827655,21000,8100.0,0,0.0,0,0,0,0,0,5,0,1,21000,2,34,9,1,0,1,21000
8115,68557000.0,2280723.9479,15565000,52992000.0,0,3420000.0,0,1,31500000,3200000,0,3,1,1,265000,3,65,12,1,0,2,18765000
8120,243000.0,44317.38477,17600,225400.0,0,0.0,0,1,0,0,0,5,0,0,17600,3,85,5,1,0,3,17600
8125,1974510.0,234557.86573,1258810,868700.0,153000,527410.0,0,1,0,701010,1,5,0,0,5700,2,55,12,1,2,1,1959820
8130,31510.0,39993.737475,10,54000.0,22500,0.0,0,0,0,0,0,4,0,0,10,2,61,4,2,0,1,10
8135,-4030.0,46479.208417,11770,0.0,15800,0.0,0,0,0,0,0,1,1,0,1220,1,37,9,1,0,2,11770
8140,22300.0,51883.767535,4800,20500.0,3000,0.0,0,0,0,0,0,2,0,1,4800,2,45,3,1,5,1,4800
8145,11447300.0,606391.53307,4736000,7298300.0,587000,3620000.0,3200000,1,4000000,525000,0,5,0,1,411000,3,77,9,1,0,3,5261000
8150,14500.0,49721.943888,1500,13000.0,0,0.0,0,0,0,0,0,4,0,1,0,1,47,8,1,1,1,1500
8155,658130.0,33508.266533,299630,358500.0,0,0.0,0,1,0,0,0,2,0,1,16630,2,68,10,2,0,3,299630
8160,-241000.0,21618.236473,7500,12000.0,260500,0.0,0,0,0,0,0,3,1,0,500,0,21,12,2,0,1,7500
8165,-81770.0,35670.09018,12530,26000.0,120300,2000.0,0,0,0,5000,0,2,0,1,7530,2,33,13,2,2,1,17530
8170,828200.0,75663.827655,146900,766500.0,85200,18000.0,0,1,0,120000,0,4,0,0,22300,2,62,12,2,0,1,266900
8175,215700.0,122143.03607,46900,488000.0,319200,18000.0,0,1,0,40000,0,2,1,0,6900,0,36,10,1,1,1,86900
8180,160.0,27022.795591,160,0.0,0,0.0,0,0,0,0,0,4,0,0,160,3,76,12,2,0,3,160
8185,3747140.0,644223.44689,1780140,1967000.0,0,1274100.0,267000,1,27000,775000,0,4,0,0,238140,3,44,14,1,2,2,2555140
8190,434260.0,96201.152305,83260,412000.0,61000,3700.0,0,0,372000,74000,0,4,0,0,9260,2,45,9,2,3,4,157260
8195,921500.0,76744.739479,388500,533000.0,0,374000.0,255000,1,0,119000,0,5,0,1,14500,2,84,11,1,0,3,507500
8200,393300.0,155651.30261,375300,40000.0,22000,263500.0,0,0,0,16500,0,2,0,1,53800,3,42,13,1,0,1,391800
8205,448370.0,7782.5651303,233120,310500.0,95250,15000.0,15000,1,0,0,0,5,0,0,77120,3,65,13,2,1,2,233120
8210,181980.0,0.0,980,181000.0,0,0.0,0,1,0,0,0,5,0,0,980,1,62,5,2,0,2,980
8215,1165300.0,100524.7996,15500,1593000.0,443200,0.0,0,1,500000,0,0,5,0,0,15500,2,46,8,1,2,2,15500
8220,-28500.0,30265.531062,0,5500.0,34000,0.0,0,0,0,0,0,5,0,0,0,2,37,9,2,0,2,0
8225,2315000.0,182674.0982,2035000,780000.0,500000,2000000.0,1600000,1,0,400000,0,4,0,1,35000,1,74,14,2,0,3,2435000
8230,71681.0,34589.178357,831,106100.0,35250,0.0,0,1,0,0,0,4,0,0,830,1,65,8,2,1,1,831
8235,-15400.0,49721.943888,50100,9500.0,75000,100.0,0,0,0,100,0,3,0,0,50000,3,32,13,2,0,1,50200
8240,27960.0,61611.973948,12000,17100.0,1140,4000.0,0,0,0,4000,0,2,1,0,8000,2,26,11,1,4,1,16000
8245,748200.0,194564.12826,226200,787000.0,265000,34440.0,0,1,0,40200,0,2,0,0,118500,3,38,8,1,1,1,266400
8250,640.0,58369.238477,640,8500.0,8500,0.0,0,0,0,0,0,2,1,0,640,3,53,8,1,1,1,640
8255,159900.0,140518.53707,134000,46000.0,20100,104000.0,0,0,0,130000,0,3,0,1,4000,2,35,8,1,0,1,264000
8260,97500.0,32427.354709,1000,287900.0,191400,0.0,0,1,0,0,0,3,0,0,1000,1,56,12,1,1,3,1000
8265,23657900.0,750152.80561,5542000,18115900.0,0,2600000.0,0,0,17670000,200000,0,4,0,1,2342000,3,64,14,1,0,3,5742000
8270,1183300.0,121062.12425,776100,435400.0,28200,88000.0,0,1,0,600000,0,5,0,1,16100,3,62,13,1,3,3,1376100
8275,211900.0,139437.62525,223000,3900.0,15000,110900.0,5000,0,0,210000,0,2,0,0,8000,2,45,14,1,1,1,433000
8280,4191330.0,887428.60721,1930330,3341000.0,1080000,1120000.0,70000,1,2331000,35000,0,5,0,1,129330,3,49,9,1,0,1,1965330
8285,300300.0,49721.943888,82300,272000.0,54000,2000.0,0,1,50000,2000,0,4,0,0,80300,3,68,12,2,0,2,84300
8290,14370.0,151327.65531,9500,46000.0,41130,8000.0,0,0,0,8000,0,4,0,0,1500,2,38,8,1,1,1,17500
8295,411300.0,64854.709419,152300,417000.0,158000,90000.0,0,1,0,120000,0,4,0,1,32300,3,43,12,1,4,1,272300
8300,1200000.0,473439.37876,578000,622000.0,0,0.0,0,0,616000,0,0,1,0,1,177000,3,69,12,1,0,3,578000
8305,8016000.0,2215869.2385,3766000,4850000.0,600000,1626000.0,781000,1,3000000,1680000,0,3,0,1,430000,3,50,14,1,2,2,5446000
8310,1049750.0,196725.9519,802050,489700.0,242000,729700.0,70000,1,0,560000,0,5,0,1,34050,2,43,10,1,2,1,1362050
8315,21251000.0,5620741.483,14325000,7676000.0,750000,13045000.0,25000,1,75000,1200000,0,4,0,1,1100000,1,46,12,1,2,1,15525000
8320,21930.0,130790.33066,1250,138000.0,117320,0.0,0,1,0,0,0,3,1,0,1250,3,72,9,1,1,1,1250
8325,454200.0,50802.855711,233200,246000.0,25000,0.0,0,1,0,174000,0,5,0,1,59200,2,67,8,2,0,1,407200
8330,179780.0,94039.328657,36480,512300.0,369000,11545.0,0,1,0,15000,1,5,0,0,1300,2,52,8,1,3,1,51480
8335,1464200.0,237800.6012,326500,1365900.0,228200,175000.0,140000,1,592000,50000,0,4,0,1,136500,3,53,9,1,3,1,376500
8340,143840.0,75663.827655,43140,333200.0,232500,33600.0,0,1,0,42000,0,4,1,0,1140,3,38,9,2,0,1,85140
8345,5267000.0,460468.43687,3647000,2250000.0,630000,2190000.0,325000,1,250000,638000,0,4,0,0,491000,3,53,14,1,1,2,4285000
8350,1259570.0,239962.42485,422520,1226900.0,389850,33525.0,4000,1,20000,262000,0,3,0,1,136520,3,45,12,1,4,1,684520
8355,583500.0,43236.472946,574500,28000.0,19000,388100.0,180000,0,0,346500,0,3,0,0,48000,3,40,13,2,0,1,921000
8360,2312300.0,84311.122244,1269300,1061000.0,18000,554620.0,0,1,0,941600,0,5,0,1,10700,3,70,13,2,0,1,2210900
8365,883800.0,151327.65531,361700,886000.0,363900,297000.0,19000,1,0,330000,0,2,0,0,12700,0,48,12,1,2,1,691700
8370,1511900.0,500462.17435,623800,1300000.0,411900,607000.0,25000,1,200000,357000,0,4,0,1,241800,3,49,14,1,2,2,980800
8375,351800.0,45938.752505,187500,164300.0,0,36000.0,20000,1,0,160000,0,5,0,1,7500,2,77,12,2,0,3,347500
8380,13600.0,61611.973948,1600,12000.0,0,0.0,0,0,0,0,0,1,0,0,600,2,48,8,2,0,4,1600
8385,61700.0,75663.827655,10300,145000.0,93600,6300.0,5300,1,0,4000,0,5,0,1,1000,3,30,12,2,0,1,14300
8390,6892000.0,1859168.3367,5743000,2129000.0,980000,4198000.0,0,1,0,1108000,0,3,0,1,255000,3,52,12,1,0,3,6851000
8395,184660.0,14051.853707,59600,125060.0,0,0.0,0,1,0,0,0,4,0,0,12600,3,66,9,2,0,3,59600
8400,31600.0,28103.707415,0,31900.0,300,0.0,0,1,0,0,0,5,0,1,0,1,68,-1,1,3,1,0
8405,6842000.0,794470.19038,5055000,1787000.0,0,4512500.0,10000,1,0,1525000,0,5,0,1,520000,3,64,9,1,0,1,6580000
8410,227100.0,86472.945892,118000,277000.0,167900,39750.0,0,1,0,100000,0,2,0,0,18000,3,30,13,2,1,1,218000
8415,229000.0,278875.2505,166000,561000.0,498000,90400.0,0,1,0,113000,0,2,0,1,53000,3,35,13,1,0,1,279000
8420,93300.0,122143.03607,85100,8200.0,0,2800.0,0,0,0,11000,0,3,0,0,44100,3,26,12,1,0,1,96100
8425,3001000.0,1040918.0862,2580000,421000.0,0,255000.0,255000,1,0,1105000,0,4,0,1,1220000,3,49,12,1,3,1,3685000
8430,977600.0,165379.50902,264200,763200.0,49800,144500.0,0,1,0,250000,0,5,0,0,14200,3,43,11,1,2,1,514200
8435,24300.0,47560.12024,4800,19800.0,300,4400.0,4400,0,0,0,0,4,0,0,400,1,39,9,2,0,1,4800
8440,393000.0,291846.19238,55000,549000.0,211000,0.0,0,1,202000,0,0,5,0,0,55000,3,48,12,1,0,2,55000
8445,4453000.0,469115.73146,3530000,1893000.0,970000,1435000.0,350000,1,10000,1850000,0,5,0,1,180000,3,61,14,1,1,1,5380000
8450,-450.0,51883.767535,320,0.0,770,0.0,0,0,0,0,1,2,0,0,320,1,42,5,1,3,1,320
8455,1994901.0,84311.122244,1266001,918900.0,190000,299500.0,0,1,0,136000,0,3,0,0,1,3,61,8,2,0,1,1402001
8460,1174000.0,73610.09519,723000,451000.0,0,510000.0,250000,1,0,200000,0,5,0,1,37000,3,80,12,1,0,3,923000
8465,11989000.0,1113339.1784,1960000,10209000.0,180000,1315000.0,1090000,1,4500000,520000,0,5,0,1,50000,2,64,12,1,0,2,2480000
8470,30400.0,24860.971944,400,30000.0,0,0.0,0,1,0,0,0,1,0,0,400,1,62,-1,1,1,3,400
8475,422700.0,36751.002004,417500,5200.0,0,200000.0,0,0,0,400000,0,5,0,0,7500,3,69,14,2,0,2,817500
8480,162600.0,76744.739479,125500,41000.0,3900,33750.0,0,0,0,43000,0,1,0,1,81000,2,28,12,2,0,1,168500
8485,-18490.0,49721.943888,880,8200.0,27570,0.0,0,0,0,0,0,5,1,0,80,0,28,9,2,0,1,880
8490,17900.0,100524.7996,1500,35400.0,19000,0.0,0,0,0,0,0,4,0,1,1500,2,48,8,1,1,2,1500
8495,2327500.0,594501.50301,1534500,2147000.0,1354000,1360000.0,560000,1,0,800000,0,4,0,1,72000,3,41,13,1,2,1,2334500
8500,3450000.0,291846.19238,2574000,876000.0,0,1311750.0,0,1,0,1590000,0,5,0,1,84000,1,62,12,1,0,1,4164000
8505,6600.0,47560.12024,900,5700.0,0,0.0,0,0,0,0,0,1,0,0,900,1,44,8,1,2,1,900
8510,484900.0,14051.853707,35900,449000.0,0,1000.0,0,1,0,30000,0,5,0,0,5900,3,31,9,2,0,2,65900
8515,346000.0,244286.07214,161000,960000.0,775000,70000.0,20000,1,0,100000,0,1,0,1,41000,3,35,12,1,0,1,261000
8520,119000.0,54045.591182,14000,129000.0,24000,0.0,0,1,0,0,0,2,0,0,14000,3,27,7,1,2,1,14000
8525,1810060.0,48641.032064,171060,1653000.0,14000,0.0,0,0,0,0,0,4,0,1,171060,3,59,13,2,0,2,171060
8530,355900.0,11890.03006,3000,360400.0,7500,0.0,0,1,0,0,0,5,0,0,3000,2,63,8,2,0,3,3000
8535,43298000.0,972820.64128,21600000,21698000.0,0,12950000.0,7500000,1,0,3500000,0,3,0,1,2100000,3,84,14,1,0,2,25100000
8540,2476100.0,63773.797595,662100,1814000.0,0,0.0,0,1,0,650000,0,4,0,0,12100,1,67,12,2,0,3,1312100
8545,2088680.0,48424.849699,461880,1912800.0,286000,122600.0,0,1,805000,241880,0,4,0,1,220000,3,65,12,1,0,2,703760
8550,69510.0,86472.945892,3110,294700.0,228300,0.0,0,1,0,0,0,5,0,1,3110,2,49,4,1,1,1,3110
8555,24780.0,64854.709419,20080,238000.0,233300,6900.0,0,1,0,6900,0,4,0,0,13180,3,39,12,2,2,1,26980
8560,442900.0,108091.18236,435200,7700.0,0,296000.0,5000,0,0,110000,0,5,0,1,200,2,25,12,1,0,1,545200
8565,-15360.0,16213.677355,1740,7900.0,25000,0.0,0,1,0,0,0,5,1,1,1740,2,77,14,2,0,3,1740
8570,96790.0,43236.472946,0,154790.0,58000,0.0,0,1,0,0,0,2,0,0,0,2,63,8,2,0,1,0
8575,-102899.0,79987.47495,3001,5500.0,111400,1500.0,0,0,0,3000,0,3,1,0,1,1,40,12,1,4,1,6001
8580,13814500.0,331839.92986,1718500,12341000.0,245000,1182000.0,20000,0,11480000,1162000,0,4,0,1,101500,3,61,12,1,0,1,2880500
8585,52820.0,73502.004008,54020,9300.0,10500,28800.0,0,0,0,32000,0,4,0,1,22020,3,30,12,2,0,1,86020
8590,-75850.0,43236.472946,4150,0.0,80000,4000.0,0,0,0,4000,0,4,1,0,150,3,36,13,2,1,1,8150
8595,39860.0,39993.737475,3100,60900.0,24140,0.0,0,1,0,0,0,5,1,0,3100,3,50,8,2,0,3,3100
8600,657000.0,38912.825651,317000,340000.0,0,0.0,0,1,0,217000,0,5,0,1,10000,3,68,8,1,1,3,534000
8605,290.0,25941.883768,290,0.0,0,0.0,0,0,0,0,0,3,0,0,290,3,71,3,2,0,3,290
8610,27502800.0,569640.53106,20974000,6528800.0,0,6904700.0,4000000,1,2700000,4087000,0,1,0,1,1477000,3,72,14,1,1,2,25061000
8615,28522000.0,4085846.6934,21202000,7320000.0,0,14157000.0,0,1,5600000,3957000,0,3,0,1,20000,3,61,12,1,0,1,25159000
8620,81800.0,145923.09619,67800,19000.0,5000,30040.0,0,0,0,30800,0,2,0,1,37000,2,27,12,1,0,1,98600
8625,108480.0,30265.531062,180,108300.0,0,0.0,0,1,0,0,0,5,0,0,180,2,78,9,1,0,3,180
8630,200960.0,81068.386774,107760,284200.0,191000,24500.0,0,1,0,0,0,4,0,1,9760,3,56,10,2,3,1,107760
8635,3276900.0,345891.78357,306000,4250000.0,1279100,36000.0,11000,1,2600000,25000,0,4,0,0,270000,3,46,12,1,3,1,331000
8640,16185310.0,1815931.8637,2303310,16742000.0,2860000,343000.0,0,1,13750000,490000,0,3,0,1,963310,3,62,13,1,0,2,2793310
8645,6523450.0,127547.59519,4670910,1928100.0,75560,4563000.0,4260000,1,10000,0,0,2,0,1,150910,3,58,13,1,2,2,4670910
8650,216600.0,86148.672345,17500,427500.0,228400,15500.0,500,1,0,15000,0,4,0,1,2000,3,75,13,1,1,1,32500
8655,262100.0,148084.91984,230100,32000.0,0,43500.0,30000,0,0,0,0,2,0,0,200100,2,29,13,1,0,1,230100
8660,37000.0,0.0,83000,14000.0,60000,8000.0,8000,0,0,0,0,4,0,0,75000,2,26,12,2,0,4,83000
8665,78800.0,16213.677355,1300,87000.0,9500,0.0,0,1,0,0,0,4,0,0,1300,2,73,9,2,0,1,1300
8670,449550.0,144842.18437,63150,636400.0,250000,0.0,0,1,0,0,0,5,0,1,3150,0,74,9,2,0,3,63150
8675,-50990.0,54045.591182,6010,63000.0,120000,6000.0,6000,0,0,0,0,5,0,0,10,3,57,9,2,0,3,6010
8680,15200.0,37831.913828,4200,27600.0,16600,0.0,0,0,9800,0,0,4,0,0,4200,2,52,12,1,4,1,4200
8685,-910.0,14051.853707,20,0.0,930,0.0,0,0,0,0,0,4,0,0,20,2,70,7,2,0,3,20
8690,2124520.0,100524.7996,379020,2903200.0,1157700,212200.0,0,1,150000,332000,0,4,0,1,27020,3,46,14,2,0,1,711020
8695,926620.0,129709.41884,428500,674000.0,175880,120900.0,0,1,0,393000,0,4,0,0,35500,3,59,12,2,0,1,821500
8700,1936700.0,428041.08216,953300,1236400.0,253000,378750.0,100000,1,5400,625000,0,5,0,1,35300,3,58,14,1,3,1,1578300
8705,7602500.0,763123.74749,3928500,3674000.0,0,3140000.0,0,1,0,0,0,4,0,1,24500,2,57,12,1,1,1,3928500
8710,263550.0,44317.38477,16550,347000.0,100000,12000.0,0,1,0,12000,0,5,1,0,4550,2,53,11,2,0,2,28550
8715,600.0,15132.765531,600,0.0,0,0.0,0,0,0,0,0,4,0,0,600,2,61,8,2,0,3,600
8720,43100.0,37831.913828,3000,40100.0,0,0.0,0,1,0,0,0,5,0,0,3000,2,78,2,1,3,1,3000
8725,304200.0,32427.354709,18300,643000.0,357100,0.0,0,1,0,0,0,5,0,1,6300,2,59,8,1,1,1,18300
8730,11510.0,32427.354709,11620,0.0,110,8000.0,0,0,0,0,1,5,1,0,3620,1,40,11,2,1,4,11620
8735,8800.0,16213.677355,200,8600.0,0,0.0,0,0,0,0,0,5,0,0,200,1,46,6,2,1,3,200
8740,-50.0,25941.883768,2510,8200.0,10760,0.0,0,0,0,0,0,4,0,0,2510,2,75,10,1,0,3,2510
8745,11700.0,24860.971944,2200,9500.0,0,0.0,0,0,9500,0,0,1,0,0,2200,1,37,6,1,1,1,2200
8750,752400.0,70259.268537,146000,947900.0,341500,5100.0,0,1,200000,119000,0,4,0,0,27000,2,40,12,1,3,2,265000
8755,158800.0,71340.180361,19300,205600.0,66100,10200.0,0,1,0,17000,0,5,1,0,2300,1,45,4,2,1,1,36300
8760,413000.0,113495.74148,171000,729000.0,487000,77500.0,0,1,0,97000,0,4,0,1,74000,2,58,8,1,0,1,268000
8765,69400.0,108091.18236,12500,204500.0,147600,0.0,0,1,0,0,0,5,0,0,10000,2,67,13,1,0,1,12500
8770,374800.0,91877.50501,5100,444400.0,74700,0.0,0,1,0,0,0,5,0,0,5100,2,58,9,1,1,1,5100
8775,399800.0,88634.769539,167600,336000.0,103800,128000.0,0,1,0,160000,1,4,0,0,6600,2,49,9,1,0,1,327600
8780,15031890.0,3534581.6633,9797590,7576000.0,2341700,5503277.5229,2000000,1,1000000,4640000,0,4,0,1,915590,3,63,14,1,3,2,14437590
8785,35905000.0,1184679.3587,36620000,1535000.0,2250000,35000000.0,30000000,1,0,5000000,0,1,0,1,820000,1,82,12,2,0,3,41620000
8790,33700.0,60531.062124,32700,28000.0,27000,0.0,0,0,0,0,0,2,0,0,9100,2,30,11,2,3,1,32700
8795,134730.0,75663.827655,8200,151600.0,25070,0.0,0,1,0,0,0,2,0,0,3200,2,40,3,1,2,1,8200
8800,74810.0,94039.328657,76930,4500.0,6620,31700.0,30000,0,0,17000,0,2,0,0,29930,3,29,12,2,0,1,93930
8805,49000.0,7350.2004008,24000,25000.0,0,0.0,0,0,0,0,0,4,0,0,24000,3,24,12,2,0,1,24000
8810,12505000.0,1815931.8637,8985000,3520000.0,0,6643000.0,0,1,50000,1090000,0,3,0,1,195000,3,68,12,1,0,3,10075000
8815,468734000.0,7620428.3567,164246000,304559000.0,71000,154040000.0,141440000,1,47500000,6016000,0,4,0,1,9978000,3,72,13,1,0,3,170262000
8820,89997900.0,2096968.9379,19987000,70012000.0,1100,15823000.0,8870000,1,28766000,558000,0,2,0,1,49000,3,86,12,2,0,2,20545000
8825,1332000.0,190240.48096,900000,959000.0,527000,756000.0,40000,1,0,625000,0,2,0,0,25000,3,61,13,1,0,1,1525000
8830,39700.0,28103.707415,3200,94500.0,58000,0.0,0,1,0,0,0,5,0,0,3200,2,59,7,2,2,1,3200
8835,664670000.0,38264278.557,31186000,636384000.0,2900000,29570000.0,29570000,1,614810000,0,0,2,0,1,526000,3,83,9,1,0,2,31186000
8840,2200.0,32427.354709,2200,0.0,0,0.0,0,0,0,0,1,5,0,0,2200,2,67,3,2,0,3,2200
8845,602350.0,332920.84168,772000,930350.0,1100000,105000.0,0,1,114400,420000,0,4,0,1,342000,3,71,12,1,0,2,1192000
8850,338600.0,102686.62325,83500,601100.0,346000,39500.0,0,1,298100,59500,0,4,0,1,24000,3,38,13,2,0,1,143000
8855,1319100.0,140518.53707,646000,674100.0,1000,484000.0,0,1,0,640000,0,4,0,0,6000,3,75,13,1,0,3,1286000
8860,68616900.0,11652229.459,46922900,23170000.0,1476000,33516080.607,22780000,1,13800000,8453000,0,4,0,1,3184900,3,62,14,1,0,2,55375900
8865,657430.0,150246.74349,326530,330900.0,0,177000.0,0,0,45000,210000,0,5,0,1,116530,2,36,13,1,0,1,536530
8870,348790.0,97282.064128,77390,410100.0,138700,35000.0,0,1,0,60000,0,2,1,0,17390,3,57,9,1,0,3,137390
8875,334800.0,50802.855711,69500,409300.0,144000,27000.0,27000,1,0,0,0,5,0,1,32500,1,80,9,2,0,1,69500
8880,2138000.0,301574.3988,1190000,948000.0,0,443750.0,0,1,415000,525000,0,4,0,1,270000,3,64,14,1,0,2,1715000
8885,13557480.0,539375.0,8300500,5257000.0,20,40000.0,0,1,4333000,0,0,5,0,1,200500,3,94,14,2,0,3,8300500
8890,3176500.0,548022.29459,247000,3830000.0,900500,20000.0,10000,1,2830000,0,0,4,0,1,217000,3,41,14,1,0,1,247000
8895,449100.0,104848.44689,107000,342100.0,0,95000.0,0,1,29000,95000,0,5,0,0,12000,2,57,3,1,1,2,202000
8900,157010.0,42155.561122,20610,136400.0,0,0.0,0,1,0,0,0,3,0,1,20610,2,74,9,1,0,3,20610
8905,350100.0,35994.363727,237700,112400.0,0,170000.0,0,1,0,170000,0,3,0,1,6200,3,61,13,2,0,3,407700
8910,7056540.0,1675413.3267,2377000,5381600.0,702060,1263000.0,236000,1,4410000,790000,0,5,0,1,573000,3,63,12,1,1,1,3167000
8915,167050.0,129709.41884,39500,249700.0,122150,22750.0,0,1,0,35000,0,5,0,0,4500,2,56,8,1,1,1,74500
8920,104595400.0,6917835.6713,30966400,77809000.0,4180000,3100000.0,0,1,54220000,0,0,5,0,1,556400,3,70,12,1,0,3,30966400
8925,52080.0,45398.296593,50080,50000.0,48000,16400.0,0,0,0,23000,0,3,0,1,5080,2,54,12,2,0,1,73080
8930,-6500.0,60531.062124,5800,115600.0,127900,0.0,0,1,0,0,0,2,0,0,5800,1,51,8,1,2,3,5800
8935,355500.0,44317.38477,70000,410500.0,125000,0.0,0,1,250000,0,0,1,1,0,70000,3,47,8,2,1,2,70000
8940,1283720.0,175107.71543,879400,687800.0,283480,725900.0,37000,1,0,812000,0,2,0,1,30400,3,51,12,1,2,1,1691400
8945,-34250.0,59450.150301,600,0.0,34850,0.0,0,0,0,0,0,2,0,0,600,3,32,13,2,0,1,600
8950,106800.0,63773.797595,26800,312000.0,232000,0.0,0,1,0,0,0,2,0,1,26800,2,70,8,1,0,3,26800
8955,215900.0,24860.971944,8000,286900.0,79000,0.0,0,1,0,0,0,2,1,0,8000,1,48,1,1,4,1,8000
8960,793665000.0,49681950.15,202423000,591242000.0,0,75223200.0,4950000,1,570080000,21782000,0,1,1,1,2760000,3,75,14,1,0,2,224205000
8965,8200.0,22699.148297,2800,5400.0,0,0.0,0,0,0,0,0,2,0,0,2800,3,63,2,2,0,1,2800
8970,252200.0,60531.062124,50200,250000.0,48000,0.0,0,1,0,0,0,5,0,1,50200,3,80,8,2,0,3,50200
8975,226000.0,22699.148297,26000,200000.0,0,0.0,0,1,0,0,0,3,0,0,0,3,51,6,2,0,3,26000
8980,1122000.0,314545.34068,729000,653000.0,260000,585000.0,325000,1,12000,260000,0,5,0,1,144000,3,77,12,1,0,3,989000
8985,2777400.0,349134.51904,2006000,1270000.0,498600,929000.0,300000,1,0,390000,0,5,0,1,816000,3,34,13,1,2,1,2396000
8990,3209000.0,149165.83166,733000,2540000.0,64000,286400.0,0,1,0,716000,0,5,0,1,17000,3,70,12,2,0,3,1449000
8995,4801300.0,215101.45291,3437000,1679300.0,315000,1292600.0,150000,1,0,1121000,0,4,0,1,166000,3,78,14,1,0,3,4558000
9000,42040.0,127547.59519,9550,37600.0,5110,320.0,0,0,0,1600,0,4,0,0,750,3,41,9,1,3,1,11150
9005,804800.0,62692.885772,287600,517200.0,0,131000.0,0,1,55000,262000,0,5,0,1,25600,3,70,10,1,0,3,549600
9010,2315900.0,48641.032064,799900,1516000.0,0,685000.0,0,1,0,100000,0,2,0,1,32900,3,73,13,2,0,3,899900
9015,219294100.0,6088776.3026,54973000,164321100.0,0,14115000.0,13560000,1,161280000,550000,0,2,0,1,38702000,3,76,12,1,0,2,55523000
9020,79328720.0,35518762.525,25683000,66924720.0,13279000,25490000.0,22640000,1,47650000,2850000,0,2,0,1,193000,3,69,9,1,0,2,28533000
9025,4300.0,45398.296593,1250,3100.0,50,0.0,0,0,0,0,0,4,0,0,750,2,65,10,2,0,1,1250
9030,-58780.0,48641.032064,23220,29000.0,111000,17000.0,0,0,0,17000,0,3,0,0,6220,1,32,12,2,0,1,40220
9035,229980.0,30265.531062,7500,225900.0,3420,0.0,0,1,0,0,0,5,0,0,7500,2,70,4,2,1,1,7500
9040,170329000.0,2525010.02,12556000,159303000.0,1530000,7326000.0,0,1,149310000,1253000,0,4,0,1,50000,3,76,9,1,0,2,13809000
9045,196800.0,86472.945892,77400,352000.0,232600,14000.0,0,1,0,0,0,4,0,0,3400,3,63,14,2,0,1,77400
9050,690550.0,190240.48096,152650,880700.0,342800,24150.0,3900,1,0,135000,0,4,0,0,12750,3,50,10,1,2,1,287650
9055,1400.0,20537.324649,1400,0.0,0,0.0,0,0,0,0,0,4,0,1,1400,3,68,5,2,0,3,1400
9060,333980.0,71340.180361,15980,473000.0,155000,10000.0,0,1,0,10000,0,4,0,0,3980,3,49,12,1,2,1,25980
9065,-1290.0,22699.148297,11,8700.0,10001,0.0,0,0,0,0,0,2,1,0,11,1,44,5,1,2,4,11
9070,38117000.0,737181.86373,2023000,36138200.0,44200,1760000.0,1710000,1,34919200,0,0,4,0,1,203000,2,65,11,1,0,2,2023000
9075,1279670.0,221586.92385,933900,346000.0,230,403000.0,0,1,0,806000,0,4,0,0,6900,1,63,9,1,1,1,1739900
9080,835700.0,43236.472946,10000,825700.0,0,0.0,0,1,0,0,0,4,0,1,10000,1,48,8,2,3,1,10000
9085,104770.0,11890.03006,170,104600.0,0,0.0,0,1,0,0,0,4,0,0,170,0,64,8,2,0,3,170
9090,4700.0,31346.442886,1700,3900.0,900,980.0,980,0,0,0,0,4,0,0,720,2,43,8,2,1,1,1700
9095,-65230.0,54045.591182,10890,4100.0,80220,890.0,890,0,0,0,0,5,0,0,0,1,72,12,2,1,3,10890
9100,166100.0,125385.77154,300,339000.0,173200,0.0,0,1,0,0,0,2,1,0,300,2,43,8,1,2,1,300
9105,-63000.0,108091.18236,45000,32000.0,140000,16400.0,0,0,0,41000,0,3,0,1,4000,1,34,13,2,0,1,86000
9110,457510.0,85392.034068,5000,554100.0,101590,0.0,0,1,0,0,0,2,0,0,5000,2,58,11,1,0,1,5000
9115,85600.0,41074.649299,31400,54200.0,0,0.0,0,1,0,2900,0,5,0,0,11500,2,63,11,1,0,1,34300
9120,273170.0,65935.621242,139500,334000.0,200330,13400.0,0,1,0,134000,0,5,0,0,5500,3,60,10,2,0,3,273500
9125,970000.0,248609.71944,586000,1037000.0,653000,174500.0,32000,1,0,475000,0,4,0,1,79000,3,49,13,1,2,1,1061000
9130,3123000.0,258337.92585,883000,2841000.0,601000,684000.0,584000,1,1110000,100000,0,5,0,1,43000,2,57,8,1,2,2,983000
9135,-2499.0,24860.971944,1,12000.0,14500,0.0,0,0,0,0,0,2,1,0,1,1,41,8,2,2,1,1
9140,89320.0,54045.591182,83900,13000.0,7580,0.0,0,0,2000,0,0,5,0,0,3900,2,40,8,1,3,1,83900
9145,3361000.0,50802.855711,3345000,16000.0,0,2300000.0,1000000,0,0,1000000,0,5,0,1,120000,3,67,14,2,0,3,4345000
9150,145130.0,41074.649299,33230,347600.0,235700,10500.0,0,1,5600,30000,0,1,1,0,230,2,63,14,2,0,2,63230
9155,220910.0,103767.53507,101640,259900.0,140630,20000.0,0,1,0,100000,0,5,0,0,1640,2,33,2,1,3,1,201640
9160,3530.0,21618.236473,530,18000.0,15000,0.0,0,0,0,0,0,5,1,0,280,2,68,11,2,0,3,530
9165,5664000.0,346972.69539,4514000,1150000.0,0,2177500.0,0,1,0,1470000,0,5,0,0,44000,3,58,12,1,0,1,5984000
9170,640300.0,54045.591182,31000,809300.0,200000,2000.0,0,1,0,27000,0,4,0,1,2000,3,50,12,2,0,1,58000
9175,1262010.0,134033.06613,725300,536800.0,90,593000.0,21000,1,0,501000,0,4,0,1,27300,3,54,13,1,1,1,1226300
9180,1421100.0,310221.69339,872200,1341900.0,793000,593050.0,11000,1,0,656000,0,2,0,1,205000,3,49,12,1,1,1,1528200
9185,1473100.0,220506.01202,437500,1328600.0,293000,46000.0,0,1,420000,340000,0,4,0,0,32500,3,44,12,1,2,1,777500
9190,1488600.0,336163.57715,1287600,925000.0,724000,742950.0,100000,1,0,745000,0,4,0,0,366600,3,41,13,1,1,1,2032600
9195,1877000.0,214020.54108,782500,1279000.0,184500,676500.0,25000,1,0,650000,1,5,0,0,6000,3,57,12,2,0,1,1432500
9200,5873600.0,1044160.8216,5230000,1843600.0,1200000,4065500.0,2600000,1,0,1760000,0,4,0,1,70000,3,53,13,1,0,1,6990000
9205,5000.0,44317.38477,3200,21000.0,19200,0.0,0,0,0,0,0,2,0,0,3200,0,21,8,1,0,1,3200
9210,0.0,16213.677355,0,0.0,0,0.0,0,0,0,0,1,1,0,0,0,2,37,7,2,0,4,0
9215,173700.0,48641.032064,71600,106100.0,4000,0.0,0,1,0,70000,0,4,0,0,1600,2,68,4,1,0,3,141600
9220,201756000.0,7620428.3567,2663000,201482000.0,2389000,937000.0,55000,1,191870000,1260000,0,1,0,1,640000,3,65,12,1,0,2,3923000
9225,311948000.0,583692.38477,61501000,253357000.0,2910000,39820000.0,14410000,1,225540000,2050000,0,5,0,1,11101000,2,78,12,1,0,2,63551000
9230,291800.0,152408.56713,112850,409950.0,231000,77500.0,2500,1,0,85000,0,5,0,1,19350,3,40,12,1,2,1,197850
9235,9246900.0,1740268.0361,3703900,9603000.0,4060000,2812200.0,923000,1,2770000,1430000,0,1,0,1,1087900,3,42,13,1,1,1,5133900
9240,457000.0,299412.57515,73000,582000.0,198000,29000.0,20000,1,0,18000,0,1,0,0,35000,3,61,12,1,0,3,91000
9245,82330.0,56207.41483,5800,77000.0,470,0.0,0,1,0,0,0,5,0,0,5800,2,42,9,2,0,1,5800
9250,872500.0,191321.39279,325500,891000.0,344000,315000.0,0,1,0,315000,0,3,0,0,10500,3,54,9,1,0,3,640500
9255,4520000.0,248609.71944,186000,5780000.0,1446000,106400.0,65000,1,3100000,92000,0,5,0,0,27000,3,37,12,1,1,2,278000
9260,19000.0,30265.531062,700,23000.0,4700,0.0,0,0,0,0,0,2,1,0,700,1,29,8,2,3,1,700
9265,1380600.0,206454.15832,977200,787400.0,384000,482600.0,20000,1,10000,640000,0,3,0,0,15700,2,47,12,1,0,1,1617200
9270,326000.0,27022.795591,5000,350000.0,29000,0.0,0,1,0,0,0,4,0,1,5000,1,74,2,1,1,3,5000
9275,450700.0,110253.00601,271000,314900.0,135200,208000.0,0,1,0,208000,0,5,0,1,7000,2,58,12,2,1,1,479000
9280,72226000.0,3772382.2645,18710000,53516000.0,0,6440000.0,4340000,1,41500000,2800000,1,5,0,1,11070000,3,75,12,1,0,3,21510000
9285,400.0,31346.442886,400,0.0,0,0.0,0,0,0,0,0,4,0,0,400,2,67,2,1,0,3,400
9290,549800.0,148084.91984,415000,389000.0,254200,266000.0,0,1,0,380000,0,3,0,1,35000,3,43,12,1,2,1,795000
9295,4026600.0,195645.04008,2705000,1334600.0,13000,2445000.0,2150000,1,0,300000,0,3,0,1,145000,2,94,14,2,1,3,3005000
9300,1403050.0,44317.38477,524050,879000.0,0,300000.0,0,1,0,0,0,4,0,1,50050,2,73,9,2,0,3,524050
9305,9700.0,104848.44689,11900,0.0,2200,7500.0,0,0,0,0,0,1,0,1,3200,2,20,8,1,0,2,11900
9310,27557530.0,1686222.4449,9298530,18289000.0,30000,5447000.0,4500,0,18260000,850000,0,5,0,0,2155030,3,46,13,1,2,2,10148530
9315,1580.0,72421.092184,5080,17000.0,20500,0.0,0,0,0,0,0,5,0,0,5080,2,35,8,1,3,1,5080
9320,10556200.0,383723.69739,985200,10671000.0,1100000,475000.0,200000,1,7994000,185000,0,5,0,1,330200,3,46,12,1,3,2,1170200
9325,188850.0,75663.827655,4000,185000.0,150,0.0,0,1,0,0,0,3,0,0,4000,2,27,8,1,0,1,4000
9330,2763450.0,312383.51703,1541250,1533000.0,310800,686250.0,232000,1,0,1002000,0,2,0,1,32250,3,55,12,1,1,1,2543250
9335,98700.0,32427.354709,6600,181900.0,89800,2250.0,0,1,0,5000,0,4,0,0,1600,1,56,8,2,0,1,11600
9340,78510300.0,3113026.0521,10759000,67751300.0,0,6918750.0,1270000,1,63820000,985000,0,5,0,1,504000,2,70,12,1,0,2,11744000
9345,337500.0,70259.268537,2500,466000.0,131000,0.0,0,1,0,0,0,2,0,0,2500,2,55,8,1,1,1,2500
9350,86700.0,156732.21443,171950,165400.0,250650,35650.0,0,1,0,151000,0,5,0,0,6950,2,48,8,1,1,1,322950
9355,2601.0,72421.092184,1,4100.0,1500,0.0,0,0,0,0,0,4,1,0,1,1,30,8,1,2,3,1
9360,8469600.0,1794313.6273,6204100,2964500.0,699000,2320450.0,0,1,0,2009000,0,3,0,1,495100,3,62,11,1,0,3,8213100
9365,-26350.0,42155.561122,350,8300.0,35000,0.0,0,0,0,0,0,5,0,0,350,3,43,12,2,0,1,350
9370,40600.0,87553.857715,32600,40000.0,32000,15900.0,400,0,0,28000,0,4,1,0,2200,2,27,12,2,0,1,60600
9375,7950.0,12970.941884,3250,4700.0,0,3100.0,0,0,0,3100,0,5,0,0,150,1,56,9,2,1,3,6350
9380,64561.0,98362.975952,10921,265000.0,211360,3000.0,0,1,0,3000,0,2,0,0,7921,1,29,10,1,1,1,13921
9385,-85420.0,103767.53507,4200,58050.0,147670,1200.0,1200,0,0,0,0,4,0,0,3000,3,35,9,1,1,4,4200
9390,850.0,19456.412826,850,0.0,0,0.0,0,0,0,0,0,5,0,1,850,2,43,2,1,2,1,850
9395,5069524.0,1588940.3808,2150000,2955524.0,36000,1482000.0,0,1,174000,530000,0,5,0,1,500000,0,58,13,1,0,2,2680000
9400,405550.0,68097.44489,60250,465300.0,120000,0.0,0,1,0,0,0,5,0,0,60250,2,59,8,2,1,1,60250
9405,13000.0,113495.74148,20000,63000.0,70000,8000.0,4000,0,0,4000,0,2,0,1,12000,2,27,13,1,0,1,24000
9410,4249120.0,557750.501,1339120,3408000.0,498000,335390.0,0,1,2490000,338120,0,2,0,1,981000,2,69,12,1,0,2,1677240
9415,39490.0,54045.591182,19410,21000.0,920,1500.0,0,0,0,1500,0,2,0,0,17410,3,32,9,2,0,1,20910
9420,64100.0,18375.501002,1000,63100.0,0,0.0,0,1,0,0,0,4,0,0,0,1,61,2,2,0,3,1000
9425,7312000.0,1264666.8337,5975000,1962000.0,625000,4814000.0,0,1,0,3650000,0,4,0,1,75000,3,53,14,1,0,1,9625000
9430,419170.0,151327.65531,170130,550000.0,300960,40250.0,0,1,0,135000,0,3,0,1,35130,3,76,14,1,0,2,305130
9435,273000.0,51883.767535,143000,159000.0,29000,31000.0,17000,0,0,0,0,5,0,1,94500,3,31,11,1,0,2,143000
9440,449800.0,15132.765531,123000,326800.0,0,0.0,0,1,0,0,0,5,0,0,13000,2,67,10,2,0,3,123000
9445,4901300.0,651789.82966,2066500,2834800.0,0,1700000.0,1000000,1,500000,1000000,0,2,0,1,66500,3,61,14,1,0,2,3066500
9450,1031000.0,91877.50501,814300,216700.0,0,403000.0,28000,1,0,761000,0,5,0,1,12300,2,73,9,1,0,3,1575300
9455,19600.0,46479.208417,1800,18000.0,200,0.0,0,0,18000,0,0,5,1,0,1800,1,24,10,2,0,1,1800
9460,4961320.0,1091720.9419,3056320,2076000.0,171000,1759950.0,1060000,1,1252000,1547000,0,5,0,1,377220,3,55,14,2,0,2,4603320
9465,13714000.0,501543.08617,931000,15399000.0,2616000,0.0,0,1,9720000,0,0,3,1,0,930000,2,39,13,1,2,2,931000
9470,329990.0,72421.092184,100,422000.0,92110,0.0,0,1,0,0,0,2,0,1,100,1,57,3,1,0,1,100
9475,206101.0,97282.064128,120001,169600.0,83500,67500.0,0,1,0,100000,0,2,0,0,20001,2,49,12,1,2,1,220001
9480,38544300.0,6236861.2224,11034000,27510300.0,0,7516000.0,0,1,21860000,746000,1,5,0,1,3518000,3,64,12,1,0,2,11780000
9485,247800.0,71340.180361,16200,408800.0,177200,8250.0,0,1,0,15000,1,4,1,0,1200,2,61,11,2,0,2,31200
9490,3903000.0,112414.82966,1611000,2314000.0,22000,1446200.0,316000,1,0,624000,0,2,0,1,15000,3,64,14,1,0,3,2235000
9495,2353380.0,242124.2485,800380,1573000.0,20000,412200.0,0,1,200000,727000,0,3,0,1,32380,3,74,8,1,0,3,1527380
9500,390700.0,15132.765531,202000,188700.0,0,0.0,0,1,0,0,0,5,0,1,200000,1,70,6,2,0,3,202000
9505,2360.0,47560.12024,2360,0.0,0,0.0,0,0,0,0,0,4,0,0,2360,2,26,8,1,1,1,2360
9510,18900.0,12970.941884,400,19000.0,500,0.0,0,0,0,0,0,5,0,0,400,2,73,2,2,0,3,400
9515,-2900.0,34589.178357,100,20000.0,23000,0.0,0,0,0,0,0,5,0,0,100,1,25,8,1,0,1,100
9520,157300.0,36751.002004,500,156800.0,0,0.0,0,1,0,0,0,1,0,0,500,2,53,8,1,0,1,500
9525,2964000.0,96201.152305,2387000,592000.0,15000,59000.0,0,1,0,590000,0,4,0,1,65000,3,64,9,2,0,3,2977000
9530,1000.0,51883.767535,3000,0.0,2000,1000.0,1000,0,0,0,0,5,1,0,2000,3,44,12,2,0,1,3000
9535,44000.0,99443.887776,30500,31500.0,18000,3000.0,0,0,0,20000,0,4,0,1,10500,2,33,8,1,1,1,50500
9540,62042000.0,26806613.226,48317000,13725000.0,0,11020000.0,11020000,1,12150000,0,0,3,0,1,12907000,3,85,14,1,0,2,48317000
9545,12410.0,17294.589178,10,12400.0,0,0.0,0,1,0,0,0,4,0,0,10,1,66,8,2,0,3,10
9550,-2280.0,18375.501002,610,0.0,2890,0.0,0,0,0,0,0,1,1,0,610,1,61,4,1,0,1,610
9555,27144000.0,6647607.7154,18590000,9330000.0,776000,9618413.3333,175000,1,5287000,6246000,0,4,0,1,2739000,3,60,14,1,1,2,24836000
9560,2287000.0,282117.98597,1430000,1278000.0,421000,1271000.0,0,1,0,711000,0,2,0,1,59000,3,38,13,1,1,1,2141000
9565,15086000.0,7144827.1543,7744000,7342000.0,0,4049200.0,2550000,1,5502000,1508000,1,1,0,1,3653300,2,53,9,1,0,2,9252000
9570,-28300.0,46479.208417,33700,0.0,62000,1575.0,0,0,0,4500,0,4,0,0,29000,3,26,13,2,0,1,38200
9575,11620.0,27022.795591,2850,8800.0,30,220.0,0,0,0,1100,0,5,1,0,1750,0,29,9,2,0,1,3950
9580,10190.0,70259.268537,27690,47400.0,64900,12000.0,0,0,0,12000,0,5,0,0,15690,1,31,10,2,1,1,39690
9585,12800.0,21618.236473,15000,24800.0,27000,0.0,0,0,10000,0,0,2,0,0,15000,2,24,12,2,0,1,15000
9590,449990.0,194564.12826,359890,524800.0,434700,277000.0,0,1,0,325000,0,3,0,1,34890,3,54,13,1,2,1,684890
9595,0.0,3242.7354709,500,0.0,500,0.0,0,0,0,0,0,4,0,0,500,2,31,9,2,3,1,500
9600,1909000.0,81933.116232,1477000,432000.0,0,810400.0,23000,1,0,68000,0,2,0,1,527000,2,85,10,1,0,3,1545000
9605,2135420.0,192402.30461,1843800,301500.0,9880,1295420.0,282000,1,0,359400,0,5,0,1,55400,3,44,13,1,2,1,2203200
9610,2578000.0,144842.18437,2135000,443000.0,0,1362000.0,20000,1,0,1660000,0,4,0,1,310000,3,60,8,1,0,3,3795000
9615,16410.0,75663.827655,4410,21000.0,9000,2010.0,2000,0,0,10,0,4,0,1,2400,2,27,12,2,0,1,4420
9620,870700.0,234557.86573,539700,501000.0,170000,447000.0,0,1,0,447000,0,5,0,1,92700,3,50,13,1,2,1,986700
9625,1104400.0,100524.7996,177400,1041000.0,114000,0.0,0,1,0,17400,0,5,0,0,138000,3,67,8,1,0,3,194800
9630,1645200.0,138356.71343,1235200,558000.0,148000,122100.0,0,1,0,1134000,0,5,0,1,85200,2,74,12,1,0,3,2369200
9635,23239500.0,569640.53106,18378500,5550000.0,689000,17115000.0,3000000,1,150000,8015000,0,2,0,0,13500,3,77,14,1,0,3,26393500
9640,-21050.0,108091.18236,19400,22000.0,62450,5500.0,0,0,0,11000,0,2,1,0,8400,2,61,9,2,1,1,30400
9645,37290.0,71340.180361,4700,35900.0,3310,0.0,0,0,0,0,0,5,1,0,1700,2,31,8,1,1,1,4700
9650,395340.0,42155.561122,76200,566140.0,247000,0.0,0,1,0,0,0,5,0,0,5200,3,55,9,2,0,1,76200
9655,337500.0,94039.328657,76700,311700.0,50900,11730.0,0,1,0,15200,0,3,0,1,61300,3,27,9,1,0,1,91900
9660,3800.0,70259.268537,5800,0.0,2000,300.0,300,0,0,0,0,3,0,1,5500,3,56,8,2,0,1,5800
9665,6501.0,41074.649299,1,10000.0,3500,0.0,0,0,0,0,0,4,0,0,1,1,38,8,1,6,1,1
9670,1537100.0,97282.064128,212000,1465600.0,140500,125000.0,0,1,0,125000,0,2,1,0,87000,2,54,12,1,0,3,337000
9675,53815000.0,2069946.1423,21105000,32710000.0,0,11000000.0,0,1,22510000,1000000,0,2,0,0,95000,2,76,12,1,0,2,22105000
9680,6386000.0,237800.6012,3895000,2491000.0,0,2910100.0,0,1,0,2253000,0,5,0,0,72000,3,61,14,1,1,3,6148000
9685,11128000.0,558831.41283,10147000,1676000.0,695000,4187500.0,0,1,0,1070000,0,4,0,0,397000,3,69,13,1,1,1,11217000
9690,5828800.0,903966.55812,2423000,3744800.0,339000,1578200.0,1250000,1,0,1133000,0,1,0,0,21000,1,75,14,1,0,2,3556000
9695,284000.0,129709.41884,200000,295000.0,211000,190000.0,0,1,0,190000,0,2,0,0,10000,1,46,11,1,0,1,390000
9700,79800.0,8539.2034068,68800,18900.0,7900,2500.0,0,0,0,14000,0,3,0,0,54000,1,34,11,2,0,1,82800
9705,154082550.0,4215556.1122,31874250,131273300.0,9065000,28098650.0,0,1,76500000,3150000,0,4,0,1,1724250,3,56,14,1,4,2,35024250
9710,179500.0,237800.6012,152500,409000.0,382000,40500.0,0,1,0,135000,0,1,0,0,17500,3,47,14,1,1,1,287500
9715,408000.0,10592.935872,16000,522000.0,130000,3000.0,0,1,0,3000,0,4,0,1,5000,1,67,12,1,0,3,19000
9720,2411200.0,64854.709419,37000,2840000.0,465800,15000.0,0,1,1590000,15000,0,3,0,0,22000,2,55,13,2,0,2,52000
9725,9111000.0,180188.001,8172000,972000.0,33000,4546900.0,675000,1,0,1617000,0,2,0,1,29000,3,72,13,1,0,2,9789000
9730,7780.0,64854.709419,5280,2500.0,0,0.0,0,0,0,0,0,3,0,0,280,0,84,1,1,0,1,5280
9735,207910.0,41074.649299,7410,285000.0,84500,0.0,0,1,0,0,0,5,0,0,5710,0,63,8,2,0,4,7410
9740,138500.0,97282.064128,6000,450000.0,317500,0.0,0,1,0,0,0,5,0,0,6000,2,56,6,1,3,1,6000
9745,90400.0,14051.853707,2400,88000.0,0,0.0,0,1,0,0,0,3,0,0,2400,2,67,8,2,0,3,2400
9750,17656000.0,4723584.6693,13320000,4336000.0,0,10875000.0,10000000,1,2000000,1100000,0,5,1,0,1620000,3,63,13,1,0,4,14420000
9755,1122100.0,129709.41884,541400,750700.0,170000,250000.0,0,1,0,500000,0,5,0,1,41400,3,57,12,2,0,2,1041400
9760,837610.0,57828.782565,279100,615000.0,56490,155500.0,120000,1,0,80000,1,2,0,1,54100,2,82,8,2,0,3,359100
9765,8182000.0,354539.07816,8045000,137000.0,0,841900.0,232000,0,0,5708000,0,5,0,1,1688000,3,61,12,1,0,3,13753000
9770,343500.0,111333.91784,87000,474300.0,217800,5000.0,5000,1,0,0,0,4,0,0,62000,3,45,12,1,2,1,87000
9775,204100.0,75231.462926,51000,153100.0,0,22500.0,0,1,0,45000,0,2,0,1,6000,3,77,8,1,0,3,96000
9780,123050.0,32427.354709,11700,267000.0,155650,3080.0,3000,1,0,400,0,1,0,1,8300,3,35,12,2,0,1,12100
9785,33300.0,27022.795591,28500,4800.0,0,0.0,0,0,0,0,0,5,0,0,500,2,40,8,2,0,1,28500
9790,1424500.0,166460.42084,782500,642000.0,0,373250.0,0,1,0,555000,0,4,0,1,27500,3,58,8,1,2,1,1337500
9795,90000.0,77825.651303,26100,384200.0,320300,0.0,0,1,0,0,0,5,0,0,26100,2,30,10,1,1,1,26100
9800,6050.0,32427.354709,250,12000.0,6200,0.0,0,0,0,0,0,2,1,0,250,2,57,8,2,1,1,250
9805,8630.0,15132.765531,930,7700.0,0,0.0,0,0,0,0,0,2,0,0,930,2,68,10,2,0,3,930
9810,783300.0,209696.89379,48500,943000.0,208200,11250.0,0,1,0,25000,0,1,0,1,23500,2,46,10,1,0,1,73500
9815,15670.0,44317.38477,13770,96000.0,94100,9845.0,0,1,0,9800,0,5,0,1,3880,2,39,8,2,0,1,23570
9820,9697500.0,266985.22044,1205000,9354000.0,861500,1190000.0,80000,1,214000,1110000,0,2,0,1,15000,3,63,12,1,0,2,2315000
9825,486320.0,92958.416834,188120,662000.0,363800,116500.0,0,1,0,48000,0,4,0,1,3120,1,63,8,1,0,3,236120
9830,5000.0,54045.591182,2500,3700.0,1200,120.0,0,0,0,2400,0,4,0,0,100,2,31,9,2,4,1,4900
9835,3315000.0,129709.41884,2405000,1215000.0,305000,765000.0,400000,1,0,550000,0,4,0,1,1285000,1,82,13,1,0,3,2955000
9840,5701500.0,107010.27054,2597500,3234000.0,130000,1814100.0,4500,1,0,1755000,0,4,0,1,79000,3,66,14,2,0,3,4352500
9845,53930.0,68097.44489,17830,39600.0,3500,0.0,0,0,0,0,0,4,0,0,17830,2,41,9,1,2,1,17830
9850,12774000.0,2142367.2345,12274000,500000.0,0,4974350.0,752000,0,0,4009000,0,2,0,1,264000,3,80,14,1,0,2,16283000
9855,1.0,10809.118236,1,0.0,0,0.0,0,0,0,0,1,3,0,0,1,2,64,6,2,0,3,1
9860,1444300.0,108091.18236,40300,1660000.0,256000,0.0,0,1,700000,0,0,2,0,0,40300,2,44,13,2,2,2,40300
9865,112077000.0,13306024.549,40241000,78322000.0,6486000,19560000.0,14110000,1,76270000,5450000,1,2,0,1,18181000,3,70,12,1,0,2,45691000
9870,1850.0,10809.118236,1950,5900.0,6000,0.0,0,0,0,0,0,2,1,0,1950,1,27,8,1,0,1,1950
9875,30001.0,21618.236473,1,30000.0,0,0.0,0,0,0,0,0,5,0,0,1,3,38,13,2,0,2,1
9880,597550.0,97282.064128,421750,178200.0,2400,197337.5,0,1,0,339750,0,5,0,1,32000,2,68,12,1,0,1,761500
9885,-33480.0,43236.472946,120,28000.0,61600,0.0,0,0,0,0,1,3,1,0,120,2,49,8,2,2,1,120
9890,66000.0,39993.737475,39000,27000.0,0,0.0,0,0,0,0,0,2,0,1,39000,3,31,12,2,0,1,39000
9895,3253650.0,203427.60521,681850,2836800.0,265000,119000.0,0,1,0,30000,0,5,0,1,11850,0,79,12,1,0,3,711850
9900,91100.0,25941.883768,87000,4800.0,700,16000.0,0,0,0,80000,0,4,0,1,4000,3,72,9,2,0,3,167000
9905,132639000.0,0.0,56913000,77786000.0,2060000,31732700.0,5450000,1,66710000,924000,0,2,0,1,3629000,3,57,12,1,0,2,57837000
9910,1936200.0,115657.56513,1444700,547500.0,56000,1406900.0,0,1,0,1339100,1,4,0,1,46200,3,51,14,1,5,1,2783800
9915,180390.0,35670.09018,10060,262400.0,92070,7000.0,0,0,7200,7000,0,4,1,0,3060,2,48,10,2,0,1,17060
9920,8220.0,57288.326653,25610,47000.0,64390,25330.0,330,0,0,25000,0,5,0,0,280,3,48,9,2,0,1,50610
9925,274700.0,44317.38477,165700,208000.0,99000,136000.0,38000,1,0,25000,0,5,0,0,19700,3,68,13,2,0,1,190700
9930,26000.0,24860.971944,1000,25000.0,0,0.0,0,0,0,0,0,4,0,0,1000,3,40,9,2,0,1,1000
9935,2526000.0,294008.01603,478000,2474000.0,426000,370000.0,0,1,0,440000,0,5,0,1,30000,2,52,12,1,0,1,918000
9940,39800.0,48641.032064,10300,29500.0,0,0.0,0,0,0,0,0,2,0,1,10300,1,44,12,1,1,1,10300
9945,257720.0,35670.09018,58020,201000.0,1300,0.0,0,1,0,0,0,3,0,0,48020,3,59,12,2,0,3,58020
9950,137280.0,30265.531062,28880,113000.0,4600,25000.0,25000,1,0,0,0,4,0,0,3000,2,87,8,2,0,3,28880
9955,81900.0,22699.148297,1100,82200.0,1400,0.0,0,1,0,0,0,3,0,0,1100,1,70,10,1,0,3,1100
9960,1200900.0,205373.24649,527700,911000.0,237800,283500.0,0,1,0,501000,0,2,0,1,26700,3,46,14,1,3,1,1028700
9965,-171600.0,27022.795591,800,4600.0,177000,0.0,0,0,0,0,0,5,1,0,800,3,57,9,1,0,3,800
9970,9800.0,16213.677355,500,9300.0,0,0.0,0,0,0,0,0,2,0,0,500,2,64,4,2,0,3,500
9975,7117600.0,504785.82164,245000,7152000.0,279400,0.0,0,1,1300000,0,0,4,0,1,245000,1,42,3,1,3,2,245000
9980,692830.0,226991.48297,331230,361600.0,0,116750.0,0,1,0,205000,0,4,0,1,40230,3,58,12,1,1,1,536230
9985,1518000.0,46479.208417,370000,1342000.0,194000,30000.0,0,1,300000,60000,0,5,0,1,160000,3,56,9,1,0,2,430000
9990,2875000.0,618281.56313,1529000,2061000.0,715000,1081100.0,0,1,300000,821000,0,4,0,0,266000,3,41,14,1,2,1,2350000
9995,382800.0,216182.36473,78800,565000.0,261000,37650.0,0,1,0,66500,0,4,0,1,12300,2,40,13,1,2,1,145300
10000,7070.0,27022.795591,270,6800.0,0,0.0,0,0,0,0,0,2,0,0,270,2,35,5,1,2,1,270
10005,8143500.0,221586.92385,54000,8089500.0,0,0.0,0,1,2400000,0,0,5,0,0,54000,3,52,13,1,2,3,54000
10010,14690000.0,2886034.5691,12040000,2650000.0,0,7110000.0,0,1,0,8070000,0,1,0,1,635000,3,60,13,1,0,3,20110000
10015,34941000.0,800955.66132,1770000,33171000.0,0,114350.0,0,1,30220000,200000,0,1,0,0,570000,3,53,12,2,0,2,1970000
10020,98040.0,60531.062124,9600,122000.0,33560,0.0,0,1,0,0,0,2,1,0,9600,1,44,9,1,2,1,9600
10025,2884000.0,252933.36673,124000,3341000.0,581000,10000.0,2000,1,12000,40000,0,5,0,1,82000,3,71,13,1,0,1,164000
10030,23070.0,71340.180361,14000,10000.0,930,0.0,0,0,0,0,0,2,1,0,14000,2,28,10,2,0,1,14000
10035,1489000.0,208615.98196,862000,654000.0,27000,533700.0,10000,1,0,750000,0,3,0,1,82000,3,55,13,1,1,1,1612000
10040,121800.0,36751.002004,121800,0.0,0,94800.0,9800,0,0,85000,0,2,0,1,20000,2,54,8,2,0,3,206800
10045,17851.0,65935.621242,5001,19910.0,7060,0.0,0,1,0,0,0,4,0,1,1,3,44,9,2,0,1,5001
10050,38385000.0,864729.45892,688000,38912000.0,1215000,645000.0,60000,1,35810000,585000,0,1,0,0,43000,1,66,12,1,0,2,1273000
10055,1187720.0,192402.30461,725820,707900.0,246000,463050.0,35000,1,0,368000,0,4,0,1,296170,3,40,12,1,5,1,1093820
10060,4320000.0,1189003.006,2960000,1851000.0,491000,1491500.0,0,1,0,2787000,0,2,0,1,121000,3,60,14,1,0,1,5747000
10065,255405000.0,2637424.8497,4745000,250914000.0,254000,244550.0,45000,1,244771000,835000,0,5,0,1,515000,2,62,8,1,0,2,5580000
10070,3822000.0,403180.11022,2238000,1674000.0,90000,1721200.0,0,1,600000,1236000,0,3,0,1,100000,3,55,13,1,1,1,3474000
10075,74800.0,21618.236473,0,171300.0,96500,0.0,0,1,0,0,0,1,1,0,0,2,51,2,1,3,2,0
10080,1612100.0,397775.5511,672900,939200.0,0,0.0,0,1,0,0,0,3,0,1,600400,2,60,12,1,2,3,672900
10085,372350.0,43236.472946,74700,351050.0,53400,0.0,0,1,0,0,0,5,0,1,53700,3,76,13,2,0,3,74700
10090,53070.0,19456.412826,70,53000.0,0,0.0,0,1,0,0,1,2,0,0,70,2,58,4,1,0,4,70
10095,5800.0,122143.03607,13200,11000.0,18400,8100.0,0,0,0,0,0,2,0,1,5100,3,39,11,1,2,1,13200
10100,200500.0,98362.975952,56000,492000.0,347500,0.0,0,1,0,0,0,4,0,1,56000,3,24,12,1,0,1,56000
10105,169020.0,64854.709419,3820,173700.0,8500,600.0,0,1,0,600,0,5,1,1,3220,3,48,9,2,1,1,4420
10110,944200.0,96201.152305,529200,415000.0,0,110400.0,0,0,0,87200,0,5,0,1,442000,3,38,13,2,0,1,616400
10115,1540.0,50802.855711,2000,0.0,460,0.0,0,0,0,0,0,1,0,0,2000,2,55,7,1,0,1,2000
10120,7060.0,33508.266533,7060,0.0,0,0.0,0,0,0,0,0,5,0,1,7060,1,32,11,2,0,1,7060
10125,249700.0,84311.122244,20900,230000.0,1200,0.0,0,1,0,0,0,5,0,0,20900,3,31,8,2,0,1,20900
10130,866800.0,88094.313627,588800,278000.0,0,13760.0,0,1,0,68800,0,5,0,1,220000,3,82,8,1,0,3,657600
10135,1005550.0,194564.12826,6450,1161100.0,162000,0.0,0,1,0,0,0,4,1,0,6450,2,72,10,1,0,3,6450
10140,1206600.0,295088.92786,691600,515000.0,0,595600.0,0,0,0,0,0,2,0,1,99600,3,40,13,1,1,1,691600
10145,1141760.0,103767.53507,1360,1140400.0,0,0.0,0,1,589000,0,0,5,0,1,1360,1,64,10,2,0,1,1360
10150,427300.0,2161.8236473,35000,392300.0,0,0.0,0,1,0,0,1,1,0,1,10000,3,63,8,2,0,3,35000
10155,414400.0,56207.41483,406000,8400.0,0,320000.0,0,0,0,400000,0,3,0,1,6000,1,80,14,2,0,3,806000
10160,921330.0,214020.54108,115330,1754000.0,948000,98300.0,80000,1,0,18300,0,5,0,1,17030,1,48,12,2,0,1,133630
10165,15175.0,54045.591182,8700,36000.0,29525,1700.0,1700,0,0,0,0,4,0,0,7000,2,29,9,2,0,1,8700
10170,3970000.0,165379.50902,326000,3644000.0,0,0.0,0,1,3210000,0,0,5,0,1,326000,3,44,8,1,0,2,326000
10175,151300.0,129709.41884,129000,368000.0,345700,54600.0,40000,1,0,19000,0,4,0,1,70000,2,28,12,1,0,1,148000
10180,24524000.0,2961698.3968,21749000,4875000.0,2100000,17200000.0,17000000,1,0,0,0,5,0,0,26000,3,65,14,1,0,3,21749000
10185,6268400.0,549103.20641,3860000,2458400.0,50000,2560000.0,400000,1,2000000,1400000,0,2,0,1,60000,3,60,13,1,0,2,5260000
10190,176720.0,54045.591182,1820,269200.0,94300,0.0,0,1,0,0,0,3,1,0,1820,2,65,5,1,1,1,1820
10195,539100.0,130790.33066,29500,559600.0,50000,0.0,0,1,0,6000,0,4,0,1,23500,3,67,9,1,0,3,35500
10200,741525.0,123223.9479,520295,390800.0,169570,344500.0,400,1,0,381500,0,3,0,1,47295,3,49,13,1,2,1,901795
10205,290.0,22699.148297,2250,0.0,1960,0.0,0,0,0,0,0,3,1,0,2250,1,32,8,1,3,2,2250
10210,685800.0,189159.56914,361000,522000.0,197200,20000.0,20000,1,0,25000,0,4,0,1,263000,3,44,9,2,0,4,386000
10215,7000.0,38912.825651,9000,0.0,2000,0.0,0,0,0,0,0,1,1,0,1400,2,38,7,2,6,1,9000
10220,850500.0,294008.01603,423000,947500.0,520000,417000.0,217000,1,32500,200000,0,4,0,1,6000,3,59,12,1,0,2,623000
10225,12929340.0,783661.07214,10134400,2920000.0,125060,9840000.0,9440000,1,350000,250000,0,2,0,1,45400,3,79,14,1,0,3,10384400
10230,26550.0,64854.709419,23550,35000.0,32000,9000.0,0,0,0,18000,0,4,0,1,5050,1,53,12,2,1,1,41550
10235,5452640.0,1621367.7355,1619840,4003800.0,171000,970650.0,0,1,2450000,1250000,0,5,0,1,339840,3,57,12,1,1,2,2869840
10240,25500.0,48641.032064,3600,34200.0,12300,0.0,0,0,0,0,0,4,0,0,3600,2,23,8,1,0,2,3600
10245,101800.0,102686.62325,101800,0.0,0,0.0,0,0,0,79000,0,4,0,1,22800,3,45,14,2,0,1,180800
10250,229050.0,60531.062124,150650,203900.0,125500,112500.0,0,1,0,150000,0,3,0,0,650,3,52,8,2,3,1,300650
10255,171700.0,68097.44489,73200,239500.0,141000,29050.0,0,1,0,68000,0,4,0,1,5200,3,43,11,2,0,1,141200
10260,509900.0,95120.240481,100400,409500.0,0,46000.0,0,1,0,0,0,4,0,0,8400,3,39,12,1,4,1,100400
10265,41770.0,23780.06012,1200,40600.0,30,0.0,0,1,0,0,0,3,0,0,1200,2,36,3,1,2,1,1200
10270,182100.0,16213.677355,2100,180000.0,0,0.0,0,1,0,0,0,4,0,1,2100,1,94,8,2,0,3,2100
10275,4655600.0,1352112.6002,749100,4204300.0,297800,332350.0,221000,1,0,470000,0,4,0,1,58100,2,74,14,1,0,3,1219100
10280,455591000.0,11028543.337,315488000,140103000.0,0,214570000.0,0,1,104990000,9140000,0,3,0,1,5148000,2,80,12,1,0,2,324628000
10285,2079000.0,241043.33667,1300000,1328000.0,549000,1020000.0,0,1,375000,1200000,0,5,0,1,100000,3,60,13,1,0,1,2500000
10290,4584300.0,248609.71944,1193300,3410000.0,19000,448000.0,130000,0,2150000,151000,0,5,0,1,452000,3,45,14,1,1,2,1344300
10295,3021000.0,437769.28858,1512000,1929000.0,420000,890000.0,0,1,930000,1500000,0,2,0,0,12000,3,60,14,1,1,2,3012000
10300,410000.0,18375.501002,27000,499000.0,116000,0.0,0,1,0,0,0,5,1,0,26000,2,65,10,2,0,3,27000
10305,570400.0,103767.53507,130800,569600.0,130000,44500.0,0,1,0,128000,0,5,1,0,2800,2,62,12,2,0,1,258800
10310,393770.0,118900.3006,103600,469900.0,179730,88375.0,2000,1,0,87500,0,3,0,1,14100,2,46,8,1,1,1,191100
10315,335400.0,129709.41884,38000,527900.0,230500,27000.0,20000,1,0,7000,0,2,0,0,11000,1,43,12,1,2,1,45000
10320,1152610.0,79987.47495,112010,1063600.0,23000,71100.0,0,1,0,79000,0,4,0,1,33010,2,70,12,1,0,3,191010
10325,17330.0,17294.589178,1030,18000.0,1700,0.0,0,0,0,0,0,5,1,1,1030,3,74,9,2,0,3,1030
10330,377740.0,22699.148297,185340,192400.0,0,0.0,0,0,0,0,0,4,1,0,340,2,55,8,2,0,4,185340
10335,1272700.0,18375.501002,100700,1676000.0,504000,0.0,0,1,38000,0,0,5,0,0,100700,2,75,14,1,0,2,100700
10340,8543000.0,1383567.1343,3449000,6134000.0,1040000,831500.0,0,1,4650000,815000,0,1,0,1,2634000,3,46,14,1,2,2,4264000
10345,300560.0,58369.238477,5860,334000.0,39300,0.0,0,1,0,0,0,5,1,0,5860,2,80,12,1,0,1,5860
10350,3011330.0,172945.89178,24000,3018800.0,31470,20000.0,0,1,2920800,20000,0,3,0,1,4000,2,41,13,1,2,1,44000
10355,1247500.0,102686.62325,902900,344600.0,0,450000.0,0,1,0,900000,0,4,0,1,2900,2,63,10,2,0,3,1802900
10360,0.0,9512.0240481,0,0.0,0,0.0,0,0,0,0,0,3,0,0,0,1,80,1,2,1,2,0
10365,601500.0,132952.15431,318500,366000.0,83000,180000.0,0,1,0,300000,0,5,1,0,18500,3,49,8,2,0,1,618500
10370,538000.0,38912.825651,229400,445600.0,137000,0.0,0,1,0,0,0,5,0,1,149400,2,63,13,2,0,3,229400
10375,1243700.0,52964.679359,925000,318700.0,0,623700.0,0,1,0,693000,0,4,0,1,177000,3,67,11,1,0,3,1618000
10380,198960.0,162136.77355,137960,748000.0,687000,90570.0,53000,1,119000,75900,0,5,0,1,7560,3,31,13,2,0,1,213860
10385,20190.0,49721.943888,8190,15000.0,3000,0.0,0,0,0,0,0,5,0,0,190,2,84,8,2,0,3,8190
10390,94100.0,70259.268537,1100,110100.0,17100,0.0,0,1,0,0,0,5,0,0,1100,0,76,10,2,0,1,1100
10395,507200.0,124304.85972,179100,429000.0,100900,20000.0,20000,1,150000,0,0,5,0,1,159100,1,29,11,1,0,2,179100
10400,120.0,21618.236473,120,0.0,0,0.0,0,0,0,0,0,4,0,0,120,1,68,5,2,0,3,120
10405,136400.0,180512.27455,40000,378000.0,281600,900.0,0,1,0,3000,0,4,0,1,37000,3,59,9,1,2,1,43000
10410,14672200.0,3902091.6834,12831000,2091200.0,250000,5984000.0,0,1,700000,5970000,0,4,0,1,1270000,3,68,14,1,0,2,18801000
10415,6700.0,55126.503006,700,7000.0,1000,0.0,0,0,0,0,0,2,0,1,700,2,54,12,2,0,2,700
10420,4011310.0,1437612.7255,3273310,1958000.0,1220000,1433300.0,214000,1,45000,913000,0,5,0,1,953310,3,37,13,1,1,1,4186310
10425,575900.0,96201.152305,88900,606100.0,119100,1600.0,1600,1,0,0,1,5,0,0,87300,2,56,8,1,1,1,88900
10430,436370.0,166460.42084,308970,411000.0,283600,70650.0,650,1,0,280000,0,3,0,1,28320,2,41,8,1,2,1,588970
10435,339380.0,35670.09018,6880,413500.0,81000,0.0,0,1,0,0,0,5,0,0,6880,3,69,12,1,1,2,6880
10440,168470.0,7134.0180361,12000,213470.0,57000,0.0,0,1,0,0,0,4,0,0,12000,1,73,13,2,0,2,12000
10445,290.0,18375.501002,530,0.0,240,0.0,0,0,0,0,0,3,1,0,330,1,47,7,2,1,1,530
10450,5511800.0,4258792.5852,2334800,5542000.0,2365000,1970000.0,0,1,108000,194000,0,4,0,1,5800,3,58,14,2,0,2,2528800
10455,3900.0,56207.41483,3900,0.0,0,0.0,0,0,0,0,0,4,0,0,3900,2,68,9,2,0,3,3900
10460,493800.0,162136.77355,34500,609300.0,150000,32000.0,0,1,50000,32000,0,5,0,0,2500,3,57,8,1,0,2,66500
10465,-40.0,62692.885772,200,3200.0,3440,0.0,0,0,0,0,0,3,0,0,200,1,43,7,1,3,1,200
10470,621200.0,88634.769539,385200,260000.0,24000,214500.0,0,1,0,215000,0,4,0,1,20200,3,57,10,1,1,1,600200
10475,16200.0,49721.943888,3700,14000.0,1500,0.0,0,0,0,0,0,5,1,0,3700,1,24,3,1,0,1,3700
10480,94526000.0,4525237.3497,56150000,38376000.0,0,27085000.0,0,1,21200000,3170000,0,4,0,1,350000,3,65,13,1,0,3,59320000
10485,183692000.0,6513682.7405,8247000,175445000.0,0,5682000.0,0,1,150000000,5682000,0,4,0,1,2565000,3,75,12,1,0,3,13929000
10490,2820500.0,863648.54709,1148500,1672000.0,0,68000.0,0,1,0,717000,0,4,0,0,421500,3,67,12,1,0,3,1865500
10495,3248700.0,129709.41884,2456700,792000.0,0,1290150.0,128000,1,0,2105100,0,5,0,1,218600,3,62,13,1,0,1,4561800
10500,32187200.0,2680661.3226,7366200,26221000.0,1400000,2850000.0,0,1,21347000,6000000,0,5,0,0,1366200,3,56,12,1,2,2,13366200
10505,837100.0,114576.65331,574500,280400.0,17800,490000.0,0,1,0,350000,0,3,0,1,4500,3,73,8,1,0,3,924500
10510,857730.0,81068.386774,137030,726700.0,6000,125000.0,0,1,0,125000,0,5,0,1,12030,3,66,12,2,0,1,262030
10515,386648020.0,28536072.144,235480020,151168000.0,0,102703650.0,99490000,1,95348000,1531000,0,2,0,1,114534000,3,66,13,1,0,2,237011020
10520,5110500.0,206454.15832,1490500,3623000.0,3000,1317875.0,0,1,2490000,1310000,0,1,0,1,180500,3,68,12,1,0,3,2800500
10525,22070.0,10376.753507,70,22000.0,0,0.0,0,0,0,0,0,5,0,0,70,2,61,7,2,0,3,70
10530,129800.0,27022.795591,18300,161900.0,50400,0.0,0,1,0,0,0,2,0,0,18300,2,80,7,2,0,3,18300
10535,754700.0,170784.06814,147200,1011500.0,404000,27000.0,17000,1,0,0,0,4,0,1,89000,2,57,13,1,1,2,147200
10540,4744000.0,577206.91383,3248400,1507600.0,12000,2825000.0,1000000,1,0,1725000,0,5,0,1,223400,3,53,12,1,1,1,4973400
10545,11400.0,38912.825651,400,11000.0,0,0.0,0,0,0,0,0,5,0,1,400,2,33,2,1,2,1,400
10550,902900.0,60531.062124,902900,0.0,0,0.0,0,0,0,0,0,1,0,0,2900,0,51,8,2,0,1,902900
10555,22200.0,17294.589178,200,46000.0,24000,0.0,0,1,0,0,0,5,0,0,200,2,76,8,1,1,2,200
10560,5680360.0,394532.81563,3312360,2923000.0,555000,2640000.0,0,1,0,3300000,0,5,0,1,7860,3,78,14,2,0,2,6612360
10565,15310100.0,724210.92184,9476000,5834100.0,0,4850000.0,2000000,1,0,5350000,0,5,0,0,326000,3,79,14,1,0,1,14826000
10570,10000.0,36751.002004,2000,28600.0,20600,0.0,0,0,0,0,0,2,0,1,2000,1,57,4,1,5,1,2000
10575,380.0,38912.825651,380,0.0,0,0.0,0,0,0,0,0,1,0,0,380,1,65,9,2,0,3,380
10580,2161450.0,616119.73948,1397450,1988000.0,1224000,297899.95,0,1,475000,878000,0,3,0,1,225450,3,41,13,1,3,2,2275450
10585,3721410.0,239962.42485,1763410,1958000.0,0,717000.0,0,1,1000000,491000,0,1,0,1,142410,0,84,14,2,0,3,2254410
10590,97620.0,5404.5591182,20,99100.0,1500,0.0,0,1,0,0,0,4,0,0,20,2,79,4,2,0,3,20
10595,24064000.0,724210.92184,15182000,14321000.0,5439000,1422800.0,1270000,1,13470000,40000,0,2,0,1,2424000,3,73,12,2,0,3,15222000
10600,1381120.0,102686.62325,792120,589000.0,0,720500.0,660000,1,0,121000,0,3,1,1,11120,2,48,12,2,0,1,913120
10605,7400.0,35670.09018,2600,4800.0,0,0.0,0,0,0,0,0,5,0,0,2600,1,54,10,2,0,1,2600
10610,635400.0,178350.4509,498400,220000.0,83000,335550.0,3600,1,0,414200,0,5,0,1,73000,3,54,9,1,0,1,912600
10615,5512800.0,563155.06012,2320000,3515000.0,322200,630000.0,0,1,188000,2200000,0,5,0,1,120000,3,68,13,1,0,3,4520000
10620,467200.0,108091.18236,93200,664000.0,290000,46400.0,4500,1,0,71200,0,2,1,0,10300,3,42,8,1,1,1,164400
10625,549240.0,151327.65531,326840,359400.0,137000,269500.0,0,1,0,262000,0,5,0,1,8840,3,38,11,1,0,1,588840
10630,451150.0,30265.531062,343550,193100.0,85500,0.0,0,1,0,180000,0,5,0,0,163550,2,53,14,1,1,1,523550
10635,37890900.0,2529333.6673,9031900,29170000.0,311000,3933000.0,848000,1,22160000,2400000,0,1,0,1,1504900,1,62,13,1,0,2,11431900
10640,2279000.0,71340.180361,340000,2019000.0,80000,250000.0,0,1,0,0,0,3,0,1,90000,2,81,13,2,0,3,340000
10645,284310.0,128628.50701,117310,450000.0,283000,5000.0,5000,1,0,100000,1,4,1,0,11810,3,38,8,1,3,1,217310
10650,-17430.0,47560.12024,31970,5600.0,55000,25000.0,0,0,0,31600,0,4,0,1,370,3,51,9,2,2,1,63570
10655,17940.0,50802.855711,7400,12000.0,1460,0.0,0,0,0,0,0,5,0,1,7400,1,71,9,1,0,1,7400
10660,379700.0,35670.09018,1000,474000.0,95300,0.0,0,1,0,0,0,5,1,0,1000,2,67,8,1,2,3,1000
10665,2134340.0,512352.20441,1488840,666000.0,20500,673600.0,62000,1,0,1174900,0,3,0,1,236940,3,66,13,1,0,1,2663740
10670,6630270.0,61611.973948,85370,6544900.0,0,0.0,0,1,5796000,0,0,5,0,0,80000,1,53,8,1,2,2,85370
10675,804200.0,54045.591182,132200,927000.0,255000,0.0,0,1,0,0,0,4,0,0,132200,3,63,13,1,1,2,132200
10680,-56400.0,172945.89178,110700,539900.0,707000,15580.0,0,1,0,15000,0,3,0,1,95700,2,28,12,1,0,1,125700
10685,154140.0,108091.18236,51330,122000.0,19190,50000.0,0,1,0,50000,0,4,0,1,1330,2,37,7,1,0,1,101330
10690,10994500.0,2572570.1403,5776000,5218500.0,0,2600000.0,0,1,1610000,1950000,0,2,1,1,1387000,0,62,14,1,0,2,7726000
10695,62200.0,38912.825651,3600,65600.0,7000,0.0,0,1,0,0,0,3,0,1,2100,2,66,8,2,0,1,3600
10700,6631.0,12970.941884,31,6600.0,0,0.0,0,0,0,0,0,4,0,0,31,3,63,8,2,0,3,31
10705,683686000.0,48046530.561,265310000,418376000.0,0,230260000.0,59060000,1,399700000,8000000,0,4,0,1,2750000,2,75,11,2,0,2,273310000
10710,287500.0,43236.472946,23700,410600.0,146800,0.0,0,1,0,0,0,5,0,0,3700,2,65,8,2,0,3,23700
10715,4584140.0,235638.77756,2689500,2545000.0,650360,806000.0,206000,0,0,2000000,0,3,0,1,33500,3,71,13,2,0,3,4689500
10720,901960.0,29184.619238,25660,880500.0,4200,0.0,0,0,0,0,0,4,0,0,25600,3,22,12,2,0,1,25660
10725,180000.0,75663.827655,20000,160000.0,0,0.0,0,0,139000,0,0,4,0,0,20000,1,32,9,1,0,2,20000
10730,11504000.0,460468.43687,8310000,3384000.0,190000,6519850.0,100000,1,125000,3141000,0,3,0,0,69000,2,72,14,1,0,1,11451000
10735,85600.0,22699.148297,3500,82100.0,0,0.0,0,1,0,0,0,5,0,0,3500,3,87,8,2,0,3,3500
10740,388750.0,118900.3006,140000,455250.0,206500,88000.0,0,1,0,110000,0,5,0,1,30000,2,64,10,1,0,1,250000
10745,64410.0,134033.06613,36000,418600.0,390190,200.0,200,1,0,31000,0,5,0,1,4800,3,52,9,1,2,1,67000
10750,401000.0,62692.885772,173000,239000.0,11000,15000.0,0,1,0,0,0,4,0,1,33000,2,74,13,1,0,3,173000
10755,37476000.0,1020380.7615,28835000,8741000.0,100000,15300000.0,10000000,1,3000000,5300000,0,2,0,1,12035000,3,74,12,1,0,1,34135000
10760,1062200.0,255095.19038,65000,1253700.0,256500,0.0,0,1,348000,0,1,2,0,1,65000,1,53,12,1,1,1,65000
10765,500.0,28103.707415,500,0.0,0,0.0,0,0,0,0,0,2,0,0,500,3,52,9,1,0,1,500
10770,17777000.0,1183814.6293,1559000,16624000.0,406000,473950.0,0,1,9410000,352000,0,5,0,1,508000,3,74,13,1,0,2,1911000
10775,27904900.0,1178193.8878,3240900,26080000.0,1416000,1675300.0,31000,1,20460000,682000,0,2,0,1,160900,3,71,12,1,0,1,3922900
10780,1100200.0,61611.973948,162000,1021000.0,82800,142000.0,0,1,221000,142000,0,4,0,0,20000,1,64,8,1,0,2,304000
10785,64720.0,35670.09018,33000,90500.0,58780,1800.0,0,1,0,18000,0,4,0,1,15000,1,54,8,2,0,1,51000
10790,9200.0,36751.002004,2000,8600.0,1400,0.0,0,0,0,0,0,5,0,0,2000,2,66,8,1,0,3,2000
10795,669400.0,172945.89178,211800,1023600.0,566000,68650.0,0,1,0,171300,0,3,0,0,40500,3,53,13,1,1,1,383100
10800,4380.0,126466.68337,2000,175100.0,172720,0.0,0,1,0,0,0,4,0,0,1500,3,66,8,1,1,1,2000
10805,1045020.0,52964.679359,473020,572000.0,0,159150.0,0,1,0,350000,0,4,0,1,123020,3,53,12,2,2,1,823020
10810,1982500.0,223748.74749,705000,1397500.0,120000,505000.0,0,1,250000,505000,0,4,0,1,200000,3,69,9,1,0,2,1210000
10815,540300.0,29184.619238,41000,800000.0,300700,0.0,0,0,0,0,0,2,0,0,41000,3,24,12,2,0,4,41000
10820,19300.0,129709.41884,19300,0.0,0,0.0,0,0,0,0,0,5,0,1,19300,3,51,13,1,4,1,19300
10825,109451400.0,6020678.8577,5982000,105003540.0,1534140,0.0,0,1,89629140,0,0,2,0,1,2630000,3,74,12,1,0,2,5982000
10830,492600.0,60531.062124,104000,569600.0,181000,100000.0,0,1,0,100000,0,4,0,0,4000,2,63,12,2,0,1,204000
10835,66600.0,70259.268537,28000,38600.0,0,0.0,0,0,0,0,0,2,0,1,28000,3,27,8,1,0,1,28000
10840,11080.0,21618.236473,780,13000.0,2700,0.0,0,0,0,0,0,2,0,0,780,2,52,8,1,0,1,780
10845,677200.0,89715.681363,426000,265200.0,14000,280000.0,0,1,0,150000,0,5,0,1,26000,3,64,9,1,0,1,576000
10850,1687000.0,350215.43086,340000,1895000.0,548000,188500.0,0,1,440000,215000,0,2,0,1,125000,3,43,13,1,2,2,555000
10855,9020.0,11890.03006,9020,0.0,0,0.0,0,0,0,0,0,4,0,0,9020,3,22,12,2,0,1,9020
10860,680500.0,60531.062124,350500,330000.0,0,50050.0,0,1,0,227000,0,4,0,1,115000,3,74,9,1,0,3,577500
10865,208680.0,75663.827655,15710,568500.0,375530,0.0,0,1,0,0,0,5,0,0,5710,3,56,8,1,4,1,15710
10870,253309000.0,3258949.1483,134613200,118695800.0,0,82100000.0,68800000,1,110480000,6500000,0,2,0,1,29811000,3,79,12,1,0,3,141113200
10875,560740.0,70259.268537,50740,631300.0,121300,50600.0,600,1,0,50000,0,5,0,0,140,3,65,7,1,2,1,100740
10880,-79800.0,2594.1883768,12890,27060.0,119750,2371.0,0,0,0,720,0,5,1,0,10220,2,35,11,2,2,1,13610
10885,48450.0,55126.503006,35150,13300.0,0,2300.0,0,0,0,2300,0,4,0,0,32850,3,35,8,2,3,4,37450
10890,5126400.0,281037.07415,4532000,845000.0,250600,2932000.0,850000,1,0,582000,0,1,0,1,1600000,3,69,12,1,0,3,5114000
10895,240.0,10268.662325,240,0.0,0,0.0,0,0,0,0,0,4,0,0,240,3,64,6,2,0,3,240
10900,5620.0,47560.12024,1100,37000.0,32480,0.0,0,0,0,0,0,4,0,0,1100,3,73,9,2,0,2,1100
10905,6510.0,30265.531062,1710,7500.0,2700,0.0,0,0,0,0,0,5,0,0,1210,3,75,9,2,0,1,1710
10910,68830.0,59450.150301,14140,71000.0,16310,0.0,0,0,0,0,0,5,1,0,2140,3,33,10,2,0,1,14140
10915,1707468000.0,70075513.527,1703538000,3930000.0,0,1500000000.0,1500000000,1,0,0,0,4,0,1,38000,2,88,12,2,0,3,1703538000
10920,446790.0,246447.89579,389700,474500.0,417410,191900.0,0,1,0,320000,0,2,0,1,19700,2,39,12,1,2,1,709700
10925,26528400.0,510190.38076,1197000,25331400.0,0,165000.0,0,1,24351000,400000,0,4,0,1,617000,3,61,12,1,0,2,1597000
10930,120800.0,52964.679359,91800,29000.0,0,56500.0,1800,0,0,50000,0,1,0,1,35000,3,31,14,1,2,4,141800
10935,34670.0,41074.649299,14770,28000.0,8100,0.0,0,0,0,2500,0,4,0,1,12270,3,23,12,1,2,1,17270
10940,55800.0,131871.24248,40000,38000.0,22200,21450.0,0,0,0,33000,0,2,0,0,7000,3,31,7,1,0,1,73000
10945,61540.0,36751.002004,52700,8900.0,60,50000.0,0,0,0,50000,0,5,0,0,2100,2,66,8,2,0,1,102700
10950,5995000.0,2226678.3567,1830000,4355000.0,190000,982000.0,900000,1,3260000,553000,1,2,0,1,367000,3,47,14,1,2,1,2383000
10955,1206000.0,196725.9519,630000,576000.0,0,385000.0,145000,1,0,400000,0,5,0,0,85000,3,57,12,1,0,1,1030000
10960,17500.0,64854.709419,3500,14000.0,0,0.0,0,0,14000,0,1,2,0,0,2000,0,31,8,1,0,2,3500
10965,429560.0,189159.56914,232000,201500.0,3940,16200.0,0,1,0,162000,0,5,0,0,45000,1,44,10,1,0,1,394000
10970,354230.0,210777.80561,314080,271300.0,231150,76400.0,0,1,0,119000,0,4,0,1,195080,3,40,10,1,0,1,433080
10975,297000.0,86472.945892,224000,117000.0,44000,80250.0,0,1,0,176000,0,2,0,1,43000,3,41,13,2,1,1,400000
10980,14900.0,28103.707415,18400,8500.0,12000,11050.0,0,0,0,17000,0,2,0,1,1400,2,38,9,2,0,1,35400
10985,31820.0,21618.236473,3820,28000.0,0,0.0,0,0,0,0,0,5,0,0,3820,3,49,8,1,0,3,3820
10990,-1600.0,89715.681363,1000,7400.0,10000,0.0,0,0,0,0,0,4,1,0,1000,2,52,8,1,3,1,1000
10995,-24450.0,65935.621242,500,4000.0,28950,0.0,0,0,0,0,0,2,1,0,500,3,35,8,1,2,2,500
11000,127100.0,112414.82966,29700,174000.0,76600,17200.0,0,1,0,17200,0,2,0,0,7500,3,31,11,1,0,1,46900
11005,521550.0,110253.00601,387550,237000.0,103000,310500.0,300000,1,0,70000,0,4,0,1,17550,2,67,13,2,0,3,457550
11010,115000.0,2161.8236473,4000,111000.0,0,0.0,0,1,0,0,0,5,0,0,4000,2,56,8,2,0,1,4000
11015,713000.0,312383.51703,395000,404000.0,86000,370000.0,180000,1,0,190000,0,4,0,1,25000,3,38,13,2,1,1,585000
11020,5430.0,29184.619238,230,11000.0,5800,0.0,0,0,0,0,0,4,1,1,230,0,40,4,2,2,1,230
11025,794160.0,198887.77555,100000,945000.0,250840,27000.0,0,1,60000,90000,0,4,0,1,10000,3,38,9,1,3,1,190000
11030,55538000.0,4193937.8758,7182000,55076000.0,6720000,3510000.0,2810000,1,42550000,3350000,0,1,0,1,792000,3,64,12,1,0,2,10532000
11035,278020.0,103767.53507,86120,216000.0,24100,86000.0,0,1,0,86000,0,2,1,0,120,1,57,8,1,1,1,172120
11040,-1200.0,52964.679359,6700,3200.0,11100,0.0,0,0,0,0,0,4,1,0,6700,1,50,12,1,4,1,6700
11045,3940500.0,457225.7014,687000,3253500.0,0,191300.0,80000,1,1522000,171000,0,3,0,0,113000,3,59,12,1,1,2,858000
11050,87100.0,20537.324649,200,166900.0,80000,0.0,0,1,0,0,0,3,1,0,200,0,88,8,2,1,3,200
11055,-18199.0,32427.354709,2001,36000.0,56200,0.0,0,0,0,2000,0,5,1,0,1,3,39,9,2,2,1,4001
11060,556200.0,188078.65731,292000,671000.0,406800,110000.0,0,1,0,120000,0,4,0,1,92000,1,32,14,2,0,1,412000
11065,395920.0,101605.71142,100,1101000.0,705180,0.0,0,1,150000,0,0,1,1,0,100,2,41,12,1,0,4,100
11070,70600.0,205373.24649,94600,518000.0,542000,0.0,0,1,0,0,0,4,1,0,19600,1,40,13,1,2,1,94600
11075,579500.0,67016.533066,354000,225500.0,0,53900.0,0,1,0,154000,0,5,0,0,200000,1,74,9,1,0,3,508000
11080,303200.0,56207.41483,152200,161000.0,10000,112500.0,0,1,0,150000,0,4,0,1,2200,2,74,8,2,0,3,302200
11085,302796400.0,6204433.8677,299781000,3569400.0,554000,205797000.0,0,1,111000,3250000,0,4,0,1,11721000,3,67,14,1,0,2,303031000
11090,25101580.0,3534581.6633,5337580,22532000.0,2768000,4882570.0,2000000,1,16430000,2782000,1,5,0,1,155010,3,57,13,1,4,2,8119580
11095,14427380.0,2107778.0561,6753080,7674300.0,0,4316200.0,0,1,5133000,6512000,0,5,0,1,230080,3,61,14,1,2,2,13265080
11100,874200.0,555588.67735,145500,1228700.0,500000,38250.0,0,1,0,136000,0,4,0,1,9500,3,45,12,1,2,1,281500
11105,414300.0,131871.24248,89400,324900.0,0,0.0,0,1,0,0,0,5,0,1,89400,3,67,12,1,1,2,89400
11110,17973000.0,670165.33066,9212000,8761000.0,0,8400000.0,6000000,1,0,2700000,0,5,0,1,62000,3,79,13,1,0,2,11912000
11115,-22800.0,54045.591182,1200,11000.0,35000,0.0,0,0,0,0,0,4,1,0,1200,3,43,9,2,0,1,1200
11120,6100.0,16213.677355,6100,0.0,0,0.0,0,0,0,0,0,5,0,1,6100,2,74,11,2,0,3,6100
11125,303750.0,108091.18236,133150,214600.0,44000,6550.0,0,1,0,49100,0,2,0,1,57050,1,60,8,1,0,1,182250
11130,2607000.0,118900.3006,946000,1711000.0,50000,65000.0,30000,1,385000,700000,0,1,0,1,216000,3,57,12,1,2,2,1646000
11135,3210.0,14051.853707,3210,0.0,0,0.0,0,0,0,0,0,5,0,0,10,3,57,3,1,0,3,3210
11140,29921000.0,1232239.479,25785000,4136000.0,0,3630000.0,2730000,1,0,6000000,0,4,0,0,55000,3,71,14,1,0,1,31785000
11145,215100.0,118900.3006,164800,232300.0,182000,32800.0,0,1,0,164000,0,5,0,1,800,1,43,13,2,0,1,328800
11150,181100.0,84311.122244,4600,342000.0,165500,0.0,0,1,0,0,0,3,0,0,4600,2,60,7,1,1,1,4600
11155,62800.0,41074.649299,21500,68300.0,27000,10000.0,10000,0,50000,5000,0,4,0,1,6500,3,25,12,2,0,1,26500
11160,-11700.0,64854.709419,42300,16000.0,70000,1900.0,0,0,0,31900,0,3,1,0,10400,2,35,12,2,1,1,74200
11165,245600.0,113495.74148,20100,970000.0,744500,0.0,0,1,107000,14000,1,3,0,1,4500,1,52,8,1,0,2,34100
11170,205100.0,124304.85972,101600,383500.0,280000,73250.0,0,1,0,86500,0,4,0,0,15000,2,27,10,1,1,1,188100
11175,-250900.0,165919.96493,125300,29000.0,405200,31600.0,0,0,0,63000,0,5,0,0,40300,3,34,14,2,0,1,188300
11180,26700.0,62692.885772,23700,130000.0,127000,0.0,0,1,0,8000,0,2,0,0,8500,2,43,9,2,0,1,31700
11185,10450.0,63773.797595,12000,48000.0,49550,0.0,0,0,0,0,0,5,0,1,12000,2,38,12,2,3,1,12000
11190,835660.0,71340.180361,89660,746000.0,0,86000.0,0,1,0,86000,0,3,0,0,3490,1,58,12,1,8,1,175660
11195,7615700.0,457225.7014,231000,8400500.0,1015800,204000.0,22000,1,5500000,0,0,2,0,0,27000,3,58,13,1,0,3,231000
11200,8320.0,34589.178357,2200,6300.0,180,0.0,0,0,0,0,0,1,0,0,500,3,36,8,2,3,2,2200
11205,518400.0,30265.531062,113400,408000.0,3000,44100.0,0,1,0,98000,0,2,0,0,9900,2,51,10,2,2,2,211400
11210,540.0,18375.501002,540,0.0,0,0.0,0,0,0,0,0,5,0,0,540,3,83,-1,2,0,3,540
11215,61600.0,82149.298597,53000,8600.0,0,42000.0,2000,0,0,40000,0,2,0,1,11000,3,49,12,2,0,1,93000
11220,10000.0,15132.765531,11000,0.0,1000,0.0,0,0,0,0,0,5,0,0,11000,1,89,8,2,0,3,11000
11225,28948000.0,710159.06814,21550000,7398000.0,0,11987500.0,600000,1,5350000,2400000,0,3,0,1,100000,3,58,14,1,0,2,23950000
11230,8107500.0,0.0,1240000,8117500.0,1250000,700000.0,50000,1,4500000,150000,0,2,0,1,1040000,0,46,13,1,3,1,1390000
11235,211000.0,108091.18236,22000,189000.0,0,0.0,0,0,0,0,0,2,1,0,22000,1,34,8,1,2,1,22000
11240,34590.0,63773.797595,18600,26300.0,10310,15000.0,0,0,0,15000,0,4,1,0,3600,2,40,8,2,1,1,33600
11245,118000.0,10809.118236,5000,113000.0,0,0.0,0,1,0,0,0,4,0,1,5000,3,76,8,2,0,3,5000
11250,1663000.0,96201.152305,300000,1400000.0,37000,0.0,0,1,0,0,0,3,0,1,300000,3,62,13,1,1,1,300000
11255,13420000.0,3437299.5992,8370500,7257000.0,2207500,4262000.0,200000,1,1000000,1770000,0,1,0,1,1900500,3,51,14,1,2,2,10140500
11260,11201400.0,221586.92385,7518000,3726400.0,43000,5034000.0,4000000,1,0,0,0,3,0,0,960000,2,76,14,1,0,1,7518000
11265,367870.0,33508.266533,370,490000.0,122500,0.0,0,1,0,0,0,5,1,0,370,3,63,12,2,0,1,370
11270,70030.0,11890.03006,5030,65000.0,0,0.0,0,1,0,0,0,2,0,0,5030,3,56,8,2,0,3,5030
11275,30000.0,1621.3677355,20000,10000.0,0,0.0,0,0,0,0,0,4,0,0,20000,1,55,12,1,2,1,20000
11280,618400.0,58369.238477,477600,265200.0,124400,181500.0,0,1,0,10000,0,5,0,1,16000,3,70,9,1,0,3,487600
11285,340230.0,70259.268537,54200,498600.0,212570,0.0,0,1,0,0,0,4,0,0,54200,2,51,12,1,1,1,54200
11290,7831100.0,302655.31062,3227000,4634000.0,29900,39000.0,0,1,3000000,39000,0,5,0,1,2183000,0,75,14,1,1,2,3266000
11295,35169000.0,3567009.018,13164000,22005000.0,0,10939500.0,4000000,1,19850000,2306000,0,4,0,1,255000,3,65,13,1,0,2,15470000
11300,648000.0,313464.42886,59000,837000.0,248000,32500.0,10000,1,0,45000,0,3,0,0,4000,2,51,12,1,0,1,104000
11305,11559000.0,674488.97796,10181000,2099000.0,721000,7813000.0,336000,1,50000,2990000,0,2,0,1,15000,3,66,13,1,0,1,13171000
11310,204090.0,51883.767535,190,203900.0,0,0.0,0,1,0,0,0,5,0,0,190,1,78,7,1,0,3,190
11315,566900.0,15132.765531,18000,730000.0,181100,0.0,0,1,0,0,0,2,0,1,18000,2,68,9,1,0,3,18000
11320,68800.0,111333.91784,43900,61000.0,36100,22800.0,0,0,0,38000,0,5,0,1,5900,3,52,10,1,0,1,81900
11325,151430.0,22699.148297,530,205900.0,55000,0.0,0,1,0,0,0,2,1,0,480,1,35,8,2,0,3,530
11330,3401.0,9512.0240481,1,4500.0,1100,0.0,0,0,0,0,0,2,0,0,1,2,53,8,2,0,1,1
11335,9300.0,16213.677355,1500,7800.0,0,0.0,0,0,0,0,0,1,0,0,1500,1,39,2,2,1,1,1500
11340,63550040.0,7436673.3467,13793240,49756800.0,0,8629750.0,2140000,1,37270000,430000,0,3,0,1,1090210,3,59,12,1,0,2,14223240
11345,10731500.0,294008.01603,6649400,6162100.0,2080000,1530000.0,1530000,1,2120000,0,0,5,0,1,119400,3,81,12,1,0,2,6649400
11350,263870.0,110253.00601,16570,368000.0,120700,1874.0,0,0,0,9580,0,4,0,0,6990,2,30,9,1,2,1,26150
11355,-27710.0,151327.65531,66450,22000.0,116160,37880.0,10000,0,0,18880,0,2,0,1,19070,3,28,12,1,0,1,85330
11360,114800.0,65935.621242,121000,17000.0,23200,0.0,0,0,0,116000,0,5,0,0,500,2,49,14,2,0,1,237000
11365,245570.0,49721.943888,5170,313000.0,72600,0.0,0,1,0,0,0,4,0,0,5170,2,66,8,1,1,1,5170
11370,831700.0,151327.65531,303000,872000.0,343300,283000.0,80000,1,0,203000,0,1,0,0,20000,3,47,14,1,3,1,506000
11375,75200.0,64854.709419,5600,400000.0,330400,850.0,0,1,0,1700,0,5,0,1,3900,2,62,8,1,0,1,7300
11380,223400.0,45398.296593,3000,220400.0,0,0.0,0,0,210000,0,0,4,1,0,3000,2,38,8,1,2,2,3000
11385,201100.0,30265.531062,2100,200000.0,1000,0.0,0,1,0,0,0,4,0,0,2100,2,75,9,2,0,1,2100
11390,419240.0,203211.42285,9260,420100.0,10120,0.0,0,0,300000,0,0,5,0,1,1660,2,44,6,2,4,2,9260
11395,308841200.0,118630072.65,176075000,132766200.0,0,89971250.0,66370000,1,102170000,245000,0,3,0,1,21240000,3,52,12,1,0,2,176320000
11400,15600.0,7566.3827655,1200,15300.0,900,0.0,0,0,0,0,0,2,0,0,1200,2,52,5,2,0,2,1200
11405,1500.0,11890.03006,1500,0.0,0,0.0,0,0,0,0,0,5,0,1,1500,3,72,12,2,0,3,1500
11410,557270.0,139437.62525,476000,553300.0,472030,70800.0,0,1,0,472000,0,5,0,0,4000,2,64,10,1,0,1,948000
11415,9100.0,11890.03006,9100,0.0,0,150.0,0,0,0,3000,0,5,0,0,6100,2,48,7,1,3,1,12100
11420,0.0,20537.324649,0,0.0,0,0.0,0,0,0,0,0,2,0,0,0,3,33,9,2,0,4,0
11425,4505.0,22699.148297,515,27000.0,23010,0.0,0,0,0,0,0,5,0,0,515,3,21,6,1,2,2,515
11430,1001000.0,87553.857715,393000,608000.0,0,277400.0,0,1,0,363000,0,5,0,1,30000,3,69,12,1,0,1,756000
11435,358420.0,168622.24449,1920,607000.0,250500,0.0,0,1,0,0,0,5,1,0,1920,2,45,9,1,2,4,1920
11440,414500.0,64854.709419,207500,367000.0,160000,202000.0,30000,1,0,172000,0,4,0,1,3700,3,77,8,2,0,1,379500
11445,562400.0,25941.883768,167500,420000.0,25100,80000.0,0,1,0,0,0,3,0,0,87500,2,68,8,2,1,2,167500
11450,180600.0,143761.27255,226000,34000.0,79400,104000.0,100000,0,0,4000,0,3,0,0,37000,2,31,12,1,0,1,230000
11455,10006.0,65935.621242,6,21000.0,11000,0.0,0,0,0,0,0,5,0,0,6,0,35,8,1,2,1,6
11460,-65170.0,25941.883768,330,11700.0,77200,0.0,0,0,0,0,0,3,0,0,330,3,48,11,1,2,1,330
11465,-51495.0,29184.619238,9105,21000.0,81600,3300.0,0,0,0,6600,0,3,1,0,2505,2,31,12,2,0,1,15705
11470,18220.0,31346.442886,7510,34000.0,23290,1510.0,10,0,0,5000,0,5,0,0,2500,2,22,8,2,0,1,12510
11475,18589000.0,1837550.1002,5132000,14856000.0,1399000,3862500.0,2000000,1,10530000,1072000,1,5,0,1,275000,3,58,13,1,0,1,6204000
11480,676540.0,45614.478958,465800,211000.0,260,398200.0,4200,1,0,150000,0,2,0,0,47600,3,77,9,2,0,3,615800
11485,9836000.0,385885.52104,9175000,671000.0,10000,2345000.0,0,0,37000,2550000,0,3,0,1,25000,3,76,13,1,0,2,11725000
11490,1722400.0,190240.48096,1237900,763000.0,278500,353300.0,141000,1,0,827500,0,2,1,0,31400,3,68,13,1,0,3,2065400
11495,131600.0,45398.296593,41800,89800.0,0,0.0,0,0,0,0,0,5,0,1,41800,2,68,8,2,0,3,41800
11500,2369400.0,199968.68737,1109400,1268000.0,8000,512900.0,27000,1,0,900000,0,4,0,1,132000,2,63,14,1,2,1,2009400
11505,294000.0,129709.41884,100100,548800.0,354900,8750.0,0,1,0,47100,0,5,0,0,53000,3,44,13,1,4,1,147200
11510,420000.0,189159.56914,278500,306300.0,164800,98250.0,0,1,0,229000,0,2,0,1,45500,3,49,12,1,1,1,507500
11515,1598600.0,68097.44489,1395100,203500.0,0,818400.0,0,1,0,1364000,0,1,0,0,31100,3,63,12,1,0,1,2759100
11520,-7950.0,16213.677355,50,0.0,8000,0.0,0,0,0,0,0,1,1,0,0,1,67,5,2,0,3,50
11525,32800.0,151327.65531,1700,49000.0,17900,0.0,0,0,0,0,0,3,0,1,1700,3,33,8,1,0,1,1700
11530,7165000.0,299412.57515,5648000,1517000.0,0,4582500.0,0,1,0,2630000,0,3,0,1,18000,3,61,13,1,0,3,8278000
11535,1377240.0,229153.30661,1119990,398500.0,141250,1077000.0,0,1,50000,1077000,0,3,0,1,39990,3,56,13,1,1,1,2196990
11540,331600.0,15132.765531,311600,20000.0,0,300000.0,0,0,0,300000,0,4,0,0,4600,2,72,14,1,0,3,611600
11545,926800.0,139437.62525,379800,1027000.0,480000,100000.0,0,1,0,100000,0,1,0,0,29800,2,67,12,2,0,1,479800
11550,-34630.0,16213.677355,1840,4100.0,40570,0.0,0,0,0,0,0,4,0,0,1040,0,52,10,2,2,3,1840
11555,101084000.0,4537667.8357,75665700,25418300.0,0,43841200.0,0,1,0,2496000,0,5,0,1,2537000,3,78,9,2,0,3,78161700
11560,210500.0,108091.18236,210500,0.0,0,172650.0,30000,0,0,98500,0,3,0,1,28000,3,30,14,2,0,1,309000
11565,18960.0,45398.296593,13180,7900.0,2120,2750.0,0,0,0,11000,0,5,0,0,2180,2,51,9,1,0,4,24180
11570,13630.0,42155.561122,17130,107900.0,111400,0.0,0,1,0,0,0,5,0,0,2130,3,61,10,2,0,1,17130
11575,760400.0,18375.501002,35000,765400.0,40000,0.0,0,1,0,0,0,5,0,1,35000,1,69,14,1,2,1,35000
11580,1372500.0,383723.69739,845000,1207000.0,679500,765000.0,500000,1,0,265000,0,3,0,1,45000,3,75,12,1,0,2,1110000
11585,1060700.0,248609.71944,760000,324700.0,24000,168000.0,120000,1,0,552000,0,5,0,0,56000,3,65,8,1,0,1,1312000
11590,72800.0,38912.825651,2800,71000.0,1000,0.0,0,1,0,0,0,4,0,1,2800,2,65,6,1,0,3,2800
11595,52200.0,89715.681363,45000,330200.0,323000,0.0,0,1,0,0,0,4,0,0,32000,3,69,14,1,1,1,45000
11600,552800.0,135113.97796,178600,703200.0,329000,46600.0,0,1,3000,4600,0,4,0,1,79000,3,32,12,1,3,1,183200
11605,91250.0,76744.739479,52300,59000.0,20050,16800.0,0,1,0,48000,0,1,0,1,4300,1,60,6,2,0,1,100300
11610,620.0,3242.7354709,620,0.0,0,0.0,0,0,0,0,0,3,0,0,620,1,51,9,2,0,3,620
11615,1059000.0,89715.681363,842000,217000.0,0,65000.0,27000,1,0,615000,0,5,0,0,162000,3,52,12,2,0,4,1457000
11620,-60000.0,15132.765531,7500,7000.0,74500,0.0,0,0,0,0,0,4,0,0,1500,2,57,3,2,0,2,7500
11625,10539400.0,2799561.6232,2044600,8571800.0,77000,1000000.0,1000000,1,0,0,0,4,0,1,935000,2,89,14,1,0,3,2044600
11630,112810750.0,3837236.9739,15751750,97059000.0,0,11900000.0,1250000,1,90007000,3650000,1,5,0,1,3101750,3,64,13,1,0,2,19401750
11635,6382720.0,304817.13427,1239560,5152400.0,9240,885080.0,687000,0,4960000,316800,0,3,0,0,141060,3,57,12,1,1,2,1556360
11640,559220.0,226991.48297,435220,466000.0,342000,95420.0,420,1,0,350000,0,5,0,1,82200,3,35,8,1,2,1,785220
11645,246800.0,275632.51503,16000,773800.0,543000,0.0,0,1,0,0,0,1,0,1,16000,3,47,13,1,3,1,16000
11650,2800.0,97282.064128,3000,0.0,200,0.0,0,0,0,0,0,3,0,0,3000,3,40,12,1,1,1,3000
11655,367200.0,194564.12826,148000,431000.0,211800,20000.0,0,1,0,105000,0,4,1,1,43000,2,51,10,1,1,4,253000
11660,24100.0,75663.827655,6100,42000.0,24000,0.0,0,0,0,0,0,4,0,0,6100,3,40,8,1,0,1,6100
11665,501400.0,158894.03808,364400,202000.0,65000,200000.0,0,1,0,200000,0,4,0,1,159400,2,52,9,1,2,1,564400
11670,194590.0,16213.677355,740,350000.0,156150,0.0,0,1,0,0,0,5,0,0,740,1,67,12,2,0,3,740
11675,737200.0,116738.47695,457300,294900.0,15000,200500.0,4000,1,0,390000,0,5,0,1,63000,3,67,8,1,0,1,847300
11680,860.0,15132.765531,860,0.0,0,0.0,0,0,0,0,0,1,0,0,860,1,49,5,2,0,3,860
11685,5710800.0,1318712.4248,2796800,2914000.0,0,542550.0,68000,1,0,1585600,0,2,0,1,1143200,3,46,13,1,1,1,4382400
11690,632700.0,54045.591182,161800,501600.0,30700,87500.0,0,1,0,125000,0,2,0,1,36800,3,73,9,1,0,3,286800
11695,4200.0,23780.06012,3200,36000.0,35000,0.0,0,0,0,0,0,5,0,1,3200,2,25,5,1,3,4,3200
11700,8752200.0,704754.50902,6535000,2217200.0,0,3244000.0,0,1,1200000,1105000,0,5,0,1,30000,3,69,12,1,0,2,7640000
11705,369798000.0,67254333.667,31829000,337969000.0,0,19980000.0,0,1,329010000,142000,0,4,0,1,7187000,3,60,13,2,0,2,31971000
11710,451000.0,55126.503006,1000,450000.0,0,0.0,0,1,0,0,0,4,0,0,1000,1,73,10,2,1,3,1000
11715,64803000.0,2820098.9479,41822000,23660000.0,679000,12620750.0,12000000,1,12000000,1322000,0,1,0,1,14700000,3,79,12,1,0,2,43144000
11720,72700.0,122143.03607,41500,199200.0,168000,11150.0,0,1,0,41000,0,3,1,0,500,2,45,8,1,0,1,82500
11725,170540.0,45398.296593,40,263000.0,92500,0.0,0,1,0,0,0,4,0,0,40,1,47,8,1,2,1,40
11730,21810.0,70259.268537,2410,90900.0,71500,870.0,870,0,0,0,0,4,0,0,1540,3,54,10,1,0,2,2410
11735,450130.0,82149.298597,53330,422000.0,25200,52000.0,0,1,309200,52000,0,3,0,0,1330,2,35,9,1,2,1,105330
11740,511290.0,90796.593186,502690,10600.0,2000,0.0,0,0,0,0,0,3,1,0,2690,3,53,8,1,1,3,502690
11745,43993000.0,1848359.2184,10661000,33332000.0,0,3200000.0,0,1,30340000,1700000,0,4,0,1,3761000,3,56,11,2,0,2,12361000
11750,2970.0,89715.681363,1300,56000.0,54330,0.0,0,0,0,0,0,4,0,0,1300,3,29,9,1,3,1,1300
11755,2297000.0,486410.32064,177000,2570000.0,450000,37000.0,3000,1,364000,34000,0,5,0,0,140000,3,41,14,1,2,1,211000
11760,25500.0,70259.268537,10600,87900.0,73000,0.0,0,1,0,6000,0,1,1,0,4600,3,44,8,1,5,1,16600
11765,75290.0,209696.89379,13990,85100.0,23800,5250.0,0,0,19000,7500,0,2,0,0,6490,3,66,12,1,0,3,21490
11770,32533000.0,909046.84369,23019000,9514000.0,0,3200000.0,0,1,4850000,750000,0,2,0,1,735000,0,63,12,1,0,1,23769000
11775,205340.0,30265.531062,4240,516000.0,314900,0.0,0,1,0,0,0,3,1,0,4240,1,52,12,1,2,1,4240
11780,44600.0,21618.236473,2500,44600.0,2500,0.0,0,0,5000,0,0,3,0,0,2500,2,56,11,2,1,2,2500
11785,-2588.0,104848.44689,572,40000.0,43160,0.0,0,0,0,0,1,1,1,0,572,2,37,8,1,6,4,572
11790,1293000.0,264823.39679,81000,1932000.0,720000,27000.0,0,1,0,36000,0,2,0,0,31000,3,47,13,1,3,1,117000
11795,582500.0,129709.41884,10500,770000.0,198000,0.0,0,1,0,0,0,4,0,1,10500,3,71,14,1,0,3,10500
11800,1140400.0,81068.386774,172200,968200.0,0,30550.0,0,1,544000,0,0,5,0,1,10200,3,71,12,1,0,3,172200
11805,147616100.0,648547.09419,30693100,129302000.0,12379000,9009100.0,9000000,1,97999000,9100,0,2,0,1,194000,3,36,14,1,1,1,30702200
11810,1100.0,34589.178357,500,5600.0,5000,0.0,0,0,0,0,0,4,1,0,500,2,71,11,2,0,3,500
11815,250840.0,23780.06012,840,250000.0,0,0.0,0,1,0,0,0,4,0,1,840,1,67,7,2,0,3,840
11820,154700.0,75663.827655,600,270100.0,116000,0.0,0,1,0,0,0,5,0,1,600,3,40,4,1,0,1,600
11825,20100.0,73502.004008,50,75500.0,55450,0.0,0,0,0,0,1,5,1,0,50,3,43,7,1,3,2,50
11830,79500.0,78906.563126,5500,74000.0,0,0.0,0,0,0,0,0,4,0,0,5500,2,34,12,1,2,1,5500
11835,1165300.0,495057.61523,85500,1180000.0,100200,60000.0,60000,0,1000000,0,0,3,0,0,25500,3,51,14,2,0,2,85500
11840,463000.0,129709.41884,304000,296000.0,137000,138450.0,0,1,0,269000,0,5,0,1,35000,3,40,12,1,1,1,573000
11845,740300.0,247528.80762,186700,1008600.0,455000,1200.0,0,1,204000,0,0,5,0,1,181500,3,32,7,1,0,2,186700
11850,18200.0,47560.12024,9600,12280.0,3680,3400.0,3400,0,0,0,1,4,0,1,6200,2,38,8,2,0,1,9600
11855,961140.0,93066.508016,441200,520000.0,60,119500.0,0,1,0,190000,0,5,1,1,1200,2,79,14,2,0,3,631200
11860,3947300.0,463711.17234,2226400,1978900.0,258000,1649500.0,0,1,1300000,1514000,0,5,0,0,12400,3,60,10,1,0,2,3740400
11865,811700.0,152408.56713,417800,623200.0,229300,140000.0,0,1,0,400000,0,4,0,0,17800,3,54,12,2,0,1,817800
11870,2003600.0,162136.77355,711600,1292000.0,0,701000.0,0,1,41000,702000,0,5,0,1,600,2,62,12,1,0,2,1413600
11875,292070.0,97282.064128,6650,352100.0,66680,100.0,100,1,190000,0,0,1,0,0,3050,3,74,9,1,0,2,6650
11880,1260600.0,50910.946894,353600,907000.0,0,89000.0,0,1,0,104000,0,5,0,1,179600,1,92,11,1,0,3,457600
11885,266900.0,51883.767535,3800,296700.0,33600,0.0,0,1,0,0,0,5,0,0,1300,3,77,10,2,0,3,3800
11890,13140.0,85392.034068,14520,272000.0,273380,1770.0,0,1,0,5900,0,3,1,0,8620,2,69,13,2,0,1,20420
11895,71434800.0,10274066.884,50777800,20657000.0,0,48455000.0,34910000,1,0,2850000,0,5,0,0,307800,3,82,12,1,0,2,53627800
11900,1621400.0,237800.6012,365400,1756000.0,500000,105000.0,0,1,0,150000,0,2,0,0,215400,1,51,14,2,2,2,515400
11905,277000.0,151327.65531,109000,400000.0,232000,96500.0,0,1,0,104000,0,5,0,1,5000,3,51,13,1,0,1,213000
11910,41720.0,127547.59519,58520,359200.0,376000,37800.0,0,1,0,48000,0,2,0,0,10520,3,38,12,1,1,1,106520
11915,37331000.0,3188689.8798,4580000,32751000.0,0,1850000.0,100000,1,28500000,850000,0,3,0,1,2730000,3,68,9,1,0,2,5430000
11920,28283000.0,1772695.3908,8400000,20350000.0,467000,5500000.0,2000000,1,16450000,5200000,0,2,0,0,300000,3,63,12,1,0,2,13600000
11925,8719700.0,188078.65731,5789500,2930200.0,0,4831150.0,1300000,1,2000000,599000,0,5,0,0,330500,2,43,13,1,3,2,6388500
11930,22701.0,34589.178357,1,22700.0,0,0.0,0,0,0,0,0,5,0,0,1,2,38,8,2,4,1,1
11935,9127000.0,634495.24048,3069000,6058000.0,0,633400.0,221000,1,250000,197000,0,2,0,1,1545000,3,69,14,1,0,2,3266000
11940,1072500.0,128628.50701,669500,455000.0,52000,27000.0,0,1,0,367000,0,4,0,1,242500,3,63,12,1,0,3,1036500
11945,13854590.0,177269.53908,2539990,12214600.0,900000,1435000.0,800000,1,0,650000,0,2,0,1,29990,3,81,12,1,0,3,3189990
11950,731500.0,162136.77355,382500,588000.0,239000,282500.0,0,1,0,356000,0,2,0,1,13500,3,52,10,1,0,1,738500
11955,12050.0,15132.765531,12050,0.0,0,0.0,0,0,0,0,0,2,0,0,50,0,45,6,2,2,2,12050
11960,70900.0,15132.765531,900,70000.0,0,0.0,0,1,0,0,0,3,0,0,900,2,78,3,2,0,3,900
11965,244300.0,20537.324649,3000,256300.0,15000,0.0,0,1,0,0,0,1,0,0,3000,1,76,9,2,1,3,3000
11970,266000.0,41074.649299,27000,252500.0,13500,0.0,0,1,0,0,0,5,0,0,2000,2,73,7,2,0,1,27000
11975,3911200.0,149165.83166,2864000,1119200.0,72000,2183000.0,2000000,1,6200,792000,0,5,0,1,60000,3,64,11,1,0,2,3656000
11980,356300.0,38912.825651,135300,221000.0,0,0.0,0,1,0,0,0,5,0,1,133000,2,76,8,2,0,3,135300
11985,2653651.0,238881.51303,2320651,416000.0,83000,1539580.0,0,1,0,1925600,0,4,0,0,75051,3,55,14,1,1,1,4246251
11990,34800.0,86472.945892,1900,35900.0,3000,0.0,0,1,0,0,0,4,0,0,1900,2,33,8,2,2,1,1900
11995,267500.0,131871.24248,121900,270000.0,124400,109600.0,0,1,0,115000,0,4,0,1,6900,2,57,10,1,0,1,236900
12000,589200.0,46479.208417,12000,577200.0,0,0.0,0,1,0,0,1,4,0,0,12000,3,70,6,1,0,3,12000
12005,759400.0,125385.77154,265400,604000.0,110000,92000.0,0,1,0,92000,0,1,0,0,57400,2,37,13,2,0,1,357400
12010,30450.0,3350.8266533,450,30000.0,0,0.0,0,1,0,0,0,4,0,0,450,1,67,6,2,0,3,450
12015,59500.0,113495.74148,36000,35600.0,12100,0.0,0,0,0,0,0,2,0,1,35400,3,46,9,1,0,1,36000
12020,3747200.0,714482.71543,3410900,1566900.0,1230600,3035500.0,2470000,1,49500,871000,1,1,0,0,69900,3,42,13,1,0,1,4281900
12025,11400.0,14916.583166,6400,5000.0,0,4500.0,0,0,0,5000,0,5,0,0,1400,0,85,5,2,0,3,11400
12030,183000.0,119981.21242,257000,171000.0,245000,250000.0,0,1,0,0,0,3,0,0,7000,1,50,13,2,0,1,257000
12035,-1000.0,46479.208417,11000,0.0,12000,0.0,0,0,0,0,0,4,0,0,11000,2,79,12,2,0,3,11000
12040,615700.0,125385.77154,195700,420000.0,0,2850.0,0,1,0,19000,0,4,0,1,166000,3,61,9,1,0,1,214700
12045,264050.0,121062.12425,600,344600.0,81150,0.0,0,1,0,0,0,4,0,0,100,2,56,8,1,2,1,600
12050,540500.0,99443.887776,47500,617000.0,124000,10000.0,0,1,0,0,1,2,0,0,15500,3,50,13,1,0,1,47500
12055,7100.0,16213.677355,10100,0.0,3000,0.0,0,0,0,0,0,4,0,1,10100,2,21,12,2,0,1,10100
12060,1813600.0,399937.37475,1007600,1006000.0,200000,660000.0,200000,1,0,350000,0,4,0,1,307600,3,43,12,1,0,1,1357600
12065,430420.0,43236.472946,820,689600.0,260000,0.0,0,1,0,0,0,1,0,0,820,2,25,8,2,0,2,820
12070,62125130.0,1102530.0601,12056130,52569000.0,2500000,10736700.0,1430000,1,33210000,2012000,0,5,0,1,714130,3,58,12,1,0,2,14068130
12075,5420.0,17294.589178,120,5300.0,0,0.0,0,0,0,0,0,5,0,1,120,1,74,3,2,0,3,120
12080,55284600.0,811764.77956,51355100,3929500.0,0,8344000.0,0,1,0,2240000,0,2,0,1,37115100,3,60,14,1,0,2,53595100
12085,716890.0,35670.09018,54950,662070.0,130,20000.0,0,1,0,0,0,5,0,1,10950,3,80,7,1,0,3,54950
12090,9021400.0,1772695.3908,7592400,1944000.0,515000,6970000.0,5130000,1,0,800000,0,4,0,1,662400,3,61,8,1,1,1,8392400
12095,1091080.0,196725.9519,21180,1227000.0,157100,2550.0,0,1,0,17000,0,4,0,1,4180,3,42,13,1,0,1,38180
12100,287100.0,243205.16032,93600,532500.0,339000,72000.0,14000,1,0,56000,0,2,0,1,21600,3,27,12,1,0,1,149600
12105,4138400.0,502623.998,3447400,1245000.0,554000,2253400.0,449000,1,0,1330000,0,3,0,0,301400,3,37,12,1,1,1,4777400
12110,758205.0,92958.416834,576005,514200.0,332000,105000.0,0,1,0,173000,0,5,0,0,3005,2,68,11,1,0,3,749005
12115,3327000.0,408584.66934,896900,3569000.0,1138900,401000.0,176000,1,0,700000,0,1,0,1,20900,3,51,14,1,2,1,1596900
12120,54454000.0,5718023.5471,52530000,1924000.0,0,52500000.0,10000000,1,0,0,0,2,0,1,30000,3,60,13,1,2,2,52530000
12125,22190500.0,4520373.2465,6390500,15800000.0,0,4883750.0,3000000,1,15000000,525000,0,3,0,1,568000,1,80,13,2,0,2,6915500
12130,27680.0,16213.677355,680,27000.0,0,0.0,0,1,0,0,0,1,0,0,510,1,67,8,2,1,3,680
12135,2683330.0,121062.12425,1362330,1321000.0,0,816500.0,8000,1,0,1304000,0,4,0,1,50330,3,74,12,1,0,3,2666330
12140,62780.0,31346.442886,9200,53580.0,0,0.0,0,1,580,0,0,5,0,0,1600,2,63,11,2,0,3,9200
12145,285000.0,0.0,43000,290000.0,48000,0.0,0,1,75000,0,0,2,0,0,13000,2,57,8,2,0,2,43000
12150,21288800.0,621524.2986,460300,21901000.0,1072500,257500.0,0,1,20000000,70000,0,4,0,1,140300,3,47,13,1,1,2,530300
12155,319550.0,127547.59519,219700,112450.0,12600,47950.0,0,1,0,137000,0,2,0,1,66700,3,66,13,1,1,3,356700
12160,25136000.0,0.0,3550000,21586000.0,0,3300000.0,2500000,1,17240000,800000,0,5,1,1,50000,3,67,12,1,0,2,4350000
12165,160770.0,61611.973948,66600,188000.0,93830,18100.0,0,1,0,54100,0,5,0,0,12500,2,64,8,2,0,1,120700
12170,-44700.0,55126.503006,7700,23300.0,75700,0.0,0,0,0,0,0,5,0,1,7700,3,29,12,1,2,1,7700
12175,-52870.0,139437.62525,24000,45000.0,121870,4000.0,0,0,0,8000,0,4,0,1,16000,2,42,13,2,3,1,32000
12180,29731.0,55126.503006,101,30100.0,470,0.0,0,0,0,0,0,3,1,1,101,2,55,8,1,0,2,101
12185,1499000.0,132952.15431,908000,701000.0,110000,210950.0,72000,1,0,422000,0,5,0,1,414000,3,68,14,1,0,2,1330000
12190,13210.0,140518.53707,13310,33700.0,33800,1950.0,0,0,0,13000,1,4,1,0,310,3,31,13,1,0,1,26310
12195,980500.0,29616.983968,334000,646500.0,0,114450.0,0,1,0,77000,0,5,0,0,2000,2,65,13,2,0,1,411000
12200,27900.0,109172.09419,17200,21300.0,10600,0.0,0,0,0,0,0,3,0,0,17200,3,63,12,1,0,2,17200
12205,250.0,19456.412826,250,0.0,0,0.0,0,0,0,0,0,4,0,0,200,1,62,10,2,0,2,250
12210,-7110.0,48641.032064,8150,1750.0,17010,350.0,0,0,1750,7000,0,4,0,0,1150,3,29,11,2,0,1,15150
12215,-11429.0,92958.416834,1501,0.0,12930,0.0,0,0,0,0,0,4,1,0,1,2,37,9,1,3,1,1501
12220,365000.0,53721.317635,49000,316000.0,0,2200.0,0,1,0,19000,0,5,0,1,30000,3,83,10,2,0,3,68000
12225,22800.0,18375.501002,3200,20000.0,400,0.0,0,0,20000,0,0,2,0,0,3200,2,28,8,2,0,2,3200
12230,438300.0,281037.07415,217100,433000.0,211800,201000.0,62000,1,0,139000,0,5,0,0,16100,3,43,13,1,1,1,356100
12235,43000.0,127547.59519,18000,291000.0,266000,15000.0,0,1,0,15000,0,5,0,0,3000,1,50,11,1,2,1,33000
12240,84650.0,20537.324649,450,84200.0,0,0.0,0,1,0,0,0,5,0,0,450,2,59,8,2,0,1,450
12245,13489550.0,2226678.3567,4510550,9879000.0,900000,4141000.0,1000000,1,50000,2641000,0,4,0,1,369550,3,52,13,1,1,2,7151550
12250,291700.0,121062.12425,265500,32200.0,6000,221500.0,5000,0,0,162500,0,4,0,1,44000,3,25,11,1,0,1,428000
12255,424895200.0,16213677.355,152021200,272874000.0,0,100105000.0,81040000,1,250521000,5065000,0,4,0,1,8351200,2,70,12,2,0,2,157086200
12260,170.0,65935.621242,670,0.0,500,0.0,0,0,0,0,0,2,0,0,670,2,41,9,2,0,1,670
12265,632450.0,156732.21443,18350,1045300.0,431200,0.0,0,1,50000,0,0,4,0,0,3350,3,48,8,1,1,2,18350
12270,22242810.0,1307903.3066,17980810,7035000.0,2773000,3004900.0,5700,1,105000,926000,0,4,0,1,514810,3,58,13,1,1,1,18906810
12275,3853500.0,192402.30461,78500,4248000.0,473000,63000.0,0,1,100000,0,0,1,0,0,76500,2,54,8,1,3,2,78500
12280,1313800.0,34589.178357,893000,420800.0,0,182000.0,58000,1,0,416000,0,3,0,1,298000,3,68,11,2,0,3,1309000
12285,136800.0,49721.943888,47600,116700.0,27500,0.0,0,0,0,0,0,2,1,0,47100,3,41,8,1,0,1,47600
12290,-380400.0,168622.24449,58250,344600.0,783250,6600.0,100,1,0,31000,0,2,0,0,8150,3,33,11,1,0,1,89250
12295,87000.0,48641.032064,25100,156700.0,94800,0.0,0,1,0,0,0,4,0,0,22300,1,65,8,2,1,1,25100
12300,148800.0,87553.857715,56700,385100.0,293000,1700.0,0,1,0,1700,0,5,0,0,47000,2,30,12,1,1,4,58400
12305,1406740.0,195645.04008,327540,1282200.0,203000,237000.0,0,1,0,203000,0,4,0,1,85540,3,47,13,1,2,1,530540
12310,2095400.0,541536.82365,752600,1353800.0,11000,281000.0,0,1,221800,555000,0,3,0,1,147600,3,54,14,1,0,2,1307600
12315,4271600.0,172945.89178,9000,4962600.0,700000,0.0,0,1,2000000,0,0,5,0,1,9000,2,64,8,1,0,2,9000
12320,833019800.0,0.0,64897000,768122800.0,0,28250000.0,4250000,1,764780000,0,0,5,1,1,100000,3,89,9,1,0,2,64897000
12325,103860.0,127547.59519,6660,107200.0,10000,0.0,0,1,0,0,0,4,0,1,6660,2,53,12,2,4,1,6660
12330,5272000.0,164298.59719,49000,5378000.0,155000,0.0,0,1,5000000,0,0,2,0,1,49000,3,56,12,1,1,1,49000
12335,463280.0,46479.208417,168000,324000.0,28720,58450.0,0,1,0,167000,0,3,0,0,1000,3,58,8,2,0,1,335000
12340,-13300.0,9728.2064128,400,6300.0,20000,0.0,0,0,0,0,0,5,1,0,400,2,23,9,2,0,1,400
12345,8160.0,31346.442886,760,7400.0,0,0.0,0,0,0,0,0,5,0,0,760,2,32,8,2,3,1,760
12350,198550.0,110253.00601,85400,255100.0,141950,23400.0,0,1,0,78000,0,2,0,0,7400,3,50,13,1,1,1,163400
12355,71306000.0,5750450.9018,27447000,43859000.0,0,9476750.0,3000000,1,40500000,717000,0,4,0,1,2090000,3,58,13,1,0,2,28164000
12360,10936250.0,429121.99399,8605000,2801250.0,470000,8479000.0,569000,1,0,0,0,3,0,1,31000,3,71,12,1,1,3,8605000
12365,1913500.0,220506.01202,159500,3259000.0,1505000,31950.0,30000,1,642000,33000,0,3,0,1,31500,3,60,13,1,0,2,192500
12370,1.0,30265.531062,1,0.0,0,0.0,0,0,0,0,0,4,0,0,1,3,40,8,1,3,1,1
12375,158280.0,15132.765531,1790,158400.0,1910,0.0,0,1,0,0,0,4,0,0,290,1,82,10,2,0,3,1790
12380,134800.0,72421.092184,2500,381800.0,249500,0.0,0,1,0,0,0,5,1,0,2500,3,51,9,2,1,1,2500
12385,2023000.0,229153.30661,1187000,836000.0,0,605550.0,0,1,0,1175000,0,5,0,1,12000,3,82,13,1,0,3,2362000
12390,67740.0,101605.71142,34040,312000.0,278300,7260.0,0,1,0,32200,0,2,0,0,1840,1,35,9,1,1,1,66240
12395,63471000.0,13165506.012,6860000,56722000.0,111000,6144000.0,952000,1,55300000,412000,0,2,0,1,491000,3,59,12,1,1,2,7272000
12400,35356000.0,2172632.7655,8474000,26882000.0,0,5070000.0,550000,1,1000000,2400000,0,1,0,0,24000,3,66,12,1,0,3,10874000
12405,60200.0,185916.83367,41200,34000.0,15000,0.0,0,0,0,0,0,1,0,0,41200,2,34,13,2,0,1,41200
12410,11484000.0,558831.41283,570000,11554000.0,640000,120000.0,0,1,4000000,220000,0,1,0,1,350000,0,62,10,1,0,2,790000
12415,-66920.0,78906.563126,9580,7500.0,84000,2070.0,0,0,0,7300,0,4,0,0,2280,2,35,12,1,1,1,16880
12420,13660.0,11890.03006,40,14300.0,680,0.0,0,0,0,0,0,5,0,0,40,1,37,6,2,2,1,40
12425,38050.0,24860.971944,50,38000.0,0,0.0,0,1,0,0,0,5,0,0,50,2,76,6,1,0,3,50
12430,4687800.0,179431.36273,3855000,832800.0,0,3635000.0,3000000,1,0,635000,0,5,0,1,220000,3,77,14,1,0,2,4490000
12435,230500.0,56207.41483,2000,424000.0,195500,0.0,0,1,0,0,0,4,1,0,2000,3,44,8,1,2,1,2000
12440,100440.0,87553.857715,79170,179890.0,158620,63475.0,0,1,0,76500,0,4,0,1,2670,3,50,8,1,3,1,155670
12445,322200.0,264823.39679,37000,708200.0,423000,11700.0,0,1,0,13000,0,4,0,1,24000,2,40,13,1,3,1,50000
12450,1260910.0,499381.26253,890910,522000.0,152000,174000.0,0,1,0,514000,0,5,0,1,28810,3,57,13,2,0,1,1404910
12455,2816000.0,145923.09619,118000,2698000.0,0,0.0,0,1,2110000,0,0,2,0,0,118000,2,61,12,2,1,2,118000
12460,75660.0,22699.148297,1120,76700.0,2160,0.0,0,1,0,0,0,2,0,0,1120,3,82,8,2,2,3,1120
12465,1076300.0,465872.99599,780000,1206800.0,910500,309850.0,200000,1,0,524000,1,4,0,0,56000,2,46,12,1,2,1,1304000
12470,714900.0,292927.10421,254900,606000.0,146000,70290.0,12000,1,0,85900,0,2,0,0,117000,3,33,12,2,0,1,340800
12475,897730.0,238881.51303,16800,1130200.0,249270,5800.0,3800,1,450000,0,0,5,0,0,13000,2,41,13,1,3,2,16800
12480,6399500.0,446416.58317,669900,6993100.0,1263500,160000.0,160000,1,3875000,0,0,2,0,1,509900,3,51,12,1,2,2,669900
12485,900.0,36751.002004,900,0.0,0,0.0,0,0,0,0,0,5,0,0,900,2,41,8,2,1,4,900
12490,81000.0,94039.328657,900,226000.0,145900,0.0,0,1,0,0,0,5,0,0,900,2,57,8,1,0,1,900
12495,808000.0,261580.66132,96000,1080000.0,368000,0.0,0,1,375000,0,0,4,1,1,12000,3,53,13,1,1,2,96000
12500,50000.0,27022.795591,50000,0.0,0,0.0,0,0,0,0,0,2,0,1,50000,1,40,8,2,0,1,50000
12505,13360.0,54045.591182,10360,3000.0,0,4000.0,0,0,0,10000,0,3,0,0,360,0,30,8,2,0,1,20360
12510,815200.0,294008.01603,360700,1060500.0,606000,8000.0,0,1,233000,115000,0,3,0,1,245700,3,45,8,1,2,2,475700
12515,1754000.0,83230.210421,800000,954000.0,0,398000.0,0,1,0,796000,0,4,0,1,4000,1,70,12,1,0,3,1596000
12520,164926300.0,3268893.5371,152962000,11964300.0,0,151843100.0,298000,0,916000,1366000,0,4,0,1,276800,2,62,11,1,0,1,154328000
12525,12860.0,34589.178357,60,15000.0,2200,0.0,0,0,0,0,0,3,0,0,60,1,32,9,2,1,1,60
12530,72436000.0,9403932.8657,33850000,67458000.0,28872000,23509300.0,10000000,1,25200000,93000,0,3,0,1,257000,3,63,12,1,0,2,33943000
12535,134050.0,210777.80561,117300,28000.0,11250,81600.0,0,0,0,111000,0,4,0,1,6300,3,43,9,1,0,1,228300
12540,1586800.0,143761.27255,679900,1645900.0,739000,406000.0,40000,1,205000,481000,0,2,0,1,54900,3,56,12,1,2,2,1160900
12545,35494500.0,4680348.1964,24315000,11479500.0,300000,9950000.0,9950000,1,3500000,0,0,3,0,1,365000,3,80,8,1,0,3,24315000
12550,60.0,30265.531062,60,0.0,0,0.0,0,0,0,0,0,2,0,0,60,2,29,9,2,0,1,60
12555,99100.0,49721.943888,83700,39900.0,24500,82000.0,0,1,0,82000,0,5,0,1,1700,2,50,11,2,0,1,165700
12560,20730.0,31346.442886,8300,13000.0,570,0.0,0,0,0,0,0,5,0,0,8300,2,23,12,2,0,1,8300
12565,360.0,3891.2825651,360,0.0,0,0.0,0,0,0,0,0,5,0,0,360,2,51,6,1,0,1,360
12570,1209110.0,299412.57515,864000,550000.0,204890,650000.0,0,1,0,363000,1,2,0,1,214000,3,46,12,1,2,1,1227000
12575,49650.0,43236.472946,22450,222000.0,194800,20000.0,0,1,0,20000,0,5,0,1,2450,1,38,13,2,2,1,42450
12580,-26210.0,29184.619238,13980,12900.0,53090,0.0,0,0,0,13000,0,2,1,1,980,3,41,9,2,0,1,26980
12585,1898750.0,352377.25451,1057300,1058000.0,216550,785300.0,315000,1,0,268000,0,5,0,1,115000,3,53,12,1,0,1,1325300
12590,20870000.0,473439.37876,9735000,11180000.0,45000,8100000.0,2000000,1,1000000,2500000,0,1,0,1,135000,3,82,12,1,0,3,12235000
12595,2865000.0,438850.2004,1751000,1114000.0,0,850000.0,0,1,0,1030000,0,3,0,1,280000,3,49,14,1,2,1,2781000
12600,937200.0,76744.739479,230000,707200.0,0,0.0,0,1,0,0,1,1,0,1,30000,2,78,12,2,0,1,230000
12605,708700.0,81068.386774,414000,309600.0,14900,307400.0,0,1,0,375000,0,3,0,1,7000,2,59,10,1,2,3,789000
12610,1184860.0,46479.208417,128320,1096500.0,39960,0.0,0,1,0,0,0,1,0,1,50320,3,67,9,2,1,3,128320
12615,31837000.0,6031487.976,23508000,8329000.0,0,10636850.0,9200000,1,0,1749000,0,4,0,0,3059000,2,55,13,1,0,3,25257000
12620,1490040.0,216182.36473,93640,1524900.0,128500,21000.0,0,1,0,60000,0,2,0,1,28640,3,54,9,1,2,1,153640
12625,375310.0,140518.53707,107310,602000.0,334000,83700.0,0,1,0,100000,0,1,0,0,3110,2,50,12,1,1,1,207310
12630,777790.0,148084.91984,519000,381000.0,122210,351000.0,0,1,0,464000,0,2,0,1,33000,3,54,12,1,3,1,983000
12635,758130.0,155651.30261,199030,716100.0,157000,5000.0,0,1,0,50000,0,4,0,1,79030,2,42,12,2,1,1,249030
12640,-169.0,25941.883768,31,0.0,200,0.0,0,0,0,0,0,4,0,0,31,1,80,9,2,0,3,31
12645,102310.0,20537.324649,53310,67000.0,18000,50000.0,0,0,15000,0,0,3,0,0,3310,3,64,10,2,0,2,53310
12650,6100.0,104848.44689,1000,5100.0,0,0.0,0,0,0,0,0,2,0,1,1000,2,65,8,1,0,1,1000
12655,11139500.0,399937.37475,4499000,6640500.0,0,717350.0,7000,1,5590000,4039000,0,5,0,1,453000,3,69,8,1,0,2,8538000
12660,111210.0,82149.298597,420,265400.0,154610,0.0,0,1,0,0,0,3,0,0,420,3,46,8,1,1,3,420
12665,29979100.0,2183441.8838,3421000,26608100.0,50000,2034950.0,0,1,21000000,1113000,1,3,0,1,566000,3,65,13,1,0,2,4534000
12670,862546600.0,14570691.383,46031600,816515000.0,0,11050000.0,11050000,1,396040000,0,0,3,0,1,6461600,3,80,12,1,1,2,46031600
12675,350.0,4539.8296593,350,0.0,0,0.0,0,0,0,0,0,4,0,0,350,2,34,9,1,0,2,350
12680,-21260.0,104848.44689,240,40000.0,61500,0.0,0,0,0,0,0,4,0,0,240,2,32,5,1,2,1,240
12685,2189100.0,126466.68337,987000,1203500.0,1400,116100.0,0,1,0,951000,0,4,0,1,12000,3,64,12,1,0,3,1938000
12690,63930.0,89715.681363,8730,138500.0,83300,3600.0,0,1,0,8600,0,2,0,0,130,2,53,7,2,0,1,17330
12695,54197200.0,1772695.3908,34380200,25768000.0,5951000,10084000.0,8880000,1,0,1720000,0,2,0,0,175200,3,65,13,1,0,2,36100200
12700,249560.0,61611.973948,3300,602000.0,355740,0.0,0,1,0,0,0,1,0,0,3300,3,42,8,1,2,1,3300
12705,-4280.0,6917.8356713,5400,0.0,9680,0.0,0,0,0,0,0,3,1,0,4900,1,19,9,2,0,1,5400
12710,14350500.0,523161.32265,11383500,3281000.0,314000,8126000.0,0,1,1000000,126000,0,4,0,0,2237500,3,57,14,1,3,3,11509500
12715,42120.0,7458.2915832,120,42000.0,0,0.0,0,1,0,0,0,4,0,0,120,0,69,3,2,0,3,120
12720,126300.0,112414.82966,27900,396500.0,298100,23800.0,0,1,0,3800,1,4,0,0,4100,3,41,12,1,2,1,31700
12725,6120.0,18375.501002,120,6100.0,100,0.0,0,0,0,0,0,2,0,0,120,1,21,8,2,2,1,120
12730,52270.0,42155.561122,57320,4300.0,9350,57000.0,0,0,0,57000,1,2,1,0,320,2,47,8,2,0,1,114320
12735,-13900.0,48641.032064,100,0.0,14000,0.0,0,0,0,0,0,5,0,0,100,1,36,9,2,0,1,100
12740,5502.0,24860.971944,2,7700.0,2200,0.0,0,0,0,0,0,4,0,0,2,1,58,8,2,0,3,2
12745,-26800.0,33508.266533,2100,6500.0,35400,100.0,0,0,0,1000,0,5,1,0,1100,2,44,9,2,0,2,3100
12750,6250.0,104848.44689,1450,35600.0,30800,0.0,0,0,0,0,0,5,0,0,1450,3,38,5,1,2,3,1450
12755,112000.0,259418.83768,71000,770000.0,729000,20000.0,0,1,0,36000,0,4,0,1,35000,2,39,12,1,1,1,107000
12760,1379980.0,0.0,5000,1721000.0,346020,0.0,0,0,1721000,0,0,5,1,0,5000,2,62,12,2,1,2,5000
12765,330.0,28103.707415,330,0.0,0,0.0,0,0,0,0,0,5,0,0,330,3,40,8,2,0,1,330
12770,-7190.0,38912.825651,3340,0.0,10530,0.0,0,0,0,0,0,3,0,0,3340,3,67,13,2,0,1,3340
12775,397313000.0,6355761.523,5437000,391876000.0,0,2957450.0,0,1,387950000,3131000,0,4,0,1,456000,3,68,12,1,0,2,8568000
12780,255930.0,21618.236473,205000,51000.0,70,0.0,0,1,0,0,0,5,0,1,5000,1,86,8,2,0,3,205000
12785,22833200.0,4118274.0481,17699000,7034200.0,1900000,7535000.0,1660000,1,0,11880000,0,1,0,1,539000,3,65,14,1,0,3,29579000
12790,796000.0,91877.50501,425000,371000.0,0,296000.0,0,1,90000,230000,0,3,0,0,60000,3,73,9,1,0,2,655000
12795,146700.0,122143.03607,19100,257000.0,129400,2100.0,0,1,0,10000,0,4,0,0,9100,1,30,8,1,1,1,29100
12800,48400.0,73502.004008,54700,33000.0,39300,13000.0,0,0,0,13000,0,2,0,1,41700,3,38,12,2,0,1,67700
12805,13400000.0,536132.26453,13400000,0.0,0,4360000.0,2000000,0,0,1200000,0,2,0,1,200000,3,78,13,2,0,2,14600000
12810,9506.0,20537.324649,6,14000.0,4500,0.0,0,0,0,0,0,3,0,0,6,2,60,9,2,0,3,6
12815,248200.0,228072.39479,295300,62000.0,109100,22840.0,5700,0,0,17900,0,5,0,1,271700,3,34,14,1,0,1,313200
12820,1515600.0,234557.86573,24600,1961000.0,470000,0.0,0,1,550000,0,0,2,0,1,24600,2,43,8,1,3,2,24600
12825,2872720.0,114576.65331,152290,2964930.0,244500,26450.0,0,1,2430500,92000,0,3,0,0,33290,1,45,9,1,3,2,244290
12830,118791.0,12970.941884,113001,9100.0,3310,67800.0,0,0,0,0,0,2,1,0,1,2,24,9,1,0,4,113001
12835,41444000.0,11965693.888,25003000,19234000.0,2793000,13035000.0,2030000,1,0,690000,1,2,0,1,4283000,3,41,13,1,1,3,25693000
12840,5679000.0,268066.13226,4876000,1643000.0,840000,504000.0,15000,1,0,2400000,0,1,0,0,2460000,1,71,12,2,0,3,7276000
12845,3704300.0,389668.71242,3034000,670300.0,0,1156500.0,0,1,0,2127000,0,3,0,1,51000,3,71,13,1,0,1,5161000
12850,101646630.0,13327642.786,75516630,29670000.0,3540000,37618600.0,8560000,1,6560000,1964000,0,4,0,1,10757630,3,55,14,1,3,2,77480630
12855,1383500.0,453982.96593,1046000,851500.0,514000,763000.0,0,1,0,990000,0,2,0,1,56000,3,49,12,1,0,1,2036000
12860,-11000.0,25941.883768,5400,0.0,16400,2400.0,0,0,0,2400,0,5,0,0,3000,0,39,9,2,3,1,7800
12865,628800.0,163217.68537,390500,439000.0,200700,101100.0,0,1,0,366000,0,2,0,0,23100,3,52,12,1,1,1,756500
12870,63420.0,183755.01002,23660,40700.0,940,3700.0,0,0,0,11200,0,3,0,1,12460,2,41,8,1,1,1,34860
12875,762600.0,290765.28056,614200,203400.0,55000,425200.0,5200,1,50000,600000,0,1,0,1,9000,2,59,8,2,0,1,1214200
12880,35120.0,23780.06012,120,35000.0,0,0.0,0,1,0,0,1,5,0,0,120,3,40,5,1,1,4,120
12885,270700.0,129709.41884,3700,581000.0,314000,0.0,0,1,0,0,0,1,0,0,3700,2,41,9,1,2,1,3700
12890,-22750.0,45398.296593,810,8200.0,31760,0.0,0,0,0,0,1,2,0,0,810,1,52,8,1,0,1,810
12895,101617500.0,3394063.1263,83550000,18067500.0,0,73875000.0,57000000,1,4000000,2500000,0,5,0,1,3150000,2,68,12,1,0,2,86050000
12900,114100.0,161055.86172,12000,415100.0,313000,7100.0,1400,1,0,6000,0,4,0,0,4600,3,46,12,1,2,4,18000
12905,-17110.0,34589.178357,1500,7000.0,25610,0.0,0,0,0,0,0,2,1,0,1500,1,28,12,2,2,1,1500
12910,954050.0,198563.502,395850,597700.0,39500,334950.0,0,1,23000,358000,0,5,0,0,850,3,70,14,1,2,3,753850
12915,56400.0,64854.709419,29400,27000.0,0,0.0,0,0,0,20000,0,3,0,0,9400,3,48,9,2,0,1,49400
12920,63900.0,97282.064128,32900,31000.0,0,13900.0,10000,0,0,3900,0,1,0,0,19000,1,34,13,1,0,1,36800
12925,100400.0,18375.501002,10000,90400.0,0,0.0,0,1,0,0,0,2,0,1,10000,3,52,1,2,0,1,10000
12930,8746000.0,1189003.006,7175000,1571000.0,0,4950000.0,0,1,0,2900000,0,3,0,1,100000,3,63,14,1,0,1,10075000
12935,310900.0,151327.65531,173900,570000.0,433000,58400.0,0,1,0,138000,0,5,0,0,35900,2,47,13,2,0,1,311900
12940,1711800.0,220506.01202,723100,1063800.0,75100,31550.0,0,0,0,216000,0,4,0,1,72100,2,55,9,1,2,1,939100
12945,1853830.0,124304.85972,996000,858000.0,170,712000.0,25000,1,0,340000,0,5,0,0,7000,2,61,9,1,0,1,1336000
12950,21810.0,105929.35872,150,41800.0,20140,0.0,0,0,0,0,0,5,1,0,150,2,49,1,1,1,1,150
12955,417000.0,56207.41483,417000,0.0,0,400000.0,0,0,0,400000,0,5,0,1,17000,3,75,12,2,0,3,817000
12960,436100.0,194564.12826,43300,978000.0,585200,5000.0,0,1,0,5000,0,3,0,0,38300,1,49,13,1,2,1,48300
12965,1491200000.0,200682089.18,343571000,1147629000.0,0,116521000.0,91860000,1,883790000,61027000,1,4,0,1,190184000,3,79,14,1,0,2,404598000
12970,1430600.0,296169.83968,295200,1291300.0,155900,247000.0,0,1,150000,247000,0,4,0,0,48200,3,60,14,1,1,1,542200
12975,368910.0,35670.09018,38510,331500.0,1100,970.0,970,1,0,0,0,5,0,1,37540,0,67,11,1,0,3,38510
12980,100.0,21618.236473,100,0.0,0,0.0,0,0,0,0,0,1,0,0,100,3,42,8,2,1,1,100
12985,1190000.0,134033.06613,695000,965000.0,470000,303000.0,260000,0,410000,430000,0,2,0,1,5000,3,38,14,2,0,1,1125000
12990,89100.0,85392.034068,10500,79000.0,400,0.0,0,1,0,0,0,4,1,0,6700,1,72,8,1,0,3,10500
12995,186500.0,183755.01002,110000,223000.0,146500,0.0,0,1,0,35000,0,5,0,1,55000,3,34,13,2,0,1,145000
13000,-9840.0,32427.354709,2160,0.0,12000,1100.0,0,0,0,2000,0,4,0,0,160,1,63,10,2,0,1,4160
13005,532080.0,408584.66934,460400,93000.0,21320,392500.0,335000,0,20000,83000,0,4,1,1,42400,2,30,12,1,0,1,543400
13010,83000.0,83230.210421,5900,117700.0,40600,0.0,0,0,30000,0,0,4,0,0,5900,0,33,4,1,3,1,5900
13015,293328000.0,2579055.6112,131670000,161658000.0,0,72795000.0,46760000,1,155150000,26035000,0,3,0,0,41655000,3,72,12,1,0,2,157705000
13020,69300.0,20537.324649,1800,67500.0,0,0.0,0,1,0,0,0,3,0,0,1800,2,54,8,2,0,1,1800
13025,19600.0,32427.354709,100,36500.0,17000,0.0,0,0,0,0,0,3,0,0,100,2,42,11,1,3,1,100
13030,340300.0,167541.33267,32000,713000.0,404700,9000.0,0,1,22000,9000,0,4,0,0,23000,3,40,13,1,3,1,41000
13035,-1800.0,41074.649299,700,14000.0,16500,0.0,0,0,0,0,0,1,0,0,200,1,32,12,2,0,2,700
13040,4756000.0,698269.03808,3139000,2062000.0,445000,2663000.0,1100000,1,0,1670000,0,2,0,1,284000,3,51,12,1,3,1,4809000
13045,350.0,12970.941884,380,0.0,30,0.0,0,0,0,0,0,5,0,1,380,2,37,9,2,0,3,380
13050,69700.0,46479.208417,54700,15000.0,0,0.0,0,0,0,0,0,5,0,0,6700,2,53,11,2,0,4,54700
13055,357000.0,49721.943888,1000,356000.0,0,0.0,0,1,0,0,0,4,0,0,1000,2,47,8,1,1,1,1000
13060,1966000.0,116738.47695,739000,1227000.0,0,187760.0,0,1,0,13000,0,1,0,0,46000,1,88,1,2,1,3,752000
13065,1274410.0,286441.63327,669410,895000.0,290000,383600.0,6500,1,0,512000,0,2,0,1,143410,3,47,13,1,2,1,1181410
13070,994700.0,129493.23647,458700,536000.0,0,65850.0,0,1,0,206000,0,4,0,1,152700,3,84,8,1,0,3,664700
13075,0.0,12970.941884,0,0.0,0,0.0,0,0,0,0,0,5,0,0,0,1,31,8,2,1,1,0
13080,309600.0,174026.80361,146600,619000.0,456000,69900.0,4900,1,0,135000,0,3,0,1,6700,2,28,12,1,0,1,281600
13085,126241000.0,6442234.4689,10420000,117649000.0,1828000,7442200.0,0,1,109170000,3082000,1,3,0,1,1311000,3,50,14,1,2,2,13502000
13090,300.0,14051.853707,300,0.0,0,0.0,0,0,0,0,0,5,0,1,300,2,86,2,2,0,3,300
13095,545500.0,47560.12024,15500,554000.0,24000,0.0,0,1,0,0,0,4,0,1,11000,2,89,9,2,0,3,15500
13100,27690.0,49721.943888,10700,27000.0,10010,5360.0,0,0,0,6700,1,2,1,0,4000,3,25,8,2,0,1,17400
13105,107000.0,15132.765531,88000,19000.0,0,0.0,0,0,0,0,0,3,0,0,33000,1,87,8,2,0,3,88000
13110,526500.0,19456.412826,26500,500000.0,0,8750.0,0,1,0,0,0,4,0,1,1500,3,81,9,2,1,3,26500
13115,600.0,49721.943888,100,4300.0,3800,0.0,0,0,0,0,0,5,0,0,100,2,44,6,1,4,1,100
13120,291200.0,94039.328657,72100,439000.0,219900,1520.0,0,1,0,3800,0,4,0,1,68300,2,34,12,2,0,1,75900
13125,5166000.0,733939.12826,4287000,879000.0,0,3667000.0,750000,1,378000,2917000,0,5,0,0,245000,3,69,14,1,0,2,7204000
13130,208200.0,114576.65331,39000,754000.0,584800,14000.0,0,1,20000,32000,0,2,0,1,6000,2,40,13,1,2,1,71000
13135,112700.0,121062.12425,19600,282000.0,188900,0.0,0,1,0,0,0,5,0,1,4600,3,50,9,2,0,1,19600
13140,77082300.0,12419676.854,34623000,42459300.0,0,24873000.0,22600000,1,36750000,843000,0,4,0,1,7070000,3,62,8,1,0,2,35466000
13145,790.0,51883.767535,1250,0.0,460,0.0,0,0,0,0,0,1,0,0,1200,1,46,9,1,2,4,1250
13150,67472000.0,978225.2004,49029000,18443000.0,0,33859000.0,30210000,1,13000000,2619000,0,1,0,1,30000,3,65,14,1,0,2,51648000
13155,4978600.0,1999686.8737,3017700,4273400.0,2312500,1595000.0,0,1,0,2482000,0,4,0,1,535700,3,62,13,1,2,1,5499700
13160,233800.0,22699.148297,13500,226800.0,6500,8500.0,0,1,0,8500,0,4,1,0,5000,1,43,9,2,0,1,22000
13165,6860.0,30265.531062,360,8000.0,1500,0.0,0,0,0,0,0,5,0,0,360,2,38,1,2,3,1,360
13170,2186000.0,55126.503006,1174000,1012000.0,0,958900.0,900000,1,100000,12000,0,2,0,1,190000,3,73,12,1,0,3,1186000
13175,2921000.0,188078.65731,1140000,2037000.0,256000,500000.0,0,1,0,0,0,4,0,1,640000,2,73,9,2,0,3,1140000
13180,45166.0,31346.442886,396,54000.0,9230,0.0,0,0,0,0,0,5,1,0,396,2,26,10,1,1,4,396
13185,756500.0,129709.41884,134500,992000.0,370000,29500.0,0,1,0,118000,0,3,0,1,16500,3,64,12,1,1,1,252500
13190,220540.0,140518.53707,26340,454400.0,260200,12960.0,0,1,0,14400,0,3,0,0,11940,3,43,11,1,0,1,40740
13195,18500.0,48641.032064,18500,0.0,0,0.0,0,0,0,0,0,5,0,1,18500,1,25,8,1,2,4,18500
13200,-67750.0,41074.649299,780,0.0,68530,0.0,0,0,0,0,0,4,1,0,780,1,33,12,2,0,1,780
13205,555090.0,92958.416834,89100,510490.0,44500,80000.0,40000,1,0,0,0,4,0,1,3100,2,73,11,1,0,3,89100
13210,10800.0,7998.747495,300,11900.0,1400,0.0,0,0,0,0,0,5,0,0,300,0,50,6,1,1,1,300
13215,20749000.0,4000454.6593,9465000,11964000.0,680000,6265000.0,6000000,1,0,265000,0,4,0,1,1500000,0,79,12,2,0,3,9730000
13220,78000.0,38912.825651,10600,76000.0,8600,0.0,0,1,0,0,0,5,0,0,10600,0,79,4,2,1,3,10600
13225,13400.0,32427.354709,400,35000.0,22000,0.0,0,0,0,0,0,1,0,0,400,2,29,9,2,0,1,400
13230,723000.0,63773.797595,563000,160000.0,0,25000.0,13000,0,160000,12000,0,2,0,0,538000,3,38,12,2,0,2,575000
13235,1141800.0,20537.324649,0,1141800.0,0,0.0,0,1,65000,0,0,5,0,0,0,1,48,8,2,0,4,0
13240,-1050.0,21618.236473,100,0.0,1150,0.0,0,0,0,0,0,5,0,0,100,1,66,6,2,0,1,100
13245,10880.0,64854.709419,177620,245000.0,411740,28005.0,0,1,51000,45300,0,5,0,0,12320,2,41,13,2,1,1,222920
13250,1979800.0,91877.50501,1731800,381000.0,133000,505050.0,0,1,0,1443000,0,4,0,1,113800,3,72,10,1,0,3,3174800
13255,61034000.0,1091720.9419,55593000,5441000.0,0,44470000.0,4500000,1,594000,0,0,5,0,0,665000,3,76,12,1,0,2,55593000
13260,15114000.0,175107.71543,13492000,1622000.0,0,6842000.0,0,1,50000,3032000,0,2,0,1,50000,3,70,13,1,0,3,16524000
13265,6261100.0,1275475.9519,4964000,2342100.0,1045000,3775450.0,1500000,1,0,3223000,0,5,0,0,241000,2,56,13,1,0,3,8187000
13270,1058167420.0,34329759.519,62957320,995210100.0,0,25610000.0,0,1,930540000,211000,0,1,0,1,246320,2,72,13,1,0,2,63168320
13275,433100.0,24860.971944,233100,200000.0,0,8700.0,0,1,0,87000,0,4,0,0,56500,0,71,9,2,0,3,320100
13280,2584500.0,585854.20842,733500,2001000.0,150000,21000.0,0,1,1200000,132500,0,2,0,1,201000,3,51,9,1,0,2,866000
13285,36762000.0,4464165.8317,32463000,4299000.0,0,14504000.0,1120000,1,0,7424000,0,4,0,1,309000,3,65,13,1,0,3,39887000
13290,6894000.0,216182.36473,210000,6750000.0,66000,0.0,0,1,6000000,0,1,1,0,1,210000,1,55,12,1,1,2,210000
13295,1599500.0,99443.887776,1078500,521000.0,0,228250.0,223000,1,0,0,0,3,0,0,35500,2,70,12,1,0,3,1078500
13300,235427700.0,15554321.142,186742000,48685700.0,0,164980000.0,144980000,1,13480000,0,0,2,1,0,10572000,2,61,12,1,0,1,186742000
13305,102388990.0,15165733.342,50199290,52189700.0,0,44540000.0,5000000,1,48390000,2073000,0,5,0,1,2116290,3,85,14,1,0,3,52272290
13310,196000.0,141599.4489,128000,68000.0,0,106000.0,25000,0,0,52000,0,2,0,1,16000,3,32,13,1,0,1,180000
13315,71700.0,84311.122244,5500,289200.0,223000,0.0,0,1,0,0,0,5,0,1,5500,2,37,13,1,3,1,5500
13320,11070.0,41074.649299,1770,9300.0,0,0.0,0,0,0,0,1,2,0,0,1770,0,44,9,1,0,3,1770
13325,396000.0,57288.326653,800,753200.0,358000,0.0,0,1,0,0,0,4,1,0,800,3,51,9,1,3,1,800
13330,10657300.0,325354.45892,5151000,7706300.0,2200000,2887500.0,2000000,1,2150000,1050000,0,2,0,0,1401000,3,52,12,1,0,2,6201000
13335,158450.0,54045.591182,6650,194800.0,43000,0.0,0,1,0,0,0,3,0,0,2150,2,50,10,1,0,1,6650
13340,254305.0,20537.324649,12105,250000.0,7800,0.0,0,1,0,0,0,2,0,0,105,1,83,12,2,0,3,12105
13345,571000.0,325354.45892,149000,1136000.0,714000,148000.0,0,1,0,139000,0,5,0,1,1000,1,37,13,1,1,1,288000
13350,1321800.0,137275.8016,726800,595000.0,0,266900.0,0,1,0,314000,0,4,0,1,48500,3,71,12,2,0,1,1040800
13355,0.0,2702.2795591,0,0.0,0,0.0,0,0,0,0,1,5,0,1,0,1,25,8,2,0,4,0
13360,3009900.0,378319.13828,1583000,2327000.0,900100,230000.0,0,1,0,1080000,0,5,0,0,203000,3,68,12,1,1,3,2663000
13365,2960900.0,264823.39679,2482000,478900.0,0,1335500.0,0,1,0,1940000,0,1,0,1,22000,3,62,8,1,0,1,4422000
13370,1618200.0,274551.60321,1346700,501000.0,229500,330000.0,0,1,0,1100000,0,1,0,1,246700,3,54,12,1,2,1,2446700
13375,577950.0,224829.65932,286800,391300.0,100150,132050.0,0,1,0,278000,0,4,0,1,8800,1,48,11,1,2,1,564800
13380,68150.0,86472.945892,44150,106000.0,82000,0.0,0,1,0,0,0,5,0,1,44150,2,62,12,2,0,3,44150
13385,11642000.0,540455.91182,717000,11159000.0,234000,690000.0,650000,1,10000000,40000,0,2,0,1,27000,2,37,12,1,1,1,757000
13390,2846450.0,623686.12224,1505000,2873000.0,1531550,600000.0,0,1,0,1350000,0,2,0,1,155000,3,46,13,1,3,1,2855000
13395,320.0,20537.324649,320,0.0,0,0.0,0,0,0,0,0,3,0,0,320,0,33,6,2,1,4,320
13400,492400.0,63341.432866,86800,831000.0,425400,16000.0,0,1,0,80000,0,2,0,0,6800,1,78,8,2,1,3,166800
13405,706090.0,311302.60521,449090,932000.0,675000,190000.0,0,1,0,350000,0,5,0,1,99090,2,52,10,1,0,1,799090
13410,17150.0,54153.682365,16650,13000.0,12500,7500.0,0,0,0,15000,0,4,0,0,650,3,64,8,1,0,3,31650
13415,112860.0,23780.06012,1760,111100.0,0,0.0,0,1,0,0,0,3,0,1,1760,2,67,8,2,0,3,1760
13420,77917000.0,6485470.9419,14917000,68560000.0,5560000,8598100.0,0,1,60040000,4033000,0,2,0,1,384000,3,57,14,1,1,2,18950000
13425,4607000.0,76744.739479,1294000,3313000.0,0,565000.0,373000,1,0,390000,0,3,0,1,200000,3,80,12,1,0,3,1684000
13430,1.0,10809.118236,1,0.0,0,0.0,0,0,0,0,0,5,0,0,1,2,76,6,2,0,3,1
13435,-124950.0,97282.064128,40620,17000.0,182570,14080.0,11000,0,0,29200,0,5,0,0,420,2,43,12,1,1,1,69820
13440,26141000.0,1506791.0822,14100000,12041000.0,0,13850000.0,13000000,1,8000000,1000000,0,3,0,1,75000,1,76,9,2,0,3,15100000
13445,700.0,82149.298597,700,0.0,0,0.0,0,0,0,0,0,2,0,0,700,3,44,5,1,0,1,700
13450,8104200.0,545860.47094,5160200,2987000.0,43000,2279660.0,835000,1,0,2863200,0,5,0,0,74000,2,57,12,1,0,1,8023400
13455,34210.0,148301.1022,1710,408500.0,376000,910.0,0,1,0,910,0,2,0,0,800,2,34,12,1,0,2,2620
13460,2099000.0,171432.61523,1003000,1096000.0,0,879000.0,0,1,25000,782000,0,1,0,0,25000,3,69,13,1,0,3,1785000
13465,-33750.0,38912.825651,8670,26000.0,68420,0.0,0,0,0,0,0,5,0,0,8670,2,54,9,2,0,1,8670
13470,1147000.0,141599.4489,882000,265000.0,0,567500.0,0,1,0,525000,0,4,0,1,157000,3,48,13,1,0,1,1407000
13475,410600.0,63773.797595,151100,383000.0,123500,86000.0,0,1,0,149000,0,5,0,0,2100,2,61,11,2,1,1,300100
13480,11200.0,6485.4709419,6500,4700.0,0,2275.0,0,0,0,3100,0,5,0,0,3400,3,45,13,2,0,1,9600
13485,20300.0,162136.77355,14200,6100.0,0,2800.0,0,0,0,8000,0,4,0,1,6200,2,64,10,2,1,3,22200
13490,107800.0,64854.709419,108000,0.0,200,80000.0,0,0,0,80000,0,3,0,1,28000,2,45,13,1,1,1,188000
13495,4312060.0,1588940.3808,1092060,5058000.0,1838000,577300.0,0,1,160000,277000,1,1,0,1,416760,3,42,14,1,2,1,1369060
13500,143020.0,34589.178357,77230,66700.0,910,12000.0,0,1,0,12000,0,4,0,0,80,0,38,9,2,2,1,89230
13505,-1000.0,15132.765531,1000,0.0,2000,0.0,0,0,0,0,1,5,0,0,1000,1,58,5,2,0,4,1000
13510,3500.0,85392.034068,3400,47000.0,46900,0.0,0,0,0,0,0,2,0,1,3400,3,30,12,1,0,1,3400
13515,192000.0,123223.9479,161900,30100.0,0,84360.0,0,0,3100,140600,0,5,0,1,21300,3,38,13,2,2,1,302500
13520,1.0,11890.03006,1,0.0,0,0.0,0,0,0,0,0,5,0,1,1,0,46,8,2,0,3,1
13525,57000.0,82149.298597,5500,55300.0,3800,0.0,0,1,0,0,0,2,1,0,5500,2,53,8,1,1,2,5500
13530,7668000.0,448578.40681,3477300,4991000.0,800300,3450000.0,2700000,1,200000,750000,0,1,0,0,27300,3,56,13,1,1,1,4227300
13535,101800.0,104848.44689,800,885000.0,784000,0.0,0,1,0,0,0,5,0,0,800,2,71,2,1,1,3,800
13540,13150.0,23780.06012,3480,9800.0,130,0.0,0,0,0,0,0,2,0,0,3480,1,25,5,1,0,1,3480
13545,264200.0,43236.472946,250,376100.0,112150,0.0,0,1,0,0,0,5,0,1,250,3,64,4,1,0,1,250
13550,11070.0,42155.561122,70,29000.0,18000,0.0,0,0,0,0,0,4,0,0,70,1,53,8,2,0,1,70
13555,14519500.0,806360.22044,1209500,13750000.0,440000,1004500.0,700000,1,12120000,304500,0,5,0,1,195000,3,58,8,1,0,2,1514000
13560,2473800.0,365348.19639,1134800,2045000.0,706000,679050.0,0,1,0,737000,0,1,0,0,102800,1,55,13,1,1,2,1871800
13565,917000.0,130790.33066,449700,487300.0,20000,70000.0,0,1,0,115000,0,4,0,0,203700,2,50,12,1,1,1,564700
13570,21228000.0,1470040.0802,1920000,20508000.0,1200000,210000.0,0,1,16870000,210000,0,1,0,1,910000,2,54,12,1,2,2,2130000
13575,533800.0,0.0,73000,469000.0,8200,15000.0,15000,1,305000,0,0,5,0,0,45500,3,34,12,2,1,2,73000
13580,-54610.0,45398.296593,1200,0.0,55810,0.0,0,0,0,0,0,2,1,0,1200,2,31,8,2,2,1,1200
13585,184405.0,122143.03607,4405,234000.0,54000,0.0,0,1,0,0,0,4,0,1,3805,1,79,9,2,0,3,4405
13590,410100.0,237800.6012,195100,790000.0,575000,150000.0,10000,1,0,128500,0,3,0,1,35100,1,45,12,1,1,1,323600
13595,13732000.0,2691470.4409,8496000,5236000.0,0,2463700.0,0,1,1200000,362000,0,4,0,1,914000,3,47,12,1,1,1,8858000
13600,789500.0,225910.57114,327500,646000.0,184000,98000.0,0,1,105000,280000,0,2,0,1,47500,3,71,14,1,0,3,607500
13605,526100.0,32427.354709,249200,329200.0,52300,90400.0,0,1,0,70000,0,3,0,0,179200,3,57,10,1,1,1,319200
13610,1035000.0,408584.66934,822000,513000.0,300000,490000.0,490000,1,0,0,1,2,0,1,7000,3,60,12,2,0,2,822000
13615,86475300.0,1967259.519,4505000,81970300.0,0,3937500.0,3000000,1,75000000,405000,0,2,0,1,500000,3,63,12,1,0,2,4910000
13620,117150.0,79987.47495,4200,359010.0,246060,0.0,0,1,0,0,0,5,0,0,4200,3,61,8,1,2,1,4200
13625,3920.0,58369.238477,10320,11000.0,17400,5000.0,0,0,0,10000,0,4,1,0,320,2,29,10,1,1,1,20320
13630,-91080.0,273470.69138,199000,19000.0,309080,70000.0,0,0,0,70000,0,3,1,1,129000,1,30,14,2,0,1,269000
13635,209750.0,29184.619238,2750,230000.0,23000,0.0,0,1,0,0,0,5,0,0,250,2,50,11,2,0,2,2750
13640,9438500.0,523161.32265,5215000,4513500.0,290000,4560000.0,150000,1,1560000,4410000,0,5,0,1,105000,2,83,14,1,0,2,9625000
13645,416400.0,129709.41884,2000,420000.0,5600,0.0,0,1,0,0,0,1,0,0,2000,1,23,11,1,0,1,2000
13650,19213100.0,124304.85972,270000,19173100.0,230000,230000.0,230000,1,18129000,0,0,4,0,1,40000,3,58,8,1,2,2,270000
13655,22248000.0,1642985.9719,10769000,12729000.0,1250000,8961000.0,4000000,1,10000000,335000,0,5,0,1,1434000,3,50,13,1,2,2,11104000
13660,525500.0,194564.12826,245500,569000.0,289000,136000.0,0,1,0,228000,0,5,0,1,17500,3,37,13,1,3,1,473500
13665,17200.0,97282.064128,18200,27000.0,28000,1000.0,1000,0,0,0,0,2,0,1,17200,2,35,12,1,0,1,18200
13670,62600.0,16213.677355,56700,5900.0,0,0.0,0,0,0,6000,0,5,0,0,50700,2,21,9,2,0,4,62700
13675,47590.0,87553.857715,12000,257000.0,221410,0.0,0,1,0,0,0,3,0,0,12000,2,39,11,1,3,1,12000
13680,4972400.0,329678.10621,134800,4837600.0,0,10000.0,0,1,2050000,20000,0,5,0,1,105800,2,59,11,1,0,2,154800
13685,12500.0,34589.178357,1700,29300.0,18500,0.0,0,0,0,0,0,4,0,0,200,0,48,11,2,0,3,1700
13690,13500.0,17294.589178,14300,3500.0,4300,0.0,0,0,0,13000,0,1,0,0,1300,2,58,7,2,0,1,27300
13695,100.0,14051.853707,100,0.0,0,0.0,0,0,0,0,0,2,0,1,100,3,60,8,2,0,3,100
13700,89210.0,75663.827655,130000,0.0,40790,110000.0,0,0,0,127000,0,3,0,0,3000,2,44,10,2,0,1,257000
13705,6800.0,108091.18236,96800,292000.0,382000,91000.0,0,1,0,91000,0,2,0,0,5800,0,53,13,1,1,1,187800
13710,795700.0,232396.04208,284000,1193700.0,682000,138800.0,45000,1,0,134000,0,5,0,1,105000,3,32,13,1,0,1,418000
13715,540.0,39993.737475,540,0.0,0,0.0,0,0,0,0,0,1,0,0,240,2,38,2,1,3,2,540
13720,50427000.0,26028356.713,46500700,3926300.0,0,40820000.0,40820000,1,566000,100000,0,4,0,1,3142700,2,69,12,1,1,3,46600700
13725,321000.0,152408.56713,147000,330000.0,156000,13200.0,0,1,0,104000,0,4,0,1,35000,2,41,11,2,0,1,251000
13730,129100.0,117819.38878,46100,216000.0,133000,14800.0,5500,1,0,19900,0,2,0,1,20700,3,26,12,1,1,2,66000
13735,828416000.0,29076528.056,2560000,825856000.0,0,0.0,0,1,806460000,0,0,3,0,1,2560000,3,57,13,1,2,3,2560000
13740,1320300.0,167541.33267,796500,538800.0,15000,467500.0,10000,1,25000,610000,0,2,0,1,161500,3,51,12,1,2,1,1406500
13745,3897900.0,98362.975952,33500,4164400.0,300000,0.0,0,1,498000,0,0,5,0,0,8500,3,45,8,1,7,2,33500
13750,53100.0,43236.472946,100,53000.0,0,0.0,0,0,46000,0,0,1,1,0,100,2,45,4,1,10,2,100
13755,23122000.0,1875382.014,16572000,6550000.0,0,9491150.0,564000,1,0,13170000,0,3,0,1,86000,3,73,13,2,0,1,29742000
13760,60380.0,8863.4769539,180,60200.0,0,0.0,0,1,0,0,0,3,0,0,180,2,61,5,2,0,1,180
13765,58600.0,45398.296593,1900,59900.0,3200,0.0,0,0,0,0,0,3,0,1,1900,2,47,10,1,0,1,1900
13770,111800.0,28103.707415,1500,133900.0,23600,0.0,0,1,65000,0,0,4,0,0,1500,1,43,9,2,3,2,1500
13775,144500.0,33508.266533,1500,213000.0,70000,0.0,0,1,0,0,0,2,0,0,1500,1,60,2,2,2,1,1500
13780,44026230.0,1757562.6253,14644030,30832200.0,1450000,250000.0,0,1,28140000,1000000,0,5,0,1,3144030,0,83,14,1,0,2,15644030
13785,1523300.0,194564.12826,550500,1361800.0,389000,339000.0,15000,1,0,493000,0,4,0,0,42500,3,40,12,1,1,1,1043500
13790,447100.0,23780.06012,52300,458000.0,63200,17325.0,0,0,435000,17000,0,5,0,1,10300,3,43,12,2,0,2,69300
13795,22690900.0,0.0,1745000,21413000.0,467100,500000.0,500000,1,15650000,0,0,5,0,0,1145000,3,59,9,1,0,2,1745000
13800,1415000.0,148084.91984,212000,1417000.0,214000,119200.0,0,1,700000,144000,0,3,0,0,18000,2,52,12,1,2,2,356000
13805,101100.0,34589.178357,4600,104700.0,8200,0.0,0,1,0,0,0,2,0,0,4600,3,84,9,2,0,3,4600
13810,3122630.0,376157.31463,91230,3181400.0,150000,87000.0,0,1,1464000,0,0,5,0,1,4230,3,66,12,1,1,2,91230
13815,1240800.0,121062.12425,1107800,399000.0,266000,994000.0,0,1,0,994000,0,5,0,1,55800,3,75,12,1,0,3,2101800
13820,4785000.0,166460.42084,4385000,400000.0,0,3150000.0,2100000,1,0,800000,0,3,0,1,435000,3,78,12,2,0,3,5185000
13825,38780900.0,579368.73747,47900,40210000.0,1477000,24000.0,0,1,34300000,24000,0,3,0,1,23900,3,58,9,1,1,2,71900
13830,15924000.0,797712.92585,11226000,4698000.0,0,6098000.0,0,1,1000000,9000000,0,4,0,1,26000,3,66,12,1,1,2,20226000
13835,310300.0,34589.178357,6900,369000.0,65600,0.0,0,1,0,0,0,5,0,1,6900,2,61,8,1,0,1,6900
13840,35420.0,81068.386774,15020,20900.0,500,0.0,0,0,0,0,0,5,1,0,15020,1,37,6,2,0,1,15020
13845,3876000.0,599906.06212,3020000,1184000.0,328000,1117000.0,478000,1,0,2150000,0,4,0,1,382000,3,46,13,1,1,1,5170000
13850,242900.0,61611.973948,34000,519400.0,310500,2200.0,0,1,0,32000,0,4,0,0,2000,2,35,10,1,4,1,66000
13855,10251500.0,245366.98397,3142500,7133375.0,24375,2950000.0,0,1,1475625,2950000,0,4,0,1,192500,2,67,12,1,0,2,6092500
13860,33562100.0,2140205.4108,2073000,31556000.0,66900,816000.0,816000,1,28440000,0,0,4,0,1,957000,2,67,8,1,2,3,2073000
13865,2308500.0,183755.01002,1873500,515000.0,80000,1188250.0,0,1,0,1782000,0,5,0,1,45000,3,50,12,1,0,1,3655500
13870,4530000.0,179431.36273,2983000,1547000.0,0,2225000.0,2000000,1,0,167000,0,2,0,1,250000,3,80,12,2,0,3,3150000
13875,275400.0,102686.62325,114000,452300.0,290900,90000.0,0,1,0,90000,0,3,0,0,24000,1,48,9,1,0,1,204000
13880,1027850.0,351296.34269,69350,1622000.0,663500,45450.0,34000,1,23000,11000,0,2,0,1,23550,3,34,13,1,1,1,80350
13885,394300.0,28103.707415,11300,383000.0,0,20.0,0,1,0,100,0,5,0,1,11200,3,68,12,2,0,1,11400
13890,1204800.0,218344.18838,602800,646000.0,44000,397500.0,50000,1,0,336500,0,1,0,1,205300,2,56,14,1,0,1,939300
13895,26954900.0,1502467.4349,13494000,13470000.0,9100,9490000.0,9000000,1,9150000,1707000,0,5,0,1,187000,1,58,13,1,0,2,15201000
13900,11.0,43236.472946,11,0.0,0,0.0,0,0,0,0,0,2,0,0,11,1,20,8,1,0,1,11
13905,1.0,107010.27054,1,19600.0,19600,0.0,0,0,0,0,0,4,1,0,1,2,25,11,1,2,1,1
13910,36501000.0,2432051.6032,29630000,6871000.0,0,27370000.0,15000000,1,4320000,1350000,0,2,0,1,2780000,3,75,13,1,0,3,30980000
13915,16830.0,42155.561122,300,17000.0,470,0.0,0,0,0,0,0,2,0,0,300,2,28,8,2,0,1,300
13920,11040.0,30265.531062,3140,12000.0,4100,0.0,0,0,0,0,0,5,0,0,3140,1,59,8,2,1,3,3140
13925,81770.0,23780.06012,2670,80000.0,900,0.0,0,1,0,0,0,4,0,0,2170,2,63,8,2,0,2,2670
13930,1618850.0,168622.24449,496850,1122000.0,0,75500.0,5500,1,9000,310000,0,1,0,0,111350,3,54,9,1,2,1,806850
13935,49279500.0,1729.4589178,5933000,43346500.0,0,5244800.0,2600000,1,42160000,2698000,0,2,0,1,487000,3,76,12,1,0,2,8631000
13940,-4730.0,81068.386774,15200,8600.0,28530,7500.0,0,0,0,15000,0,5,1,0,200,1,54,9,2,0,1,30200
13945,3878000.0,309140.78156,3176000,739000.0,37000,2443000.0,300000,1,0,2655000,0,2,0,0,221000,3,63,12,1,1,1,5831000
13950,-427500.0,123223.9479,3900,24000.0,455400,3600.0,0,0,0,3600,0,4,0,0,300,2,46,12,1,0,1,7500
13955,118968000.0,8820240.481,6028000,113990000.0,1050000,1958000.0,0,1,85560000,558000,1,5,0,1,1470000,3,58,12,1,0,2,6586000
13960,62000.0,54045.591182,57400,4600.0,0,16500.0,0,0,0,55000,0,4,0,1,2400,1,45,10,2,1,1,112400
13965,11105000.0,602067.88577,565000,11465000.0,925000,90000.0,0,1,10000000,250000,1,3,0,0,225000,3,41,13,1,2,2,815000
13970,1992310.0,370752.75551,1887900,130410.0,26000,1773000.0,1760000,0,0,13000,0,2,0,1,114600,3,38,14,1,0,1,1900900
13975,213200.0,125385.77154,84800,152400.0,24000,8800.0,0,1,0,8800,0,3,0,1,76000,3,68,13,2,0,3,93600
13980,-27450.0,7674.4739479,150,5500.0,33100,0.0,0,0,0,0,0,2,0,0,150,1,19,9,2,0,4,150
13985,12500.0,31346.442886,7100,7400.0,2000,0.0,0,0,0,0,0,5,0,0,7100,2,31,8,2,2,2,7100
13990,20800900.0,1578131.2625,10395900,11405000.0,1000000,8275000.0,4000000,1,75000,2390000,0,5,0,1,5900,3,68,14,1,0,2,12785900
13995,5410.0,30265.531062,210,7200.0,2000,0.0,0,0,2500,0,0,5,1,0,210,3,40,9,2,0,1,210
14000,83046000.0,5928801.3527,9391000,73655000.0,0,3335400.0,1350000,1,21956000,764000,0,4,0,1,7263000,2,80,8,1,0,2,10155000
14005,645800.0,229153.30661,6300,786500.0,147000,0.0,0,1,200000,0,0,1,0,1,6300,1,61,9,1,0,1,6300
14010,5800.0,10268.662325,1100,21000.0,16300,0.0,0,0,0,0,0,3,1,0,1100,2,45,12,2,0,2,1100
14015,800.0,21618.236473,1300,0.0,500,0.0,0,0,0,0,0,5,0,0,1300,3,49,4,2,4,4,1300
14020,290880.0,86472.945892,35860,290100.0,35080,11050.0,0,0,252000,17000,0,1,1,0,18860,1,27,12,1,1,1,52860
14025,665912000.0,8474348.6974,61244000,611278000.0,6610000,0.0,0,1,601620000,0,0,2,0,1,25184000,2,68,5,2,1,2,61244000
14030,5430.0,12970.941884,430,5300.0,300,0.0,0,0,0,0,0,3,0,0,0,2,63,5,2,1,3,430
14035,139207500.0,2107778.0561,19590500,121617000.0,2000000,16842000.0,0,1,118270000,5570000,0,1,0,1,20500,3,73,12,1,0,2,25160500
14040,135500.0,22699.148297,28000,109900.0,2400,0.0,0,1,0,0,0,5,0,1,28000,3,81,6,2,1,3,28000
14045,295600.0,75663.827655,600,393000.0,98000,0.0,0,0,289000,0,0,5,0,0,600,2,57,6,1,1,2,600
14050,29136200.0,0.0,17191500,13399700.0,1455000,0.0,0,0,110000,0,0,3,0,0,1191500,1,66,12,2,0,3,17191500
14055,627920.0,223748.74749,401300,477500.0,250880,263600.0,120000,1,0,106000,0,5,0,1,83300,3,61,13,1,1,1,507300
14060,1364000.0,217263.27655,935000,684000.0,255000,630000.0,0,1,40000,900000,0,4,0,1,30000,3,50,13,1,0,1,1835000
14065,8368000.0,383723.69739,5361000,3018000.0,11000,5000000.0,5000000,1,0,160000,0,1,0,1,201000,3,63,13,1,0,3,5521000
14070,278099000.0,15673221.443,36711000,241388000.0,0,21240000.0,21240000,1,214580000,0,0,1,0,1,5661000,3,55,14,1,0,2,36711000
14075,2523000.0,390209.16834,1692000,1324000.0,493000,1200000.0,0,1,0,1575000,0,2,0,1,31000,3,58,12,1,2,1,3267000
14080,-10380.0,24860.971944,510,0.0,10890,0.0,0,0,0,0,0,1,0,0,510,3,37,13,2,0,1,510
14085,1634810.0,134033.06613,884800,932010.0,182000,522900.0,0,1,610,844000,0,3,0,1,7500,3,63,13,1,1,1,1728800
14090,15858550.0,1109015.5311,9194000,8180000.0,1515450,1420900.0,60000,1,1147000,3305000,0,5,0,1,344000,3,78,14,1,0,2,12499000
14095,33196000.0,1670008.7675,21760000,11436000.0,0,15570000.0,14000000,1,6620000,570000,0,2,0,1,440000,3,81,13,1,0,3,22330000
14100,20476300.0,5058667.3347,1485800,18990500.0,0,226500.0,190000,1,15550000,780500,1,4,0,0,515000,2,50,12,1,3,2,2266300
14105,132830.0,65935.621242,27340,319600.0,214110,19950.0,0,1,0,21000,0,3,0,0,6340,1,27,7,1,1,1,48340
14110,649200.0,18375.501002,1200,650000.0,2000,0.0,0,1,0,0,0,3,0,1,1200,3,68,8,2,2,3,1200
14115,1379340.0,83230.210421,67700,1803700.0,492060,12000.0,12000,1,3700,0,0,2,0,0,55700,3,58,13,1,0,2,67700
14120,1331850.0,140518.53707,472250,1213500.0,353900,173000.0,0,1,2500,436000,0,5,0,0,36250,3,48,10,1,0,1,908250
14125,2320500.0,258337.92585,1673500,662000.0,15000,307500.0,100000,1,0,550000,0,5,0,1,1023500,0,63,12,1,0,3,2223500
14130,4100.0,5404.5591182,800,3600.0,300,0.0,0,0,0,0,0,3,0,0,800,2,28,11,2,0,1,800
14135,1000.0,23780.06012,1000,0.0,0,0.0,0,0,0,0,0,5,0,1,1000,1,71,10,2,0,3,1000
14140,315300.0,108091.18236,37000,287000.0,8700,28000.0,0,1,0,28000,0,3,0,1,9000,3,59,8,1,1,1,65000
14145,11700.0,91877.50501,13800,0.0,2100,12000.0,0,0,0,12000,0,2,0,0,1800,2,54,8,1,2,1,25800
14150,187100.0,81068.386774,53900,297300.0,164100,28825.0,18000,1,0,9100,0,4,0,0,26800,2,35,9,1,1,1,63000
14155,2101900.0,83230.210421,1695000,886900.0,480000,1600000.0,0,1,0,0,0,4,0,0,95000,1,58,12,1,0,3,1695000
14160,250300.0,33508.266533,54000,197500.0,1200,5200.0,0,1,0,52000,0,2,0,0,2000,2,56,9,2,0,1,106000
14165,20600.0,27022.795591,16600,35000.0,31000,0.0,0,0,0,0,0,4,0,0,16600,2,23,10,2,0,1,16600
14170,443400.0,14051.853707,39000,627200.0,222800,0.0,0,1,40000,0,0,4,0,1,39000,2,77,8,1,1,2,39000
14175,1885300.0,156732.21443,1069100,1054000.0,237800,640000.0,200000,1,517000,0,0,5,0,0,152100,3,76,14,1,0,2,1069100
14180,80592600.0,894994.98998,35491700,51340900.0,6240000,28661000.0,25070000,1,31876000,5985000,0,3,0,1,831700,3,74,14,1,0,2,41476700
14185,-1690.0,34589.178357,1310,6900.0,9900,0.0,0,0,0,0,0,2,0,0,1310,0,27,9,2,0,1,1310
14190,9600.0,118900.3006,9600,0.0,0,0.0,0,0,0,0,0,2,0,0,9600,3,30,8,2,0,1,9600
14195,626400.0,70907.815631,234000,392400.0,0,157250.0,0,1,0,152000,0,3,0,1,53000,3,75,12,1,0,3,386000
14200,423500.0,52964.679359,282000,371500.0,230000,187500.0,0,1,0,250000,0,4,0,1,32000,3,54,8,2,0,1,532000
14205,45600.0,62692.885772,14500,32000.0,900,0.0,0,0,0,0,0,4,1,0,10000,1,72,9,2,1,3,14500
14210,1410500.0,302655.31062,372500,1468000.0,430000,347500.0,50000,0,0,97500,0,3,0,0,25000,3,39,12,1,0,1,470000
14215,806000.0,383723.69739,420000,623000.0,237000,167500.0,0,1,0,280000,0,2,0,0,140000,3,40,12,1,2,4,700000
14220,154700.0,75663.827655,9600,182000.0,36900,0.0,0,0,0,0,0,2,0,1,9600,3,32,12,1,0,1,9600
14225,728010.0,324273.54709,245010,1211000.0,728000,126000.0,0,1,145000,180000,0,2,0,0,65010,3,45,12,1,2,2,425010
14230,7600.0,20537.324649,2600,5000.0,0,0.0,0,1,0,0,0,4,0,0,2600,2,57,9,2,0,4,2600
14235,10000.0,37831.913828,2000,25000.0,17000,0.0,0,0,0,0,0,4,1,1,2000,3,78,7,2,0,2,2000
14240,603300.0,63989.97996,364000,330000.0,90700,290500.0,0,1,0,170000,0,4,0,1,11000,2,74,8,2,1,3,534000
14245,6470.0,14051.853707,150,9900.0,3580,0.0,0,0,0,0,0,2,0,0,150,1,58,8,2,0,3,150
14250,49100.0,101605.71142,12300,39000.0,2200,0.0,0,0,0,0,0,2,0,1,12300,2,35,13,2,0,1,12300
14255,602200.0,270227.95591,419200,513000.0,330000,119800.0,0,1,0,387000,0,5,0,0,32200,3,60,14,1,0,1,806200
14260,5500.0,18375.501002,1400,4600.0,500,0.0,0,0,0,0,0,5,0,1,1400,2,80,12,2,0,3,1400
14265,87200.0,54045.591182,2200,905000.0,820000,0.0,0,1,0,0,1,5,0,0,2200,3,34,7,1,1,2,2200
14270,2660100.0,69610.721443,81800,2578300.0,0,10000.0,10000,1,0,40000,0,3,0,1,31800,3,76,14,1,0,3,121800
14275,151500.0,135113.97796,36700,413000.0,298200,7130.0,500,1,0,34200,0,5,0,1,1500,2,35,12,1,2,1,70900
14280,74431.0,79987.47495,101,170300.0,95970,0.0,0,1,0,0,0,1,1,0,101,2,43,7,1,3,1,101
14285,243700.0,24860.971944,31200,212500.0,0,0.0,0,1,0,0,0,3,0,1,30000,3,76,13,2,0,3,31200
14290,301710.0,45398.296593,31800,285000.0,15090,5000.0,5000,0,260000,0,1,5,0,1,25200,3,26,12,2,0,2,31800
14295,841250.0,226991.48297,22500,1619000.0,800250,5000.0,0,1,0,5000,0,4,0,0,17500,3,33,13,1,1,1,27500
14300,1328100.0,178350.4509,685000,921100.0,278000,240000.0,65000,1,0,550000,0,5,0,0,20000,3,56,11,1,0,1,1235000
14305,393690000.0,139286297.6,256099000,156041000.0,18450000,214346000.0,826000,1,72290000,1700000,0,3,0,1,3483000,3,66,12,1,0,1,257799000
14310,434350.0,124304.85972,274650,302700.0,143000,21850.0,350,1,0,188000,0,5,0,1,46300,2,40,12,1,2,1,462650
14315,104301.0,76744.739479,6501,292300.0,194500,0.0,0,1,10000,4000,0,4,1,0,2501,3,32,9,1,3,1,10501
14320,371750.0,45398.296593,100,434700.0,63050,0.0,0,1,0,0,0,5,0,0,100,3,52,8,1,1,1,100
14325,24990000.0,369671.84369,12600000,12390000.0,0,2000000.0,2000000,1,0,0,0,1,0,1,7000000,3,65,8,1,0,3,12600000
14330,2600.0,5404.5591182,2600,0.0,0,0.0,0,0,0,0,0,5,0,0,2600,2,49,12,1,2,1,2600
14335,-3700.0,6485.4709419,1300,0.0,5000,0.0,0,0,0,0,0,1,1,0,1300,3,39,9,1,0,1,1300
14340,59965.0,20537.324649,65,136000.0,76100,0.0,0,1,0,0,0,5,0,0,65,2,41,8,2,2,3,65
14345,1113740.0,186997.74549,316140,944600.0,147000,150000.0,0,1,0,300000,0,5,0,1,16140,3,55,8,1,0,1,616140
14350,637200.0,32967.810621,506000,210000.0,78800,0.0,0,1,0,70000,0,3,1,0,62000,3,78,8,2,0,3,576000
14355,1588000.0,0.0,752000,1666000.0,830000,735000.0,500000,1,0,32000,0,5,0,0,20000,3,52,8,2,1,4,784000
14360,22010.0,156732.21443,12910,40200.0,31100,2800.0,500,0,0,2300,0,1,0,1,10110,3,26,8,1,0,1,15210
14365,975000.0,217263.27655,499000,479000.0,3000,428000.0,0,1,0,383000,0,2,0,0,116000,2,44,14,1,2,1,882000
14370,477980.0,237800.6012,17180,987000.0,526200,3500.0,0,1,0,14000,0,2,0,1,1180,2,47,5,1,2,1,31180
14375,639400.0,183755.01002,451400,398000.0,210000,173900.0,3900,1,0,430000,0,4,0,1,17500,3,74,13,1,0,3,881400
14380,657700.0,302655.31062,426400,748500.0,517200,56060.0,5000,1,500,225000,0,4,0,1,104400,3,46,12,1,2,1,651400
14385,1210300.0,36751.002004,47000,1486000.0,322700,0.0,0,1,650000,0,0,5,0,0,27000,0,56,12,1,1,1,47000
14390,752800.0,918775.0501,250800,1451000.0,949000,57000.0,0,1,20000,180000,0,4,0,1,70800,3,41,14,1,3,1,430800
14395,46000.0,59450.150301,35300,12000.0,1300,25000.0,0,0,0,25000,0,5,0,0,10300,2,33,8,2,3,1,60300
14400,7870.0,63773.797595,11620,11000.0,14750,0.0,0,0,0,8600,0,1,1,0,20,1,46,8,2,1,1,20220
14405,87500.0,23780.06012,0,87500.0,0,0.0,0,1,0,0,0,2,0,0,0,2,64,10,1,0,3,0
14410,2030.0,34589.178357,230,17000.0,15200,0.0,0,0,0,0,0,1,1,0,230,2,29,8,1,0,1,230
14415,17900.0,36751.002004,5700,12200.0,0,0.0,0,0,0,0,1,5,0,1,5700,1,41,8,2,5,4,5700
14420,77420.0,32427.354709,3000,82400.0,7980,0.0,0,0,65000,0,0,1,0,1,3000,1,28,8,1,1,2,3000
14425,168000.0,165379.50902,168000,0.0,0,0.0,0,0,0,0,0,2,0,0,18000,3,34,14,2,0,1,168000
14430,353614.0,91877.50501,32910,320704.0,0,4250.0,0,1,0,17000,0,5,0,1,15910,2,43,12,1,1,1,49910
14435,6230.0,64854.709419,30,6200.0,0,0.0,0,0,0,0,0,2,0,0,30,1,49,4,2,0,4,30
14440,88170.0,37831.913828,81400,25000.0,18230,17100.0,0,0,0,57000,0,3,0,0,14400,3,60,14,2,0,3,138400
14445,-43300.0,27022.795591,700,8800.0,52800,0.0,0,0,0,0,0,2,0,0,700,1,65,8,2,2,3,700
14450,180158700.0,13641107.214,30515700,149643000.0,0,22020000.0,0,1,140730000,0,0,2,0,1,6461700,3,70,13,1,0,2,30515700
14455,1440.0,3242.7354709,1440,0.0,0,100.0,0,0,0,1000,1,2,0,0,440,3,31,8,2,0,1,2440
14460,1036300.0,79987.47495,127000,937000.0,27700,3000.0,0,1,1000,60000,0,4,0,0,2000,3,51,12,2,1,1,187000
14465,38690.0,207535.07014,15000,24000.0,310,0.0,0,0,0,0,0,1,0,0,15000,2,42,12,1,2,1,15000
14470,8201.0,38912.825651,101,18000.0,9900,0.0,0,0,0,0,0,5,0,1,101,2,68,7,1,0,3,101
14475,435000.0,51689.203407,56000,379000.0,0,15000.0,0,1,0,15000,0,2,0,1,41000,2,83,8,2,0,3,71000
14480,1760500.0,288603.45691,1324500,454000.0,18000,704725.0,500000,1,0,272500,0,4,0,1,52000,2,64,14,1,0,1,1597000
14485,25762000.0,1578131.2625,5757000,20005000.0,0,47500.0,0,1,16880000,4310000,0,5,0,1,1367000,0,70,14,1,0,2,10067000
14490,6700.0,32427.354709,3800,2900.0,0,0.0,0,0,0,0,0,5,0,1,3800,0,68,8,2,0,3,3800
14495,19263300.0,1361948.8978,7605000,11658300.0,0,5548750.0,500000,1,6050000,1910000,0,5,0,1,1135000,3,61,13,1,1,2,9515000
14500,22310.0,38912.825651,3610,28700.0,10000,400.0,400,0,2700,0,0,2,0,0,3210,2,32,10,1,0,2,3610
14505,4566000.0,259418.83768,715000,3851000.0,0,328000.0,80000,1,2800000,50000,0,4,0,1,45000,3,54,8,1,0,2,765000
14510,2037000.0,130790.33066,1526000,701000.0,190000,580000.0,398000,1,0,505000,0,4,0,1,623000,3,84,13,1,0,3,2031000
14515,78762430.0,7814992.485,1453430,77309000.0,0,1119800.0,0,1,76130000,1027000,0,3,0,1,404430,3,47,12,2,3,2,2480430
14520,80767100.0,9814679.3587,51918500,28848600.0,0,17500000.0,7350000,1,2720000,618000,0,4,0,1,30500,3,66,12,1,0,1,52536500
14525,5238400.0,682055.36072,2688100,3543300.0,993000,1710500.0,0,1,400000,2400000,0,5,0,1,288100,3,66,14,1,0,2,5088100
14530,-4700.0,25941.883768,21950,13000.0,39650,11025.0,2000,0,0,17500,0,5,0,0,1550,2,29,12,2,0,1,39450
14535,194470.0,19456.412826,2270,192200.0,0,0.0,0,1,0,0,0,4,0,1,270,1,74,4,2,0,3,2270
14540,21120.0,94039.328657,2570,21000.0,2450,0.0,0,0,0,0,1,4,0,0,2570,2,52,12,1,0,1,2570
14545,691750.0,56207.41483,369750,390000.0,68000,0.0,0,1,74000,0,1,5,0,0,51750,2,54,11,2,0,1,369750
14550,697550.0,54045.591182,92980,675000.0,70430,83020.0,0,1,0,82000,0,3,0,0,10980,1,49,8,2,1,1,174980
14555,-11450.0,36751.002004,17050,8100.0,36600,0.0,0,0,0,0,0,1,0,0,1050,1,37,8,1,3,1,17050
14560,153200.0,59450.150301,39700,520000.0,406500,0.0,0,1,0,10000,0,5,0,0,29700,2,34,9,1,2,1,49700
14565,1746800.0,149165.83166,533000,1213800.0,0,135600.0,0,1,914018,190000,0,5,0,1,120000,3,58,12,1,0,1,723000
14570,162400.0,70259.268537,154000,448400.0,440000,3000.0,0,1,0,13000,0,4,0,1,16000,3,73,13,1,0,1,167000
14575,971200.0,216722.82064,908500,506300.0,443600,125000.0,51000,1,75000,660000,0,3,1,1,10500,3,64,12,1,2,3,1568500
14580,491660.0,149165.83166,240200,628000.0,376540,55000.0,0,1,0,220000,0,4,0,1,20200,3,55,8,1,1,1,460200
14585,10173410.0,890671.34269,2639410,8320000.0,786000,1858500.0,22000,1,3960000,531000,0,5,0,1,134410,3,55,12,1,2,2,3170410
14590,169200.0,54045.591182,3200,187000.0,21000,0.0,0,1,0,0,0,1,0,0,3200,1,62,6,1,0,3,3200
14595,2081450.0,1080911.8236,1881450,200000.0,0,1596910.0,400000,0,200000,220000,0,4,0,1,161400,3,26,12,2,0,1,2101450
14600,2453500.0,309140.78156,570300,2111200.0,228000,352650.0,274000,1,1110000,189000,0,5,0,0,107300,2,62,13,1,0,2,759300
14605,1009804000.0,95898496.994,388583000,621269000.0,48000,253890000.0,136130000,1,469660000,23460000,1,5,0,1,5993000,3,80,13,1,0,2,412043000
14610,5410.0,104848.44689,510,7400.0,2500,0.0,0,0,0,0,0,5,0,0,510,1,41,8,1,1,1,510
14615,40.0,70259.268537,340,0.0,300,0.0,0,0,0,0,0,4,1,0,340,1,30,8,1,1,4,340
14620,29633000.0,6139579.1583,21419000,8913000.0,699000,16576000.0,7000000,1,2210000,4520000,0,2,0,1,1134000,3,53,14,1,2,2,25939000
14625,9200.0,37831.913828,500,8700.0,0,0.0,0,0,0,0,0,2,0,1,500,1,22,8,1,2,1,500
14630,41027750.0,1056050.8517,27740000,13453000.0,165250,12100000.0,9900000,1,11000000,2400000,0,2,0,1,10900000,3,72,14,1,1,2,30140000
14635,55672000.0,1264666.8337,1362000,54351000.0,41000,495800.0,314000,0,54000000,202000,0,5,0,1,746000,3,43,10,1,2,2,1564000
14640,16478610.0,433445.64128,3855610,12660000.0,37000,2781150.0,63000,1,7985000,1103000,0,4,0,1,33100,2,67,12,1,0,3,4958610
14645,297650.0,158894.03808,155000,601000.0,458350,88000.0,12000,1,0,45000,0,4,0,1,83000,2,38,12,1,2,1,200000
14650,30.0,27022.795591,30,0.0,0,0.0,0,0,0,0,0,3,0,0,30,1,67,12,1,0,3,30
14655,200.0,14051.853707,200,0.0,0,0.0,0,0,0,0,0,5,0,0,200,3,69,4,2,0,3,200
14660,17389900.0,1405185.3707,2832500,15207400.0,650000,1900000.0,0,1,10000000,2000000,0,2,0,1,132500,2,62,11,1,1,2,4832500
14665,12600.0,27022.795591,0,12600.0,0,0.0,0,0,0,0,0,2,0,0,0,1,42,8,1,0,1,0
14670,1123200.0,157813.12625,135200,1147000.0,159000,0.0,0,1,408000,0,0,5,0,1,135200,3,51,12,1,3,4,135200
14675,490260.0,50802.855711,17580,472680.0,0,15000.0,0,1,0,15000,0,4,0,1,2580,3,61,12,1,1,3,32580
14680,11650.0,45398.296593,4250,9100.0,1700,0.0,0,0,0,0,0,2,0,0,4250,2,58,8,2,1,1,4250
14685,-16200.0,21618.236473,14300,6800.0,37300,1900.0,1900,0,0,0,0,4,0,0,10000,2,29,12,2,0,1,14300
14690,3777000.0,309140.78156,1484000,2305000.0,12000,0.0,0,1,934000,1424000,0,2,0,1,35000,3,79,9,1,0,3,2908000
14695,252500.0,25941.883768,28000,224500.0,0,0.0,0,1,0,0,0,5,0,0,1000,0,84,10,2,0,3,28000
14700,23481090.0,1772695.3908,21463890,5477200.0,3460000,18280000.0,18280000,1,994000,0,0,3,0,1,192890,3,61,12,1,0,2,21463890
14705,8570.0,37831.913828,600,8200.0,230,0.0,0,0,0,0,0,2,0,0,600,2,27,8,2,0,1,600
14710,4005000.0,403180.11022,2886000,2219000.0,1100000,2107800.0,0,1,600000,2346000,0,5,0,0,455000,3,53,12,1,0,2,5232000
14715,1046600.0,670.16533066,189600,857000.0,0,78000.0,60000,1,0,45000,0,4,0,1,84600,3,76,12,1,0,2,234600
14720,172701.0,59450.150301,1,330200.0,157500,0.0,0,1,0,0,0,5,1,0,1,2,32,8,1,2,1,1
14725,119970.0,44317.38477,70,186100.0,66200,0.0,0,1,0,0,0,4,0,0,70,2,74,7,1,1,3,70
14730,136230.0,98362.975952,20830,398200.0,282800,2600.0,0,1,0,13000,0,5,0,0,7830,3,55,12,2,1,1,33830
14735,739100.0,144842.18437,119000,730100.0,110000,38800.0,0,1,0,97000,0,5,0,1,22000,3,80,8,1,1,3,216000
14740,286500.0,118900.3006,98100,247400.0,59000,37250.0,0,1,0,81000,0,4,0,0,15100,3,48,11,1,0,1,179100
14745,3367000.0,457225.7014,2872000,1962000.0,1467000,2636250.0,0,1,0,1350000,0,5,0,1,22000,3,57,14,1,0,1,4222000
14750,7836300.0,618281.56313,4604300,5743000.0,2511000,4226000.0,869000,1,0,380000,0,2,1,0,55300,3,54,12,1,1,1,4984300
14755,303005.0,67016.533066,63005,240000.0,0,0.0,0,1,0,0,0,5,0,1,63005,1,44,12,2,2,1,63005
14760,176782200.0,14559882.265,39848200,142394000.0,5460000,11686640.0,7130000,1,132110000,46000,0,3,0,1,1562200,3,55,8,1,4,1,39894200
14765,3049601.0,551265.03006,847001,2622600.0,420000,317000.0,0,1,0,339000,0,5,0,1,160001,3,55,13,1,1,1,1186001
14770,11488950.0,1405185.3707,4713950,7140000.0,365000,3753000.0,244000,1,3890000,1290000,0,3,0,1,177800,3,52,14,1,4,1,6003950
14775,-145680.0,72421.092184,7720,18000.0,171400,5040.0,0,0,0,6300,0,3,1,0,1420,3,51,13,2,0,1,14020
14780,3945200.0,270227.95591,3572000,373200.0,0,3490000.0,1090000,1,0,0,0,4,0,1,42000,3,78,12,1,0,3,3572000
14785,984000.0,315626.25251,510000,724000.0,250000,227000.0,0,1,0,112000,0,4,0,1,135000,2,58,12,1,0,1,622000
14790,3874600.0,41074.649299,1641500,2233100.0,0,240000.0,0,1,0,17000,0,4,0,1,1184500,3,70,12,1,0,3,1658500
14795,2750650.0,2096968.9379,1472650,2728000.0,1450000,387350.0,0,1,0,460300,0,5,0,1,192350,3,46,14,1,3,1,1932950
14800,1200.0,14051.853707,200,1000.0,0,0.0,0,1,0,0,0,3,0,0,200,2,30,4,2,0,1,200
14805,30780.0,104848.44689,13100,20900.0,3220,0.0,0,0,0,0,0,2,1,1,13100,2,30,8,1,2,1,13100
14810,845900.0,104848.44689,9000,1005200.0,168300,0.0,0,1,500000,0,0,1,0,0,9000,2,64,9,1,1,2,9000
14815,370.0,16213.677355,400,20.0,50,0.0,0,0,0,0,0,1,1,0,400,2,21,8,2,0,4,400
14820,381840.0,262661.57315,284140,367700.0,270000,174000.0,23000,1,0,255000,0,5,0,1,6140,3,64,12,1,2,1,539140
14825,340411.0,115657.56513,246411,408000.0,314000,163100.0,0,1,0,226000,0,1,0,1,20411,3,39,10,1,2,2,472411
14830,-123850.0,109172.09419,20150,247000.0,391000,0.0,0,1,0,0,0,5,0,1,20150,1,45,10,1,1,1,20150
14835,2520700.0,314545.34068,1123000,1672700.0,275000,457500.0,0,1,300000,475000,0,4,0,1,118000,3,66,12,1,0,2,1598000
14840,122300.0,51883.767535,102300,20000.0,0,79000.0,0,0,0,79000,0,3,0,1,23000,1,37,12,2,0,1,181300
14845,232550.0,73502.004008,550,453000.0,221000,0.0,0,1,0,0,0,5,1,0,550,2,57,8,1,3,1,550
14850,857100.0,157813.12625,510100,401000.0,54000,417800.0,0,1,0,441000,0,4,0,1,31100,3,64,12,1,0,1,951100
14855,244380.0,97282.064128,215500,510100.0,481220,205500.0,0,1,0,10000,0,2,0,0,5500,3,43,12,1,0,1,225500
14860,2132100.0,276713.42685,852300,2241000.0,961200,625000.0,450000,1,1000000,230000,1,3,0,1,172300,3,30,12,1,0,1,1082300
14865,288130.0,81068.386774,46050,310900.0,68820,20000.0,0,1,0,20000,0,5,0,0,16050,3,54,8,1,0,1,66050
14870,12858900.0,2864416.3327,6461900,6397000.0,0,3386500.0,0,1,4250000,3610000,0,3,0,1,716700,3,54,13,1,1,1,10071900
14875,580400.0,81068.386774,210000,378400.0,8000,196000.0,0,1,0,196000,1,1,0,0,14000,3,56,8,1,0,1,406000
14880,211900.0,31346.442886,74000,137900.0,0,0.0,0,1,0,0,0,5,0,0,74000,2,57,12,2,0,1,74000
14885,6658000.0,1134957.4148,4856000,1802000.0,0,4052000.0,0,1,100000,4052000,1,2,0,1,654000,1,72,14,1,0,2,8908000
14890,2700.0,92958.416834,14700,0.0,12000,12000.0,0,0,0,12000,0,5,0,0,2700,1,34,13,2,0,1,26700
14895,127840.0,56207.41483,38300,322300.0,232760,0.0,0,1,0,0,0,5,0,1,38300,1,67,8,1,0,3,38300
14900,174450.0,41074.649299,43050,228400.0,97000,0.0,0,1,10000,3000,0,2,1,0,40050,3,51,8,1,2,1,46050
14905,277760.0,37831.913828,13790,504000.0,240030,0.0,0,1,0,0,0,2,0,0,13790,3,44,12,2,0,4,13790
14910,31864200.0,931745.99198,25150000,6720200.0,6000,23860000.0,1300000,1,147000,2100000,0,4,0,1,350000,3,68,14,1,0,2,27250000
14915,-17650.0,107010.27054,5350,33000.0,56000,0.0,0,0,0,5000,0,3,0,1,350,2,51,11,1,1,1,10350
14920,700.0,17294.589178,700,0.0,0,0.0,0,0,0,0,0,5,0,0,700,1,57,9,2,0,1,700
14925,50300.0,37831.913828,1500,48800.0,0,0.0,0,1,0,0,0,4,0,0,1500,3,45,9,2,0,2,1500
14930,121500000.0,2853607.2144,117148000,4352000.0,0,96999900.0,0,1,15000,29298000,0,5,0,1,2150000,3,60,14,1,0,2,146446000
14935,1386000.0,152408.56713,324000,1300000.0,238000,304000.0,0,1,0,0,0,3,0,1,20000,2,81,13,1,0,3,324000
14940,388800.0,45398.296593,9200,505100.0,125500,2200.0,0,1,0,8800,0,5,0,1,400,3,67,11,2,0,3,18000
14945,177150.0,35670.09018,19150,367100.0,209100,0.0,0,1,0,0,0,3,1,0,19150,1,27,8,2,2,1,19150
14950,266200.0,23780.06012,58200,221000.0,13000,0.0,0,1,0,0,1,4,0,1,58200,3,37,11,2,2,1,58200
14955,4921.0,45398.296593,501,5200.0,780,0.0,0,0,0,0,0,4,1,0,501,2,39,2,1,2,1,501
14960,5900.0,22699.148297,6000,0.0,100,0.0,0,0,0,3000,0,5,0,0,3000,1,59,4,2,1,1,9000
14965,500.0,32427.354709,500,0.0,0,0.0,0,0,0,0,0,1,0,0,500,3,39,8,1,4,1,500
14970,151000.0,38912.825651,4200,377000.0,230200,0.0,0,1,0,0,0,5,0,1,4200,3,59,7,1,1,3,4200
14975,62600.0,31346.442886,25750,90000.0,53150,0.0,0,1,0,0,0,5,1,0,25750,2,65,8,2,0,1,25750
14980,30000.0,59450.150301,13900,25800.0,9700,435.0,0,0,0,8700,0,5,0,1,5200,3,33,9,2,0,1,22600
14985,2601.0,42155.561122,1,2600.0,0,0.0,0,0,0,0,0,4,0,0,1,2,32,8,1,0,1,1
14990,561700.0,20104.95992,131700,430000.0,0,2150.0,0,1,0,43000,0,5,0,0,88700,3,83,12,1,0,3,174700
14995,25500.0,37831.913828,26100,0.0,600,2500.0,0,0,0,25000,0,4,0,1,1100,3,57,8,2,0,1,51100
15000,345000.0,205373.24649,161400,471600.0,288000,40000.0,0,1,0,21000,0,3,0,1,121400,3,41,12,1,2,1,182400
15005,218001.0,54045.591182,20001,381000.0,183000,0.0,0,1,0,0,0,2,0,0,20001,2,43,12,1,3,1,20001
15010,2102130.0,625847.94589,1225630,907000.0,30500,575000.0,5000,1,0,1100000,0,4,1,1,30630,2,64,8,1,0,2,2325630
15015,2205110.0,100524.7996,1494000,852000.0,140890,489000.0,0,1,0,0,0,5,0,1,346000,1,63,13,2,0,3,1494000
15020,815600.0,90796.593186,395000,442000.0,21400,295500.0,240000,1,0,150000,0,2,0,1,5000,3,70,13,1,0,3,545000
15025,1401.0,36751.002004,301,6100.0,5000,30.0,0,0,0,300,0,4,1,0,1,2,37,7,1,1,1,601
15030,5860970.0,205373.24649,4647000,1214500.0,530,4165000.0,1400000,1,0,2795000,1,3,0,1,2000,3,67,13,1,0,1,7442000
15035,4413200.0,237800.6012,1523200,2890000.0,0,1500000.0,800000,1,1750000,700000,0,2,0,1,22200,2,71,8,1,0,1,2223200
15040,790100.0,380480.96192,131100,665000.0,6000,2490.0,0,1,0,37800,0,2,0,1,6300,2,67,12,1,0,3,168900
15045,45900.0,86472.945892,36900,23000.0,14000,9000.0,0,0,0,9000,0,2,0,0,27900,3,33,12,2,0,1,45900
15050,319050.0,22699.148297,50,359700.0,40700,0.0,0,1,0,0,0,4,0,0,50,3,61,10,1,0,3,50
15055,113237000.0,82257389.78,65413000,47824000.0,0,27786000.0,15440000,1,37470000,116000,0,2,0,1,32497000,3,68,13,1,0,2,65529000
15060,6500.0,38912.825651,0,6500.0,0,0.0,0,0,0,0,1,3,0,0,0,1,26,7,2,4,2,0
15065,1190500.0,144842.18437,913000,281300.0,3800,418400.0,0,1,0,116000,0,1,0,1,35000,3,74,9,2,0,3,1029000
15070,498650.0,52964.679359,1500,730700.0,233550,0.0,0,1,0,0,0,2,0,0,1500,1,69,1,2,1,1,1500
15075,539000.0,64854.709419,50000,531000.0,42000,0.0,0,1,0,0,0,2,0,0,50000,2,62,4,1,0,2,50000
15080,-600.0,15132.765531,400,0.0,1000,0.0,0,0,0,0,0,5,1,1,400,2,67,9,2,0,3,400
15085,382610.0,36751.002004,126010,256600.0,0,14000.0,0,1,0,0,0,3,0,0,82010,1,86,10,2,0,3,126010
15090,38895100.0,7739328.6573,33905700,13489400.0,8500000,11310150.0,0,1,2990000,5373000,0,5,0,1,4969700,2,63,14,1,1,2,39278700
15095,866000.0,86472.945892,526000,700000.0,360000,50000.0,0,1,0,500000,0,4,0,1,6000,3,69,13,1,0,3,1026000
15100,6840.0,34589.178357,2000,34900.0,30060,0.0,0,0,0,0,0,3,1,0,2000,2,68,8,2,0,2,2000
15105,371830.0,114576.65331,147230,406100.0,181500,0.0,0,1,0,134000,0,4,0,1,13230,2,46,12,1,1,1,281230
15110,4650.0,48641.032064,7650,0.0,3000,3100.0,1700,0,0,1400,0,2,0,1,4550,3,25,12,2,0,1,9050
15115,0.0,2378.006012,0,0.0,0,0.0,0,0,0,0,0,5,0,1,0,0,45,10,2,0,3,0
15120,404000.0,137275.8016,86700,566300.0,249000,50000.0,30000,1,0,20000,0,5,0,0,36000,3,42,10,2,5,1,106700
15125,200210.0,104848.44689,17410,480000.0,297200,0.0,0,1,0,0,0,5,0,1,17410,3,49,12,2,1,1,17410
15130,407320.0,68097.44489,207400,226000.0,26080,120000.0,0,1,0,200000,0,4,0,0,5400,3,52,13,2,0,1,407400
15135,1786500.0,237800.6012,550500,1249000.0,13000,256000.0,0,1,0,530000,0,2,0,1,20500,2,60,12,1,4,3,1080500
15140,72436000.0,2599592.9359,61225000,11211000.0,0,60800000.0,60000000,1,0,300000,1,5,0,1,425000,0,92,13,2,0,3,61525000
15145,24900.0,168622.24449,18400,6500.0,0,3300.0,0,0,0,5700,0,4,0,1,3000,1,18,8,1,0,1,24100
15150,288000.0,58369.238477,400,472600.0,185000,0.0,0,1,100000,0,0,5,0,0,400,2,71,10,1,0,3,400
15155,832000.0,43020.290581,428000,404000.0,0,63000.0,0,1,9100,420000,0,5,0,0,8000,2,64,13,2,0,2,848000
15160,735250.0,177269.53908,354150,441000.0,59900,352000.0,0,1,0,352000,0,4,0,0,2150,3,62,8,1,1,1,706150
15165,810600.0,50802.855711,710600,141000.0,41000,700000.0,0,1,0,700000,0,4,0,1,10600,3,67,8,1,1,3,1410600
15170,-270.0,27022.795591,480,0.0,750,0.0,0,0,0,0,0,3,0,1,480,3,23,8,2,0,1,480
15175,9175000.0,626928.85772,4725000,4450000.0,0,2925000.0,0,0,4000000,1800000,0,4,0,1,385000,3,70,12,1,0,2,6525000
15180,8254400.0,261580.66132,7175100,1254300.0,175000,6330000.0,1700000,1,500000,2400000,0,5,0,1,114800,3,59,13,1,2,2,9575100
15185,471400.0,29184.619238,4800,506600.0,40000,0.0,0,1,0,0,0,4,0,1,4800,2,77,9,2,0,1,4800
15190,26151000.0,786903.80762,15665000,10946000.0,460000,8830000.0,6000000,1,250000,2550000,0,1,0,1,1045000,3,67,14,1,0,2,18215000
15195,4910.0,60531.062124,4000,43150.0,42240,0.0,0,0,0,0,0,5,0,0,4000,2,23,12,2,0,1,4000
15200,648750.0,184835.92184,633500,16000.0,750,535000.0,0,0,0,55000,0,2,0,1,4500,3,87,12,1,0,3,688500
15205,50900.0,499381.26253,114000,121000.0,184100,28000.0,0,0,10000,31500,0,2,0,0,82500,3,59,14,1,0,2,145500
15210,244800.0,98362.975952,219000,42000.0,16200,59600.0,0,1,0,110000,0,5,1,1,100000,2,67,8,1,0,3,329000
15215,324600.0,37831.913828,3600,565000.0,244000,0.0,0,1,0,0,0,5,0,1,3600,2,32,7,1,0,1,3600
15220,160540.0,98362.975952,109240,257000.0,205700,26750.0,0,1,0,107000,0,5,0,0,2240,3,56,9,1,0,2,216240
15225,1267000.0,271308.86774,866000,533000.0,132000,343600.0,0,1,0,408000,0,4,0,1,458000,1,37,12,1,1,1,1274000
15230,75000.0,114576.65331,550,365900.0,291450,0.0,0,1,0,0,0,4,0,0,550,0,46,8,1,3,1,550
15235,5374200.0,91877.50501,21700,5359000.0,6500,0.0,0,0,5359000,0,0,1,0,0,16700,2,22,8,1,0,2,21700
15240,-14100.0,23780.06012,21800,74600.0,110500,0.0,0,1,0,0,0,5,1,0,1800,3,57,4,2,0,3,21800
15245,4234300.0,206454.15832,3365000,869300.0,0,1450000.0,600000,1,0,1680000,0,4,0,1,195000,2,77,14,1,0,3,5045000
15250,2186000.0,289684.36874,1228000,971000.0,13000,1038250.0,0,1,0,85000,0,4,0,1,109000,3,65,8,1,0,3,1313000
15255,362000.0,356700.9018,328000,42000.0,8000,130750.0,51000,0,0,91000,0,4,0,1,68000,3,40,12,1,1,1,419000
15260,292800.0,58369.238477,49200,244600.0,1000,0.0,0,1,0,0,0,4,0,1,49200,2,85,8,1,0,3,49200
15265,2921000.0,1065779.0581,130000,3406000.0,615000,20000.0,20000,1,2060000,0,0,5,0,1,110000,3,42,12,1,0,2,130000
15270,-3905.0,90796.593186,975,20700.0,25580,0.0,0,0,0,0,0,2,1,0,975,2,32,10,1,2,1,975
15275,568350.0,54045.591182,137450,453000.0,22100,30000.0,0,1,0,100000,0,4,0,0,37450,2,45,12,1,1,1,237450
15280,4685530.0,108091.18236,1247330,4042200.0,604000,238.5,0,1,80000,1210000,0,5,0,1,7330,3,60,12,1,1,2,2457330
15285,944600.0,144842.18437,582000,492600.0,130000,89000.0,2000,1,9200,435000,0,3,0,1,105000,3,61,14,1,0,4,1017000
15290,2594000.0,23780.06012,246000,2348000.0,0,200000.0,0,1,900000,0,0,5,0,1,46000,3,73,13,1,0,2,246000
15295,5517500.0,2734706.9138,2526500,4992000.0,2001000,1382850.0,0,1,900000,538500,0,5,0,1,491000,3,43,14,1,4,2,3065000
15300,-13735.0,21618.236473,65,7200.0,21000,0.0,0,0,0,0,0,5,0,0,65,2,58,10,1,0,3,65
15305,686969000.0,7079972.4449,457550000,229419000.0,0,189890000.0,189890000,1,169030000,0,1,2,0,1,267660000,3,80,9,1,4,2,457550000
15310,801980.0,194564.12826,382980,930000.0,511000,145150.0,0,1,0,239000,0,1,0,1,143980,1,49,8,1,3,1,621980
15315,97400.0,124304.85972,14400,217000.0,134000,6500.0,0,0,0,13400,0,3,0,0,1000,1,31,12,1,0,1,27800
15320,3277200.0,345891.78357,2571800,705400.0,0,2250000.0,2250000,1,0,0,0,5,0,1,70000,1,74,13,2,0,3,2571800
15325,26176150.0,1869977.4549,20447150,5729000.0,0,17360000.0,9000000,1,300000,0,0,3,0,1,1487050,3,57,12,1,2,2,20447150
15330,283370.0,132952.15431,168400,243000.0,128030,28300.0,16000,1,0,123000,0,4,0,1,25900,3,52,9,1,0,1,291400
15335,4217000.0,254014.27856,2380000,2158000.0,321000,1480000.0,0,1,350000,2320000,0,2,0,1,60000,3,66,12,1,0,1,4700000
15340,400770.0,15132.765531,770,400000.0,0,0.0,0,1,0,0,0,2,0,0,770,1,87,1,2,0,3,770
15345,3407670.0,111333.91784,10100,3567000.0,169430,0.0,0,1,3040000,0,0,5,0,1,4100,2,64,9,1,0,2,10100
15350,2230000.0,135330.16032,1073400,1156600.0,0,918650.0,471000,1,0,76000,0,3,0,1,28400,3,87,8,1,0,3,1149400
15355,1110900.0,191321.39279,620500,1021000.0,530600,32500.0,0,1,0,325000,0,3,0,1,45500,3,76,13,1,0,3,945500
15360,11400.0,270227.95591,1400,27000.0,17000,300.0,0,0,0,1000,0,5,0,0,100,3,60,7,2,0,1,2400
15365,12489600.0,699349.9499,9907500,2607100.0,25000,6307750.0,313000,1,0,3685000,0,5,0,1,807500,3,67,12,1,0,1,13592500
15370,-49749.0,91877.50501,7031,0.0,56780,7000.0,0,0,0,7000,0,2,1,0,31,3,51,11,2,0,1,14031
15375,256000.0,77825.651303,20100,263900.0,28000,17500.0,2500,1,0,0,0,2,0,1,2600,3,31,12,1,1,1,20100
15380,-89670.0,43236.472946,480,0.0,90150,0.0,0,0,0,0,0,5,1,0,480,3,46,13,2,1,4,480
15385,476000.0,37831.913828,1500,737700.0,263200,0.0,0,1,0,0,0,5,0,0,1500,1,49,10,2,1,1,1500
15390,43230.0,16213.677355,44300,0.0,1070,0.0,0,0,0,0,0,1,0,0,4300,2,55,6,2,0,3,44300
15395,46825000.0,1340330.6613,8533000,39142000.0,850000,3783350.0,493000,1,34930000,1020000,1,3,0,1,1820000,3,58,13,1,1,2,9553000
15400,731500.0,256176.1022,147000,1020000.0,435500,83000.0,0,1,250000,90000,0,4,0,0,45000,3,49,12,1,0,2,237000
15405,157711700.0,2345578.6573,31971000,125740700.0,0,14775200.0,0,1,105630000,1838000,0,4,0,1,133000,3,67,13,1,1,2,33809000
15410,6200.0,25941.883768,2300,3900.0,0,0.0,0,0,0,0,0,4,0,1,2300,1,76,14,2,0,3,2300
15415,109200.0,345891.78357,73200,700000.0,664000,25200.0,1200,1,0,56000,0,5,0,0,16000,3,52,14,1,2,1,129200
15420,330200.0,150246.74349,103000,561000.0,333800,90000.0,0,0,0,90000,0,4,0,0,13000,1,46,13,2,0,1,193000
15425,26420000.0,2453669.8397,3252000,23393000.0,225000,2400000.0,0,1,19929000,1400000,0,4,0,1,52000,2,56,13,1,0,2,4652000
15430,102090.0,74582.915832,87810,191000.0,176720,68600.0,0,1,0,70000,0,5,0,1,17810,3,32,9,1,2,1,157810
15435,453200.0,10809.118236,900,452300.0,0,0.0,0,1,323000,0,0,3,0,0,900,3,52,8,1,1,2,900
15440,-16000.0,46479.208417,21000,13000.0,50000,20000.0,0,0,0,20000,0,1,0,0,1000,2,43,9,2,0,4,41000
15445,30850.0,33508.266533,2150,130000.0,101300,0.0,0,1,0,0,0,4,0,1,2150,3,49,8,1,2,1,2150
15450,3477200.0,329678.10621,2214200,1263000.0,0,530250.0,500000,1,0,1113000,0,5,0,1,591200,2,74,12,1,0,2,3327200
15455,235300.0,132952.15431,21000,454000.0,239700,750.0,0,1,0,15000,0,3,0,0,6000,2,53,8,1,1,1,36000
15460,558716000.0,29206237.475,216280000,398206000.0,55770000,104906000.0,36190000,1,378930000,636000,0,2,0,1,1224000,3,70,13,1,0,1,216916000
15465,88850.0,60531.062124,72950,17900.0,2000,50000.0,0,0,0,50000,0,2,0,1,22950,1,32,8,1,1,1,122950
15470,753000.0,62692.885772,163000,590000.0,0,100000.0,0,1,0,100000,0,4,0,1,43000,2,84,8,2,0,3,263000
15475,79621400.0,7134018.0361,30211000,49410400.0,0,5250000.0,5250000,1,9350000,0,0,5,0,1,15681000,3,74,12,1,0,2,30211000
15480,26100.0,59450.150301,7000,30700.0,11600,0.0,0,0,0,0,0,4,0,1,7000,2,40,9,2,0,1,7000
15485,32084600.0,3361635.7715,4923200,29774000.0,2612600,2694000.0,301000,1,21820000,1595000,0,2,0,1,537200,0,48,14,1,4,2,6518200
15490,990900.0,296169.83968,25000,1244900.0,279000,0.0,0,1,182000,0,0,1,0,1,25000,3,52,8,1,3,2,25000
15495,3270.0,29184.619238,3500,0.0,230,0.0,0,0,0,0,0,4,0,0,3500,2,32,13,1,1,1,3500
15500,132500.0,7566.3827655,10000,210200.0,87700,0.0,0,1,0,0,0,2,1,0,10000,3,59,11,2,0,2,10000
15505,807500.0,264823.39679,799000,8500.0,0,348000.0,209000,0,0,0,0,1,0,0,250000,3,66,8,2,0,1,799000
15510,1461000.0,64854.709419,308000,1243000.0,90000,34700.0,34000,1,500000,7000,0,4,0,1,219000,2,30,13,2,0,2,315000
15515,3100.0,30265.531062,1200,4700.0,2800,0.0,0,0,0,0,0,5,0,0,1200,1,46,10,2,2,1,1200
15520,164922800.0,1437612.7255,160309600,8641200.0,4028000,122323400.0,30000000,1,2140000,189000,0,5,0,1,120600,3,67,12,1,0,3,160498600
15525,142600.0,151327.65531,10300,534100.0,401800,0.0,0,1,0,0,0,3,0,0,10300,3,39,8,1,3,1,10300
15530,49987000.0,1199812.1242,7230000,43357000.0,600000,6270000.0,5000000,1,40000000,2200000,0,2,0,1,30000,3,60,12,1,0,2,9430000
15535,4142000.0,577206.91383,2993300,1148700.0,0,1071650.0,23000,1,226000,2104000,0,2,1,1,353300,2,72,12,1,0,3,5097300
15540,1088700.0,390209.16834,713200,544500.0,169000,559100.0,106000,1,0,513000,0,1,0,1,94200,3,42,9,1,2,1,1226200
15545,37000.0,49721.943888,8000,29000.0,0,0.0,0,0,0,0,0,5,1,0,8000,2,50,12,1,0,1,8000
15550,2954100.0,420474.6994,2245500,1409000.0,700400,525500.0,0,1,0,1160000,0,5,0,1,585000,3,56,9,1,0,1,3405500
15555,46355000.0,1699193.3868,22410000,25095000.0,1150000,10120000.0,0,1,18837000,2000000,0,4,0,0,210000,3,80,12,1,0,3,24410000
15560,152901.0,32427.354709,1901,151000.0,0,0.0,0,1,0,0,0,5,0,0,1901,3,81,8,1,0,3,1901
15565,311600.0,245366.98397,34700,445900.0,169000,0.0,0,1,0,0,0,3,0,1,34700,2,58,14,1,0,1,34700
15570,415400.0,93282.690381,30400,405000.0,20000,3500.0,0,1,361000,7000,0,4,0,1,15400,2,73,13,2,0,3,37400
15575,1257000.0,169703.15631,405000,976000.0,124000,203000.0,39000,1,0,151000,1,2,0,1,78000,3,60,14,1,2,3,556000
15580,22133600.0,2334769.5391,4065000,18068600.0,0,1113200.0,0,1,8040000,2553000,0,4,0,1,1116000,3,59,13,1,0,1,6618000
15585,3130000.0,1199812.1242,1842000,2200000.0,912000,800000.0,600000,1,0,825000,0,2,0,0,62000,3,50,13,1,2,1,2667000
15590,7267000.0,604229.70942,4469000,2798000.0,0,1445800.0,178000,1,105000,3190000,0,5,0,1,324000,3,58,14,2,0,1,7659000
15595,8135000.0,706592.05912,3313000,4822000.0,0,2962750.0,800000,1,4025000,2249000,0,5,0,1,264000,2,66,12,1,0,2,5562000
15600,-14700.0,30265.531062,1000,3300.0,19000,0.0,0,0,0,0,0,2,0,0,1000,2,26,9,2,0,1,1000
15605,10950.0,27022.795591,7220,118330.0,114600,600.0,600,0,330,0,0,1,0,0,6620,0,30,12,2,0,1,7220
15610,2270.0,22699.148297,50,5500.0,3280,0.0,0,0,0,0,0,4,0,0,50,1,43,8,2,2,2,50
15615,999900.0,90796.593186,179000,1323900.0,503000,0.0,0,1,0,0,0,4,0,1,79000,2,83,13,1,0,3,179000
15620,3251040.0,292927.10421,1789040,1472000.0,10000,823680.0,392000,1,0,783700,0,4,0,1,196940,3,59,12,1,1,1,2572740
15625,558600.0,117278.93287,346600,392000.0,180000,130400.0,0,1,0,252000,0,5,0,1,14600,3,75,12,1,0,1,598600
15630,20081000.0,620443.38677,442000,19939000.0,300000,302000.0,102000,1,18000000,200000,1,5,0,1,140000,2,52,12,1,1,2,642000
15635,-5670.0,14051.853707,630,0.0,6300,0.0,0,0,0,0,0,1,1,0,630,2,29,9,2,2,4,630
15640,423000.0,140518.53707,253000,416000.0,246000,148800.0,0,1,0,200000,0,2,0,0,3000,2,58,9,1,1,1,453000
15645,3030.0,41074.649299,930,23100.0,21000,0.0,0,0,0,0,0,4,1,0,930,3,45,9,2,0,3,930
15650,6689000.0,247528.80762,5280000,1564000.0,155000,5150000.0,500000,1,210000,150000,1,5,0,1,130000,3,65,13,2,0,2,5430000
15655,603600.0,161055.86172,267100,498000.0,161500,202800.0,2800,1,0,200000,0,4,0,0,14300,3,57,12,1,1,1,467100
15660,1927100.0,621524.2986,1250000,677100.0,0,700000.0,150000,0,0,900000,0,5,0,0,200000,3,61,14,1,0,1,2150000
15665,1244300.0,281037.07415,1210900,34000.0,600,625000.0,250000,0,0,450000,0,2,0,1,10900,3,34,12,2,0,1,1660900
15670,131920.0,56207.41483,41800,283000.0,192880,29500.0,0,1,0,37000,0,3,0,0,3930,3,35,12,1,4,1,78800
15675,213000.0,89715.681363,66000,277000.0,130000,16000.0,0,1,0,16000,0,4,0,1,25000,2,29,8,1,1,1,82000
15680,12780500.0,497219.43888,6270500,6574000.0,64000,3437500.0,0,1,900000,1785000,0,2,0,1,85500,3,60,12,1,1,2,8055500
15685,1744450.0,245366.98397,632550,1111900.0,0,405010.0,88000,1,0,299000,0,2,0,1,123550,3,72,10,1,0,3,931550
15690,-33999.0,58369.238477,101,9300.0,43400,0.0,0,0,0,0,0,4,0,0,101,2,32,9,2,3,1,101
15695,4474000.0,100524.7996,3460000,1014000.0,0,1510000.0,30000,1,0,650000,0,4,0,1,330000,3,79,13,2,0,3,4110000
15700,8651.0,46479.208417,10151,0.0,1500,0.0,0,0,0,0,0,5,0,0,151,2,37,8,1,0,1,10151
15705,10700.0,52964.679359,17000,19000.0,25300,9600.0,0,0,0,12000,0,2,0,1,5000,3,23,12,2,0,1,29000
15710,5621500.0,399937.37475,5207500,794000.0,380000,3930000.0,100000,1,0,1850000,0,4,0,1,256000,3,78,14,1,0,3,7057500
15715,142000.0,270227.95591,239000,69000.0,166000,168000.0,0,0,0,162000,1,4,0,1,77000,3,32,14,1,2,1,401000
15720,1614000.0,277794.33868,1212000,506000.0,104000,1063950.0,258000,1,0,119000,0,2,0,1,35000,3,55,12,1,0,1,1331000
15725,1653901.0,68097.44489,41501,2313400.0,701000,0.0,0,1,0,0,0,5,0,0,41501,2,73,13,1,0,3,41501
15730,774720.0,60531.062124,152000,844200.0,221480,19600.0,0,1,0,98000,0,4,0,1,54000,2,58,3,1,2,1,250000
15735,1417150.0,111333.91784,1050550,437000.0,70400,440000.0,0,1,0,1050000,0,4,0,0,550,2,64,8,1,0,1,2100550
15740,461500.0,219425.1002,231900,433700.0,204100,75000.0,5000,1,0,0,0,4,0,1,26900,3,52,10,1,0,1,231900
15745,56239000.0,1437612.7255,8887000,48152000.0,800000,8820000.0,8820000,1,20000000,0,0,2,0,1,67000,2,76,13,1,1,3,8887000
15750,-32795.0,113495.74148,63985,28800.0,125580,62000.0,0,0,4200,62000,0,2,1,0,1985,3,40,12,1,2,1,125985
15755,166063700.0,4928957.9158,103802000,62261700.0,0,59990000.0,5050000,1,32064000,4360000,0,3,0,1,392000,3,72,13,1,0,2,108162000
15760,82566000.0,5101903.8076,14321000,69502000.0,1257000,11348500.0,5000000,1,65360000,1210000,0,2,0,1,1051000,3,58,12,1,1,2,15531000
15765,225830.0,77285.195391,97000,256000.0,127170,5000.0,0,1,0,15000,0,1,0,1,57000,2,85,12,1,0,3,112000
15770,131620.0,77825.651303,4000,280000.0,152380,0.0,0,1,0,0,0,5,0,0,4000,2,34,13,2,0,1,4000
15775,1029100.0,85392.034068,15000,1015800.0,1700,0.0,0,0,1000000,0,0,1,0,0,15000,3,39,12,1,4,2,15000
15780,100.0,10268.662325,100,0.0,0,0.0,0,0,0,0,0,3,0,0,100,2,70,6,2,0,3,100
15785,1749600.0,335082.66533,1538600,510000.0,299000,1478999.0,300000,1,5000,479000,1,4,0,1,49600,3,42,12,1,1,1,2017600
15790,1689300.0,286441.63327,1301700,440600.0,53000,948000.0,0,1,0,1183000,0,3,0,1,18500,3,50,9,1,1,1,2484700
15795,505900.0,194564.12826,164000,575000.0,233100,61500.0,5000,1,0,113000,0,5,0,1,46000,3,55,13,1,2,4,277000
15800,1119000.0,29184.619238,909500,209500.0,0,800000.0,400000,1,0,400000,0,5,0,1,59500,3,72,13,2,0,3,1309500
15805,-15900.0,50802.855711,400,40000.0,56300,0.0,0,0,0,0,0,5,0,0,400,3,30,7,2,0,1,400
15810,86000.0,47560.12024,62000,24000.0,0,25000.0,0,0,0,50000,0,4,0,1,12000,3,77,13,1,0,3,112000
15815,75446000.0,2994125.7515,51382000,24064000.0,0,20409000.0,3000000,1,20830000,77000,0,4,0,1,13755000,3,84,13,1,0,3,51459000
15820,1099500.0,112414.82966,688000,412000.0,500,5400.0,0,1,0,18000,0,5,0,0,670000,2,58,13,1,0,1,706000
15825,872000.0,264823.39679,81000,1226000.0,435000,0.0,0,1,0,0,0,2,0,1,81000,2,58,13,2,0,1,81000
15830,4991400.0,301574.3988,1926000,3065400.0,0,1183100.0,750000,1,0,673000,0,2,0,1,503000,2,74,13,1,0,1,2599000
15835,61170.0,78906.563126,52170,226000.0,217000,0.0,0,1,0,0,0,5,0,0,25170,2,37,8,1,2,3,52170
15840,-133760.0,28103.707415,1420,0.0,135180,0.0,0,0,0,0,0,3,0,0,1420,3,42,12,2,0,1,1420
15845,768800.0,107010.27054,290800,478000.0,0,179100.0,0,1,0,158000,0,2,0,1,107800,1,66,8,2,0,3,448800
15850,2859000.0,260499.7495,359000,2500000.0,0,127450.0,25000,0,2500000,137000,0,1,0,0,95000,3,28,12,1,0,2,496000
15855,-19400.0,64854.709419,17500,0.0,36900,14250.0,0,0,0,15000,0,5,0,0,2500,3,25,12,2,0,4,32500
15860,805505.0,86472.945892,116805,915000.0,226300,100000.0,0,1,0,100000,0,2,1,0,13605,2,43,11,1,3,1,216805
15865,1105500.0,62692.885772,183500,1111000.0,189000,79000.0,0,1,0,0,0,3,0,1,14500,1,79,8,1,0,3,183500
15870,24410.0,49721.943888,2610,21800.0,0,0.0,0,0,0,1000,0,4,0,0,1610,1,46,9,2,0,1,3610
15875,10920.0,33508.266533,80,23400.0,12560,0.0,0,0,0,0,0,5,1,0,30,2,70,12,1,0,1,80
15880,145530.0,70259.268537,14390,256140.0,125000,6295.0,6000,1,0,590,0,5,0,1,7800,2,58,9,1,0,1,14980
15885,-550.0,16213.677355,450,0.0,1000,0.0,0,0,0,0,0,5,1,0,450,1,66,10,2,0,3,450
15890,1165000.0,310221.69339,516000,659000.0,10000,150000.0,0,1,0,500000,0,3,0,1,16000,3,49,13,1,2,1,1016000
15895,158100.0,87553.857715,6300,344000.0,192200,1950.0,800,1,0,2300,0,5,0,0,3200,3,53,10,2,0,1,8600
15900,837290.0,37831.913828,268290,572000.0,3000,93000.0,20000,1,0,135000,0,4,0,1,15790,3,69,12,2,0,3,403290
15905,1349401.0,98362.975952,731701,617700.0,0,273000.0,0,1,0,50000,0,4,0,0,408701,2,72,9,1,0,3,781701
15910,11097646.0,2215869.2385,1493600,9695046.0,91000,50000.0,50000,1,0,150000,0,2,0,0,1293600,1,36,12,1,3,2,1643600
15915,10001.0,82149.298597,1,10000.0,0,0.0,0,0,0,0,0,1,0,0,1,1,61,1,1,0,1,1
15920,430.0,16213.677355,430,0.0,0,0.0,0,0,0,0,0,3,0,0,430,2,78,2,1,0,3,430
15925,2288000.0,247312.62525,1541000,747000.0,0,567200.0,0,1,0,957000,0,5,0,1,135000,3,74,14,1,0,3,2498000
15930,875780.0,64854.709419,547900,328000.0,120,475000.0,15000,1,0,200000,0,5,0,1,12900,3,61,12,1,0,3,747900
15935,495200.0,220506.01202,186200,557000.0,248000,126200.0,0,1,0,126200,0,3,0,0,60000,3,47,13,1,1,1,312400
15940,939000.0,194564.12826,696000,459000.0,216000,508950.0,500000,1,0,179000,0,4,0,0,17000,3,50,14,1,1,1,875000
15945,314250.0,156732.21443,141000,216000.0,42750,47950.0,0,1,0,137000,0,3,0,1,4000,2,51,13,1,0,1,278000
15950,499700.0,255095.19038,313700,631000.0,445000,176540.0,20000,1,0,247000,0,4,0,1,45700,3,35,12,1,2,1,560700
15955,-55750.0,49721.943888,5650,9900.0,71300,750.0,0,0,0,5000,0,5,0,0,650,1,47,13,2,0,1,10650
15960,3000.0,27022.795591,500,6000.0,3500,0.0,0,0,1000,0,0,3,1,0,500,3,60,12,2,0,1,500
15965,890600.0,36751.002004,315500,575100.0,0,180500.0,0,1,0,126500,0,2,0,0,10000,3,61,10,2,0,1,442000
15970,4380.0,10484.844689,80,4300.0,0,0.0,0,0,0,0,0,5,0,0,80,1,90,-1,1,0,3,80
15975,10173000.0,932826.90381,3542000,7285000.0,654000,3210000.0,3000000,1,2220000,210000,1,3,0,1,332000,2,59,12,1,0,2,3752000
15980,400.0,19456.412826,400,0.0,0,0.0,0,0,0,0,0,4,0,1,400,1,88,9,2,0,3,400
15985,4390000.0,285360.72144,3660000,730000.0,0,1150000.0,900000,1,0,250000,0,3,0,1,10000,3,95,12,2,0,3,3910000
15990,4460.0,35670.09018,1360,8000.0,4900,0.0,0,0,0,0,0,5,1,1,1360,0,50,3,1,0,1,1360
15995,5009700.0,198887.77555,4453000,556700.0,0,3460800.0,2400000,1,0,1768000,0,2,0,1,5000,3,61,14,2,0,3,6221000
16000,26070.0,64854.709419,18900,8100.0,930,855.0,0,0,0,1900,0,5,0,0,17000,2,32,8,2,1,1,20800
16005,25500.0,42155.561122,2500,23000.0,0,0.0,0,0,0,0,0,5,0,0,2500,2,40,8,1,3,1,2500
16010,1076400.0,208615.98196,389400,687000.0,0,102700.0,0,1,0,144000,0,3,0,1,205400,1,61,10,1,0,1,533400
16015,660410.0,254014.27856,334170,379840.0,53600,0.0,0,1,241000,56000,0,5,0,1,195170,2,59,12,1,1,1,390170
16020,670960.0,306978.95792,194060,721900.0,245000,122000.0,0,1,0,122000,0,2,0,0,72060,3,52,13,1,1,1,316060
16025,56040.0,50802.855711,40,60800.0,4800,0.0,0,0,50000,0,0,5,0,0,40,2,45,5,1,2,2,40
16030,703972280.0,179020616.23,64326280,645646000.0,6000000,62347800.0,60900000,1,619580000,1557000,0,2,0,1,1869280,2,59,13,1,1,2,65883280
16035,83300.0,82149.298597,82000,51000.0,49700,2000.0,0,0,0,0,0,4,0,0,23000,1,64,11,2,0,1,82000
16040,1825000.0,433445.64128,431000,1999000.0,605000,179000.0,0,1,0,87000,0,4,0,1,290000,3,45,13,1,2,1,518000
16045,285530.0,67016.533066,203330,124700.0,42500,0.0,0,1,0,0,0,4,0,0,3330,2,42,8,1,0,2,203330
16050,135300.0,28103.707415,24000,230000.0,118700,0.0,0,1,11000,0,0,3,0,0,6000,1,65,8,2,0,2,24000
16055,8808000.0,2010495.992,6777000,3631000.0,1600000,5801000.0,100000,1,600000,3701000,0,4,0,1,960000,3,59,14,1,0,2,10478000
16060,13954800.0,3177880.7615,10023000,6181800.0,2250000,5590000.0,0,1,1500000,7200000,0,5,0,1,1080000,3,58,14,1,0,2,17223000
16065,250170.0,21618.236473,170,400000.0,150000,0.0,0,1,0,0,0,1,0,0,170,2,73,2,2,0,3,170
16070,968970.0,135113.97796,421600,725000.0,177630,278100.0,5800,1,0,389000,0,4,0,1,26800,2,51,8,1,2,1,810600
16075,935200.0,189159.56914,406500,768700.0,240000,90000.0,6000,1,0,320000,0,2,0,1,70500,2,45,9,1,2,1,726500
16080,815910.0,311302.60521,168510,1253400.0,606000,117750.0,0,1,250000,31500,0,3,0,1,32010,3,45,12,1,2,2,200010
16085,-14029.0,33508.266533,1001,0.0,15030,0.0,0,0,0,0,0,3,0,0,1001,2,24,12,2,0,1,1001
16090,199500.0,102686.62325,122800,96300.0,19600,7650.0,0,0,0,10500,0,5,0,1,109300,2,33,12,1,2,1,133300
16095,1523440.0,277794.33868,1289140,401300.0,167000,585000.0,0,1,0,1170000,0,1,0,1,119140,3,64,14,1,2,1,2459140
16100,4101.0,37831.913828,1,5700.0,1600,0.0,0,0,0,0,0,1,1,0,1,0,48,9,2,0,2,1
16105,508000.0,30265.531062,491000,17000.0,0,320250.0,265000,0,0,85000,0,3,0,0,141000,3,68,9,2,0,3,576000
16110,2860900.0,164298.59719,1263200,1741700.0,144000,333045.0,18000,1,300000,1006500,0,3,0,1,65000,2,62,13,1,1,1,2269700
16115,1081550.0,108091.18236,651550,574000.0,144000,220500.0,0,1,0,630000,0,3,0,0,21500,0,62,14,2,0,2,1281550
16120,12450.0,38912.825651,4600,8400.0,550,0.0,0,0,0,0,0,5,0,1,4600,3,71,9,2,0,1,4600
16125,1570000.0,168622.24449,114000,1479000.0,23000,0.0,0,0,56000,0,0,5,0,1,114000,3,63,12,1,0,2,114000
16130,-68800.0,42155.561122,3600,5600.0,78000,112.0,0,0,0,320,0,1,0,0,3280,2,29,12,2,2,1,3920
16135,10538000.0,827978.45691,8092500,2475500.0,30000,4560000.0,300000,1,0,6685000,0,5,0,1,37500,3,59,12,1,0,1,14777500
16140,35800.0,46479.208417,27400,14000.0,5600,7200.0,0,0,0,18000,0,5,0,0,1900,0,47,9,2,1,1,45400
16145,19900.0,77825.651303,14600,9500.0,4200,0.0,0,0,0,0,0,4,0,0,14600,2,51,10,2,1,1,14600
16150,171310.0,34589.178357,48410,143800.0,20900,7200.0,0,1,0,48000,0,5,0,0,410,2,30,9,1,1,1,96410
16155,2288000.0,118900.3006,1301000,987000.0,0,357000.0,0,1,0,1190000,1,5,0,0,111000,3,68,8,1,0,3,2491000
16160,1840900.0,264823.39679,519700,2086500.0,765300,465000.0,45000,1,0,420000,0,4,0,0,25000,3,50,10,1,2,1,939700
16165,219900.0,124304.85972,30500,736000.0,546600,18500.0,10000,1,0,17000,0,5,0,0,3500,2,33,13,1,2,1,47500
16170,1186300.0,54045.591182,715000,524300.0,53000,286500.0,0,1,0,33000,0,4,0,1,82000,3,69,12,2,1,3,748000
16175,3306000.0,496138.52705,2178000,1484000.0,356000,1980250.0,0,1,0,1321000,0,5,0,1,157000,3,41,14,1,2,1,3499000
16180,98454700.0,7058354.2084,17571400,81308300.0,425000,13204400.0,0,1,77510000,75000,0,3,0,1,765400,3,59,12,1,0,2,17646400
16185,71400.0,83230.210421,71400,0.0,0,45000.0,25000,0,0,20000,0,4,0,0,26400,3,21,9,2,0,1,91400
16190,510630.0,68097.44489,380830,167000.0,37200,368200.0,5700,0,143000,21000,0,2,1,0,16130,3,49,12,2,1,2,401830
16195,17726250.0,407503.75752,13250,17900000.0,187000,0.0,0,1,17000000,0,0,4,1,0,5750,2,79,12,1,0,2,13250
16200,1885100.0,102686.62325,754500,1405100.0,274500,537500.0,100000,1,0,46700,0,1,0,0,7800,3,51,12,2,0,1,801200
16205,175290.0,71340.180361,100040,412250.0,337000,42000.0,0,1,0,42000,0,5,0,1,31040,2,33,9,1,4,1,142040
16210,124350.0,51883.767535,31850,246500.0,154000,24000.0,400,1,2500,23600,0,4,0,1,7850,3,29,12,1,2,1,55450
16215,1013531500.0,18133376.754,627238600,386292900.0,0,501985000.0,0,1,0,1009000,0,4,0,1,9600,3,87,8,1,0,3,628247600
16220,27649000.0,0.0,14635000,13014000.0,0,3765000.0,0,1,9370000,0,0,2,0,1,1020000,3,49,12,1,2,2,14635000
16225,714615.0,217263.27655,329715,1301800.0,916900,257050.0,4500,1,0,273700,0,2,0,0,51515,3,39,13,1,3,1,603415
16230,464100.0,148084.91984,268000,264100.0,68000,15500.0,0,1,0,31000,0,4,0,1,237000,3,42,12,2,0,1,299000
16235,60150.0,44317.38477,35780,47500.0,23130,7000.0,0,0,0,35000,0,5,0,0,780,3,61,8,1,0,1,70780
16240,142039000.0,9230986.9739,80570000,61469000.0,0,54849000.0,15960000,1,48790000,1770000,0,2,0,1,300000,3,61,13,1,0,2,82340000
16245,38150.0,46479.208417,850,287000.0,249700,0.0,0,1,0,0,1,1,1,0,850,1,29,12,2,1,1,850
16250,18371000.0,403180.11022,7023000,11443000.0,95000,5226400.0,4200000,1,7849000,533000,0,2,0,1,1545000,3,56,12,1,0,2,7556000
16255,6510.0,11890.03006,310,38200.0,32000,0.0,0,0,24200,0,0,3,0,0,110,3,30,9,2,0,2,310
16260,66900.0,6377.3797595,49700,17610.0,410,9000.0,9000,0,0,0,0,2,0,0,40700,3,24,12,2,0,1,49700
16265,107500.0,118900.3006,91000,141100.0,124600,22500.0,0,1,0,75000,0,4,0,0,6000,0,48,10,2,0,1,166000
16270,1084400.0,308059.86974,742500,473000.0,131100,496000.0,0,1,0,665000,0,2,0,1,43500,3,49,14,1,1,1,1407500
16275,86600.0,63773.797595,95200,68600.0,77200,0.0,0,0,0,0,0,2,0,0,5200,1,40,8,1,1,1,95200
16280,480500.0,64854.709419,49500,431000.0,0,8500.0,0,1,0,0,0,3,0,1,15000,3,77,13,2,0,3,49500
16285,57652100.0,7739328.6573,13336000,48406100.0,4090000,5817400.0,2930000,1,40860000,729000,0,4,0,0,1717000,3,47,13,1,1,1,14065000
16290,19820.0,183755.01002,49450,351500.0,381130,18650.0,0,1,18000,44400,0,4,0,0,5050,3,36,13,1,0,1,93850
16295,53300.0,54045.591182,3300,50000.0,0,0.0,0,0,0,0,0,5,0,1,3300,2,47,8,2,0,2,3300
16300,3108200.0,525323.14629,1478900,1629300.0,0,70000.0,70000,1,62000,1364000,0,2,0,1,44900,3,55,12,1,3,1,2842900
16305,998000.0,19456.412826,473000,525000.0,0,0.0,0,1,0,0,0,3,0,1,470000,0,88,9,2,0,3,473000
16310,36750.0,81068.386774,6350,337000.0,306600,0.0,0,1,0,0,0,5,0,0,6350,2,31,13,2,1,1,6350
16315,786125.0,145923.09619,31025,896100.0,141000,4000.0,0,1,200000,8000,0,3,0,1,3025,2,62,12,1,2,2,39025
16320,5888300.0,201049.5992,5507000,381300.0,0,3625000.0,0,1,0,4500000,0,4,0,0,70000,2,66,12,1,0,3,10007000
16325,141200.0,76204.283567,126070,16000.0,870,0.0,0,0,0,82000,0,4,0,1,8070,3,39,10,1,6,2,208070
16330,440.0,11890.03006,770,0.0,330,0.0,0,0,0,0,0,1,1,0,770,3,44,9,2,0,4,770
16335,1180000.0,222667.83567,428000,752000.0,0,330000.0,100000,1,0,80000,0,4,0,1,68000,3,61,13,1,1,1,508000
16340,4108000.0,1632176.8537,2191000,2314000.0,397000,1603950.0,0,1,0,615000,0,5,0,1,608000,3,39,14,1,4,1,2806000
16345,209500.0,205373.24649,81500,416000.0,288000,62000.0,0,1,0,62000,0,2,0,1,19500,2,54,12,1,1,1,143500
16350,60600800.0,3956137.2745,34495000,27125800.0,1020000,16900000.0,5000000,1,1000000,8400000,0,1,0,1,2095000,3,64,14,1,1,2,42895000
16355,22850.0,6161.1973948,850,22000.0,0,0.0,0,0,0,0,0,5,0,0,800,0,80,5,2,0,3,850
16360,3888220.0,340487.22445,2220020,1947000.0,278800,1404500.0,27000,1,100000,996000,0,4,0,1,113000,3,73,11,1,0,3,3216020
16365,309620.0,19456.412826,320,313000.0,3700,0.0,0,1,0,0,0,2,0,0,320,1,80,9,2,0,3,320
16370,2317800.0,0.0,783500,1852000.0,317700,150000.0,10000,1,1337000,700000,1,2,0,0,24500,3,56,12,2,1,2,1483500
16375,1110.0,36751.002004,2000,0.0,890,0.0,0,0,0,0,0,5,0,0,2000,2,66,8,2,0,3,2000
16380,163686300.0,1264666.8337,1319700,162366600.0,0,1170000.0,1170000,1,161040000,0,0,4,0,1,9700,2,76,8,1,0,2,1319700
16385,4962300.0,0.0,1057000,3914100.0,8800,937000.0,0,1,3514000,937000,0,2,0,1,120000,3,56,12,1,2,2,1994000
16390,144200.0,128628.50701,9000,259000.0,123800,0.0,0,1,10000,0,0,2,0,0,9000,3,50,7,1,0,2,9000
16395,1026000.0,104848.44689,338000,688000.0,0,74000.0,0,1,0,160000,0,4,0,1,178000,2,46,13,2,0,1,498000
16400,20436490.0,1072264.5291,12052190,11279300.0,2895000,9542700.0,5130000,1,5602000,4274000,0,2,0,1,40190,3,64,12,1,2,2,16326190
16405,-13350.0,48641.032064,4700,0.0,18050,3300.0,0,0,0,3300,0,2,0,0,1400,2,25,12,2,0,1,8000
16410,311866000.0,1045241.7335,5822000,306044000.0,0,4417000.0,1790000,1,304696000,602000,0,2,0,0,1380000,3,67,12,1,0,2,6424000
16415,42015200.0,287522.54509,32220000,9795200.0,0,16510000.0,3000000,1,0,850000,0,4,0,0,1170000,3,67,12,1,0,3,33070000
16420,93572000.0,3361635.7715,65825000,36467000.0,8720000,31839500.0,0,1,10940000,10890000,0,4,0,1,935000,3,71,14,1,0,2,76715000
16425,9027300.0,618281.56313,886000,9806700.0,1665400,228000.0,188000,0,7875000,14000,0,5,0,0,245000,2,40,12,1,3,2,900000
16430,27263000.0,0.0,8553000,21170000.0,2460000,4271500.0,0,1,15570000,6543000,0,2,0,1,10000,3,70,14,1,0,3,15096000
16435,1401530.0,553426.85371,899530,1202500.0,700500,322500.0,0,1,209000,336000,0,4,0,0,138530,3,40,14,1,2,1,1235530
16440,1878110.0,612877.00401,187220,1691000.0,110,57600.0,0,1,87000,144000,0,1,0,1,43220,3,67,12,1,0,3,331220
16445,9100.0,36751.002004,300,8800.0,0,0.0,0,0,0,0,0,5,0,0,300,3,35,2,1,4,1,300
16450,3800.0,42155.561122,3800,0.0,0,0.0,0,0,0,0,0,4,0,1,600,3,69,8,2,0,3,3800
16455,17994200.0,174026.80361,12396200,5598000.0,0,9062000.0,4350000,1,0,412000,0,3,0,0,2084200,3,47,13,2,2,3,12808200
16460,-19140.0,28103.707415,970,4300.0,24410,0.0,0,0,0,0,0,3,1,0,970,1,31,9,2,3,4,970
16465,1060410000.0,34968578.407,28568000,1031842000.0,0,28557000.0,645000,1,983415000,412000,0,4,0,1,11000,3,88,13,1,0,2,28980000
16470,420.0,30265.531062,420,0.0,0,0.0,0,0,0,0,0,1,0,0,420,2,43,8,2,0,1,420
16475,300.0,14051.853707,300,0.0,0,0.0,0,0,0,0,0,1,0,0,300,2,20,8,2,1,4,300
16480,474210.0,205373.24649,136800,772900.0,435490,20600.0,15000,1,4000,112000,0,3,0,1,1800,3,41,12,1,3,1,248800
16485,-45700.0,86472.945892,2000,206000.0,253700,0.0,0,1,0,0,0,2,0,0,2000,3,56,11,1,0,1,2000
16490,5260.0,48641.032064,810,15700.0,11250,0.0,0,0,0,0,0,4,0,1,810,1,29,8,1,4,1,810
16495,763400.0,151327.65531,113400,750000.0,100000,100000.0,0,0,0,112000,0,4,0,0,1400,1,44,12,1,3,1,225400
16500,677660.0,31346.442886,52000,625700.0,40,0.0,0,0,600000,0,0,5,0,1,52000,3,64,9,1,2,3,52000
16505,1241000.0,48641.032064,759700,579000.0,97700,24250.0,0,1,0,97000,0,2,0,0,102700,2,67,8,2,0,3,856700
16510,754080.0,104848.44689,446080,556000.0,248000,210400.0,0,1,0,244000,0,4,0,1,67080,3,45,13,1,3,1,690080
16515,-9400.0,25941.883768,500,0.0,9900,0.0,0,0,0,0,1,5,1,0,500,3,66,9,2,0,1,500
16520,396500.0,64854.709419,152500,257000.0,13000,53000.0,45000,1,0,46000,0,2,0,1,51500,3,75,7,1,0,3,198500
16525,298560.0,65935.621242,29510,455000.0,185950,21000.0,21000,1,0,0,0,3,0,1,8510,3,38,13,1,1,1,29510
16530,14790.0,37831.913828,2880,15000.0,3090,400.0,0,0,0,2000,0,4,1,0,880,2,63,8,2,0,1,4880
16535,54575000.0,3750764.0281,32335000,23840000.0,1600000,24425000.0,6750000,1,675000,16925000,1,1,0,1,7710000,3,66,12,1,0,2,49260000
16540,5011000.0,1340330.6613,1480000,4558000.0,1027000,1209380.0,375000,1,0,732100,1,2,0,1,237900,3,56,13,1,2,3,2212100
16545,167400.0,91877.50501,69600,461000.0,363200,0.0,0,1,0,60000,0,1,1,1,9600,2,31,9,1,2,2,129600
16550,-1119.0,16213.677355,1,0.0,1120,0.0,0,0,0,0,1,1,1,0,1,2,19,3,1,0,2,1
16555,12100.0,27022.795591,500,12100.0,500,0.0,0,0,0,0,0,5,0,0,0,2,63,1,1,0,1,500
16560,9983200.0,2053732.4649,1020000,9383200.0,420000,363750.0,0,1,7800000,485000,0,4,0,1,535000,3,40,12,1,2,2,1505000
16565,40400.0,64854.709419,4600,35800.0,0,0.0,0,0,20000,0,0,5,0,1,4600,2,49,9,2,0,1,4600
16570,1475900.0,123786.02204,247500,1228400.0,0,5550.0,0,1,0,7400,0,4,0,1,240000,2,73,10,1,0,3,254900
16575,9360.0,107010.27054,18700,120000.0,129340,1800.0,0,1,0,18000,0,5,1,0,700,2,40,8,1,1,1,36700
16580,-87900.0,70259.268537,69500,170000.0,327400,20550.0,2500,1,0,53200,0,4,0,0,13800,2,50,13,2,0,1,122700
16585,12170000.0,361024.5491,11766000,404000.0,0,2795000.0,0,1,0,2200000,0,4,0,1,755000,2,73,14,1,0,3,13966000
16590,296414000.0,7663664.8297,36866000,259548000.0,0,1830000.0,1830000,1,251630000,0,0,3,0,1,36000,3,90,12,1,0,3,36866000
16595,429322000.0,70475450.902,166062000,273260000.0,10000000,162130000.0,21980000,1,80790000,300000,0,5,0,1,3782000,3,67,8,1,0,2,166362000
16600,10550.0,43236.472946,750,9800.0,0,0.0,0,0,0,0,0,5,0,0,750,3,76,7,1,1,3,750
16605,5378000.0,1502467.4349,2159000,3979000.0,760000,2059000.0,0,0,2240000,59000,0,2,0,1,100000,3,37,13,1,0,2,2218000
16610,848300.0,130790.33066,690300,399000.0,241000,318630.0,0,1,0,296300,0,4,0,1,24000,3,58,8,1,1,1,986600
16615,2643000.0,84311.122244,1548000,1095000.0,0,623750.0,0,1,0,65000,0,3,0,0,813000,2,48,12,2,0,1,1613000
16620,137700.0,88634.769539,33100,120100.0,15500,0.0,0,1,0,0,0,5,0,1,33100,2,90,13,2,1,3,33100
16625,19319100.0,1470040.0802,17747100,1762000.0,190000,9007200.0,0,1,0,12000,0,4,0,1,3605100,1,60,13,1,1,2,17759100
16630,2568400.0,164298.59719,1584400,1070000.0,86000,510200.0,95000,1,0,669000,0,3,0,0,44400,3,76,12,1,0,3,2253400
16635,110270.0,47560.12024,600,123880.0,14210,0.0,0,1,0,0,0,5,1,0,600,1,61,8,2,0,1,600
16640,1927200.0,197806.86373,730000,1427200.0,230000,625000.0,0,1,0,595000,0,5,0,1,100000,3,56,9,1,2,1,1325000
16645,1185310.0,112414.82966,115910,1158000.0,88600,37200.0,0,1,311000,0,0,4,0,1,10910,2,36,11,1,2,2,115910
16650,349000.0,118900.3006,91600,447600.0,190200,4040.0,0,1,0,31100,0,4,0,1,50500,2,53,4,1,2,1,122700
16655,819000.0,177269.53908,2000,824000.0,7000,0.0,0,1,0,0,0,5,0,0,2000,2,53,11,1,0,1,2000
16660,1462000.0,529646.79359,401000,1963000.0,902000,125000.0,125000,1,500000,0,0,5,0,1,76000,3,45,14,1,2,2,401000
16665,81670.0,47560.12024,32300,53200.0,3830,0.0,0,1,0,22000,0,2,1,0,1300,2,66,8,1,0,1,54300
16670,355130.0,15132.765531,230,372000.0,17100,0.0,0,1,0,0,0,1,1,1,230,0,82,6,2,1,3,230
16675,20.0,31346.442886,20,0.0,0,0.0,0,0,0,0,0,5,0,0,20,3,61,8,2,0,1,20
16680,-58000.0,36751.002004,1001400,320000.0,1379400,0.0,0,1,0,0,1,5,1,0,1400,2,68,3,2,0,2,1001400
16685,15757000.0,727453.65731,12240000,3517000.0,0,10072500.0,5000000,1,0,1010000,0,3,0,1,174000,3,59,14,1,0,1,13250000
16690,475000.0,91877.50501,50000,425000.0,0,20000.0,20000,0,10000,0,0,1,0,1,30000,3,43,6,2,0,2,50000
16695,181291900.0,59125876.754,77192900,104099000.0,0,31563500.0,18890000,1,47860000,1112000,0,1,0,1,18940900,3,57,13,2,0,2,78304900
16700,7020000.0,287522.54509,990000,6375000.0,345000,755000.0,150000,1,4720000,800000,0,2,0,1,35000,3,43,13,1,2,1,1790000
16705,51200.0,61611.973948,59000,9800.0,17600,29150.0,0,0,0,53000,0,2,0,0,6000,2,46,12,2,0,1,112000
16710,5990.0,24860.971944,1000,5300.0,310,0.0,0,0,0,0,0,4,0,0,1000,1,22,8,2,0,1,1000
16715,8381.0,47560.12024,81,14000.0,5700,0.0,0,0,0,0,0,5,0,0,81,3,55,7,2,1,4,81
16720,640640.0,61611.973948,321700,382600.0,63660,158000.0,0,1,0,0,0,5,0,1,5700,2,67,8,1,0,3,321700
16725,103000.0,38912.825651,11000,246000.0,154000,10000.0,0,1,0,10000,0,1,0,0,1000,0,31,7,1,1,1,21000
16730,9458000.0,877700.4008,8907000,551000.0,0,3880000.0,3250000,1,0,2550000,0,5,0,1,55000,3,73,12,1,0,1,11457000
16735,86300.0,162136.77355,60500,34000.0,8200,16950.0,0,0,0,54000,0,2,0,1,6500,3,47,13,1,0,1,114500
16740,83300.0,30265.531062,71300,143000.0,131000,0.0,0,1,0,0,0,2,0,0,21000,1,93,8,2,1,3,71300
16745,62923800.0,9241796.0922,23575000,39348800.0,0,12610000.0,12610000,1,31640000,0,0,3,0,0,10465000,3,78,14,1,0,2,23575000
16750,77070.0,63773.797595,18070,112000.0,53000,14000.0,0,1,0,14000,0,1,0,0,4070,1,33,13,2,0,1,32070
16755,18000.0,28103.707415,2000,35000.0,19000,0.0,0,0,0,0,0,4,0,0,2000,2,22,9,2,0,1,2000
16760,74150.0,25941.883768,25750,48700.0,300,0.0,0,1,0,0,0,5,0,1,750,1,75,9,2,0,3,25750
16765,273100.0,104524.17335,33100,332300.0,92300,4900.0,0,1,0,14000,0,4,0,1,17100,2,80,12,1,0,3,47100
16770,10540200.0,620443.38677,7601000,2939200.0,0,6505000.0,400000,1,0,4875000,0,1,0,1,1091000,3,76,14,1,1,1,12476000
16775,116200.0,162136.77355,99000,71000.0,53800,17500.0,0,0,0,80000,0,5,0,1,19000,2,41,9,1,1,1,179000
16780,500.0,43236.472946,500,0.0,0,0.0,0,0,0,0,0,1,0,0,500,1,31,9,2,0,1,500
16785,-106359.0,22699.148297,441,175200.0,282000,0.0,0,1,0,0,0,4,0,1,441,3,61,12,1,0,3,441
16790,144320.0,38912.825651,40720,223000.0,119400,25285.0,25000,1,0,570,0,5,0,1,4150,3,48,12,2,0,1,41290
16795,-8199.0,33508.266533,1,6600.0,14800,0.0,0,0,0,0,0,3,1,0,1,2,37,9,2,1,2,1
16800,194452000.0,13414115.731,71509000,122943000.0,0,69231000.0,3730000,1,121580000,501000,0,5,0,1,2278000,3,85,13,1,0,2,72010000
16805,1267200.0,41074.649299,904000,365000.0,1800,795000.0,15000,1,0,55000,0,5,0,1,59000,2,70,12,2,0,3,959000
16810,94801.0,43236.472946,3001,108000.0,16200,3000.0,0,1,0,3000,0,4,1,0,1,1,41,11,2,2,1,6001
16815,4364100.0,420474.6994,3927000,439000.0,1900,3100000.0,0,1,0,2000000,0,3,0,0,329000,3,58,13,2,0,3,5927000
16820,11199300.0,725291.83367,5940000,5259300.0,0,4535000.0,300000,1,3362000,460000,0,4,0,1,890000,3,51,14,1,1,2,6400000
16825,13488000.0,419393.78758,12151000,1432000.0,95000,6466100.0,0,1,500000,776000,0,4,0,1,1275000,3,68,14,1,0,1,12927000
16830,33170.0,44317.38477,28520,6400.0,1750,0.0,0,0,0,0,0,4,0,0,3520,2,37,9,2,1,3,28520
16835,84530.0,15132.765531,930,83600.0,0,0.0,0,1,0,0,0,4,0,0,930,1,82,12,2,0,3,930
16840,54107850.0,4075037.5752,43242100,16765750.0,5900000,29909000.0,0,1,6160000,2434000,0,2,0,1,108100,3,63,12,1,0,2,45676100
16845,42256200.0,6236861.2224,36638000,5618200.0,0,24397000.0,13020000,1,4000000,2160000,0,2,1,1,177000,3,58,14,2,0,2,38798000
16850,128450.0,84311.122244,64600,316000.0,252150,45000.0,35000,1,0,20000,0,5,1,0,9600,2,29,13,1,0,1,84600
16855,45000.0,4215.5561122,0,45000.0,0,0.0,0,1,0,0,0,1,0,0,0,2,31,10,2,1,2,0
16860,9853000.0,862567.63527,8602000,1506000.0,255000,4682000.0,842000,1,0,1950000,0,5,0,1,21000,3,75,13,1,0,2,10552000
16865,597000.0,31346.442886,597000,0.0,0,200000.0,0,0,0,0,0,4,0,1,197000,2,80,8,2,0,3,597000
16870,28035000.0,2086159.8196,1770000,26825000.0,560000,185000.0,150000,1,25025000,1420000,0,5,0,1,165000,3,64,12,1,0,2,3190000
16875,27400.0,45398.296593,10100,40000.0,22700,0.0,0,0,0,0,0,4,1,0,5100,0,37,8,1,4,3,10100
16880,273000.0,159974.9499,63500,511000.0,301500,25000.0,0,1,0,0,0,5,0,1,38500,2,54,11,1,0,1,63500
16885,1552000.0,127547.59519,1375000,177000.0,0,1320000.0,1020000,1,0,300000,0,5,0,1,38000,2,82,8,1,0,3,1675000
16890,100.0,21618.236473,100,0.0,0,0.0,0,0,0,0,0,5,0,1,100,2,69,8,2,0,3,100
16895,313500.0,217263.27655,103000,362000.0,151500,0.0,0,0,0,36000,0,4,0,0,54500,1,69,12,1,1,2,139000
16900,34200.0,71340.180361,25200,27000.0,18000,9000.0,0,0,0,14000,0,4,0,1,3600,2,27,13,2,0,1,39200
16905,176350.0,75663.827655,47100,299300.0,170050,45000.0,0,1,0,45000,0,5,1,0,2100,2,56,8,1,1,1,92100
16910,1030.0,8971.5681363,1200,0.0,170,0.0,0,0,0,0,0,4,1,0,1200,2,26,9,2,2,4,1200
16915,2681240.0,129709.41884,381240,2300000.0,0,183550.0,0,1,1000000,31000,0,1,0,0,137240,2,54,8,1,2,2,412240
16920,1482200.0,433445.64128,1406700,75500.0,0,970920.0,0,0,0,898200,0,2,0,1,76500,3,52,13,1,1,2,2304900
16925,246710.0,18375.501002,20010,229000.0,2300,0.0,0,1,0,20000,0,4,0,0,10,1,48,8,1,4,1,40010
16930,98100300.0,0.0,10295300,89575000.0,1770000,8391300.0,4300000,1,61190000,4407000,1,4,0,1,1038300,3,62,12,1,0,2,14702300
16935,111030.0,37831.913828,13830,167200.0,70000,1500.0,0,1,0,12500,0,5,0,0,1330,2,55,9,1,0,1,26330
16940,15038901.0,7890.6563126,8340901,9728000.0,3030000,5317600.0,4360000,1,1338000,1397000,0,2,0,0,222901,2,48,12,1,0,2,9737901
16945,6163000.0,646385.27054,4770000,2073000.0,680000,3700000.0,500000,1,0,1550000,0,5,0,1,600000,3,60,13,1,1,1,6320000
16950,2052900.0,118900.3006,299000,2615900.0,862000,0.0,0,1,0,0,0,2,0,1,299000,3,72,11,1,0,3,299000
16955,14290.0,92958.416834,920,40400.0,27030,0.0,0,0,0,0,0,4,0,0,920,3,33,6,1,1,4,920
16960,199300.0,96201.152305,85100,251700.0,137500,43050.0,0,1,0,60000,1,2,0,0,16000,2,34,14,1,2,1,145100
16965,9520.0,10809.118236,440,11000.0,1920,0.0,0,0,0,0,0,2,1,0,440,3,54,13,1,2,1,440
16970,239520.0,178350.4509,2320,250000.0,12800,0.0,0,0,250000,0,1,2,0,0,2120,2,35,13,2,0,2,2320
16975,126400.0,12970.941884,2200,124200.0,0,0.0,0,1,0,0,0,4,0,0,200,1,61,8,2,0,3,2200
16980,4208350.0,122143.03607,1188350,4029000.0,1009000,281500.0,50000,1,1090000,463000,0,3,0,0,675350,3,34,12,1,1,1,1651350
16985,1981700.0,74582.915832,1586200,406000.0,10500,889700.0,59000,1,0,892000,0,5,0,1,40600,1,69,8,1,0,3,2478200
16990,10884500.0,832302.10421,9099500,3069000.0,1284000,650000.0,100000,1,500000,5500000,0,2,0,1,99500,2,71,14,1,0,2,14599500
16995,153040.0,61611.973948,8520,248900.0,104380,0.0,0,1,0,0,0,5,0,1,3520,2,65,12,2,0,1,8520
17000,61000.0,108091.18236,103000,29000.0,71000,0.0,0,0,0,0,0,3,1,0,3000,1,36,8,1,2,1,103000
17005,2604600.0,178663.91533,1086600,1518000.0,0,80150.0,2100,1,658000,777600,0,5,0,1,224900,3,74,10,1,1,2,1864200
17010,348800.0,116738.47695,127300,221500.0,0,0.0,0,1,0,0,0,5,0,1,127300,3,71,8,2,0,3,127300
17015,58891000.0,2269914.8297,31035000,27856000.0,0,27956500.0,119000,1,21810000,600000,0,5,0,1,549000,3,67,14,2,0,3,31635000
17020,2828400.0,225586.2976,1641500,1408900.0,222000,1075000.0,200000,1,0,1349000,0,4,0,0,92500,3,61,12,1,2,1,2990500
17025,294320.0,110253.00601,39320,606000.0,351000,8150.0,5700,1,0,7000,0,3,0,1,26620,2,33,10,1,2,2,46320
17030,330600.0,518837.67535,151500,360600.0,181500,45000.0,0,1,0,45000,0,2,0,1,106500,3,37,13,1,2,1,196500
17035,33620.0,17294.589178,320,78300.0,45000,0.0,0,1,0,0,0,4,1,0,320,3,61,8,1,0,3,320
17040,41000.0,43236.472946,57000,14000.0,30000,29500.0,0,0,0,55000,0,5,0,0,2000,3,43,13,2,0,1,112000
17045,598000.0,254014.27856,636000,356000.0,394000,630000.0,450000,1,0,180000,0,5,0,1,6000,2,35,12,2,0,1,816000
17050,53331.0,22699.148297,1,58000.0,4670,0.0,0,1,0,0,0,4,0,0,1,1,56,5,2,3,3,1
17055,7212980.0,1145766.5331,5981000,1951000.0,719020,4400000.0,2000000,1,0,2400000,1,1,0,1,1500000,3,63,12,1,0,1,8381000
17060,548700.0,35670.09018,347700,211000.0,10000,14350.0,0,1,0,41000,0,4,0,1,296700,3,67,9,2,1,3,388700
17065,618460.0,139437.62525,493860,330600.0,206000,227500.0,0,1,0,455000,0,5,0,1,38860,3,56,12,1,0,1,948860
17070,570.0,10809.118236,770,0.0,200,0.0,0,0,0,0,0,4,1,0,770,3,59,7,2,0,3,770
17075,2468000.0,213155.81162,1950200,517800.0,0,1487450.0,175000,1,0,1186200,0,2,0,1,146000,3,59,12,1,0,1,3136400
17080,1114200.0,65287.074148,207500,1003700.0,97000,160000.0,0,1,0,10000,0,2,0,0,44000,3,85,12,2,0,3,217500
17085,34020.0,65935.621242,11720,74000.0,51700,4400.0,0,0,0,10400,0,3,1,0,20,1,50,8,1,0,1,22120
17090,3200.0,21618.236473,3200,0.0,0,0.0,0,0,0,0,0,1,0,1,0,0,35,7,1,0,1,3200
17095,4649000.0,381561.87375,2925000,1724000.0,0,2060000.0,2000000,1,0,0,0,1,0,1,800000,3,88,14,1,0,3,2925000
17100,19500.0,45398.296593,7300,22000.0,9800,0.0,0,0,0,0,0,5,0,0,7300,3,49,13,2,2,1,7300
17105,16370.0,19456.412826,16370,0.0,0,0.0,0,0,0,0,0,2,0,1,16370,2,19,9,2,0,1,16370
17110,240.0,18375.501002,240,0.0,0,0.0,0,0,0,0,0,5,0,1,240,2,76,9,2,0,3,240
17115,4124330.0,141815.63126,3299330,861000.0,36000,2911000.0,2250000,1,0,228000,0,4,0,1,70330,3,75,13,1,0,2,3527330
17120,1239800.0,179431.36273,410400,829400.0,0,247550.0,183000,1,0,91000,0,4,1,0,36400,2,55,9,1,1,1,501400
17125,749640.0,61611.973948,391000,359000.0,360,239500.0,0,1,0,279000,0,3,0,1,12000,3,68,12,2,0,3,670000
17130,201.0,20537.324649,1,6300.0,6100,0.0,0,0,0,0,0,1,1,0,1,1,31,8,1,4,4,1
17135,8218210.0,342649.0481,7061210,1281000.0,124000,5429300.0,309000,1,0,6204300,0,3,0,1,381910,3,61,14,1,2,1,13265510
17140,37566000.0,6258479.4589,27166000,10400000.0,0,22264000.0,1710000,1,1510000,3350000,0,5,0,1,1171000,3,63,13,1,0,1,30516000
17145,300.0,8539.2034068,300,0.0,0,0.0,0,0,0,0,0,2,0,0,300,1,28,7,2,1,4,300
17150,107960.0,81068.386774,107960,0.0,0,15750.0,750,0,0,60000,0,4,0,1,26010,3,27,12,2,0,2,167960
17155,58540.0,73502.004008,28000,32700.0,2160,12000.0,200,0,0,11800,0,5,0,0,16000,1,32,8,1,2,1,39800
17160,1097000.0,99443.887776,133000,1003000.0,39000,125000.0,0,1,0,125000,0,4,0,1,8000,2,68,12,1,0,3,258000
17165,289800.0,62692.885772,51800,527000.0,289000,300.0,0,1,0,50000,0,1,0,0,1500,3,33,9,1,0,1,101800
17170,762900.0,126466.68337,15000,748700.0,800,0.0,0,1,261000,0,0,4,0,0,15000,1,81,8,1,0,3,15000
17175,236400.0,33508.266533,49800,286600.0,100000,1800.0,1800,1,0,0,0,5,0,1,35000,2,89,8,1,0,3,49800
17180,215900.0,54045.591182,40300,248900.0,73300,20000.0,0,1,0,40000,0,3,0,0,300,3,48,3,1,3,1,80300
17185,-71280.0,36751.002004,5320,8800.0,85400,1750.0,0,0,0,3500,0,5,0,0,1570,2,56,13,2,0,1,8820
17190,-201510.0,33508.266533,16690,7000.0,225200,832.0,0,0,0,2080,0,4,0,0,2610,3,29,13,2,0,1,18770
17195,182345300.0,13543825.15,132698300,54237000.0,4590000,51866000.0,0,1,9090000,2710000,0,2,0,1,158300,3,58,14,1,1,1,135408300
17200,500000.0,41074.649299,0,500000.0,0,0.0,0,1,0,0,0,2,0,0,0,2,64,1,1,1,3,0
17205,939000.0,119981.21242,500400,438600.0,0,101000.0,0,1,0,220000,0,2,0,1,32400,3,76,10,1,0,3,720400
17210,570246800.0,0.0,42982000,527283800.0,19000,32800000.0,22170000,1,505160000,630000,1,1,0,1,172000,3,57,13,1,0,2,43612000
17215,36260.0,63773.797595,25100,12480.0,1320,0.0,0,0,0,0,0,3,0,1,25100,3,23,11,1,0,1,25100
17220,12579000.0,0.0,1263000,11316000.0,0,250000.0,0,1,8990000,400000,0,4,0,1,45000,2,64,8,1,0,2,1663000
17225,879400.0,45398.296593,865400,14000.0,0,0.0,0,0,0,250000,0,4,0,0,12400,3,64,13,2,1,1,1115400
17230,121000.0,121062.12425,79100,47300.0,5400,0.0,0,0,0,0,1,5,0,0,79100,2,35,8,2,7,1,79100
17235,2096900.0,250771.54309,1480400,757100.0,140600,550250.0,0,1,0,463000,0,3,0,0,14400,1,61,8,1,0,1,1943400
17240,8200.0,27022.795591,900,7300.0,0,0.0,0,0,0,0,0,2,0,0,900,2,27,6,1,1,4,900
17245,65600.0,68097.44489,10100,320500.0,265000,10000.0,0,1,50000,10000,0,1,0,0,100,2,39,10,1,3,1,20100
17250,5000.0,39993.737475,5000,0.0,0,0.0,0,0,0,0,0,4,0,0,5000,2,62,8,1,1,1,5000
17255,36010.0,105929.35872,7110,30000.0,1100,4100.0,4100,0,0,0,0,5,0,1,3010,3,50,8,2,1,1,7110
17260,343800.0,121062.12425,235000,326800.0,218000,27400.0,7000,1,0,52000,0,4,0,1,163500,1,39,8,1,0,1,287000
17265,10621000.0,384804.60922,6085000,5279000.0,743000,2933500.0,0,1,0,1310000,0,3,0,1,274000,3,67,14,1,0,1,7395000
17270,1000.0,35670.09018,1000,0.0,0,0.0,0,0,0,0,0,5,0,0,0,2,38,1,1,3,1,1000
17275,131508000.0,163217.68537,3062000,129403000.0,957000,1904000.0,225000,1,126640000,1114000,1,5,0,0,1515000,2,72,12,1,1,2,4176000
17280,272101.0,112414.82966,401,272400.0,700,0.0,0,1,0,0,0,2,0,0,401,3,75,12,1,0,1,401
17285,197300.0,54045.591182,6900,249700.0,59300,0.0,0,1,9700,0,0,4,1,0,6900,2,55,12,1,0,3,6900
17290,155700.0,27022.795591,300,350000.0,194600,0.0,0,1,0,0,0,3,1,0,300,2,60,2,1,4,1,300
17295,50263000.0,3134644.2886,9004000,42959000.0,1700000,7100000.0,4580000,1,35360000,520000,0,5,0,1,1904000,1,73,13,1,0,3,9524000
17300,403400.0,118900.3006,151900,335000.0,83500,112500.0,0,1,0,150000,0,5,0,1,1900,3,63,8,1,0,1,301900
17305,629850.0,421555.61122,187500,877000.0,434650,148000.0,35000,1,0,118000,0,2,0,1,34500,3,40,13,1,3,1,305500
17310,10000.0,59450.150301,0,10000.0,0,0.0,0,0,0,0,0,5,0,0,0,0,26,4,1,4,1,0
17315,39909200.0,15402993.487,5811200,34098000.0,0,2810000.0,2810000,1,29978000,0,0,5,1,0,3001200,3,52,13,1,2,2,5811200
17320,2997400.0,315626.25251,1813400,1184000.0,0,776000.0,225000,1,0,800000,0,3,0,1,288000,3,74,14,1,0,3,2613400
17325,10000.0,55126.503006,10000,0.0,0,0.0,0,0,0,0,0,5,0,0,10000,1,70,1,1,0,3,10000
17330,531800.0,152408.56713,103800,708000.0,280000,1200.0,0,1,0,1200,0,5,0,1,101600,3,41,11,1,4,4,105000
17335,1749300.0,252933.36673,109000,2229000.0,588700,20000.0,0,1,1080000,20000,0,4,0,0,89000,2,37,12,1,2,1,129000
17340,20340.0,74582.915832,20540,150000.0,150200,5960.0,0,1,0,17100,0,4,0,0,3440,3,39,13,2,0,1,37640
17345,552000.0,110123.29659,371000,231000.0,50000,0.0,0,1,0,315000,0,5,0,1,56000,3,75,12,1,0,3,686000
17350,211000.0,199968.68737,9900,304000.0,102900,2100.0,0,1,0,3000,0,2,1,0,6900,2,52,8,1,2,1,12900
17355,239740.0,15132.765531,0,240000.0,260,0.0,0,1,0,0,0,5,0,0,0,3,83,-1,2,1,3,0
17360,880.0,37831.913828,1290,0.0,410,200.0,0,0,0,1000,0,5,0,0,290,1,22,11,2,0,1,2290
17365,604950.0,29184.619238,149950,455000.0,0,26150.0,1800,1,10000,19000,0,5,0,0,73200,2,66,12,2,0,2,168950
17370,536300.0,49721.943888,231800,308000.0,3500,142000.0,30000,1,100000,80000,0,2,0,0,57800,3,55,8,2,0,2,311800
17375,240240000.0,9198559.6192,141494000,100336000.0,1590000,128320000.0,94720000,1,97480000,471000,0,4,0,1,1813000,3,44,12,2,0,2,141965000
17380,636800.0,20537.324649,21000,700000.0,84200,0.0,0,1,0,0,0,2,0,0,21000,3,88,9,2,1,3,21000
17385,190900.0,18375.501002,1000,209900.0,20000,0.0,0,1,0,0,0,5,0,0,0,2,67,5,2,0,3,1000
17390,18160.0,46479.208417,60,33100.0,15000,0.0,0,0,0,0,0,5,0,0,60,0,57,8,1,2,1,60
17395,33931000.0,1578131.2625,365000,34611000.0,1045000,0.0,0,1,32500000,0,0,5,0,1,15000,1,66,8,1,0,2,365000
17400,103551.0,23780.06012,33801,74400.0,4650,0.0,0,1,0,0,1,3,0,0,1801,1,79,9,1,0,3,33801
17405,102010.0,34589.178357,112010,0.0,10000,53000.0,0,0,0,106000,0,4,0,0,6010,2,47,8,2,0,1,218010
17410,1378752000.0,249139366.23,351238000,1151404000.0,123890000,7327000.0,2110000,0,859520000,4206000,0,2,0,1,8262000,3,64,12,1,0,2,355444000
17415,5030000.0,410746.49299,4210000,1078000.0,258000,4150000.0,2000000,1,0,2150000,0,2,0,1,60000,2,59,10,1,1,1,6360000
17420,84941.0,70259.268537,1041,292900.0,209000,0.0,0,1,0,0,0,4,0,0,1041,3,31,10,1,4,1,1041
17425,58083660.0,34950202.906,15876460,42207200.0,0,7064900.0,4750000,1,1139000,2538000,0,5,0,1,4153060,3,70,14,1,0,2,18414460
17430,-13780.0,24860.971944,1120,0.0,14900,0.0,0,0,0,0,0,4,0,0,1120,1,42,5,2,4,1,1120
17435,720.0,15132.765531,720,0.0,0,0.0,0,0,0,0,0,4,0,0,720,3,25,7,1,0,1,720
17440,20855000.0,468034.81964,10187000,11612000.0,944000,5158600.0,1240000,1,6828000,2246000,0,2,0,1,275000,3,57,13,1,1,3,12433000
17445,247100.0,29184.619238,1100,393000.0,147000,0.0,0,1,0,0,0,2,0,0,1100,2,62,9,2,1,2,1100
17450,71620.0,14051.853707,120,81000.0,9500,0.0,0,1,0,0,0,4,0,0,120,2,85,9,2,0,3,120
17455,590500.0,451821.14228,203900,600000.0,213400,98900.0,20000,0,0,127300,0,2,0,0,56000,3,34,14,1,2,1,331200
17460,124268100.0,3210308.1162,70319400,53948700.0,0,62330000.0,62330000,1,37490000,0,0,4,0,1,2679400,3,61,13,1,0,2,70319400
17465,2898500.0,177269.53908,2274500,624000.0,0,518000.0,438000,1,0,406500,0,5,0,1,530000,3,68,14,2,0,1,2681000
17470,164980.0,49721.943888,66080,158900.0,60000,18064.0,0,1,0,45000,0,1,0,0,21080,2,23,8,2,0,1,111080
17475,-49200.0,123223.9479,15700,59000.0,123900,2000.0,0,0,0,10000,0,4,0,0,5700,1,35,13,1,0,1,25700
17480,969000.0,94039.328657,380000,589000.0,0,160500.0,65000,1,0,191000,0,2,0,1,124000,3,75,9,1,0,3,571000
17485,3433000.0,326435.37074,1316000,2117000.0,0,465400.0,0,1,1551000,776000,0,5,0,1,500000,3,49,13,1,2,1,2092000
17490,3608570.0,539375.0,1616570,2332000.0,340000,1154000.0,0,1,932000,1487000,0,3,0,0,129570,3,54,9,1,1,2,3103570
17495,-40080.0,70259.268537,31820,363700.0,435600,11710.0,10,1,0,7550,0,4,0,1,18760,3,59,8,1,4,4,39370
17500,23420000.0,1815931.8637,4544000,21100000.0,2224000,3405000.0,0,1,15460000,30000,1,2,0,1,14000,2,48,12,1,2,2,4574000
17505,283400.0,183755.01002,136000,601000.0,453600,98200.0,1200,1,0,129000,0,4,0,1,5800,2,43,12,1,0,1,265000
17510,-5420.0,10376.753507,6940,0.0,12360,0.0,0,0,0,0,0,5,0,0,940,2,64,10,2,0,3,6940
17515,1348100.0,216182.36473,867000,520100.0,39000,270000.0,0,1,0,700000,0,2,0,1,167000,3,57,12,1,1,1,1567000
17520,415820.0,27022.795591,1400,417200.0,2780,0.0,0,1,0,0,0,2,1,0,1400,1,48,8,1,0,1,1400
17525,1255400.0,163217.68537,722700,532700.0,0,30000.0,12000,1,0,96000,0,3,0,0,384700,3,71,12,1,1,3,818700
17530,8170.0,42155.561122,180,16000.0,8010,0.0,0,0,0,0,1,5,1,0,180,2,37,7,2,2,1,180
17535,183266000.0,3396224.9499,20959000,162307000.0,0,11551600.0,0,1,142045000,2572000,0,5,0,1,387000,3,75,12,1,0,3,23531000
17540,27000.0,61611.973948,7000,20000.0,0,0.0,0,0,0,0,0,5,0,1,7000,2,71,7,2,0,3,7000
17545,3854550.0,322111.72345,3024550,1003000.0,173000,2803000.0,425000,1,0,1808000,0,4,0,1,371550,3,53,13,1,1,1,4832550
17550,1581500.0,139437.62525,644000,1129500.0,192000,149450.0,89000,1,410000,365000,0,5,0,1,175000,2,65,9,1,1,3,1009000
17555,87400.0,109172.09419,60300,48100.0,21000,7300.0,0,0,0,25300,0,3,0,1,35000,3,43,9,1,2,1,85600
17560,342810.0,147004.00802,324120,28300.0,9610,450.0,450,0,0,0,0,5,0,0,136670,2,33,8,1,3,1,324120
17565,-110350.0,16213.677355,240,0.0,110590,0.0,0,0,0,0,0,5,0,0,240,1,65,13,2,0,3,240
17570,1082300.0,149165.83166,898000,384300.0,200000,807350.0,0,1,0,506000,0,4,0,1,17000,3,49,13,2,0,1,1404000
17575,8850.0,85392.034068,2400,8300.0,1850,0.0,0,0,0,0,0,5,1,0,2400,2,37,7,1,2,1,2400
17580,1001300.0,949040.58116,459600,827700.0,286000,210650.0,0,1,0,65000,0,4,0,0,134600,3,55,13,1,2,4,524600
17585,12832780.0,195645.04008,9427780,5975000.0,2570000,2000000.0,2000000,1,2335000,651000,0,4,0,0,154780,3,68,9,1,0,3,10078780
17590,908555.0,83230.210421,637555,291000.0,20000,210200.0,25000,1,0,411000,0,4,0,0,76555,3,53,12,2,0,4,1048555
17595,813300.0,162136.77355,494000,497000.0,177700,419500.0,10000,1,0,110000,0,4,0,0,20000,3,62,12,1,0,1,604000
17600,532400.0,42155.561122,533000,0.0,600,525000.0,525000,0,0,0,0,4,0,0,8000,2,65,12,2,0,2,533000
17605,5010000.0,416151.0521,3818000,2559000.0,1367000,1975000.0,200000,1,0,2650000,0,4,0,1,915000,3,66,12,1,0,3,6468000
17610,3795000.0,1232239.479,1871000,2465000.0,541000,1003900.0,188000,1,1700000,477000,0,4,0,1,303500,3,35,14,1,2,2,2348000
17615,1693000.0,304817.13427,826000,867000.0,0,507000.0,55000,1,0,767000,0,3,0,1,4000,3,78,9,1,0,3,1593000
17620,2316000.0,321030.81162,1607000,1158000.0,449000,777000.0,0,1,0,750000,0,3,0,0,227000,3,54,13,1,2,1,2357000
17625,8164450.0,876619.48898,2766000,5623450.0,225000,1881000.0,0,1,3500000,600000,0,1,0,1,966000,3,51,12,2,2,2,3366000
17630,2608100.0,135113.97796,1631100,1029000.0,52000,1398000.0,0,1,800000,1238500,0,2,0,1,27600,3,78,14,1,0,2,2869600
17635,162840.0,24860.971944,22840,140000.0,0,2200.0,0,1,0,22000,0,2,0,1,840,2,69,3,2,0,3,44840
17640,257548770.0,2777943.3868,8182470,252573000.0,3206700,5717000.0,5350000,1,185002000,367000,0,1,0,1,2081470,3,66,11,1,1,3,8549470
17645,3800.0,48641.032064,3800,16000.0,16000,100.0,0,0,0,2000,0,5,1,0,1800,0,29,12,2,1,1,5800
17650,100.0,20537.324649,100,0.0,0,0.0,0,0,0,0,0,3,0,0,100,1,24,12,2,0,3,100
17655,4025100.0,1070102.7054,3000100,1484000.0,459000,2635000.0,2330000,1,0,630000,0,5,0,1,40000,3,64,12,1,0,1,3630100
17660,1024950.0,356700.9018,996050,29000.0,100,355650.0,355000,0,0,650,0,4,0,1,640400,3,31,14,1,0,1,996700
17665,896600.0,41074.649299,2500,1088100.0,194000,0.0,0,1,0,0,0,5,0,0,2500,2,54,3,1,3,3,2500
17670,60.0,25941.883768,60,0.0,0,0.0,0,0,0,0,0,1,0,0,60,3,33,6,2,2,1,60
17675,91358670.0,2434213.4269,60324770,41797000.0,10763100,55956000.0,27020000,1,34669000,932000,0,3,0,1,372770,3,74,13,1,1,2,61256770
17680,14020.0,42155.561122,20,79000.0,65000,0.0,0,0,0,0,0,3,0,0,20,2,71,9,1,1,1,20
17685,224000.0,150246.74349,144000,300000.0,220000,20000.0,0,1,0,20000,0,4,0,0,8000,1,39,8,2,0,1,164000
17690,1394300.0,513433.11623,434000,962600.0,2300,413000.0,100000,1,0,213000,0,5,0,0,21000,3,41,8,1,3,1,647000
17695,3701000.0,775013.77756,2795000,1056000.0,150000,1800000.0,300000,1,516000,800000,0,4,0,1,15000,3,62,12,1,0,1,3595000
17700,2511000.0,232396.04208,1880000,1938000.0,1307000,1160000.0,1000000,1,0,320000,0,2,0,1,60000,3,38,13,1,2,1,2200000
17705,73000.0,155651.30261,61000,12000.0,0,15000.0,0,0,0,50000,0,3,0,0,11000,3,36,13,1,1,1,111000
17710,18982500.0,3448108.7174,8079000,10903500.0,0,1790000.0,0,1,9250000,1685000,0,4,0,1,695000,3,48,14,1,1,2,9764000
17715,230.0,14051.853707,230,0.0,0,0.0,0,0,0,0,0,4,0,0,230,3,57,5,2,0,3,230
17720,5429000.0,685298.09619,1932000,4285000.0,788000,1405500.0,275000,1,1800000,780000,0,2,0,0,347000,3,51,12,1,1,2,2712000
17725,280600.0,108091.18236,24000,453300.0,196700,0.0,0,1,25000,0,0,2,0,1,24000,2,53,8,1,1,2,24000
17730,1441200.0,87553.857715,524000,917200.0,0,316200.0,68000,1,0,340000,0,3,0,1,116000,3,76,13,1,0,3,864000
17735,312900.0,60531.062124,8000,458200.0,153300,0.0,0,1,0,0,0,2,0,0,8000,3,58,10,2,0,1,8000
17740,2412000.0,125385.77154,1775000,1365000.0,728000,1147500.0,900000,1,47000,475000,0,5,0,0,57000,3,68,12,1,0,3,2250000
17745,883300.0,125385.77154,152100,905600.0,174400,35000.0,0,1,0,52000,0,5,1,0,51100,2,54,13,2,0,1,204100
17750,139400.0,39993.737475,8200,214000.0,82800,0.0,0,1,0,0,0,4,0,0,8200,2,62,10,2,1,3,8200
17755,689756130.0,71340.180361,164929000,524827130.0,0,133820000.0,132790000,0,509090000,2060000,1,5,0,1,30019000,3,77,12,1,0,2,166989000
17760,1921000.0,341568.13627,1077000,1056000.0,212000,833000.0,830000,1,0,3000,0,2,0,1,159000,3,63,12,1,1,1,1080000
17765,775000.0,386966.43287,409000,541000.0,175000,291000.0,1000,1,0,305000,0,5,0,0,103000,3,38,12,1,3,1,714000
17770,1942700.0,316707.16433,1043000,1245700.0,346000,608000.0,0,1,0,923000,0,4,0,1,120000,3,78,12,1,0,3,1966000
17775,7790.0,28103.707415,90,7700.0,0,0.0,0,0,0,0,0,4,0,0,90,1,65,8,2,2,3,90
17780,177800.0,29184.619238,20800,160000.0,3000,0.0,0,1,0,0,0,2,0,1,2800,1,45,11,2,2,1,20800
17785,920000.0,172945.89178,271000,709000.0,60000,125000.0,0,1,0,139000,0,2,0,1,84000,2,61,10,1,0,1,410000
17790,-3000.0,59450.150301,2000,0.0,5000,0.0,0,0,0,0,1,2,0,0,2000,2,47,2,1,3,1,2000
17795,1599800.0,444254.75952,949800,800000.0,150000,171000.0,93000,1,0,55000,0,2,0,1,593000,3,66,9,2,1,1,1004800
17800,10660010.0,1491658.3166,4606100,7471500.0,1417590,2924000.0,1610000,1,4450000,1249000,0,4,0,1,91100,3,65,12,1,0,3,5855100
17805,979400.0,21618.236473,634400,345000.0,0,120800.0,0,1,0,604000,0,5,0,1,30400,3,76,8,1,0,3,1238400
17810,0.0,15132.765531,0,0.0,0,0.0,0,0,0,0,0,4,0,0,0,1,40,9,2,0,3,0
17815,-26900.0,33508.266533,18000,23000.0,67900,0.0,0,0,0,0,0,5,0,0,17000,2,56,11,2,1,1,18000
17820,158050.0,62692.885772,16650,142000.0,600,1100.0,0,1,1500,11000,1,4,0,0,5650,2,39,8,1,0,1,27650
17825,14450.0,32427.354709,1450,13000.0,0,0.0,0,0,0,0,0,1,0,0,1450,2,26,6,2,4,1,1450
17830,-229.0,16213.677355,1,0.0,230,0.0,0,0,0,0,0,5,1,0,1,2,68,8,2,1,3,1
17835,5847900.0,101605.71142,230600,6530000.0,912700,0.0,0,1,3730000,0,0,4,0,1,18600,3,47,8,1,6,2,230600
17840,12750.0,23780.06012,6750,17000.0,11000,0.0,0,0,0,5000,0,2,0,0,1750,1,36,8,2,1,2,11750
17845,145790.0,59450.150301,12500,134000.0,710,0.0,0,1,0,0,0,5,0,0,12500,3,26,9,1,1,1,12500
17850,374100.0,60531.062124,9500,551600.0,187000,6800.0,2000,1,228000,4800,0,5,0,0,2700,2,36,8,1,2,2,14300
17855,1229800.0,41074.649299,770000,459800.0,0,0.0,0,1,0,0,0,5,0,1,630000,2,85,9,1,1,3,770000
17860,292000.0,315626.25251,309000,0.0,17000,0.0,0,0,0,300000,0,5,0,1,9000,2,71,14,1,0,1,609000
17865,19770.0,20537.324649,3070,29000.0,12300,0.0,0,0,0,2200,0,2,0,0,870,2,46,8,1,3,1,5270
17870,69784900.0,9609306.1122,24954900,51860000.0,7030000,18477500.0,5260000,1,26290000,4282000,0,3,0,1,608900,3,59,14,1,3,2,29236900
17875,790700.0,272389.77956,416000,675000.0,300300,331875.0,5000,1,0,330000,0,5,0,1,71000,3,41,12,1,4,1,746000
17880,636700.0,114576.65331,76500,565200.0,5000,0.0,0,1,0,0,0,5,0,1,76500,3,61,12,2,0,2,76500
17885,2827000.0,573964.17836,1766000,1291000.0,230000,376000.0,276000,1,300000,1000000,0,2,0,0,490000,3,51,12,1,1,4,2766000
17890,1591900.0,324273.54709,819000,799900.0,27000,601600.0,0,1,0,604000,0,1,0,0,215000,0,58,12,1,2,1,1423000
17895,681000.0,89715.681363,541000,140000.0,0,500000.0,0,1,0,500000,0,5,0,1,41000,2,87,10,2,0,3,1041000
17900,46800.0,56207.41483,3300,66200.0,22700,0.0,0,1,0,0,0,2,0,0,3300,2,79,3,2,2,2,3300
17905,3461880.0,157813.12625,221880,3240000.0,0,57350.0,9000,0,3215000,124000,1,2,0,1,88880,0,62,14,1,0,2,345880
17910,526780.0,125385.77154,12360,801620.0,287200,1000.0,1000,1,0,0,0,1,0,0,11200,3,52,8,1,3,2,12360
17915,127000.0,113495.74148,10000,117600.0,600,0.0,0,1,0,0,0,2,0,0,10000,3,39,12,1,1,1,10000
17920,4817000.0,572883.26653,3765000,1052000.0,0,2410000.0,1160000,1,0,1500000,0,5,0,1,5000,3,67,14,2,0,1,5265000
17925,2153400.0,62692.885772,1745000,408400.0,0,856000.0,0,1,0,200000,0,4,0,1,28000,3,63,9,2,0,3,1945000
17930,21684700.0,1664604.2084,12462000,9902000.0,679300,11180000.0,5000000,1,7700000,2000000,0,3,0,1,962000,3,68,14,2,0,2,14462000
17935,483900.0,62692.885772,269500,724800.0,510400,19000.0,14000,1,0,5000,0,5,1,0,500,3,36,12,2,0,2,274500
17940,65161250.0,2320717.6854,58661250,6700000.0,200000,47541000.0,30000000,1,600000,6055000,0,2,0,1,186250,3,69,14,1,1,2,64716250
17945,697840.0,156732.21443,538000,410000.0,250160,415700.0,500,1,0,458000,0,1,0,0,76100,3,55,12,2,1,1,996000
17950,934383940.0,52575551.102,29871940,904512000.0,0,28730000.0,28730000,1,876950000,0,0,4,0,1,541940,3,70,12,1,0,2,29871940
17955,677190.0,124304.85972,147190,540000.0,10000,39120.0,0,1,0,138900,0,4,1,0,2290,2,35,13,2,2,1,286090
17960,15978700.0,486410.32064,10533700,6122000.0,677000,5726500.0,0,1,3650000,1393000,0,3,1,1,238400,3,52,14,1,2,2,11926700
17965,97760.0,43236.472946,20560,88200.0,11000,560.0,560,0,36100,0,0,5,1,0,20000,1,50,5,1,0,2,20560
17970,2949200.0,423717.43487,2009200,1227000.0,287000,804750.0,0,1,0,1910000,0,5,0,0,19200,3,59,12,1,0,1,3919200
17975,24040.0,119981.21242,19200,52000.0,47160,0.0,0,0,0,300,0,5,0,1,18900,2,34,8,1,1,1,19500
17980,524570.0,97282.064128,282500,259100.0,17030,98700.0,0,1,0,282000,0,4,0,1,500,3,67,9,1,0,3,564500
17985,19768000.0,2626615.7315,17510000,2258000.0,0,13025000.0,5000000,1,0,1900000,0,4,0,1,1200000,1,58,12,1,0,1,19410000
17990,136625.0,59450.150301,505,293640.0,157520,0.0,0,1,0,0,1,2,1,0,505,2,56,8,1,5,1,505
17995,2900.0,37831.913828,8000,0.0,5100,0.0,0,0,0,0,1,2,0,0,3000,3,35,9,2,1,1,8000
18000,827500.0,121062.12425,555500,447000.0,175000,129475.0,0,1,0,412000,0,4,0,1,143500,3,38,12,1,3,1,967500
18005,11630.0,37831.913828,630,20700.0,9700,0.0,0,0,0,0,0,1,0,1,630,2,60,10,1,2,1,630
18010,24570.0,70259.268537,4000,152850.0,132280,675.0,150,1,0,1500,0,4,0,1,2350,3,26,12,1,0,1,5500
18015,119600.0,122143.03607,7700,531000.0,419100,0.0,0,1,0,6000,0,2,1,0,1700,3,42,12,1,2,1,13700
18020,146710.0,64854.709419,8510,141700.0,3500,0.0,0,1,0,0,0,5,1,0,8510,3,58,8,1,0,1,8510
18025,31272000.0,2356387.7756,23715000,9392000.0,1835000,8311250.0,100000,1,350000,3175000,0,2,0,1,340000,3,63,12,1,0,2,26890000
18030,800.0,48641.032064,6300,27000.0,32500,0.0,0,0,0,0,0,4,0,1,6300,2,22,12,2,0,1,6300
18035,2375100.0,308059.86974,1059010,1778000.0,461910,324500.0,50000,0,367000,540000,1,4,0,1,69010,3,33,13,1,0,1,1599010
18040,1165000.0,249690.63126,387000,803000.0,25000,295000.0,95000,1,0,200000,0,2,0,1,92000,3,65,12,1,1,3,587000
18045,950.0,20537.324649,950,0.0,0,0.0,0,0,0,0,0,5,0,0,900,0,55,12,2,0,3,950
18050,694000.0,46479.208417,253000,441000.0,0,0.0,0,1,15000,0,0,4,0,0,253000,3,68,9,1,0,2,253000
18055,800000.0,201049.5992,422000,502000.0,124000,320500.0,100000,1,0,250000,0,5,0,0,39000,2,47,8,1,3,1,672000
18060,28230.0,54045.591182,3330,27200.0,2300,0.0,0,1,0,0,0,4,0,1,3330,3,56,8,1,0,3,3330
18065,199600.0,64854.709419,114000,99000.0,13400,29000.0,0,1,0,0,0,4,0,1,15000,2,75,8,1,0,3,114000
18070,519700.0,41074.649299,19700,700000.0,200000,0.0,0,1,0,0,0,3,0,0,19700,3,80,12,2,0,3,19700
18075,670400.0,119981.21242,378000,309000.0,16600,115000.0,0,1,0,250000,0,4,0,1,82000,1,71,8,1,0,1,628000
18080,6171.0,34589.178357,51,10000.0,3880,0.0,0,0,0,0,0,5,0,0,51,2,52,8,2,0,1,51
18085,790.0,68097.44489,470,21000.0,20680,0.0,0,0,0,0,1,2,1,0,470,1,49,12,1,1,1,470
18090,-8000.0,99443.887776,25000,368000.0,401000,11000.0,0,1,0,22000,0,5,0,0,3000,0,42,6,1,2,1,47000
18095,480.0,10809.118236,480,0.0,0,0.0,0,0,0,0,0,2,0,0,480,2,64,8,2,0,3,480
18100,-9900.0,28103.707415,0,0.0,9900,0.0,0,0,0,0,0,4,0,0,0,1,29,3,2,2,1,0
18105,249230.0,72421.092184,12400,256800.0,19970,0.0,0,1,0,0,0,1,0,1,2400,2,76,9,1,0,1,12400
18110,-118599.0,10809.118236,1,0.0,118600,0.0,0,0,0,0,0,5,1,0,1,2,56,12,2,0,3,1
18115,457000.0,183755.01002,92000,625000.0,260000,70250.0,0,1,0,67000,0,4,0,1,15000,2,42,12,1,3,1,159000
18120,77591.0,31346.442886,4291,170000.0,96700,0.0,0,1,0,0,0,4,0,0,4291,3,77,8,2,1,2,4291
18125,60341500.0,1313307.8657,31675000,28784500.0,118000,11200000.0,6000000,1,16000000,400000,0,5,0,0,540000,3,78,12,1,0,2,32075000
18130,65500.0,49721.943888,21500,131000.0,87000,4000.0,4000,1,0,0,0,2,1,1,17500,3,74,8,2,0,2,21500
18135,24475900.0,2161823.6473,3098200,21477700.0,100000,1656400.0,0,1,17269000,2600000,0,2,0,1,451200,3,49,14,1,2,2,5698200
18140,4900.0,110253.00601,9900,30000.0,35000,8700.0,0,0,0,8700,0,5,1,0,1200,3,48,10,2,1,1,18600
18145,2168100.0,157813.12625,771000,1556000.0,158900,607500.0,0,1,0,675000,0,4,0,1,90000,2,72,12,1,0,2,1446000
18150,259400.0,91877.50501,255400,14000.0,10000,239000.0,0,0,0,239000,0,1,0,1,11400,2,54,12,1,2,1,494400
18155,41498220.0,523161.32265,1695220,42971000.0,3168000,1171000.0,0,1,36590000,1222000,0,2,0,1,161220,3,46,13,1,2,2,2917220
18160,-89830.0,45398.296593,60,55000.0,144890,0.0,0,0,0,0,0,4,1,0,60,2,27,13,2,0,1,60
18165,469400.0,109172.09419,422900,51000.0,4500,84200.0,0,0,0,421000,0,5,1,0,1900,2,65,11,1,0,3,843900
18170,-10328.0,43236.472946,72,102800.0,113200,0.0,0,1,0,0,0,2,0,0,72,2,37,9,2,3,1,72
18175,16000.0,97282.064128,1600,271300.0,256900,0.0,0,1,0,0,1,1,0,0,1600,2,35,9,1,2,1,1600
18180,162410.0,58369.238477,11210,154000.0,2800,0.0,0,1,0,0,0,4,0,1,1210,2,78,8,2,2,3,11210
18185,2200.0,54045.591182,2200,0.0,0,0.0,0,0,0,0,0,5,0,0,2200,2,46,8,2,0,1,2200
18190,154400.0,188078.65731,2400,617000.0,465000,0.0,0,1,0,0,0,5,0,1,2400,2,53,13,1,0,1,2400
18195,518300.0,23780.06012,3200,515100.0,0,0.0,0,1,0,0,0,3,0,0,0,2,60,9,1,0,3,3200
18200,119600.0,119981.21242,16300,588300.0,485000,0.0,0,1,0,0,0,5,0,1,16300,3,54,12,1,1,1,16300
18205,-58180.0,28103.707415,220,0.0,58400,0.0,0,0,0,0,0,4,0,0,220,2,57,11,2,0,3,220
18210,-5905.0,91877.50501,45,3000.0,8950,0.0,0,0,3000,0,0,2,1,0,45,1,30,10,1,2,1,45
18215,1210.0,7566.3827655,2110,6100.0,7000,102.0,0,0,0,510,0,2,0,0,1600,3,24,9,2,0,1,2620
18220,377500.0,98362.975952,49600,329900.0,2000,0.0,0,1,0,0,0,4,0,1,2500,1,67,1,1,0,3,49600
18225,7991000.0,352377.25451,3637000,4939000.0,585000,541000.0,0,1,2705000,0,0,2,0,1,774000,3,73,13,1,0,2,3637000
18230,-154600.0,25941.883768,18400,30000.0,203000,0.0,0,0,0,0,0,4,0,0,18400,3,23,12,2,0,4,18400
18235,11651000.0,1134957.4148,1593000,10568000.0,510000,756250.0,250000,1,8480000,675000,0,2,0,1,300000,3,64,8,1,0,2,2268000
18240,340.0,33508.266533,340,0.0,0,0.0,0,0,0,0,0,2,0,0,340,2,57,6,2,1,1,340
18245,3323000.0,177269.53908,227000,3096000.0,0,0.0,0,1,2310000,113000,0,5,0,1,89000,2,66,5,1,0,2,340000
18250,97300.0,54045.591182,7500,303800.0,214000,7000.0,2500,1,0,4500,0,2,1,0,500,3,40,8,1,2,1,12000
18255,977700.0,286441.63327,462700,1123000.0,608000,360000.0,0,1,0,450000,0,5,0,0,12700,3,50,8,1,2,4,912700
18260,1909900.0,247528.80762,1545100,570400.0,205600,663700.0,0,1,0,1199000,0,4,0,1,146000,3,56,13,1,3,1,2744100
18265,2066000.0,221586.92385,424000,1842000.0,200000,190000.0,190000,1,0,150000,0,5,0,1,44000,3,78,12,2,0,2,574000
18270,0.0,17294.589178,0,0.0,0,0.0,0,0,0,0,0,5,0,0,0,1,42,9,2,0,1,0
18275,8876000.0,486410.32064,5635000,3241000.0,0,4816000.0,3500000,1,1300000,110000,0,2,0,1,665000,2,60,12,1,0,2,5745000
18280,309000.0,36751.002004,30400,279700.0,1100,0.0,0,1,0,0,0,4,0,1,30400,2,73,9,1,1,3,30400
18285,12600.0,16213.677355,12600,0.0,0,0.0,0,0,0,0,0,4,0,0,12600,1,49,12,2,0,1,12600
18290,360926000.0,25617610.22,136260000,224666000.0,0,136040000.0,135290000,1,141340000,750000,1,1,0,1,220000,3,57,13,2,0,2,137010000
18295,663500.0,86472.945892,10200,795220.0,141920,0.0,0,1,340320,0,0,2,0,0,5200,2,41,3,1,6,2,10200
18300,170280.0,34589.178357,127280,81000.0,38000,21750.0,0,1,0,113000,0,4,1,0,3980,2,57,8,2,0,1,240280
18305,2645800.0,296169.83968,1945800,700000.0,0,598950.0,210000,1,0,1134800,0,2,0,1,543000,3,70,12,1,0,3,3080600
18310,16300.0,27022.795591,700,16100.0,500,0.0,0,0,0,0,0,4,0,0,700,2,80,5,1,0,3,700
18315,247500.0,75663.827655,45500,296700.0,94700,37000.0,22000,1,54000,0,0,4,0,1,8500,3,31,13,1,0,2,45500
18320,87195000.0,1588940.3808,1760000,85435000.0,0,660000.0,0,1,81000000,650000,1,2,0,0,1100000,3,49,12,1,1,2,2410000
18325,602100.0,205373.24649,238100,700000.0,336000,231700.0,1700,1,0,200000,0,4,0,1,6400,3,34,9,1,1,1,438100
18330,418410.0,114576.65331,284100,733000.0,598690,2300.0,0,1,400000,23000,0,4,0,0,11100,3,42,14,1,2,2,307100
18335,167500.0,147004.00802,18000,195000.0,45500,0.0,0,0,80000,0,0,5,0,0,18000,2,55,8,1,1,2,18000
18340,167270.0,34589.178357,12030,191000.0,35760,0.0,0,1,0,0,0,5,0,0,2030,3,62,9,1,0,3,12030
18345,100180.0,70259.268537,23200,283100.0,206120,0.0,0,1,0,0,0,1,1,0,22200,2,38,7,1,2,1,23200
18350,388700.0,286441.63327,329500,456000.0,396800,273000.0,0,1,0,300000,0,4,0,0,29500,3,41,12,1,3,1,629500
18355,33081700.0,2604997.495,1839000,31466000.0,223300,280000.0,0,1,25639000,580000,0,2,0,1,259000,3,52,13,1,0,2,2419000
18360,1340500.0,648547.09419,506500,1184000.0,350000,345500.0,0,1,0,251000,0,4,0,1,95500,3,33,14,1,1,1,757500
18365,46400.0,137275.8016,36400,12800.0,2800,260.0,0,0,0,23400,0,3,0,0,13000,2,38,4,1,0,1,59800
18370,37400.0,117819.38878,9700,28900.0,1200,410.0,0,0,0,8200,0,2,0,0,1500,1,54,12,1,3,1,17900
18375,154700.0,151327.65531,189700,44000.0,79000,63300.0,0,0,0,145000,0,4,0,0,44700,2,31,14,1,0,1,334700
18380,13320.0,12970.941884,320,15000.0,2000,0.0,0,0,0,0,0,1,0,0,320,2,63,10,2,2,1,320
18385,540.0,55126.503006,1340,4400.0,5200,0.0,0,0,0,0,0,5,1,0,1340,2,51,8,1,1,2,1340
18390,489000.0,95120.240481,249000,370000.0,130000,112500.0,0,1,0,225000,0,4,0,0,24000,1,77,13,1,0,3,474000
18395,156200.0,156732.21443,85800,113600.0,43200,900.0,0,1,0,45000,0,5,0,1,20800,3,56,8,1,0,1,130800
18400,375950.0,62692.885772,350150,146000.0,120200,295000.0,0,1,0,25000,0,4,0,1,30150,1,69,10,2,0,3,375150
18405,-3050.0,83230.210421,37450,213000.0,253500,3950.0,1200,1,0,25000,0,4,1,1,8800,3,36,12,2,0,1,62450
18410,41400.0,201049.5992,31000,14400.0,4000,0.0,0,0,8800,13000,0,3,0,0,18000,1,44,8,1,0,1,44000
18415,2500000.0,64638.527054,741000,1759000.0,0,446750.0,314000,1,0,100000,0,4,0,1,32000,2,73,13,2,0,3,841000
18420,14518400.0,566073.52204,527000,13991400.0,0,170000.0,0,1,12000000,170000,0,5,0,1,350000,2,77,9,1,0,3,697000
18425,880776000.0,137167710.42,108780000,771996000.0,0,86145000.0,13620000,1,710840000,5050000,0,2,0,0,2320000,3,60,13,1,0,2,113830000
18430,-17950.0,11890.03006,6250,4800.0,29000,0.0,0,0,0,0,0,4,0,0,6250,2,19,9,2,0,4,6250
18435,6500.0,20537.324649,12400,0.0,5900,3900.0,3900,0,0,0,1,4,0,1,8500,2,25,12,2,0,1,12400
18440,666400.0,385885.52104,65600,1313900.0,713100,4500.0,4500,1,57000,0,0,3,0,1,61100,2,46,8,1,2,1,65600
18445,247270.0,103767.53507,4500,630400.0,387630,1000.0,1000,1,0,0,0,4,0,0,3500,2,44,7,1,2,1,4500
18450,52600.0,108091.18236,42500,10100.0,0,5200.0,0,0,0,13000,0,2,0,0,19500,3,36,9,1,2,1,55500
18455,1381000.0,143761.27255,1381000,0.0,0,1278500.0,45000,0,0,800000,0,5,0,1,9000,3,65,12,2,0,1,2181000
18460,3612000.0,191321.39279,2767100,844900.0,0,1785000.0,0,1,0,1640000,0,5,0,1,496000,3,82,9,1,0,3,4407100
18465,85151.0,18375.501002,151,139200.0,54200,0.0,0,1,0,0,0,4,0,0,151,1,55,8,2,0,3,151
18470,4146000.0,372374.12325,1698000,2448000.0,0,0.0,0,1,0,361000,0,4,0,1,1100000,3,75,14,1,0,3,2059000
18475,1693000.0,185916.83367,559000,1169000.0,35000,127500.0,65000,1,0,125000,0,5,0,1,286000,3,73,14,1,0,1,684000
18480,30220.0,23780.06012,670,30000.0,450,0.0,0,0,0,0,0,5,1,0,670,1,33,12,1,0,1,670
18485,474200.0,140518.53707,476200,16000.0,18000,427500.0,0,0,0,450000,0,1,0,1,26200,3,56,9,2,0,1,926200
18490,753300.0,268066.13226,166080,587220.0,0,143080.0,64000,1,0,76000,0,3,0,1,26080,3,65,13,1,0,3,242080
18495,1354000.0,353458.16633,1093000,759000.0,498000,847000.0,0,1,0,847000,0,2,0,1,246000,3,40,12,1,2,2,1940000
18500,348300.0,259418.83768,1300,1000000.0,653000,0.0,0,1,0,0,0,3,0,0,1300,3,45,14,1,2,1,1300
18505,109890.0,35670.09018,1990,206500.0,98600,990.0,0,1,0,990,1,4,0,0,1000,3,60,8,2,2,1,2980
18510,2225000.0,193483.21643,1830000,395000.0,0,800000.0,0,1,0,1600000,0,4,0,1,230000,3,68,8,1,0,3,3430000
18515,97000.0,110253.00601,145000,12000.0,60000,2750.0,0,0,0,28000,0,4,0,1,117000,3,30,13,1,0,1,173000
18520,56080.0,52964.679359,25400,40000.0,9320,19500.0,0,0,0,25000,0,3,1,0,400,2,52,8,2,1,1,50400
18525,710700.0,71232.089178,285500,425200.0,0,254000.0,0,1,0,200000,0,4,0,1,6500,2,73,8,1,0,3,485500
18530,256220.0,54045.591182,120300,142360.0,6440,8000.0,8000,1,0,50000,1,3,0,1,9300,2,65,5,1,0,1,170300
18535,2311.0,36751.002004,151,6600.0,4440,130.0,0,0,0,130,0,4,0,0,21,2,35,8,2,0,1,281
18540,101998700.0,3004934.8697,11691700,94055000.0,3748000,7594500.0,0,1,79550000,717000,0,5,0,1,1474700,2,58,12,1,0,2,12408700
18545,783800.0,20537.324649,185800,600000.0,2000,37000.0,0,1,0,0,0,5,0,0,800,3,70,8,2,0,3,185800
18550,6552501.0,567813.79008,405501,6711000.0,564000,45000.0,0,1,5000000,30000,1,3,0,1,110501,3,40,12,1,0,2,435501
18555,259600.0,94039.328657,13000,460100.0,213500,0.0,0,1,0,0,0,5,0,1,13000,3,65,12,1,0,3,13000
18560,860200.0,139437.62525,512000,515200.0,167000,145900.0,22000,1,0,2000,0,3,0,0,350000,3,35,12,1,1,1,514000
18565,990300.0,57288.326653,610000,380300.0,0,499000.0,0,1,0,180000,0,4,0,1,30000,2,92,13,1,0,3,790000
18570,-90530.0,23780.06012,80,17000.0,107610,0.0,0,0,0,0,0,4,0,0,80,2,34,8,2,2,1,80
18575,129700.0,189159.56914,96200,235000.0,201500,59000.0,0,1,0,59000,0,5,0,0,37200,3,44,8,1,2,1,155200
18580,771100.0,127547.59519,263100,518000.0,10000,62500.0,0,1,0,105000,0,2,1,0,158000,3,61,8,1,0,1,368100
18585,18250.0,18375.501002,13050,5200.0,0,0.0,0,0,0,0,0,5,0,0,50,2,56,9,2,0,3,13050
18590,5441.0,7998.747495,1041,15000.0,10600,0.0,0,0,0,0,0,5,0,0,1041,3,36,10,2,1,1,1041
18595,7979040.0,390209.16834,7427000,566640.0,14600,760906.45161,0,1,0,6927000,0,3,0,1,500000,3,66,12,1,0,1,14354000
18600,31445.0,68097.44489,15145,19800.0,3500,11500.0,0,0,0,11500,0,4,1,0,1845,3,32,8,1,0,1,26645
18605,279100.0,30265.531062,20600,280500.0,22000,0.0,0,1,0,0,0,2,0,1,20600,2,77,11,2,0,3,20600
18610,9669000.0,697188.12625,7878000,1791000.0,0,4506500.0,1000000,1,0,3420000,0,5,0,1,768000,2,68,14,1,0,1,11298000
18615,110722000.0,4752769.2886,49109000,61640000.0,27000,17708000.0,0,1,55000000,17670000,0,5,0,1,14439000,2,81,13,1,0,2,66779000
18620,3675000.0,998762.52505,2369000,3265000.0,1959000,1231600.0,80000,1,0,1451000,0,5,0,1,838000,3,56,12,1,2,1,3820000
18625,221800.0,27022.795591,223800,0.0,2000,100190.0,25000,0,0,3800,0,2,1,1,120000,2,35,12,2,0,1,227600
18630,230580.0,64854.709419,128500,154000.0,51920,5000.0,0,1,0,6300,0,4,0,0,2200,2,45,12,2,0,1,134800
18635,170.0,7566.3827655,170,0.0,0,0.0,0,0,0,0,0,4,0,0,170,1,44,6,2,1,2,170
18640,41000.0,34589.178357,8000,33000.0,0,0.0,0,0,0,0,0,5,0,0,8000,1,41,3,1,1,1,8000
18645,1529792000.0,28644163.327,1147048000,395774000.0,13030000,1085770000.0,1055770000,1,338760000,3326000,0,4,0,1,5197000,3,63,12,1,0,2,1150374000
18650,563600.0,44317.38477,147500,423100.0,7000,66000.0,30000,1,0,0,0,5,0,1,49500,3,63,12,1,0,3,147500
18655,8594750.0,334974.57415,5419750,3535800.0,360800,3060000.0,1420000,1,0,3088000,0,5,0,0,133000,2,67,13,1,0,3,8507750
18660,39400.0,71340.180361,3300,36800.0,700,0.0,0,0,0,0,0,4,0,1,3300,2,73,11,2,0,3,3300
18665,710000.0,270227.95591,576000,247000.0,113000,292000.0,0,1,0,484000,0,3,0,0,22000,2,44,12,1,0,1,1060000
18670,53400.0,38912.825651,35000,19000.0,600,0.0,0,0,0,0,0,4,0,0,35000,3,61,8,1,3,2,35000
18675,303000.0,84311.122244,2500,300500.0,0,0.0,0,1,0,0,0,5,0,0,2500,2,50,9,1,4,1,2500
18680,34090.0,113495.74148,7200,40000.0,13110,300.0,300,0,2000,0,0,5,0,1,6900,3,36,11,1,0,1,7200
18685,4800.0,12970.941884,0,4800.0,0,0.0,0,0,0,0,0,3,0,1,0,2,63,9,2,0,3,0
18690,-1450.0,11890.03006,550,0.0,2000,0.0,0,0,0,0,0,3,1,0,550,1,27,9,2,1,4,550
18695,377000.0,56207.41483,135000,303000.0,61000,0.0,0,1,0,0,0,5,0,1,135000,2,67,8,1,0,3,135000
18700,1783940.0,243205.16032,1234400,875000.0,325460,0.0,0,1,350000,162000,0,4,0,0,72400,2,53,8,2,2,1,1396400
18705,1717300.0,109388.27655,384000,1577000.0,243700,26250.0,17000,1,0,262000,0,5,0,0,30000,3,60,12,1,0,1,646000
18710,980980.0,172945.89178,199000,782000.0,20,21500.0,0,1,0,110000,0,4,0,1,54000,3,66,8,1,0,1,309000
18715,33085800.0,7933892.7856,28185800,10570000.0,5670000,12991500.0,0,1,3869000,3171000,0,5,0,1,214800,3,62,14,1,0,2,31356800
18720,2545300.0,385885.52104,1499000,1546300.0,500000,447450.0,0,1,0,1476000,0,3,0,1,23000,3,56,12,1,0,1,2975000
18725,2170000.0,100524.7996,1647000,523000.0,0,1352000.0,1040000,1,0,312000,0,2,0,1,220000,3,68,7,1,0,3,1959000
18730,406132480.0,8754412.9509,387290000,18842480.0,0,308945000.0,307370000,1,0,3150000,0,4,0,1,370000,0,85,13,1,0,3,390440000
18735,2972000.0,406422.84569,1517000,3898000.0,2443000,1134763.4146,0,1,3093000,830000,0,4,0,1,59000,3,40,14,1,0,2,2347000
18740,2455000.0,611796.09218,1904000,886000.0,335000,274380.0,5000,1,0,1191000,0,5,0,1,230000,2,51,12,1,0,1,3095000
18745,-69800.0,118900.3006,17200,269000.0,356000,0.0,0,1,0,0,0,5,0,0,17200,3,28,12,1,1,1,17200
18750,3100.0,12970.941884,100,3000.0,0,0.0,0,0,0,0,0,1,0,0,100,2,50,5,2,0,1,100
18755,61.0,32427.354709,61,0.0,0,0.0,0,0,0,0,0,5,0,0,11,0,56,8,2,0,3,61
18760,18949000.0,421555.61122,16806000,2143000.0,0,14250000.0,1400000,1,0,3170000,1,5,0,1,900000,3,63,14,1,1,1,19976000
18765,208600.0,61611.973948,17600,395000.0,204000,6450.0,0,1,4000,8600,0,4,0,1,9000,3,71,6,1,0,1,26200
18770,1945430.0,89715.681363,1348030,798400.0,201000,545000.0,400000,1,8400,788000,0,3,0,1,110000,2,70,10,2,0,1,2136030
18775,15250.0,16213.677355,250,25000.0,10000,0.0,0,1,0,0,0,5,0,0,200,2,65,3,2,0,3,250
18780,19100.0,97282.064128,9600,22800.0,13300,1750.0,0,0,0,7000,0,4,0,0,2600,2,38,11,1,0,1,16600
18785,798800.0,303736.22244,418800,765000.0,385000,139000.0,11000,1,0,256000,0,3,0,1,151800,2,34,12,1,1,1,674800
18790,72800.0,89715.681363,28800,219600.0,175600,21000.0,0,1,0,11000,0,3,0,1,7800,2,33,12,1,0,1,39800
18795,172620.0,17294.589178,34920,137700.0,0,0.0,0,1,0,30000,0,4,0,0,920,2,86,9,2,0,3,64920
18800,-5250.0,75663.827655,18850,0.0,24100,0.0,0,0,0,0,0,1,0,0,18850,3,47,8,1,3,1,18850
18805,55500.0,256176.1022,80800,319000.0,344300,7200.0,0,0,10000,36000,0,2,0,1,44800,0,35,13,1,1,1,116800
18810,202.0,54045.591182,2,22000.0,21800,0.0,0,0,0,0,0,5,1,0,2,2,41,4,2,0,1,2
18815,574000.0,75663.827655,243000,376000.0,45000,0.0,0,1,0,0,0,4,0,1,70000,0,70,12,1,0,3,243000
18820,8800.0,37831.913828,640,42000.0,33840,0.0,0,0,0,0,0,2,0,0,640,2,62,5,1,0,3,640
18825,11453500.0,704754.50902,3725000,7728500.0,0,2543750.0,0,1,5150000,2555000,0,1,0,1,360000,3,59,13,1,0,2,6280000
18830,2630.0,18375.501002,2630,0.0,0,0.0,0,0,0,0,0,4,0,0,630,2,42,1,2,0,1,2630
18835,44969700.0,1698112.4749,22234700,22735000.0,0,8560000.0,5880000,1,0,2680000,0,2,0,1,320700,3,74,13,1,1,1,24914700
18840,3019210.0,438850.2004,610710,2726500.0,318000,289750.0,0,1,1840000,455000,0,2,1,1,155710,1,41,12,1,2,1,1065710
18845,9888000.0,1848359.2184,1890000,9198000.0,1200000,835000.0,350000,1,3000000,310000,1,3,0,1,250000,3,44,12,1,2,1,2200000
18850,5474600.0,1783504.509,5439600,35000.0,0,2279170.0,1400000,0,0,1234600,1,2,0,1,1127000,3,44,12,1,0,1,6674200
18855,340950.0,107010.27054,101350,271600.0,32000,63650.0,12000,1,0,54200,0,3,0,0,31350,3,66,7,1,0,1,155550
18860,1000880.0,65935.621242,698000,534600.0,231720,188250.0,0,1,0,0,0,4,0,0,444000,2,75,12,1,0,3,698000
18865,1308000.0,165379.50902,807000,543000.0,42000,66000.0,66000,1,0,700000,0,5,0,1,41000,3,65,10,1,0,3,1507000
18870,289960.0,54045.591182,136000,174000.0,20040,37450.0,0,1,0,43000,0,4,0,0,3000,2,68,6,1,0,3,179000
18875,196400.0,108091.18236,1200,521700.0,326500,0.0,0,1,0,0,0,3,0,0,1200,2,48,12,1,1,4,1200
18880,0.0,789.06563126,0,0.0,0,0.0,0,0,0,0,0,1,0,0,0,2,61,8,2,0,1,0
18885,-7500.0,75663.827655,18500,24000.0,50000,1225.0,100,0,0,5200,0,3,0,1,12000,3,29,13,2,0,1,23700
18890,11000.0,19456.412826,13300,17700.0,20000,2000.0,2000,0,0,0,0,1,0,0,11000,3,26,12,2,0,4,13300
18895,558059000.0,3923709.9198,448452000,109607000.0,0,315294450.0,308040000,1,28730000,12000000,0,2,0,0,101492000,3,65,14,1,0,3,460452000
18900,9298400.0,3134644.2886,5853000,5245400.0,1800000,3861844.4444,0,1,500000,2800000,0,5,0,1,228000,3,56,14,1,0,2,8653000
18905,18720.0,138356.71343,11720,19000.0,12000,1250.0,0,0,0,2500,0,4,0,0,9220,3,49,10,1,3,1,14220
18910,-43980.0,43236.472946,2120,17500.0,63600,0.0,0,0,0,0,0,3,0,1,2120,1,73,12,1,0,1,2120
18915,135700.0,64854.709419,38000,410000.0,312300,17250.0,0,1,0,20000,0,5,0,0,18000,3,46,8,1,1,1,58000
18920,10660.0,28103.707415,660,10000.0,0,0.0,0,0,0,0,0,4,0,0,660,3,41,4,2,4,1,660
18925,-850.0,21618.236473,3440,18500.0,22790,800.0,0,0,8800,800,1,1,0,0,2640,2,36,8,1,2,2,4240
18930,65673000.0,2972507.515,23646000,42027000.0,0,14890000.0,9090000,0,40880000,0,0,1,0,1,6056000,2,80,12,1,0,2,23646000
18935,324770.0,70259.268537,66400,467900.0,209530,0.0,0,1,0,0,0,3,0,0,66400,1,65,4,1,0,1,66400
18940,44992070.0,2425566.1323,8832970,36159100.0,0,4543000.0,359000,1,26850000,4184000,0,1,0,1,289970,0,78,12,1,0,2,13016970
18945,196500.0,48641.032064,2000,393000.0,198500,0.0,0,1,50000,0,0,5,1,0,2000,3,38,10,1,2,2,2000
18950,2196000.0,69178.356713,1880000,316000.0,0,920000.0,0,1,0,700000,0,3,0,1,80000,3,81,13,2,0,3,2580000
18955,2234950.0,317788.07615,686000,1616950.0,68000,106700.0,0,1,850000,422000,0,4,0,1,164000,3,60,12,1,1,1,1108000
18960,11180.0,25941.883768,300,11000.0,120,0.0,0,0,0,0,0,5,0,1,300,2,27,8,2,0,1,300
18965,137041.0,118900.3006,231941,59000.0,153900,14400.0,300,0,0,70100,0,4,0,0,1541,2,50,10,1,0,1,302041
18970,18628000.0,121062.12425,628000,18000000.0,0,0.0,0,1,15000000,600000,0,5,0,1,8000,3,71,13,1,0,2,1228000
18975,6900.0,56207.41483,1700,5200.0,0,0.0,0,0,0,0,0,5,0,0,1700,0,53,8,1,0,4,1700
18980,13370.0,52964.679359,2420,17600.0,6650,0.0,0,0,0,0,0,3,0,0,2420,1,23,11,1,1,1,2420
18985,58438600.0,3621054.6092,2552200,55886400.0,0,0.0,0,1,33260000,2000000,0,4,0,0,551200,2,66,9,1,1,2,4552200
18990,13778000.0,3912900.8016,8959000,4819000.0,0,4966500.0,2500000,1,3130000,1749000,0,4,0,1,374000,3,68,12,1,0,2,10708000
18995,307300.0,140518.53707,215000,224800.0,132500,30000.0,0,1,100000,30000,1,2,0,0,150000,1,37,10,2,0,2,245000
19000,688616800.0,63214966.182,8122000,680494800.0,0,8090000.0,6880000,0,680420000,1210000,0,4,0,1,32000,2,82,13,1,0,3,9332000
19005,3200.0,77825.651303,100,3900.0,800,0.0,0,0,0,0,0,3,0,0,100,1,44,8,1,0,1,100
19010,6517300.0,522080.41082,1254500,5373800.0,111000,550000.0,0,1,3400000,4500,0,2,0,1,520000,3,60,12,1,0,2,1259000
19015,39600.0,16213.677355,0,43000.0,3400,0.0,0,1,0,0,0,4,1,0,0,1,59,9,2,0,3,0
19020,-1390.0,20537.324649,10,14000.0,15400,0.0,0,0,0,0,0,1,1,0,10,2,50,12,2,2,1,10
19025,1458200.0,215101.45291,1015000,491200.0,48000,1000000.0,0,1,0,1000000,0,4,0,1,15000,2,67,9,2,1,3,2015000
19030,38893000.0,0.0,9462000,29616000.0,185000,6519000.0,2500000,0,26715000,1419000,1,2,0,1,333000,3,50,13,1,0,3,10881000
19035,35789000.0,2010495.992,2055000,33734000.0,0,0.0,0,1,28140000,0,0,5,0,1,805000,3,75,12,1,0,2,2055000
19040,0.0,9295.8416834,0,0.0,0,0.0,0,0,0,0,0,1,0,0,0,1,65,8,2,0,3,0
19045,9819000.0,1988877.7555,7470000,2349000.0,0,3575000.0,1600000,1,0,3050000,0,1,0,1,600000,3,64,12,1,0,1,10520000
19050,310100.0,298331.66333,212400,596700.0,499000,53750.0,10000,1,0,145000,0,4,0,1,35400,3,76,12,1,0,3,357400
19055,-629.0,14051.853707,1,0.0,630,0.0,0,0,0,0,1,1,1,0,1,1,30,8,2,1,1,1
19060,4716300.0,179431.36273,3482300,1234000.0,0,0.0,0,1,0,185000,0,4,0,1,3250300,2,74,12,1,0,3,3667300
19065,870700.0,101605.71142,543300,639400.0,312000,308000.0,16000,1,0,487000,0,5,0,1,40300,3,37,12,1,0,1,1030300
19070,54010.0,113495.74148,36810,21000.0,3800,4800.0,0,0,0,4800,0,3,0,1,32010,2,28,12,2,0,1,41610
19075,181000.0,134033.06613,93000,500000.0,412000,28800.0,0,1,0,36000,0,2,0,1,57000,3,40,12,2,0,1,129000
19080,93920.0,12970.941884,120,93800.0,0,0.0,0,1,0,0,0,4,0,0,120,2,67,8,2,0,3,120
19085,74580.0,86472.945892,65050,13000.0,3470,27500.0,0,0,0,50000,0,5,0,0,15050,3,42,10,1,2,1,115050
19090,3250910.0,155651.30261,2437510,1123000.0,309600,216960.0,0,1,0,430960,0,4,0,0,6550,3,52,9,1,1,1,2868470
19095,607500.0,115657.56513,48000,1054200.0,494700,15000.0,15000,1,300000,25000,0,4,0,0,8000,3,39,10,1,1,2,73000
19100,85500.0,75663.827655,30500,66000.0,11000,1250.0,500,0,0,6500,1,3,1,0,23500,2,30,9,2,0,1,37000
19105,-3710.0,28103.707415,240,0.0,3950,0.0,0,0,0,0,0,3,0,0,240,1,47,8,2,2,4,240
19110,26200.0,70259.268537,28000,0.0,1800,0.0,0,0,0,25000,0,4,0,1,3000,1,57,9,2,0,4,53000
19115,-26690.0,114576.65331,8400,15000.0,50090,0.0,0,0,0,0,1,3,0,0,7200,1,39,12,1,0,1,8400
19120,11851500.0,499381.26253,1458000,11032000.0,638500,575000.0,0,1,8950000,1425000,0,5,0,1,30000,3,61,14,1,1,2,2883000
19125,26541000.0,2161823.6473,12825000,14106000.0,390000,10050000.0,0,1,5000000,50000,0,4,0,1,1645000,3,68,12,1,0,2,12875000
19130,415700.0,21618.236473,153200,264000.0,1500,22500.0,0,1,0,150000,0,5,0,0,3200,2,22,12,2,0,2,303200
19135,44115000.0,6798935.3707,38342500,6633500.0,861000,28452737.684,5700000,1,446000,7943000,0,3,0,1,3800500,3,52,14,1,2,2,46285500
19140,926000.0,81068.386774,707000,219000.0,0,80000.0,0,1,0,100000,0,3,0,1,87000,2,64,13,2,0,1,807000
19145,265300.0,46479.208417,85300,180000.0,0,15500.0,0,1,0,62000,0,4,0,0,3300,2,89,6,1,0,3,147300
19150,49700.0,41074.649299,36700,13000.0,0,34000.0,0,0,0,34000,0,5,0,1,2700,3,46,10,2,0,1,70700
19155,349640.0,150246.74349,49200,350000.0,49560,28000.0,10000,0,300000,18000,0,3,0,1,21200,2,30,11,1,0,2,67200
19160,2321920.0,332920.84168,2043920,278000.0,0,144000.0,0,1,0,1580000,0,3,0,1,400920,3,67,10,1,0,3,3623920
19165,13410.0,48641.032064,7300,447100.0,440990,0.0,0,1,0,0,0,4,0,0,7300,1,40,9,1,2,1,7300
19170,103334200.0,4069416.8337,72192800,44941400.0,13800000,72053000.0,70980000,1,32650000,920000,0,3,0,1,292800,3,53,13,1,4,2,73112800
19175,291100.0,68097.44489,49000,471000.0,228900,0.0,0,1,0,0,0,5,0,0,49000,3,38,9,1,1,2,49000
19180,59205.0,25941.883768,5865,54100.0,760,0.0,0,1,0,0,0,5,0,1,865,1,75,8,2,0,1,5865
19185,13470.0,74582.915832,700,32000.0,19230,0.0,0,0,0,0,0,5,0,0,700,2,26,8,1,0,1,700
19190,13714400.0,714482.71543,2322000,11392400.0,0,0.0,0,1,7580000,0,0,5,0,1,2157000,3,57,13,1,0,2,2322000
19195,300510.0,196725.9519,178850,504000.0,382340,127850.0,0,1,0,137200,0,5,0,1,8300,3,39,12,1,2,1,316050
19200,426458000.0,4195018.7876,17889000,408569000.0,0,3706000.0,1840000,1,329120000,6239000,0,4,0,1,420000,3,78,14,1,0,2,24128000
19205,541000.0,118900.3006,259000,732000.0,450000,162000.0,95000,1,0,67000,0,2,0,0,97000,2,37,13,2,0,1,326000
19210,389500.0,100524.7996,14800,540700.0,166000,300.0,300,1,0,0,0,5,0,0,14500,3,31,12,1,0,1,14800
19215,-31940.0,20537.324649,60,0.0,32000,0.0,0,0,0,0,0,1,0,0,60,1,30,12,2,0,2,60
19220,16000.0,38912.825651,2100,15500.0,1600,0.0,0,0,0,0,0,4,0,0,2100,3,80,8,2,0,3,2100
19225,184530.0,70259.268537,1230,235000.0,51700,0.0,0,1,0,0,0,2,1,0,1230,3,74,14,1,0,3,1230
19230,9210.0,25941.883768,1300,8100.0,190,0.0,0,0,0,0,0,2,0,1,1300,2,72,-1,2,1,3,1300
19235,1304030.0,487491.23246,1005030,676000.0,377000,676900.0,139000,1,0,558100,0,4,0,1,307200,3,41,9,1,2,1,1563130
19240,306700.0,35670.09018,117700,292000.0,103000,100000.0,90000,1,0,0,0,2,0,1,2700,2,54,8,2,0,1,117700
19245,449450.0,178350.4509,59600,816000.0,426150,0.0,0,1,0,0,0,5,1,1,54600,2,52,11,1,3,1,59600
19250,-260.0,27022.795591,200,0.0,460,0.0,0,0,0,0,0,5,0,0,200,3,21,6,2,0,1,200
19255,2891080.0,209696.89379,13580,3237500.0,360000,0.0,0,1,10000,0,0,3,0,0,13580,2,45,8,2,0,2,13580
19260,581500.0,188078.65731,553000,28500.0,0,398950.0,332000,0,0,209000,0,2,0,1,12000,3,56,9,1,0,2,762000
19265,320501.0,35670.09018,128501,228000.0,36000,18750.0,0,1,0,0,0,2,0,1,1,3,71,10,2,0,3,128501
19270,-70570.0,23780.06012,1000,0.0,71570,0.0,0,0,0,0,0,5,0,0,1000,3,21,9,2,0,4,1000
19275,4510.0,8431.1122244,4510,0.0,0,0.0,0,0,0,0,0,4,0,0,10,0,76,6,2,0,3,4510
19280,51386000.0,21693900.301,9507400,51198600.0,9320000,3075000.0,176000,1,35017000,1404000,1,2,0,1,6082400,3,42,14,1,3,2,10911400
19285,109930.0,52964.679359,24130,314900.0,229100,2200.0,0,1,0,24000,0,4,0,0,130,1,35,9,2,3,1,48130
19290,7088000.0,398856.46293,6484000,604000.0,0,4090000.0,760000,1,0,3600000,0,4,0,1,29000,3,65,13,1,1,1,10084000
19295,493300.0,114576.65331,18700,715900.0,241300,4250.0,0,1,0,8500,0,5,0,1,10200,2,71,5,1,0,3,27200
19300,143300.0,4323.6472946,300,143000.0,0,0.0,0,1,0,0,0,4,0,0,300,1,58,8,2,0,1,300
19305,8350000.0,42155.561122,4475000,3875000.0,0,2410000.0,100000,1,0,2200000,0,3,0,1,150000,3,65,12,1,0,3,6675000
19310,270.0,41074.649299,310,0.0,40,0.0,0,0,0,0,0,5,1,0,310,1,33,8,2,0,1,310
19315,26910000.0,5501841.1824,4240000,22670000.0,0,750000.0,750000,1,15150000,0,0,4,0,0,2640000,3,77,8,1,0,2,4240000
19320,4419501.0,1102530.0601,2959501,2523000.0,1063000,1999200.0,250000,1,0,1210100,0,4,1,1,199401,3,51,14,1,2,1,4169601
19325,950400.0,143761.27255,466500,907900.0,424000,174250.0,0,1,0,397000,0,5,0,0,69500,3,40,13,1,4,1,863500
19330,16000.0,20537.324649,33000,6700.0,23700,0.0,0,0,0,0,0,4,0,0,33000,3,67,11,2,0,3,33000
19335,517300.0,81068.386774,503000,14300.0,0,500000.0,0,0,0,500000,0,3,0,1,3000,3,63,9,2,0,3,1003000
19340,267800.0,60531.062124,53200,250000.0,35400,0.0,0,1,0,0,0,3,0,0,3200,2,50,8,2,1,1,53200
19345,-120.0,73502.004008,14880,67000.0,82000,14000.0,0,0,0,14000,0,3,0,0,880,2,36,8,1,2,1,28880
19350,10980.0,25941.883768,4180,6800.0,0,0.0,0,0,0,0,0,2,0,0,40,1,25,4,1,2,1,4180
19355,914500.0,172945.89178,429400,525400.0,40300,161100.0,0,1,0,287700,0,3,0,1,48700,3,70,12,1,0,1,717100
19360,52980.0,52964.679359,22480,38000.0,7500,10030.0,30,1,0,20000,0,4,0,1,2450,3,33,9,2,1,1,42480
19365,12500.0,27022.795591,6000,7300.0,800,0.0,0,0,0,0,0,3,0,0,6000,3,66,9,2,0,3,6000
19370,7480000.0,371833.66733,6083000,1913000.0,516000,4891000.0,4000000,1,0,1757000,0,5,0,0,326000,3,66,14,1,0,1,7840000
19375,3694800.0,218344.18838,973800,3286000.0,565000,783700.0,180000,1,687000,46000,1,2,0,1,48500,2,41,14,1,4,2,1019800
19380,642000.0,190240.48096,613000,29000.0,0,236150.0,0,0,0,259000,0,2,0,1,274000,3,35,13,1,0,1,872000
19385,645600.0,145923.09619,148000,801000.0,303400,80000.0,0,1,0,80000,0,5,0,1,68000,3,58,12,1,3,1,228000
19390,1740000.0,179431.36273,768000,972000.0,0,115000.0,15000,1,0,400000,0,4,0,0,126000,3,66,12,1,0,1,1168000
19395,92100.0,81068.386774,7900,240900.0,156700,800.0,0,1,2000,5000,0,1,1,0,2900,1,40,9,1,1,1,12900
19400,8600.0,25941.883768,200,8400.0,0,0.0,0,0,0,0,0,1,0,0,200,2,57,10,1,0,2,200
19405,393380.0,56034.468938,154580,248000.0,9200,90800.0,0,1,0,152000,0,2,0,0,2580,3,72,8,2,0,2,306580
19410,4700.0,48641.032064,200,5100.0,600,0.0,0,0,0,0,0,5,1,0,200,1,46,8,2,0,1,200
19415,292000.0,169703.15631,111700,405300.0,225000,33035.0,0,1,0,75700,0,4,0,0,36000,2,47,8,1,0,1,187400
19420,3883500.0,259418.83768,2121500,2451000.0,689000,1660000.0,700000,1,1100000,1200000,0,4,0,0,149500,3,62,13,1,1,2,3321500
19425,178730.0,72421.092184,3700,331800.0,156770,0.0,0,1,0,0,0,5,0,0,3700,3,48,12,1,0,1,3700
19430,86400.0,45398.296593,80500,5900.0,0,16000.0,0,0,0,80000,0,5,0,0,500,2,60,9,2,1,1,160500
19435,7266001.0,623686.12224,6332001,1054000.0,120000,6230001.0,5210000,1,0,1020001,0,5,0,1,87000,3,80,14,2,0,2,7352002
19440,220000.0,145923.09619,110000,257000.0,147000,0.0,0,1,0,0,0,2,0,1,30000,3,39,8,1,2,1,110000
19445,10168000.0,954445.14028,413000,10105000.0,350000,108550.0,15000,1,9300000,67000,0,2,0,1,261000,2,39,12,1,3,2,480000
19450,728600.0,95120.240481,144000,584600.0,0,6750.0,0,1,0,45000,0,2,0,1,6000,3,81,12,1,0,3,189000
19455,423300.0,149165.83166,223500,208400.0,8600,41600.0,30000,0,200000,116000,0,1,0,1,71500,2,65,12,2,0,2,339500
19460,11687400.0,2821179.8597,3286000,11101400.0,2700000,546000.0,0,1,750000,1986000,0,5,0,1,1300000,3,64,14,1,1,2,5272000
19465,80182000.0,2215869.2385,1815000,79742000.0,1375000,465000.0,0,1,77000000,465000,0,5,0,1,1240000,2,63,12,1,0,2,2280000
19470,1049200.0,21618.236473,2000,1047200.0,0,0.0,0,1,0,0,0,5,0,1,2000,2,63,8,2,0,1,2000
19475,927600.0,475601.2024,625900,576000.0,274300,139000.0,64000,1,0,447000,0,5,0,1,114900,3,39,13,1,3,1,1072900
19480,546551.0,65935.621242,113001,592600.0,159050,98600.0,0,1,0,113000,0,5,0,0,1,2,74,12,2,0,1,226001
19485,-39500.0,41074.649299,2800,700.0,43000,300.0,300,0,0,0,0,1,0,0,2000,1,28,12,2,0,1,2800
19490,9825500.0,1934832.1643,7901000,2724500.0,800000,5026800.0,200000,1,0,3786000,0,4,0,1,1465000,3,56,14,1,0,3,11687000
19495,28460.0,79987.47495,1000,27900.0,440,0.0,0,0,0,0,0,2,1,1,1000,1,38,9,1,4,2,1000
19500,954200.0,123223.9479,786200,168000.0,0,494100.0,0,1,0,727000,0,5,0,0,59200,3,57,12,2,0,1,1513200
19505,33950.0,135113.97796,34500,0.0,550,0.0,0,0,0,0,0,5,0,1,34500,1,50,12,2,3,2,34500
19510,6480.0,21618.236473,6480,0.0,0,5000.0,5000,0,0,0,0,2,0,0,1130,2,22,8,2,0,1,6480
19515,521000.0,32427.354709,207000,341000.0,27000,62400.0,0,1,0,0,0,5,0,1,46000,2,73,9,2,1,3,207000
19520,453410.0,104848.44689,17000,553000.0,116590,6000.0,0,1,0,6000,0,1,0,0,11000,2,35,8,1,2,4,23000
19525,23358200.0,753395.54108,18429200,4929000.0,0,9455000.0,1000000,1,929000,12365000,0,4,0,1,59200,3,77,14,1,0,2,30794200
19530,73930.0,81068.386774,46220,66700.0,38990,0.0,0,0,0,40000,0,4,0,0,1220,2,53,9,1,2,1,86220
19535,133042000.0,12441295.09,98820000,36142000.0,1920000,55982500.0,0,1,28100000,1010000,0,4,0,0,5748000,3,43,12,1,2,2,99830000
19540,79420.0,64854.709419,20,241900.0,162500,0.0,0,1,0,0,0,2,0,0,20,1,39,8,1,3,1,20
19545,14160.0,63773.797595,26360,0.0,12200,19540.0,40,0,0,26000,0,5,1,0,320,2,34,8,2,0,1,52360
19550,164051060.0,8160884.2685,3962000,160089060.0,0,2504000.0,0,1,154630000,1700000,1,2,0,1,1729000,3,56,13,1,1,2,5662000
19555,258110.0,47560.12024,18010,240100.0,0,0.0,0,1,0,0,0,5,0,0,18010,2,74,8,1,0,3,18010
19560,50300.0,85392.034068,3000,57500.0,10200,0.0,0,0,0,0,0,2,0,1,3000,1,56,6,1,0,1,3000
19565,7477000.0,1361948.8978,3085000,5905000.0,1513000,2615000.0,50000,1,2350000,2770000,0,4,0,0,265000,2,52,14,1,0,2,5855000
19570,7010100.0,913370.49098,4575100,2775000.0,340000,2895500.0,0,1,0,3070000,0,2,0,1,125100,3,68,14,1,0,3,7645100
19575,-1800.0,94039.328657,25300,34600.0,61700,0.0,0,0,0,25000,0,4,1,0,300,2,29,8,1,2,1,50300
19580,142100.0,59450.150301,31100,172000.0,61000,0.0,0,1,0,0,0,3,0,1,31100,2,80,8,1,0,3,31100
19585,509400.0,138356.71343,138400,561000.0,190000,18000.0,0,1,0,72000,0,5,0,1,66400,2,70,4,1,1,3,210400
19590,769200.0,54045.591182,8200,761000.0,0,6200.0,6200,1,0,0,0,5,0,1,2000,3,78,13,2,0,3,8200
19595,4784000.0,636657.06413,4110000,674000.0,0,2085000.0,0,1,0,2350000,0,3,0,0,210000,3,55,12,2,0,1,6460000
19600,186768300.0,6715705.1603,157085000,29683300.0,0,138741000.0,89560000,1,13410000,6490000,0,5,0,1,11000000,3,83,12,1,0,3,163575000
19605,69400.0,98362.975952,2000,173000.0,105600,0.0,0,1,0,0,0,5,0,0,2000,2,64,8,2,0,3,2000
19610,71000.0,37831.913828,0,150000.0,79000,0.0,0,1,0,0,0,5,0,0,0,3,59,2,1,1,1,0
19615,7000.0,12970.941884,1000,26000.0,20000,0.0,0,0,0,0,0,5,0,0,1000,1,54,10,2,1,1,1000
19620,99200.0,64854.709419,95600,17000.0,13400,6000.0,0,0,0,60000,0,5,0,0,35600,3,32,12,2,0,1,155600
19625,780690.0,128628.50701,6690,1144000.0,370000,0.0,0,1,0,0,0,4,0,1,4690,3,61,12,1,0,1,6690
19630,173770.0,194564.12826,148070,330000.0,304300,62750.0,0,1,0,138000,0,2,0,1,10070,3,46,10,1,2,1,286070
19635,-190270.0,48641.032064,2900,15000.0,208170,0.0,0,0,0,0,0,5,1,0,2900,2,26,13,2,0,4,2900
19640,3400.0,60531.062124,24300,43000.0,63900,20000.0,0,0,0,20000,0,5,0,0,2000,1,45,11,2,1,1,44300
19645,131620.0,58369.238477,1650,152000.0,22030,500.0,500,0,0,0,0,3,1,1,1100,2,49,10,2,0,1,1650
19650,4000.0,84311.122244,12500,0.0,8500,3300.0,500,0,0,7000,0,3,0,0,5000,2,31,14,2,0,1,19500
19655,2574890.0,131871.24248,2273270,1118000.0,816380,329000.0,14000,1,0,2000000,0,2,0,1,46770,3,63,10,1,0,3,4273270
19660,8103400.0,485329.40882,7470000,633400.0,0,7295000.0,1000000,1,0,1055000,0,5,0,1,415000,3,77,14,1,0,3,8525000
19665,45510.0,59450.150301,2000,265000.0,221490,0.0,0,1,0,0,0,1,0,0,2000,3,44,12,1,3,1,2000
19670,9480.0,75663.827655,32130,3500.0,26150,25100.0,3000,0,0,26000,0,5,0,1,3130,1,44,9,2,0,1,58130
19675,59854000.0,2183441.8838,17010000,42844000.0,0,2800000.0,500000,1,39250000,3050000,0,2,0,0,1500000,1,51,12,2,0,2,20060000
19680,149000.0,86472.945892,61000,133000.0,45000,0.0,0,1,0,0,0,2,0,1,11000,2,61,10,2,0,1,61000
19685,9786300.0,2421242.485,7522300,4264000.0,2000000,7009400.0,0,1,0,7500000,0,2,0,1,22300,3,67,13,1,0,3,15022300
19690,246830.0,77825.651303,9230,247500.0,9900,3900.0,3900,1,0,0,0,2,0,1,5330,2,59,8,1,1,3,9230
19695,809500.0,128628.50701,439500,613000.0,243000,21200.0,0,1,0,65000,0,3,0,0,74500,2,45,12,1,2,1,504500
19700,39872000.0,3264353.7074,22700000,20151000.0,2979000,22296000.0,10400000,1,7290000,725000,0,1,1,0,1075000,3,49,13,1,2,1,23425000
19705,2473100.0,222667.83567,1906000,611000.0,43900,1244750.0,200000,1,0,1530000,0,3,0,1,101000,3,54,12,1,0,1,3436000
19710,4203000.0,455063.87776,2280000,2373000.0,450000,2235000.0,0,1,1200000,1865000,0,5,0,1,415000,3,59,13,1,0,1,4145000
19715,239500.0,75663.827655,69500,493000.0,323000,0.0,0,1,0,0,0,1,0,0,69500,3,39,12,1,2,1,69500
19720,-115500.0,113495.74148,161400,46000.0,322900,54100.0,0,0,0,138500,0,4,0,0,22900,3,33,14,1,0,1,299900
19725,229800.0,137275.8016,193400,47400.0,11000,180400.0,0,0,0,114400,0,3,0,1,13000,3,27,14,1,0,1,307800
19730,17487600.0,3340017.5351,2569000,16014000.0,1095400,1079000.0,0,1,14050000,500000,0,5,0,1,1290000,3,46,12,1,3,2,3069000
19735,21878100.0,461549.3487,20215100,1663000.0,0,15452400.0,3580000,1,0,3990000,0,2,0,1,145100,3,73,12,1,0,3,24205100
19740,4200.0,91877.50501,6100,23000.0,24900,0.0,0,0,0,0,0,1,0,0,6100,3,72,10,1,0,3,6100
19745,20741500.0,1383567.1343,18152500,3170000.0,581000,6298000.0,10000,1,529000,763000,0,5,0,1,1279000,3,52,14,1,1,2,18915500
19750,1.0,15132.765531,1,0.0,0,0.0,0,0,0,0,0,5,0,0,1,2,65,10,2,0,1,1
19755,659790.0,118900.3006,318290,472200.0,130700,14700.0,6000,1,0,309000,0,2,0,1,3290,3,44,12,1,1,1,627290
19760,106261000.0,8052793.0862,46766000,60392000.0,897000,16999800.0,5370000,1,49380000,7070000,0,4,0,1,7760000,2,68,13,1,0,2,53836000
19765,453500.0,124304.85972,293000,284500.0,124000,223000.0,0,1,0,223000,0,4,0,1,70000,3,75,13,1,0,3,516000
19770,1391500.0,436688.37675,1385000,6500.0,0,1360000.0,80000,0,0,730000,0,4,0,1,25000,3,36,12,1,0,1,2115000
19775,3700.0,189159.56914,4000,0.0,300,0.0,0,0,0,0,0,1,0,1,4000,3,38,12,1,2,1,4000
19780,4594000.0,371833.66733,3072000,2222000.0,700000,2867500.0,0,1,0,270000,0,5,0,1,77000,3,58,12,1,0,1,3342000
19785,7940.0,82149.298597,1040,27000.0,20100,0.0,0,0,0,0,0,5,1,0,640,1,42,8,2,1,1,1040
19790,1200270600.0,0.0,111045000,1116615600.0,27390000,70658500.0,67650000,1,721010000,1535000,0,4,0,1,37951000,3,65,12,1,0,2,112580000
19795,81920.0,18375.501002,1920,80000.0,0,0.0,0,1,0,0,0,1,0,1,1920,2,78,11,2,0,3,1920
19800,912990.0,71556.362725,272990,640000.0,0,166600.0,27000,1,0,88000,0,4,0,1,33090,3,71,13,1,0,3,360990
19805,-610.0,14051.853707,190,8400.0,9200,0.0,0,0,0,0,0,5,1,0,190,1,49,6,2,1,4,190
19810,96678000.0,3102216.9339,75600000,21078000.0,0,37000000.0,7000000,1,5000000,0,0,5,0,1,2100000,3,85,13,1,0,3,75600000
19815,813500.0,209696.89379,622500,308000.0,117000,558100.0,8500,1,0,585000,0,4,0,1,29000,3,37,11,1,1,1,1207500
19820,12970.0,28103.707415,2000,16200.0,5230,1500.0,1500,1,0,0,0,5,0,0,500,2,64,8,2,0,2,2000
19825,1141800.0,89715.681363,252700,1088100.0,199000,112000.0,12000,1,0,170000,0,5,0,1,70700,3,57,11,1,1,1,422700
19830,437300.0,389128.25651,176300,629000.0,368000,75400.0,0,1,0,78000,0,2,0,0,98300,1,66,10,1,0,2,254300
19835,1260000.0,233476.95391,769800,1170000.0,679800,495000.0,80000,1,0,550000,0,5,0,0,139800,2,53,12,1,4,1,1319800
19840,170900.0,44317.38477,1900,171000.0,2000,0.0,0,1,0,0,0,3,0,0,1900,3,65,1,1,0,3,1900
19845,925800.0,74582.915832,650000,279000.0,3200,208000.0,0,1,0,640000,0,4,0,1,10000,3,65,12,2,0,1,1290000
19850,8800.0,12970.941884,900,9100.0,1200,0.0,0,0,0,0,0,4,1,0,900,2,21,9,2,0,4,900
19855,-51000.0,238881.51303,115000,14000.0,180000,75000.0,75000,0,0,0,0,1,0,0,30000,2,42,13,2,0,1,115000
19860,110471900.0,810683.86774,6655500,103816400.0,0,4200000.0,1000000,1,100950000,525500,0,5,0,1,230000,3,66,12,1,0,2,7181000
19865,7570000.0,822573.8978,2290000,6400000.0,1120000,1865000.0,0,1,4000000,1205000,0,3,0,1,455000,3,49,12,1,2,2,3495000
19870,95873900.0,32308454.409,70985000,24888900.0,0,70229000.0,0,1,17696000,229000,0,5,0,1,406000,3,68,13,1,0,2,71214000
19875,176600.0,145923.09619,177100,15500.0,16000,68500.0,1000,0,0,135000,0,4,0,1,39800,2,27,12,1,0,1,312100
19880,1.0,22699.148297,1,0.0,0,0.0,0,0,0,0,0,3,0,1,1,2,76,-1,2,0,3,1
19885,1631150.0,121062.12425,1508000,124000.0,850,1300000.0,0,0,0,1300000,1,5,0,1,208000,3,50,8,2,0,1,2808000
19890,2642000.0,184835.92184,563000,2762000.0,683000,466100.0,449000,1,0,38000,0,5,0,0,36000,3,43,13,1,2,1,601000
19895,335300.0,34589.178357,45300,370000.0,80000,0.0,0,1,0,40000,0,3,0,1,5300,3,66,11,2,0,2,85300
19900,160800.0,237800.6012,15000,364000.0,218200,0.0,0,1,0,0,0,2,0,1,15000,3,32,12,1,0,1,15000
19905,-980.0,33508.266533,20,0.0,1000,0.0,0,0,0,0,0,5,0,0,20,2,44,6,2,0,3,20
19910,614630.0,86472.945892,205430,585900.0,176700,130000.0,0,1,0,130230,0,4,0,1,75200,3,36,12,1,0,1,335660
19915,334500.0,114576.65331,69100,310700.0,45300,4800.0,0,1,0,16100,0,5,0,1,12000,3,36,6,1,1,1,85200
19920,394800.0,25941.883768,47200,348000.0,400,0.0,0,1,0,0,0,4,0,1,47200,2,85,8,2,1,3,47200
19925,6520.0,28103.707415,1120,5400.0,0,0.0,0,0,0,0,0,4,0,0,1120,2,49,8,2,0,1,1120
19930,529000.0,147004.00802,98000,431000.0,0,38500.0,3000,1,0,62000,0,5,0,1,33000,2,67,12,1,0,3,160000
19935,39680.0,60531.062124,17000,23000.0,320,0.0,0,0,0,0,0,4,0,0,17000,3,39,10,1,0,1,17000
19940,267900.0,97282.064128,11000,261900.0,5000,0.0,0,1,0,0,0,2,1,0,1000,1,59,13,1,0,1,11000
19945,3170350.0,153489.47896,1404300,2257000.0,490950,690000.0,0,1,0,1380000,0,1,0,0,20700,3,59,7,2,0,1,2784300
19950,145400.0,27022.795591,9000,241400.0,105000,0.0,0,1,0,0,0,5,0,0,9000,2,73,9,2,1,3,9000
19955,277500.0,204292.33467,77500,1900000.0,1700000,12850.0,0,1,0,22500,0,4,0,1,55000,3,47,12,1,0,1,100000
19960,-5399.0,17294.589178,1,0.0,5400,0.0,0,0,0,0,0,5,1,0,1,2,74,9,2,0,3,1
19965,5305500.0,78906.563126,24000,6256500.0,975000,0.0,0,1,0,0,0,4,0,0,24000,2,61,8,2,0,3,24000
19970,1530.0,33508.266533,1530,0.0,0,0.0,0,0,0,0,0,4,0,0,1530,2,42,9,2,5,1,1530
19975,624251000.0,5112712.9259,337348000,286903000.0,0,150310000.0,13830000,1,240850000,0,0,3,0,1,21768000,2,61,9,1,0,2,337348000
19980,29310.0,49721.943888,15310,50000.0,36000,0.0,0,0,4000,0,0,5,0,0,15310,3,50,12,1,2,2,15310
19985,130200.0,108091.18236,53700,537000.0,460500,51200.0,200,1,0,51000,0,5,0,0,2500,3,34,12,1,0,1,104700
19990,2384600.0,116738.47695,46000,2390600.0,52000,1000.0,1000,1,800000,0,0,4,0,1,45000,3,67,8,1,0,3,46000
19995,55800.0,67016.533066,55800,0.0,0,280.0,0,0,0,1400,0,4,0,1,54400,3,52,9,1,0,3,57200
20000,-1820.0,12970.941884,180,0.0,2000,0.0,0,0,0,0,0,5,0,1,180,0,83,10,2,1,3,180
20005,173300.0,102686.62325,102500,231800.0,161000,73000.0,0,1,0,73000,0,4,0,1,29500,3,33,12,1,0,1,175500
20010,91100.0,54045.591182,2400,322000.0,233300,0.0,0,1,0,0,0,5,0,0,2400,2,33,11,2,3,4,2400
20015,5653200.0,404261.02204,2642200,3011000.0,0,1263000.0,888000,1,1750000,1017000,0,2,0,1,227200,3,40,12,1,3,2,3659200
20020,52700.0,8214.9298597,2800,76000.0,26100,0.0,0,1,0,0,0,1,1,0,800,2,65,8,2,0,3,2800
20025,14476000.0,1114420.0902,13477000,999000.0,0,7100000.0,2500000,1,0,1380000,0,5,1,1,370000,2,86,12,1,0,1,14857000
20030,39940000.0,3134644.2886,20032000,19908000.0,0,19634500.0,17000000,1,16000000,1937000,1,2,0,1,295000,3,49,14,1,1,2,21969000
20035,7042120.0,151327.65531,173020,6973100.0,104000,0.0,0,1,3020000,0,0,4,0,1,173020,2,67,8,2,1,2,173020
20040,43730.0,109172.09419,94580,50900.0,101750,44500.0,0,1,3800,89000,0,3,0,0,5580,3,34,12,1,3,1,183580
20045,-3110.0,31346.442886,3500,6700.0,13310,3500.0,0,0,0,3500,0,4,1,0,0,2,37,10,2,1,1,7000
20050,24337000.0,1286285.0701,5511000,21580000.0,2754000,4968800.0,2000000,1,11950000,1181000,0,3,0,1,40000,3,69,12,2,0,2,6692000
20055,544851.0,228072.39479,325851,389000.0,170000,211815.0,2000,1,0,224700,0,4,0,1,99151,3,49,13,1,3,1,550551
20060,-21200.0,23780.06012,5100,26000.0,52300,0.0,0,0,0,0,0,1,1,0,5000,3,23,9,2,0,1,5100
20065,213782000.0,3373309.6192,130741000,83041000.0,0,104374000.0,102030000,1,76300000,2344000,0,3,0,1,14937000,2,73,13,1,0,2,133085000
20070,127631.0,242124.2485,76631,53000.0,2000,21.0,0,0,0,22210,0,4,0,0,54421,2,32,10,1,1,1,98841
20075,7796000.0,1848359.2184,1355000,7828000.0,1387000,588000.0,0,1,3500000,840000,0,5,0,1,265000,3,67,8,1,0,2,2195000
20080,1936600.0,295088.92786,1030700,1266000.0,360100,485800.0,0,1,75000,113000,0,2,0,1,507700,3,37,12,1,2,1,1143700
20085,391100.0,162136.77355,15100,376000.0,0,0.0,0,1,0,0,0,5,0,0,15100,2,61,9,1,0,1,15100
20090,1940.0,10701.027054,840,3600.0,2500,0.0,0,0,0,0,0,1,0,1,840,2,52,5,2,0,3,840
20095,2100.0,17294.589178,100,19000.0,17000,0.0,0,0,0,0,0,4,0,0,100,1,42,10,2,0,1,100
20100,135580.0,37831.913828,3500,244000.0,111920,3000.0,0,1,0,3000,0,1,1,0,500,2,31,8,2,0,1,6500
20105,40053400.0,1337952.6553,16342000,23711400.0,0,4600000.0,4500000,1,4000000,50000,0,2,0,1,1292000,2,95,12,2,0,3,16392000
20110,-311520.0,69178.356713,27300,33000.0,371820,250.0,0,0,0,1000,0,2,0,1,26300,3,27,14,1,1,1,28300
20115,10599000.0,296169.83968,9983000,634000.0,18000,1144000.0,1000000,1,0,1270000,0,4,0,1,1213000,3,63,14,1,2,2,11253000
20120,25100.0,162136.77355,38700,315900.0,329500,21750.0,0,1,100,30000,0,2,1,0,8700,2,50,8,1,0,1,68700
20125,420000.0,86472.945892,3500,1019000.0,602500,0.0,0,1,190000,0,0,3,0,1,1000,1,41,13,2,2,2,3500
20130,129381700.0,3837236.9739,18707000,117084700.0,6410000,6451000.0,498000,1,98230000,2415000,1,4,0,1,5739000,3,61,12,1,0,2,21122000
20135,6920.0,46479.208417,1800,5400.0,280,0.0,0,0,0,0,0,2,0,0,1800,1,22,8,2,0,1,1800
20140,390300.0,30805.986974,90500,341000.0,41200,0.0,0,1,0,90000,0,5,0,1,500,1,77,7,2,0,3,180500
20145,1217700.0,220506.01202,715700,838000.0,336000,393000.0,0,1,0,540000,0,4,0,0,135700,3,47,14,1,2,1,1255700
20150,32830500.0,2842798.0962,8995000,23835500.0,0,1332500.0,1100000,1,12500000,575000,0,5,0,1,7320000,3,67,12,1,0,2,9570000
20155,229250.0,62692.885772,107250,122000.0,0,0.0,0,1,0,0,0,5,0,0,14250,3,60,8,1,0,3,107250
20160,254363110.0,45117259.519,47784110,212769000.0,6190000,15599000.0,11680000,1,176720000,919000,1,1,0,1,241110,3,58,13,1,1,1,48703110
20165,906200.0,48965.305611,634200,272000.0,0,39800.0,0,1,0,75000,0,5,0,1,294200,2,85,4,1,0,3,709200
20170,303200.0,118900.3006,57000,396000.0,149800,28025.0,0,1,0,31000,0,2,0,0,11000,2,42,11,1,1,1,88000
20175,474800.0,137275.8016,193000,503000.0,221200,150000.0,0,1,0,150000,0,5,0,1,43000,3,59,9,1,1,1,343000
20180,447210.0,92958.416834,123210,363000.0,39000,15400.0,7400,1,0,80000,0,4,0,1,29810,1,44,12,1,1,1,203210
20185,-12519.0,19456.412826,1,0.0,12520,0.0,0,0,0,0,1,5,1,0,1,2,53,9,2,0,3,1
20190,3600.0,25941.883768,3600,0.0,0,0.0,0,0,0,0,0,3,0,0,600,1,94,5,2,0,3,3600
20195,-50750.0,81068.386774,21050,24000.0,95800,4750.0,0,0,0,20000,0,4,0,0,1050,3,47,13,2,0,1,41050
20200,71000.0,36751.002004,20350,93000.0,42350,0.0,0,1,0,0,0,2,0,0,350,2,73,10,2,0,1,20350
20205,1353490.0,302655.31062,1001490,670000.0,318000,683800.0,423000,1,0,398000,0,2,0,1,67490,3,41,14,1,2,1,1399490
20210,6033000.0,825816.63327,4659000,1374000.0,0,2493500.0,800000,1,250000,2145000,0,5,0,1,484000,2,63,12,1,0,1,6804000
20215,407120.0,110253.00601,154250,617000.0,364130,63750.0,0,1,0,145000,0,4,0,0,9250,3,52,2,1,2,1,299250
20220,17051.0,147004.00802,16881,54400.0,54230,200.0,0,0,0,2000,0,4,0,1,14881,0,45,8,1,2,1,18881
20225,2933750.0,298331.66333,2037750,1281000.0,385000,1118000.0,0,1,0,1074000,0,2,0,1,843750,2,57,11,1,1,1,3111750
20230,1611710.0,46479.208417,23500,1610100.0,21890,11600.0,6000,0,0,16000,0,1,0,1,1500,2,35,8,2,0,1,39500
20235,404400.0,78906.563126,366700,37700.0,0,208450.0,0,0,0,177000,0,4,0,0,41200,3,44,12,2,0,1,543700
20240,2775900.0,162136.77355,1962000,813900.0,0,481000.0,0,1,0,1526000,0,5,0,1,38000,3,83,13,1,0,3,3488000
20245,-13800.0,50802.855711,1200,287000.0,302000,0.0,0,1,0,0,0,4,1,0,1200,1,38,9,1,2,1,1200
20250,53997000.0,916613.22645,51127000,3285000.0,415000,38502250.0,3000000,1,0,2601000,0,2,0,1,4036000,3,76,13,1,0,2,53728000
20255,10030.0,73502.004008,3030,7000.0,0,0.0,0,0,0,0,0,3,0,0,3030,1,47,7,1,1,2,3030
20260,7525500.0,540455.91182,1501900,6288600.0,265000,1456800.0,0,1,4800000,1004500,0,4,0,1,24400,0,52,14,1,0,1,2506400
20265,1122180.0,223748.74749,191000,1052680.0,121500,124000.0,4000,1,693000,120000,0,4,0,0,55000,3,47,14,1,2,2,311000
20270,83200.0,54045.591182,100,208100.0,125000,0.0,0,1,0,0,0,5,1,0,100,2,68,8,2,0,1,100
20275,480010.0,62692.885772,260,479900.0,150,0.0,0,1,220000,0,0,4,0,0,260,3,24,8,1,0,1,260
20280,10510.0,10809.118236,10,17000.0,6500,0.0,0,0,0,0,1,2,0,0,10,2,23,9,2,0,4,10
20285,1502700.0,242124.2485,34700,1494000.0,26000,3300.0,3300,1,0,0,0,4,0,0,31400,1,41,9,1,0,1,34700
20290,406600.0,226991.48297,173200,441400.0,208000,100800.0,0,1,0,112000,0,4,0,1,48200,3,31,12,1,0,1,285200
20295,75700.0,88634.769539,43100,209000.0,176400,26800.0,0,1,0,34000,0,4,0,0,9100,3,61,13,2,0,1,77100
20300,53100000.0,11717084.168,6220000,46880000.0,0,5633000.0,5390000,1,40670000,0,0,4,0,1,630000,3,62,9,2,0,2,6220000
20305,97800.0,60531.062124,6300,123500.0,32000,0.0,0,1,0,0,0,4,0,0,6300,2,30,9,1,2,1,6300
20310,76150.0,45398.296593,56000,47900.0,27750,50000.0,0,0,0,50000,0,5,0,1,6000,1,53,8,2,1,1,106000
20315,136500.0,16213.677355,1500,192000.0,57000,0.0,0,1,0,0,0,4,1,1,1500,3,92,8,2,0,3,1500
20320,922500.0,158029.30862,564500,473000.0,115000,545000.0,370000,1,0,175000,0,5,0,1,19500,3,74,12,1,0,3,739500
20325,5664000.0,430202.90581,5051000,1168000.0,555000,4624000.0,4000000,1,0,1040000,0,2,0,1,11000,2,61,9,1,0,1,6091000
20330,2998850.0,484248.49699,1290100,2897300.0,1188550,758000.0,300000,1,0,640000,0,2,0,0,350100,3,51,12,1,2,1,1930100
20335,1259900.0,145923.09619,911900,438000.0,90000,831200.0,0,1,10000,104000,0,5,0,1,7900,2,60,12,2,0,1,1015900
20340,1075100.0,36751.002004,658100,417000.0,0,265000.0,0,1,0,595000,0,3,0,1,63100,2,70,12,2,0,3,1253100
20345,78700.0,82149.298597,63700,46000.0,31000,28000.0,0,0,0,0,0,2,0,1,15700,3,61,13,1,1,1,63700
20350,122082000.0,4172319.6393,21432000,100650000.0,0,14211500.0,13330000,1,90000000,6105000,0,2,0,1,197000,3,71,12,1,0,2,27537000
20355,9083000.0,470196.64329,8700000,383000.0,0,3056000.0,0,1,0,5560000,0,5,0,1,260000,1,84,14,1,0,3,14260000
20360,418400.0,55126.503006,11500,600900.0,194000,0.0,0,1,0,0,0,4,0,1,11500,2,72,12,2,0,3,11500
20365,12500.0,64854.709419,6000,274000.0,267500,0.0,0,1,0,0,0,5,0,1,6000,1,33,11,2,0,1,6000
20370,20680.0,46479.208417,23500,0.0,2820,1800.0,0,0,0,4000,0,5,0,0,19500,1,51,9,2,0,1,27500
20375,214250.0,149165.83166,117150,136000.0,38900,77500.0,3500,1,0,101000,0,4,1,1,12650,2,50,9,1,0,1,218150
20380,132100.0,140518.53707,22100,260000.0,150000,900.0,0,1,0,6000,0,4,0,1,16100,1,38,13,2,0,1,28100
20385,740081000.0,37064466.433,453178000,286903000.0,0,98920000.0,98920000,1,269814000,0,0,5,0,1,3038000,0,80,14,1,0,2,453178000
20390,312319000.0,1642985.9719,225337000,86982000.0,0,132092000.0,67950000,1,67910000,13060000,0,4,0,1,4327000,3,63,12,1,0,3,238397000
20395,165330.0,101605.71142,24600,302000.0,161270,3600.0,0,1,0,18600,0,5,0,0,6000,2,64,8,1,2,1,43200
20400,34200.0,88634.769539,8000,40200.0,14000,0.0,0,0,0,0,0,4,0,0,8000,2,40,9,2,2,1,8000
20405,62904100.0,2388815.1303,57340100,5676000.0,112000,48004856.976,7500000,1,3463000,3747100,0,5,0,0,93000,3,60,14,1,0,2,61087200
20410,22450.0,57288.326653,1600,31000.0,10150,180.0,0,0,0,600,0,5,0,0,1000,2,51,11,2,0,1,2200
20415,1257500.0,123223.9479,94500,1163000.0,0,0.0,0,1,0,0,0,4,0,1,87900,3,83,10,1,0,1,94500
20420,197326000.0,28373935.371,73376000,123950000.0,0,46140000.0,23240000,1,48620000,1400000,0,2,0,1,26536000,3,60,12,1,0,1,74776000
20425,1457810.0,300493.48697,72700,1972110.0,587000,16800.0,3900,1,0,43000,0,4,0,0,25800,3,56,12,1,2,1,115700
20430,167629000.0,2535278.6824,78193000,90936000.0,1500000,60259800.0,10960000,1,82350000,4114000,0,5,0,1,609000,3,63,12,1,0,3,82307000
20435,5901.0,22699.148297,1,5900.0,0,0.0,0,0,0,0,0,1,0,0,1,2,61,8,2,1,1,1
20440,-30900.0,29184.619238,500,3600.0,35000,0.0,0,0,0,0,0,1,1,1,500,2,43,10,2,2,1,500
20445,896800.0,172945.89178,601600,460100.0,164900,457000.0,7500,1,0,502000,0,2,0,1,73100,3,50,12,1,4,1,1103600
20450,166930.0,20537.324649,11000,156000.0,70,0.0,0,1,0,0,0,5,0,1,11000,3,67,8,2,1,3,11000
20455,61400.0,108091.18236,71400,11000.0,21000,47200.0,1600,0,0,56000,0,5,0,0,5800,2,31,12,1,0,1,127400
20460,82530.0,17294.589178,530,127000.0,45000,0.0,0,1,0,0,0,4,0,0,530,2,56,8,2,0,3,530
20465,19295900.0,2185603.7074,17116500,2179400.0,0,11678150.0,48000,1,146000,7499000,0,2,1,1,1466000,3,72,14,1,0,1,24615500
20470,-28950.0,42155.561122,1200,0.0,30150,0.0,0,0,0,0,0,1,1,0,1200,1,38,11,2,1,1,1200
20475,175100.0,168622.24449,26100,369000.0,220000,6290.0,0,0,0,19400,0,5,0,1,6700,3,47,12,1,0,1,45500
20480,196000.0,3783.1913828,184100,567000.0,555100,1000.0,1000,1,20000,169000,0,3,1,1,14000,3,48,13,1,4,2,353100
20485,407080.0,49721.943888,3830,440000.0,36750,365.0,0,1,169000,730,0,2,0,0,3000,2,37,12,1,0,1,4560
20490,93200.0,29184.619238,100,93100.0,0,0.0,0,1,0,0,0,4,0,0,100,1,68,3,1,1,3,100
20495,479420.0,83230.210421,42320,752000.0,314900,21000.0,0,1,0,30000,0,5,1,0,2320,2,51,12,1,0,1,72320
20500,729970.0,11890.03006,93270,636700.0,0,77070.0,0,1,10000,77070,0,5,0,1,16200,3,66,9,1,0,2,170340
20505,600000.0,83230.210421,160000,452000.0,12000,67000.0,0,1,0,67000,0,4,0,1,93000,2,69,13,1,0,3,227000
20510,-18329.0,29184.619238,2001,0.0,20330,1000.0,1000,0,0,0,0,5,0,0,401,2,31,12,2,2,2,2001
20515,10896900.0,1837550.1002,4375000,7486000.0,964100,1840000.0,0,1,4250000,2900000,0,3,0,1,1475000,3,52,14,1,1,2,7275000
20520,4862000.0,255095.19038,769000,4893000.0,800000,199650.0,142000,1,2420000,217000,0,2,0,1,410000,3,48,12,1,3,1,986000
20525,4250.0,67016.533066,1220,15300.0,12270,60.0,0,0,0,200,0,2,1,0,1020,1,33,8,1,5,1,1420
20530,11328000.0,1463122.2445,2100000,9228000.0,0,350000.0,0,1,6000000,100000,0,5,0,1,600000,3,80,14,1,1,2,2200000
20535,4809200.0,332920.84168,1512500,3766000.0,469300,799200.0,0,1,2400000,1021500,0,4,0,1,366000,3,48,14,2,1,2,2534000
20540,931700.0,211858.71743,264000,667700.0,0,60000.0,0,1,0,200000,0,3,0,1,29000,3,60,10,1,0,1,464000
20545,1251910.0,242124.2485,748320,788000.0,284410,408250.0,150,1,0,672500,0,2,0,1,65670,2,56,12,1,1,1,1420820
20550,140600.0,5404.5591182,112600,28000.0,0,100600.0,600,0,0,100000,0,3,0,0,12000,3,30,12,2,0,4,212600
20555,17100.0,17294.589178,400,16700.0,0,0.0,0,0,0,0,0,5,0,0,400,3,38,2,1,4,1,400
20560,-12700.0,60531.062124,300,0.0,13000,0.0,0,0,0,0,0,5,1,0,250,2,34,10,2,1,4,300
20565,-18870.0,19456.412826,330,5800.0,25000,0.0,0,0,0,0,0,3,1,0,330,1,30,11,2,1,1,330
20570,376149500.0,152495040.08,73876500,302273000.0,0,51911000.0,0,1,280450000,2229000,1,4,0,1,22567500,2,43,13,1,2,2,76105500
20575,571120.0,185916.83367,630220,51000.0,110100,153500.0,0,0,0,575000,0,5,1,0,9720,3,47,8,1,1,1,1205220
20580,138890.0,23347.695391,12560,210730.0,84400,1500.0,0,1,0,7500,0,5,0,0,5060,3,77,13,2,0,2,20060
20585,4500.0,44317.38477,1000,16000.0,12500,0.0,0,0,0,0,0,2,1,0,1000,1,25,7,1,2,1,1000
20590,92227700.0,4831675.8517,3445000,88882700.0,100000,2030000.0,0,1,77000000,2030000,0,5,0,0,1415000,3,73,12,1,0,2,5475000
20595,-52050.0,39993.737475,630,130000.0,182680,0.0,0,1,0,0,0,5,1,0,630,1,31,12,2,2,1,630
20600,834920.0,205373.24649,246120,1378300.0,789500,141800.0,29000,1,30000,188000,0,4,0,1,29120,3,52,13,1,1,1,434120
20605,1973580.0,177269.53908,346000,1998900.0,371320,92000.0,67000,1,0,250000,0,5,0,0,29000,3,51,12,1,2,2,596000
20610,25900.0,12970.941884,200,65700.0,40000,0.0,0,1,0,0,0,5,0,0,200,1,34,8,1,1,1,200
20615,490101.0,98362.975952,15001,515100.0,40000,7500.0,0,1,0,15000,0,5,0,0,1,3,64,8,1,0,1,30001
20620,1392900.0,82149.298597,632800,760100.0,0,14000.0,14000,1,0,0,0,5,0,1,436800,3,86,8,2,0,3,632800
20625,4470.0,49721.943888,370,13100.0,9000,0.0,0,0,0,0,0,1,0,0,370,2,30,9,2,1,1,370
20630,-2430.0,18375.501002,1570,0.0,4000,0.0,0,0,0,0,0,3,0,1,1570,2,74,8,2,0,3,1570
20635,13897500.0,1556513.0261,12097500,1975000.0,175000,11140000.0,1110000,1,0,3550000,0,2,0,1,987500,3,62,14,1,0,3,15647500
20640,65255300.0,1374919.8397,19567300,50638000.0,4950000,3687500.0,0,1,33367000,175000,0,4,0,1,462300,3,77,13,1,0,2,19742300
20645,2.0,1513.2765531,2,0.0,0,0.0,0,0,0,0,0,3,0,0,2,1,36,9,2,3,4,2
20650,1280970.0,514514.02806,563500,1170470.0,453000,49300.0,0,1,0,552000,0,4,0,1,11500,3,51,13,1,0,1,1115500
20655,3798700.0,445119.48898,3150500,848200.0,200000,1839600.0,480000,1,320000,1394000,0,2,0,1,36500,3,62,13,1,0,1,4544500
20660,239600.0,119981.21242,185100,342000.0,287500,61230.0,1200,0,0,160100,0,1,0,0,23800,3,41,13,2,0,1,345200
20665,59000.0,0.0,4000,56000.0,1000,0.0,0,1,0,0,0,1,0,0,4000,0,61,-1,2,0,4,4000
20670,11600.0,21618.236473,200,11400.0,0,0.0,0,0,0,0,0,4,0,0,200,1,35,8,2,2,1,200
20675,11400.0,51883.767535,1100,37300.0,27000,0.0,0,0,0,0,0,5,0,0,1100,2,45,10,2,1,3,1100
20680,-7000.0,32427.354709,0,0.0,7000,0.0,0,0,0,0,0,4,1,0,0,2,34,8,2,2,1,0
20685,159900.0,136194.88978,113700,272200.0,226000,31000.0,12000,1,10000,0,0,4,0,1,37700,3,69,14,2,0,2,113700
20690,1794840.0,230234.21844,234240,1854000.0,293400,97340.0,340,1,6000,135500,0,1,0,1,13400,2,38,12,1,2,1,369740
20695,412850.0,163217.68537,231450,408400.0,227000,82400.0,0,1,0,188500,0,1,0,0,42950,2,30,8,1,0,1,419950
20700,87134000.0,6552595.5661,50220700,36918000.0,4700,31173000.0,2940000,1,26200000,2603000,0,4,0,1,9877700,3,80,12,1,0,2,52823700
20705,358120.0,339406.31263,446040,765300.0,853220,171000.0,0,1,0,410000,0,5,0,0,35540,2,50,13,1,3,1,856040
20710,262500.0,42155.561122,62500,200000.0,0,0.0,0,1,0,0,0,5,0,1,41500,3,71,8,2,0,3,62500
20715,484400.0,129709.41884,268300,425100.0,209000,40000.0,0,1,0,100000,0,3,1,1,68300,3,72,12,1,0,3,368300
20720,73450.0,51883.767535,34680,52000.0,13230,2800.0,0,0,0,28000,0,4,1,0,6680,3,28,9,1,3,4,62680
20725,72300.0,60531.062124,4300,192000.0,124000,0.0,0,1,0,0,0,2,0,1,4300,2,73,9,1,0,3,4300
20730,309600.0,102686.62325,120000,542900.0,353300,51400.0,0,1,0,102000,0,4,0,0,14000,3,62,13,1,1,1,222000
20735,46238500.0,375076.40281,13341500,34149000.0,1252000,10628800.0,9700000,1,28600000,1444000,0,4,0,1,397500,3,59,13,1,0,2,14785500
20740,1312000.0,324273.54709,52000,1870000.0,610000,3000.0,0,1,0,10000,0,1,0,1,42000,2,40,13,1,2,1,62000
20745,6388100.0,1221430.3607,1304000,6722100.0,1638000,1059300.0,0,1,3500000,1177000,0,4,0,1,124000,3,56,13,1,0,2,2481000
20750,5823000.0,426960.17034,650000,6575000.0,1402000,20400.0,0,1,500000,204000,0,4,0,1,446000,2,40,12,1,2,2,854000
20755,57861.0,36751.002004,351,143710.0,86200,0.0,0,1,0,0,0,5,0,0,1,3,26,8,1,3,1,351
20760,21352000.0,0.0,98000,22504000.0,1250000,0.0,0,0,21050000,0,0,5,0,0,98000,3,73,12,1,0,2,98000
20765,511390.0,102686.62325,390,1106000.0,595000,0.0,0,1,0,0,0,5,1,0,390,2,47,8,2,1,1,390
20770,209710.0,44317.38477,1100,292000.0,83390,0.0,0,1,0,0,0,5,1,1,1100,1,74,12,1,0,3,1100
20775,3119100.0,771771.04208,1954000,2340100.0,1175000,1573300.0,0,1,0,1270000,0,3,0,0,10000,3,64,14,1,0,2,3224000
20780,602210.0,170784.06814,312300,604000.0,314090,220830.0,0,1,0,253000,0,5,0,0,57100,3,39,12,1,2,1,565300
20785,83370.0,203211.42285,43290,61680.0,21600,19100.0,1100,0,0,30500,0,5,0,0,11690,3,33,8,1,0,1,73790
20790,1451380.0,135113.97796,829980,925000.0,303600,449400.0,0,1,50000,137000,0,4,1,0,442980,3,53,14,1,1,2,966980
20795,214000.0,216182.36473,156000,400000.0,342000,41800.0,0,1,0,36000,0,5,0,1,120000,3,39,13,1,1,1,192000
20800,256000.0,33508.266533,16000,240000.0,0,0.0,0,1,0,0,0,4,0,1,16000,1,65,3,2,1,3,16000
20805,6495400.0,396694.63928,5908000,587400.0,0,4520000.0,3000000,1,0,101000,0,5,0,0,50000,3,85,12,1,0,3,6009000
20810,224940.0,99443.887776,13790,222500.0,11350,10442.0,0,1,0,13140,0,2,1,0,650,3,59,8,2,3,1,26930
20815,1499050.0,366429.10822,833050,1013000.0,347000,496000.0,41000,1,10000,650000,0,2,0,0,142050,3,44,13,1,2,1,1483050
20820,13387000.0,1924023.0461,8231000,7249000.0,2093000,4677000.0,500000,1,200000,1341000,0,4,0,1,1140000,3,53,12,1,3,1,9572000
20825,9990460.0,1091720.9419,7610460,2380000.0,0,4488750.0,3350000,1,0,3105000,0,5,0,1,368460,2,56,14,1,2,1,10715460
20830,64580.0,62692.885772,40110,39800.0,15330,32300.0,0,0,0,38000,0,4,0,0,2110,1,43,4,1,1,1,78110
20835,-11700.0,43236.472946,3600,5900.0,21200,0.0,0,0,0,0,0,5,0,0,3600,2,35,12,2,4,4,3600
20840,6070.0,30265.531062,870,9200.0,4000,0.0,0,0,0,0,0,1,1,0,870,1,36,2,1,2,1,870
20845,87000.0,123223.9479,87000,0.0,0,52000.0,52000,0,0,0,1,1,0,1,35000,2,42,12,1,0,1,87000
20850,175300.0,445335.67134,275000,131000.0,230700,200000.0,0,0,0,200000,0,5,0,1,30000,3,70,12,1,0,1,475000
20855,28444000.0,4701966.4329,21630000,7214000.0,400000,13700000.0,8390000,1,1070000,1000000,0,1,0,1,4630000,3,63,14,1,0,1,22630000
20860,67695000.0,21326390.281,61504000,7590000.0,1399000,59087550.0,54570000,1,0,2173000,0,2,0,1,761000,3,59,14,1,0,3,63677000
20865,395077900.0,46392735.471,278364900,116713000.0,0,44107000.0,35880000,1,95560000,1027000,0,3,0,1,200107900,3,52,13,1,2,2,279391900
20870,7100.0,25941.883768,300,6800.0,0,0.0,0,0,0,0,0,5,0,0,300,0,79,6,2,0,3,300
20875,1339940.0,40642.284569,546930,797000.0,3990,321000.0,0,1,0,535000,0,3,0,0,11930,3,68,13,2,0,3,1081930
20880,200800.0,68097.44489,400,467000.0,266600,0.0,0,1,0,0,0,4,0,0,400,1,62,9,1,2,3,400
20885,239800.0,59450.150301,22500,228500.0,11200,0.0,0,0,0,0,0,2,0,0,22500,3,48,9,1,3,3,22500
20890,210300.0,24860.971944,2100,513000.0,304800,0.0,0,1,0,0,0,5,0,0,2100,2,46,12,2,2,1,2100
20895,1038100.0,144842.18437,668300,449800.0,80000,8000.0,8000,1,0,335000,0,5,0,1,150300,2,74,9,1,0,3,1003300
20900,17488180.0,989034.31864,3921000,15907180.0,2340000,2859400.0,0,1,6526000,1650000,0,3,0,1,324000,3,67,12,1,0,2,5571000
20905,266000.0,256176.1022,266000,0.0,0,189000.0,12000,0,0,62000,0,5,1,1,77000,3,26,12,2,0,1,328000
20910,100.0,0.0,100,0.0,0,0.0,0,0,0,0,0,1,0,0,100,2,25,12,2,0,1,100
20915,3654600.0,252933.36673,2717600,1337000.0,400000,737650.0,100000,1,500000,975000,0,2,0,1,125600,3,66,14,2,0,2,3692600
20920,449610.0,8539.2034068,310,516000.0,66700,0.0,0,1,0,0,0,4,1,0,310,3,42,8,2,2,1,310
20925,4711.0,19456.412826,311,4400.0,0,0.0,0,0,0,0,0,1,0,0,311,1,39,10,2,2,3,311
20930,290450.0,83230.210421,6250,544000.0,259800,3000.0,0,1,105000,5000,0,2,1,0,1250,3,45,12,1,4,1,11250
20935,16590000.0,78906.563126,238000,16653000.0,301000,0.0,0,1,16000000,0,1,5,0,1,140000,3,95,11,2,0,2,238000
20940,28160.0,8863.4769539,3260,45400.0,20500,0.0,0,1,0,0,0,2,0,0,1660,2,67,8,2,0,3,3260
20945,18800.0,30265.531062,6000,37000.0,24200,0.0,0,0,0,0,0,5,0,0,6000,3,59,8,1,2,1,6000
20950,6152000.0,2691470.4409,4133000,6425000.0,4406000,992500.0,0,1,657000,819000,0,2,0,1,2314000,3,43,14,1,1,2,4952000
20955,2139260.0,373995.49098,710560,2040500.0,611800,495250.0,37000,1,0,470000,0,5,0,0,63560,3,55,14,1,1,2,1180560
20960,27700.0,41074.649299,7700,31100.0,11100,6000.0,1500,0,0,4500,0,4,0,0,1700,2,32,11,1,3,1,12200
20965,313080.0,75663.827655,1000,312400.0,320,0.0,0,1,0,0,0,3,0,0,1000,0,57,7,1,1,4,1000
20970,2345220.0,116306.11222,1937320,407900.0,0,961000.0,318000,1,0,826000,0,3,0,1,3320,3,76,12,1,0,3,2763320
20975,1584468000.0,123223947.9,531290000,1053178000.0,0,496690000.0,9190000,1,823240000,0,0,2,0,1,34600000,3,76,13,2,0,2,531290000
20980,19000.0,32427.354709,7000,17000.0,5000,0.0,0,0,0,0,0,5,0,0,7000,3,22,9,2,0,1,7000
20985,3305200.0,1063617.2345,2099000,2316200.0,1110000,173680.0,12000,1,12000,772000,0,3,0,1,14500,3,52,14,1,1,1,2871000
20990,21910.0,61611.973948,22410,18400.0,18900,2850.0,0,0,0,19000,0,3,0,0,3410,3,25,9,1,0,1,41410
20995,3669210.0,95120.240481,501210,3168000.0,0,200000.0,0,1,3010000,500000,0,5,0,1,1000,2,71,8,1,0,2,1001210
21000,81760.0,47560.12024,55870,26000.0,110,0.0,0,0,0,54000,0,3,0,0,1870,3,42,8,2,1,1,109870
21005,1949200.0,378319.13828,570000,1440000.0,60800,250000.0,0,1,0,550000,0,2,0,0,20000,3,56,14,1,1,1,1120000
21010,770400.0,175107.71543,635400,291000.0,156000,144700.0,0,1,0,612000,0,4,0,0,23400,3,50,11,1,1,1,1247400
21015,4870.0,48641.032064,1180,4300.0,610,0.0,0,0,0,0,0,2,0,0,1180,1,62,8,1,1,3,1180
21020,13866000.0,2086159.8196,2543000,14175000.0,2852000,1468400.0,358000,1,8924000,984000,0,1,0,1,770000,3,59,12,1,1,2,3527000
21025,89350.0,157813.12625,84150,411200.0,406000,16900.0,0,1,0,34000,0,4,0,1,25150,1,49,13,1,1,1,118150
21030,276200.0,59450.150301,24200,569000.0,317000,5500.0,0,1,0,22000,0,4,0,1,2200,1,46,9,2,3,1,46200
21035,116540.0,87553.857715,22680,245200.0,151340,3150.0,0,1,0,21000,0,4,1,0,680,2,35,11,1,3,1,43680
21040,20097200.0,660437.12425,1725000,20054000.0,1681800,1375000.0,20000,0,16300000,1340000,0,5,0,1,350000,3,56,13,2,0,2,3065000
21045,-8900.0,51883.767535,5700,33300.0,47900,0.0,0,0,0,0,1,3,0,0,5700,2,28,12,1,3,1,5700
21050,1012500.0,189159.56914,371500,3041000.0,2400000,28475.0,0,1,0,141500,1,4,0,0,180000,3,38,13,1,2,1,513000
21055,4751950.0,460468.43687,2331050,2625900.0,205000,2081000.0,372000,1,0,1330000,0,5,0,1,249050,3,54,13,1,1,1,3661050
21060,1722000.0,363186.37275,902000,1195000.0,375000,185450.0,168000,1,51000,349000,0,5,0,1,385000,1,49,14,2,0,2,1251000
21065,185200.0,108091.18236,39500,308800.0,163100,23000.0,0,1,0,35000,0,5,1,1,4500,2,36,8,1,4,1,74500
21070,3620.0,51883.767535,650,26300.0,23330,0.0,0,0,0,0,1,1,1,0,650,3,52,9,1,1,3,650
21075,899500.0,136194.88978,200000,1060000.0,360500,0.0,0,1,0,0,0,2,0,0,200000,1,48,9,1,0,2,200000
21080,-34700.0,432.36472946,65300,0.0,100000,2000.0,2000,0,0,0,0,4,1,0,63300,1,21,9,2,0,1,65300
21085,6640000.0,594501.50301,3490000,3200000.0,50000,2254000.0,40000,1,2400000,1520000,0,5,0,1,1215000,2,67,9,2,0,2,5010000
21090,7500.0,33508.266533,1200,13600.0,7300,0.0,0,0,0,0,0,1,0,0,1200,1,22,11,2,0,1,1200
21095,44534000.0,5782878.2565,27158000,29404000.0,12028000,9524000.0,6770000,1,8193000,4650000,0,1,0,1,38000,2,71,14,1,0,2,31808000
21100,-47660.0,70259.268537,4600,15000.0,67260,0.0,0,0,0,0,0,3,0,0,4600,1,37,12,2,1,1,4600
21105,442180.0,47560.12024,226180,274000.0,58000,193600.0,13000,1,0,186000,0,5,0,1,12280,3,48,9,2,0,1,412180
21110,62700.0,52964.679359,890,73700.0,11890,0.0,0,0,0,0,0,3,0,0,890,1,66,8,1,1,3,890
21115,200.0,17294.589178,200,0.0,0,0.0,0,0,0,0,0,4,0,1,200,1,54,4,2,0,1,200
21120,-63100.0,57288.326653,26430,0.0,89530,0.0,0,0,0,0,0,5,0,0,25930,2,51,12,2,0,4,26430
21125,17122820.0,477763.02605,497000,20025120.0,3399300,0.0,0,1,7050000,0,0,1,0,1,497000,2,78,12,1,0,2,497000
21130,9196870.0,315626.25251,8187070,1009800.0,0,3696000.0,0,1,0,196000,0,2,0,1,4249070,3,67,13,1,0,3,8383070
21135,1223900.0,147004.00802,386400,837500.0,0,207600.0,0,1,0,297000,0,5,0,0,29400,3,64,12,1,0,1,683400
21140,322601.0,0.0,4801,317800.0,0,0.0,0,1,0,0,0,5,0,0,4801,2,38,9,2,0,4,4801
21145,37528500.0,1054969.9399,18608500,19706000.0,786000,6841000.0,0,1,5000000,630000,0,4,0,1,1893500,3,49,12,1,0,3,19238500
21150,-12600.0,36751.002004,1000,0.0,13600,0.0,0,0,0,0,1,4,0,0,1000,1,31,11,2,1,1,1000
21155,510170.0,86472.945892,570,510000.0,400,0.0,0,0,100000,0,0,2,0,1,570,2,25,8,2,0,2,570
21160,14970.0,43236.472946,5520,11750.0,2300,0.0,0,0,0,3000,1,5,1,0,2520,1,47,4,1,2,1,8520
21165,8650090.0,722049.0982,7277190,1372900.0,0,4440730.0,0,1,0,3844000,0,2,0,1,893190,3,58,12,1,1,1,11121190
21170,65345000.0,4523615.982,14945000,51800000.0,1400000,5085000.0,0,1,32270000,270000,0,2,0,1,65000,3,72,13,1,0,2,15215000
21175,1880.0,49721.943888,1880,0.0,0,0.0,0,0,0,0,0,4,0,0,1880,0,76,4,2,0,3,1880
21180,62500.0,103767.53507,53000,12000.0,2500,50000.0,0,0,0,50000,0,3,0,1,3000,2,65,10,2,0,3,103000
21185,1042200.0,178350.4509,534600,1045600.0,538000,405000.0,0,1,0,340000,0,5,0,1,99600,2,44,12,1,2,1,874600
21190,369600.0,76744.739479,346600,33000.0,10000,295560.0,0,0,0,5600,0,3,0,1,46000,3,25,12,2,0,1,352200
21195,1710500.0,162136.77355,927000,1213000.0,429500,580400.0,0,1,0,902000,0,2,0,1,25000,3,58,9,1,2,1,1829000
21200,10402.0,47592.547595,7002,6600.0,3200,3000.0,0,0,0,5020,0,4,0,0,1982,2,67,9,1,0,3,12022
21205,107073300.0,3404872.2445,14675000,92698300.0,300000,4200000.0,4200000,1,88780000,0,0,4,0,1,9275000,3,90,12,2,0,2,14675000
21210,3439500.0,164298.59719,2156500,1283000.0,0,1536700.0,0,1,0,1429000,0,4,0,1,566500,2,57,12,1,0,3,3585500
21215,-15598.0,72421.092184,802,7900.0,24300,0.0,0,0,0,0,0,1,1,0,802,3,50,9,1,6,1,802
21220,1340600.0,98362.975952,441000,1009600.0,110000,0.0,0,1,0,0,0,5,0,0,61000,2,81,12,2,0,3,441000
21225,7300.0,11890.03006,600,6700.0,0,0.0,0,0,0,0,0,1,0,0,600,2,59,3,2,0,3,600
21230,476500.0,71340.180361,251000,348000.0,122500,75600.0,0,1,0,168000,0,5,0,1,23000,3,72,12,1,0,1,419000
21235,40801.0,86472.945892,3001,42600.0,4800,500.0,500,0,0,0,1,4,0,0,1,1,47,10,2,0,1,3001
21240,94500.0,30265.531062,300,116700.0,22500,0.0,0,1,0,0,0,4,0,0,300,3,67,12,2,0,3,300
21245,469500.0,22699.148297,58000,412100.0,600,28000.0,0,1,0,28000,0,2,0,1,28000,3,65,9,2,0,3,86000
21250,49925000.0,4366883.7675,34788000,16717000.0,1580000,25302000.0,21150000,1,10490000,310000,0,4,0,1,4806000,3,57,13,1,4,2,35098000
21255,220010.0,72421.092184,126810,251900.0,158700,0.0,0,1,0,200,0,5,0,1,59110,3,45,8,1,0,2,127010
21260,90.0,32427.354709,90,0.0,0,0.0,0,0,0,0,0,5,0,0,90,2,80,12,1,0,3,90
21265,53902000.0,2691470.4409,19816000,34086000.0,0,6519400.0,1840000,1,8960000,2692000,0,4,0,0,7784000,3,67,12,1,1,1,22508000
21270,296100.0,49721.943888,9000,288000.0,900,0.0,0,1,0,0,0,5,0,1,9000,3,70,8,2,1,3,9000
21275,1217000.0,331839.92986,777000,1361000.0,921000,712000.0,0,1,0,412000,0,1,0,1,65000,3,39,13,1,3,4,1189000
21280,219000.0,48641.032064,106000,221000.0,108000,0.0,0,1,0,100000,0,5,0,0,6000,3,80,13,1,0,3,206000
21285,19165001.0,2237487.4749,4165001,15000000.0,0,3600000.0,2500000,1,10000000,1100000,0,4,0,1,155001,3,79,13,1,0,2,5265001
21290,69300.0,37831.913828,500,134100.0,65300,0.0,0,1,0,0,0,5,0,1,500,2,60,9,2,0,1,500
21295,399174000.0,3264353.7074,102965000,299329000.0,3120000,77530000.0,24450000,1,275000000,66350000,0,3,0,1,10155000,3,87,13,2,0,2,169315000
21300,142170.0,21618.236473,1170,189000.0,48000,0.0,0,1,0,0,0,4,0,0,1170,2,53,11,2,0,1,1170
21305,-7800.0,25941.883768,1600,0.0,9400,0.0,0,0,0,0,0,5,1,0,100,3,27,12,2,0,4,1600
21310,1835500.0,48641.032064,94500,1741000.0,0,88000.0,0,1,0,0,0,4,0,1,6500,2,79,12,2,0,3,94500
21315,1808000.0,865810.37074,1025000,783000.0,0,718000.0,75000,1,0,147000,0,5,0,1,60000,3,65,8,1,0,3,1172000
21320,6500.0,43236.472946,600,5900.0,0,0.0,0,0,0,0,0,5,0,0,600,3,79,14,1,0,1,600
21325,13350.0,30265.531062,3150,25000.0,14800,900.0,900,0,0,0,0,4,1,0,2250,1,38,7,2,0,1,3150
21330,1538850.0,205373.24649,1188000,414000.0,63150,392400.0,0,1,0,1100000,0,5,0,1,88000,3,52,9,1,2,1,2288000
21335,32189000.0,3307590.1804,9050000,23139000.0,0,8327500.0,0,1,18000000,2750000,0,1,0,1,200000,3,57,13,1,1,2,11800000
21340,55200.0,32427.354709,1000,55200.0,1000,0.0,0,1,0,0,0,4,0,0,1000,3,52,5,2,2,1,1000
21345,53480.0,42155.561122,3980,207500.0,158000,2900.0,0,1,0,2900,0,4,0,0,1080,2,44,8,1,1,1,6880
21350,10315500.0,995519.78958,996500,10019000.0,700000,946500.0,0,1,7400000,729000,0,4,0,1,67500,3,49,12,1,3,2,1725500
21355,5200.0,35670.09018,200,8300.0,3300,0.0,0,0,0,0,0,1,1,0,200,2,65,13,1,2,3,200
21360,249900.0,112414.82966,89400,327000.0,166500,5915.0,0,1,0,9100,0,4,0,1,300,3,69,12,1,0,1,98500
21365,-73149.0,99443.887776,3921,200.0,77270,0.0,0,0,200,0,0,4,0,0,3921,3,27,13,2,0,2,3921
21370,156600.0,41074.649299,15700,315900.0,175000,0.0,0,1,0,0,0,5,1,0,15700,2,48,12,2,2,1,15700
21375,129920000.0,5004621.7435,12219000,129520000.0,11819000,725500.0,0,1,68020000,1451000,0,2,0,1,1768000,3,63,13,1,0,2,13670000
21380,945000.0,711239.97996,995000,0.0,50000,603000.0,453000,0,0,150000,0,2,0,1,192000,3,36,13,1,1,1,1145000
21385,4981300.0,437769.28858,4005000,976300.0,0,2390500.0,0,1,0,1590000,0,3,0,1,415000,3,74,13,1,0,3,5595000
21390,108200.0,135113.97796,95400,422000.0,409200,16900.0,0,1,0,68000,0,2,0,1,27400,2,39,12,1,3,1,163400
21395,22261.0,105929.35872,21161,568100.0,567000,21000.0,0,1,0,21000,0,5,1,0,161,2,42,11,2,0,1,42161
21400,409800.0,75663.827655,144800,265000.0,0,0.0,0,1,0,0,0,4,0,1,64800,2,73,8,2,0,3,144800
21405,-36700.0,54045.591182,12300,21000.0,70000,700.0,700,0,0,0,0,5,0,0,11600,3,24,12,1,0,1,12300
21410,424400.0,59666.332665,49500,375300.0,400,9500.0,5000,1,0,34500,0,5,0,0,10000,3,79,12,1,0,3,84000
21415,581740.0,149165.83166,344340,535400.0,298000,132950.0,0,1,0,299000,0,5,0,0,45340,3,46,8,1,2,1,643340
21420,1840.0,22699.148297,2640,4600.0,5400,0.0,0,0,0,0,0,5,0,0,1840,2,71,12,2,0,3,2640
21425,1037000.0,17294.589178,403000,852000.0,218000,0.0,0,1,532000,0,0,3,0,0,403000,3,63,12,1,0,3,403000
21430,897700.0,230234.21844,387000,863900.0,353200,86750.0,0,1,0,375000,0,4,0,0,10500,3,64,8,1,0,1,762000
21435,33870.0,31346.442886,17800,23800.0,7730,0.0,0,0,0,7500,0,4,1,0,4300,2,49,12,2,3,1,25300
21440,200.0,15132.765531,200,0.0,0,0.0,0,0,0,0,0,4,0,0,200,2,65,2,2,0,3,200
21445,180400.0,28103.707415,31300,237400.0,88300,0.0,0,1,24000,0,0,2,0,0,31300,2,46,5,1,1,1,31300
21450,492900.0,81068.386774,147900,369000.0,24000,51100.0,0,1,0,53000,0,4,0,1,1900,3,75,9,1,0,3,200900
21455,4096000.0,733939.12826,2682000,1514000.0,100000,957500.0,100000,1,0,1035000,0,4,0,0,543000,3,68,13,1,0,3,3717000
21460,3630.0,16213.677355,3630,0.0,0,0.0,0,0,0,0,0,4,0,0,1130,2,67,9,2,0,3,3630
21465,2396400.0,871214.92986,1300000,1096400.0,0,185000.0,0,1,0,0,0,1,0,1,1115000,3,52,14,1,1,1,1300000
21470,10294300.0,88634.769539,425000,9869300.0,0,25000.0,0,1,8000000,25000,1,2,0,0,400000,1,81,12,1,0,2,450000
21475,7865500.0,888509.51904,5990000,1875500.0,0,4680000.0,4000000,1,250000,500000,0,4,0,1,1090000,0,56,14,2,0,2,6490000
21480,90030.0,84311.122244,210,135300.0,45480,0.0,0,1,0,0,0,5,0,0,160,3,58,8,2,0,1,210
21485,35800.0,56207.41483,24800,11000.0,0,10800.0,10000,0,0,800,0,3,0,0,14000,3,40,11,2,0,1,25600
21490,9031500.0,1751077.1543,6908500,2123000.0,0,5997000.0,5060000,1,0,997000,0,2,0,1,851500,3,69,14,1,0,2,7905500
21495,3029480.0,191861.8487,2155480,874000.0,0,0.0,0,1,0,490000,0,4,0,1,117480,3,73,12,1,0,3,2645480
21500,264400.0,73502.004008,93400,382000.0,211000,3000.0,0,1,0,30000,0,2,0,0,63400,2,42,14,2,1,1,123400
21505,250.0,14051.853707,250,0.0,0,0.0,0,0,0,0,0,2,0,0,250,1,58,8,2,0,4,250
21510,61260.0,111333.91784,31160,273900.0,243800,260.0,0,1,0,23300,0,5,0,1,5660,3,41,11,1,1,1,54460
21515,65000.0,73502.004008,19200,436800.0,391000,10250.0,9800,1,0,4500,0,5,0,0,4900,1,28,12,1,1,1,23700
21520,4404600.0,573964.17836,2939600,2465000.0,1000000,2181500.0,0,1,783000,1510000,0,1,0,1,139600,3,59,14,1,1,2,4449600
21525,1544000.0,353458.16633,730000,1383000.0,569000,170000.0,20000,1,0,300000,0,4,0,0,410000,3,53,12,1,0,1,1030000
21530,1912400.0,114576.65331,284000,1628400.0,0,67500.0,0,1,950000,270000,0,1,1,1,14000,3,59,13,1,2,3,554000
21535,0.0,32427.354709,0,0.0,0,0.0,0,0,0,0,0,5,0,0,0,2,29,9,2,1,1,0
21540,49700.0,31346.442886,400,248000.0,198700,0.0,0,1,0,0,0,4,0,0,400,3,68,9,2,0,1,400
21545,-16300.0,37831.913828,9400,6300.0,32000,4500.0,0,0,0,4500,0,4,0,1,4500,3,23,12,2,0,1,13900
21550,62784000.0,3534581.6633,46998000,15786000.0,0,11690000.0,5000000,1,11100000,0,0,2,0,1,308000,3,64,12,1,0,1,46998000
21555,608950.0,27238.977956,102000,507000.0,50,0.0,0,1,0,40000,0,2,0,0,7000,1,83,8,2,0,3,142000
21560,162540.0,14051.853707,1240,200000.0,38700,0.0,0,1,0,0,0,5,0,0,1240,2,64,8,1,1,3,1240
21565,11849210.0,423393.16132,9099000,2750210.0,0,0.0,0,1,250000,4474000,0,5,0,0,4275000,3,69,14,1,0,1,13573000
21570,206800.0,129709.41884,134800,207000.0,135000,13000.0,13000,1,0,89000,0,3,0,1,27800,2,34,9,1,2,1,223800
21575,17166.0,68097.44489,25516,5400.0,13750,4200.0,0,0,0,7000,0,2,0,0,9516,3,38,11,2,3,1,32516
21580,54601.0,88634.769539,52801,177400.0,175600,14900.0,3000,0,0,34000,0,5,0,0,5801,3,45,12,1,0,1,86801
21585,12790.0,76744.739479,18190,47100.0,52500,18000.0,0,0,0,18000,0,2,0,0,190,1,43,9,1,0,1,36190
21590,74900.0,18375.501002,1200,86200.0,12500,0.0,0,1,0,0,0,1,0,0,1200,2,65,2,2,1,1,1200
21595,1179505.0,92958.416834,1173005,6500.0,0,875000.0,0,0,0,0,0,5,0,1,2005,3,86,12,2,0,3,1173005
21600,571670.0,262661.57315,420570,316100.0,165000,284320.0,195000,1,0,216000,0,5,0,0,9500,3,43,12,1,2,1,636570
21605,25725000.0,951202.40481,20989000,4736000.0,0,13216000.0,5000000,1,0,1615000,0,1,0,1,2024000,2,52,13,1,2,4,22604000
21610,330320.0,28103.707415,5940,378400.0,54020,1290.0,170,1,0,5600,0,4,1,0,170,3,39,10,1,1,1,11540
21615,64800.0,10592.935872,60800,4000.0,0,0.0,0,0,0,0,0,3,0,0,800,2,42,9,2,3,1,60800
21620,250.0,21618.236473,250,0.0,0,0.0,0,0,0,0,0,4,0,0,250,2,73,6,2,0,3,250
21625,224600.0,24860.971944,2000,272600.0,50000,0.0,0,1,0,0,0,5,0,0,2000,2,64,9,1,0,4,2000
21630,-170.0,32427.354709,80,0.0,250,0.0,0,0,0,0,0,1,1,0,80,2,39,8,2,1,1,80
21635,-39060.0,43236.472946,24500,80000.0,143560,10000.0,0,0,0,10000,0,1,0,0,4500,2,23,12,2,0,1,34500
21640,136040.0,140518.53707,26040,522000.0,412000,0.0,0,1,0,0,0,5,0,0,26040,2,30,9,1,1,1,26040
21645,22800.0,31346.442886,3000,19800.0,0,0.0,0,0,10000,0,0,4,0,0,3000,2,62,12,1,1,3,3000
21650,970.0,12970.941884,970,0.0,0,0.0,0,0,0,0,0,2,0,0,970,0,57,6,2,0,3,970
21655,103934000.0,19326703.407,96240000,7694000.0,0,41239600.0,0,1,0,248000,0,5,0,0,1902000,3,49,12,1,3,2,96488000
21660,1378900.0,162136.77355,260000,1308900.0,190000,70000.0,0,1,0,105000,0,4,0,1,155000,3,40,12,1,2,4,365000
21665,88110000.0,1967259.519,14200000,73910000.0,0,200000.0,200000,1,69307000,0,0,3,0,1,1500000,2,72,14,1,0,2,14200000
21670,8362400.0,1080911.8236,4158500,4426000.0,222100,2725000.0,100000,1,1500000,735000,0,2,0,1,124300,3,59,12,1,0,2,4893500
21675,19501.0,33508.266533,7501,12000.0,0,220.0,100,0,0,1200,0,5,0,0,1,2,35,8,2,0,1,8701
21680,5143000.0,68097.44489,2045000,3956000.0,858000,600000.0,600000,1,600000,755000,0,2,0,1,22000,3,82,12,1,0,3,2800000
21685,260.0,33508.266533,260,0.0,0,0.0,0,0,0,0,0,5,0,0,260,2,50,1,2,2,1,260
21690,17728000.0,555588.67735,12928000,4800000.0,0,8774500.0,0,1,0,10795000,0,4,0,1,1633000,3,73,12,1,1,3,23723000
21695,15400.0,70259.268537,12000,12000.0,8600,0.0,0,0,0,0,1,2,1,0,12000,2,42,2,1,4,2,12000
21700,17300.0,88634.769539,29000,0.0,11700,16200.0,1000,0,0,19000,0,3,1,0,9000,1,47,8,2,0,1,48000
21705,25700.0,45398.296593,8700,25000.0,8000,3000.0,0,0,0,3000,0,5,1,0,5700,2,43,12,1,4,1,11700
21710,215700.0,147004.00802,72700,355700.0,212700,49000.0,0,1,0,70000,1,4,0,0,2700,3,36,13,2,0,1,142700
21715,955400.0,116738.47695,915500,195800.0,155900,824000.0,212000,1,0,632000,0,1,0,0,70300,3,53,9,1,0,1,1547500
21720,9641500.0,243205.16032,608000,9033500.0,0,61000.0,0,1,8150000,183000,0,4,0,1,425000,3,72,10,1,0,2,791000
21725,100.0,25941.883768,100,0.0,0,0.0,0,0,0,0,1,2,0,0,100,2,20,6,1,0,1,100
21730,292400.0,86472.945892,33200,272700.0,13500,0.0,0,1,0,0,0,5,0,1,27200,3,37,10,1,3,2,33200
21735,344500.0,49721.943888,65900,303000.0,24400,0.0,0,1,0,57000,0,5,0,0,6400,2,64,8,1,0,3,122900
21740,5473900.0,529646.79359,4671300,4486600.0,3684000,4599080.0,3690000,1,0,20800,0,2,0,0,60500,3,54,13,1,2,1,4692100
21745,572930.0,26158.066132,263930,309000.0,0,195000.0,45000,1,0,68000,0,4,0,1,200,3,83,7,2,0,3,331930
21750,88550.0,32427.354709,2550,96000.0,10000,0.0,0,1,0,0,0,5,0,1,2550,1,87,9,2,1,3,2550
21755,361930.0,190240.48096,241680,239000.0,118750,218580.0,80,1,0,216000,0,5,1,0,6100,2,59,9,1,2,1,457680
21760,460.0,22699.148297,460,0.0,0,0.0,0,0,0,0,0,2,0,0,460,1,22,8,2,1,1,460
21765,42900.0,2810.3707415,37200,5700.0,0,0.0,0,0,0,0,0,4,0,0,2000,3,71,13,2,0,3,37200
21770,6960.0,103767.53507,5360,21700.0,20100,0.0,0,0,0,0,0,2,0,0,4760,1,47,8,1,2,1,5360
21775,1446500.0,37831.913828,26000,1421000.0,500,0.0,0,1,925000,25000,0,5,0,0,1000,3,50,12,1,2,2,51000
21780,882600.0,67016.533066,618600,264000.0,0,377100.0,0,1,0,511000,0,4,0,1,27600,2,72,12,1,0,3,1129600
21785,-11900.0,55126.503006,300,4700.0,16900,0.0,0,0,0,0,0,2,1,0,300,1,30,8,1,1,2,300
21790,378662000.0,32470591.182,353868000,24794000.0,0,210930000.0,210930000,1,3910000,0,0,3,0,1,20198000,2,79,14,1,0,2,353868000
21795,1445500.0,443173.8477,859100,1163900.0,577500,456900.0,0,1,0,304000,0,4,0,1,66100,3,49,14,1,3,1,1163100
21800,455900.0,118900.3006,336400,246000.0,126500,57550.0,0,1,0,221000,0,2,0,1,115400,3,48,11,1,1,1,557400
21805,4886100.0,567478.70741,2646100,2515000.0,275000,1060600.0,0,1,0,1496000,0,3,0,1,350100,3,75,14,1,0,3,4142100
21810,-23300.0,286441.63327,9700,0.0,33000,0.0,0,0,0,0,0,2,0,1,9700,3,39,13,1,2,1,9700
21815,51960.0,33508.266533,40160,15000.0,3200,0.0,0,0,0,0,0,5,0,0,30000,1,80,13,2,0,3,40160
21820,88304310.0,15192215.681,70150310,18154000.0,0,34739350.0,0,1,0,18014000,0,5,0,1,22121810,3,64,14,1,0,3,88164310
21825,300110.0,64854.709419,35010,353000.0,87900,0.0,0,1,0,0,0,5,0,0,10,2,49,9,2,3,1,35010
21830,5760.0,54045.591182,17800,0.0,12040,5100.0,0,0,0,17000,0,4,0,0,800,1,54,8,2,0,1,34800
21835,2070980.0,0.0,630,2070350.0,0,0.0,0,1,1711108,0,0,5,0,0,630,2,59,8,1,1,4,630
21840,14501.0,43236.472946,3001,26500.0,15000,0.0,0,0,0,0,0,3,1,0,1,1,23,8,2,0,1,3001
21845,281200.0,161055.86172,141200,420000.0,280000,20240.0,17000,1,0,23200,0,3,0,0,101000,3,30,12,1,0,1,164400
21850,704900.0,9728.2064128,4000,701000.0,100,0.0,0,1,0,0,0,4,0,0,4000,3,75,-1,2,1,3,4000
21855,830500.0,68097.44489,441700,388800.0,0,25000.0,0,1,0,250000,0,4,0,0,91700,2,66,14,2,0,1,691700
21860,442000.0,54045.591182,26000,416000.0,0,15000.0,5000,1,300000,20000,0,1,0,0,1000,3,49,9,2,0,2,46000
21865,194400.0,37831.913828,1000,193400.0,0,0.0,0,1,21000,0,0,3,0,0,1000,3,63,2,1,1,2,1000
21870,10050.0,10809.118236,50,10000.0,0,0.0,0,0,0,0,0,1,0,0,50,2,48,4,2,0,2,50
21875,1007160510.0,4907339.6794,795594000,211566510.0,0,742931000.0,382210000,1,55690000,10721000,0,1,0,1,1027000,3,61,13,1,0,2,806315000
21880,0.0,8106.8386774,0,0.0,0,0.0,0,0,0,0,0,4,0,0,0,1,32,5,2,0,1,0
21885,71425000.0,567478.70741,13936000,57489000.0,0,3576000.0,750000,1,54050000,326000,0,4,0,1,60000,0,49,14,1,3,2,14262000
21890,11200.0,34589.178357,3300,8400.0,500,1000.0,1000,0,0,0,0,4,1,1,2300,1,64,8,1,0,1,3300
21895,9670.0,27022.795591,1170,20200.0,11700,0.0,0,0,0,0,0,3,0,0,1170,1,32,3,1,1,1,1170
21900,14889000.0,1837550.1002,7650000,7239000.0,0,7000000.0,0,1,2300000,4600000,1,5,0,1,450000,3,67,12,2,0,2,12250000
21905,3869900.0,105929.35872,684000,3258000.0,72100,270200.0,31000,1,2780000,232000,0,2,0,1,78000,3,48,12,1,3,2,916000
21910,-13799.0,21618.236473,1,0.0,13800,0.0,0,0,0,0,0,4,1,0,1,1,33,13,2,0,1,1
21915,4405.0,21618.236473,5,4400.0,0,0.0,0,0,0,0,1,3,0,0,5,1,50,6,2,0,3,5
21920,17690.0,43236.472946,370,30200.0,12880,0.0,0,0,0,0,0,2,1,0,270,3,41,4,1,3,2,370
21925,913400.0,83122.119238,228400,685000.0,0,205000.0,0,1,0,205000,0,2,0,1,1100,2,74,13,1,0,3,433400
21930,9862900.0,21888464.429,9362900,500000.0,0,457000.0,457000,0,0,90000,1,1,0,0,234900,2,37,12,2,0,2,9452900
21935,45000.0,32427.354709,31100,14900.0,1000,29000.0,0,0,0,29000,0,3,0,0,2100,2,30,8,2,0,1,60100
21940,4028000.0,742370.24048,2754000,1774000.0,500000,2134000.0,100000,1,0,240000,0,2,0,1,214000,3,32,14,1,0,1,2994000
21945,-154660.0,45625.288076,6820,0.0,161480,1140.0,0,0,0,600,0,5,0,0,60,3,31,13,2,0,1,7420
21950,2569000.0,127547.59519,1880000,736000.0,47000,1580800.0,1200000,1,0,544000,0,4,0,1,136000,3,64,14,1,0,1,2424000
21955,1107700.0,62692.885772,380700,729000.0,2000,0.0,0,1,0,0,0,2,0,1,5700,3,69,10,2,2,3,380700
21960,1111900.0,84311.122244,3400,1804500.0,696000,0.0,0,1,0,0,0,2,1,1,3400,3,71,10,1,1,3,3400
21965,106080.0,92958.416834,21080,342100.0,257100,1000.0,0,1,0,10000,0,4,1,0,11080,2,42,8,1,5,1,31080
21970,0.0,24860.971944,0,0.0,0,0.0,0,0,0,0,0,4,0,0,0,2,39,8,1,4,1,0
21975,-2720.0,2378.006012,310,0.0,3030,0.0,0,0,0,0,1,1,0,0,310,0,21,8,2,0,1,310
21980,114100.0,108091.18236,21100,224000.0,131000,14430.0,0,1,0,18300,0,2,1,0,2800,1,34,8,1,4,1,39400
21985,5120.0,22699.148297,11120,0.0,6000,0.0,0,0,0,0,0,4,0,0,1120,2,80,10,2,0,3,11120
21990,17029000.0,1070102.7054,3249000,14770000.0,990000,480000.0,0,0,13670000,998000,0,3,0,1,551000,3,56,12,1,0,2,4247000
21995,109660.0,30265.531062,1740,108400.0,480,0.0,0,1,70500,0,0,4,1,0,1740,3,48,7,1,0,3,1740
22000,-37620.0,56207.41483,880,14500.0,53000,0.0,0,0,0,0,0,4,0,0,880,3,50,11,2,0,1,880
22005,44100.0,37831.913828,32000,211100.0,199000,5400.0,0,1,0,27000,0,2,0,0,5000,3,38,12,2,0,1,59000
22010,576500.0,159974.9499,128500,608300.0,160300,75000.0,0,1,0,75000,0,5,0,1,53500,3,56,12,1,0,3,203500
22015,708400.0,52964.679359,621000,119400.0,32000,616000.0,0,1,0,616000,0,2,0,0,5000,2,62,8,2,0,3,1237000
22020,3820.0,27022.795591,4000,0.0,180,0.0,0,0,0,0,0,2,1,0,4000,2,26,8,2,0,4,4000
22025,87820.0,51883.767535,720,87300.0,200,0.0,0,1,0,0,0,2,1,0,550,1,53,9,1,0,1,720
22030,4058800.0,185916.83367,616000,3442800.0,0,53950.0,0,1,3280000,323000,0,2,0,1,271000,3,67,12,2,0,3,939000
22035,436730100.0,0.0,11460100,425520000.0,250000,10010000.0,10010000,1,424370000,385000,0,2,0,1,116100,2,70,12,2,0,2,11845100
22040,3567500.0,79987.47495,2932000,650000.0,14500,1616500.0,0,1,0,2300000,0,3,0,1,632000,3,68,14,2,0,3,5232000
22045,241470.0,67016.533066,54670,307500.0,120700,9654.0,0,1,0,51580,0,5,1,0,890,2,40,9,2,2,1,106250
22050,58201.0,102686.62325,99201,31000.0,72000,67750.0,0,0,0,92000,0,3,1,0,7201,3,40,13,1,3,1,191201
22055,86200.0,60531.062124,5200,99000.0,18000,0.0,0,1,0,0,0,1,0,0,5200,3,59,9,2,1,3,5200
22060,36420.0,56207.41483,7100,64000.0,34680,0.0,0,0,0,0,0,4,0,0,7100,1,49,8,1,0,1,7100
22065,395000.0,16213.677355,385700,9300.0,0,0.0,0,0,0,0,0,5,0,0,700,2,72,8,2,0,3,385700
22070,1774000.0,197806.86373,356000,1818500.0,400500,333000.0,100000,1,0,233000,0,3,0,1,23000,3,63,13,1,0,4,589000
22075,8350.0,30265.531062,1950,9000.0,2600,0.0,0,0,0,0,0,5,0,0,1950,2,75,12,2,0,2,1950
22080,440.0,12970.941884,810,0.0,370,0.0,0,0,0,0,0,4,0,1,210,1,71,8,1,2,3,810
22085,12851500.0,2777943.3868,7770500,5081000.0,0,4634500.0,185000,1,1280000,2288000,0,5,0,1,542500,3,60,13,1,1,2,10058500
22090,1357300.0,108091.18236,118000,1239300.0,0,64000.0,0,1,0,0,0,4,0,1,54000,3,44,14,1,3,1,118000
22095,4300.0,27022.795591,590,18100.0,14390,0.0,0,0,0,0,0,1,1,0,590,2,30,8,2,1,1,590
22100,1060400.0,91553.231463,134400,945000.0,19000,127000.0,0,1,0,127000,0,5,0,1,7300,2,87,12,2,0,3,261400
22105,308930.0,81068.386774,108140,280990.0,80200,39250.0,0,1,0,72000,0,2,0,0,36140,1,61,8,1,1,3,180140
22110,23079900.0,3269758.2665,2280000,20799900.0,0,300000.0,0,1,20000000,300000,0,5,0,1,1980000,2,81,14,1,0,2,2580000
22115,287310.0,102686.62325,3200,423300.0,139190,0.0,0,1,0,0,0,5,1,0,3200,2,53,7,1,2,1,3200
22120,126950.0,63773.797595,140600,18000.0,31650,39700.0,4700,0,0,100000,1,4,0,0,8900,3,46,12,2,1,1,240600
22125,261239000.0,47397983.467,61332000,199907000.0,0,55212000.0,4870000,1,192430000,342000,1,5,0,1,5628000,3,67,13,1,0,2,61674000
22130,-8990.0,19456.412826,10,19000.0,28000,0.0,0,0,0,0,0,1,1,0,10,1,30,3,1,2,4,10
22135,77540.0,20537.324649,2300,155000.0,79760,0.0,0,1,0,0,0,1,0,0,2300,2,70,9,1,0,3,2300
22140,-49890.0,15132.765531,110,0.0,50000,0.0,0,0,0,0,0,4,0,0,110,0,37,6,2,4,4,110
22145,165900.0,79987.47495,61720,305100.0,200920,60900.0,0,1,0,60900,0,4,1,0,820,3,57,1,1,1,1,122620
22150,4059220.0,313464.42886,810320,3591900.0,343000,600000.0,0,1,2200000,0,0,5,0,1,90320,3,48,12,1,3,2,810320
22155,8626000.0,578287.82565,2786000,7641000.0,1801000,2061000.0,650000,1,0,432000,0,3,0,1,754000,3,49,12,1,4,1,3218000
22160,976400.0,41074.649299,22500,1415900.0,462000,7500.0,500,1,0,7000,0,5,0,0,15000,2,61,12,1,0,2,29500
22165,61763000.0,3420005.01,48753000,13010000.0,0,19550000.0,250000,1,0,5000000,0,2,0,1,3749000,3,80,14,1,0,1,53753000
22170,-8600.0,23780.06012,900,0.0,9500,0.0,0,0,0,0,0,4,1,0,900,1,22,9,1,2,4,900
22175,-1190.0,14051.853707,1010,0.0,2200,0.0,0,0,0,0,0,4,1,0,1010,3,60,8,2,0,3,1010
22180,24855000.0,3437299.5992,4073000,20782000.0,0,2380000.0,0,1,20000000,680000,0,3,0,1,977000,3,52,13,1,3,2,4753000
22185,-5000.0,96201.152305,20900,37000.0,62900,3900.0,600,0,0,3300,0,3,0,0,17000,3,32,9,1,1,1,24200
22190,102443100.0,3999373.7475,90851100,11592000.0,0,47000000.0,20000000,1,0,1651000,0,5,0,1,200100,0,58,13,1,1,1,92502100
22195,542300.0,410746.49299,85200,629100.0,172000,79210.0,0,1,202000,53200,0,5,0,1,2000,3,46,12,1,3,1,138400
22200,259200.0,83230.210421,112200,147000.0,0,0.0,0,1,0,0,0,5,0,1,111000,3,74,9,1,2,3,112200
22205,100.0,12970.941884,100,0.0,0,0.0,0,0,0,0,0,1,0,0,100,1,47,7,2,0,1,100
22210,55550.0,62692.885772,44550,11000.0,0,0.0,0,0,0,0,0,1,0,1,32050,2,63,3,2,0,1,44550
22215,579250.0,122143.03607,354800,412000.0,187550,40800.0,0,1,0,328000,0,4,0,1,20600,3,43,11,1,1,1,682800
22220,319820.0,104848.44689,84770,341500.0,106450,73000.0,0,1,0,73000,0,2,0,1,11770,3,35,12,1,1,1,157770
22225,61000.0,17294.589178,1000,160000.0,100000,0.0,0,1,0,0,0,2,0,0,1000,2,29,8,1,0,4,1000
22230,318550.0,54045.591182,23520,358000.0,62970,2000.0,0,1,125000,20000,0,5,0,0,3020,3,64,8,1,0,3,43520
22235,928000.0,74582.915832,526000,479000.0,77000,244800.0,0,1,0,0,0,4,0,1,118000,3,69,8,2,0,3,526000
22240,1609200.0,45398.296593,326200,1317000.0,34000,44250.0,0,1,1084000,295000,0,4,0,1,31200,3,71,8,1,0,2,621200
22245,62218000.0,1891595.6914,38976000,23242000.0,0,34196000.0,31400000,1,0,3500000,0,5,0,1,1180000,3,76,11,1,0,3,42476000
22250,200500.0,81068.386774,65600,150000.0,15100,27750.0,25000,0,0,5000,0,2,0,1,35600,3,45,13,1,2,1,70600
22255,54346200.0,5945015.0301,22212000,32134200.0,0,10357000.0,227000,1,15520000,50000,0,4,0,1,10113000,3,82,14,1,0,2,22262000
22260,2249500.0,217263.27655,1599500,667000.0,17000,1016400.0,100000,1,0,958000,0,1,0,1,141500,2,60,8,2,0,1,2557500
22265,252800.0,37831.913828,2200,762000.0,511400,0.0,0,1,0,0,0,5,0,0,2200,3,57,12,2,0,2,2200
22270,2.0,10484.844689,2,0.0,0,1.0,1,0,0,0,0,5,0,1,1,2,26,8,2,0,4,2
22275,168900.0,59450.150301,48500,216400.0,96000,41000.0,0,1,0,41000,0,5,0,1,7500,1,37,9,2,1,1,89500
22280,31100.0,102686.62325,27100,31000.0,27000,0.0,0,0,0,0,0,5,0,1,26100,2,69,12,1,0,3,27100
22285,3827350.0,111874.37375,694350,3133000.0,0,0.0,0,1,0,313000,0,3,0,1,231350,3,73,13,1,0,3,1007350
22290,12350.0,35670.09018,22400,16000.0,26050,0.0,0,0,0,0,0,2,1,0,200,2,42,8,2,2,1,22400
22295,-19700.0,37831.913828,1400,0.0,21100,0.0,0,0,0,1400,0,5,0,0,0,2,32,9,1,0,1,2800
22300,1625000.0,145923.09619,1136300,488700.0,0,551000.0,500000,1,0,85000,0,2,0,1,151300,3,68,9,1,0,3,1221300
22305,2294400.0,125385.77154,210000,2084400.0,0,0.0,0,1,1000000,0,0,5,0,0,210000,3,70,7,2,0,2,210000
22310,12810900.0,75663.827655,126500,13295000.0,610600,25600.0,0,1,12500000,0,0,4,0,0,123500,3,31,12,1,1,2,126500
22315,-55940.0,50802.855711,560,15000.0,71500,0.0,0,0,0,0,0,5,1,0,560,3,63,12,2,1,3,560
22320,885850.0,77825.651303,46380,1077100.0,237630,41000.0,11000,1,370000,30000,0,3,0,0,5380,3,59,3,1,0,4,76380
22325,855750.0,122143.03607,132750,871000.0,148000,9200.0,4200,1,360000,101500,0,5,0,1,27050,1,59,6,1,0,2,234250
22330,1072000.0,216182.36473,329000,743000.0,0,41600.0,0,1,200000,249000,0,2,0,0,80000,3,60,8,1,0,2,578000
22335,352300.0,51883.767535,11300,401000.0,60000,0.0,0,1,0,0,0,2,0,0,11000,1,77,8,2,0,3,11300
22340,4667000.0,62692.885772,3546000,1150000.0,29000,329250.0,19000,1,0,1291000,0,5,0,1,536000,3,69,13,1,0,3,4837000
22345,192400.0,56207.41483,172350,31050.0,11000,71500.0,24000,0,20000,95000,0,4,0,0,38350,3,45,13,2,0,1,267350
22350,165700.0,113495.74148,49400,493000.0,376700,29040.0,0,1,0,29200,0,4,0,0,20200,3,41,12,1,1,1,78600
22355,55270.0,42155.561122,8020,51000.0,3750,0.0,0,1,0,0,0,5,0,0,8020,3,65,9,2,0,3,8020
22360,1594300.0,196725.9519,695000,1128200.0,228900,196000.0,0,1,0,652000,0,1,0,1,18000,3,55,12,1,1,1,1347000
22365,16820100.0,372914.57916,15030000,1790100.0,0,11695000.0,1000000,1,0,400000,0,4,1,1,1130000,3,72,14,1,0,3,15430000
22370,23963000.0,572883.26653,13612000,10351000.0,0,10265000.0,7360000,1,300000,0,0,5,1,1,223000,3,66,9,2,0,3,13612000
22375,113500.0,183755.01002,30900,293000.0,210400,0.0,0,1,0,0,0,4,0,1,25900,2,41,12,1,2,1,30900
22380,145010.0,18375.501002,50010,95000.0,0,0.0,0,1,0,0,0,5,0,1,50010,2,62,6,2,0,3,50010
22385,22143000.0,492895.79158,14614000,7532000.0,3000,11975400.0,9820000,1,6000000,1636000,0,2,0,1,1928000,2,49,12,1,2,2,16250000
22390,888600.0,58369.238477,134500,933100.0,179000,0.0,0,1,0,0,0,2,0,1,134500,3,60,9,2,0,1,134500
22395,646700.0,145923.09619,426800,429900.0,210000,210000.0,0,1,0,420000,0,4,0,0,6800,3,61,13,1,1,1,846800
22400,8499800.0,1880786.5731,2985000,5514800.0,0,716250.0,0,1,2850000,1525000,0,1,0,1,1210000,3,72,13,1,0,3,4510000
22405,167198000.0,15742183.617,10069000,163669000.0,6540000,5807700.0,5740000,1,147620000,3173000,0,5,0,0,1156000,3,76,13,1,0,2,13242000
22410,702200.0,62692.885772,513200,189000.0,0,0.0,0,1,0,100000,0,4,0,1,63200,3,61,11,2,1,3,613200
22415,77981.0,101605.71142,67001,31000.0,20020,54400.0,0,0,0,64000,0,1,0,0,3001,2,46,10,1,1,1,131001
22420,45980090.0,13424924.85,40571090,6269000.0,860000,23829650.0,11220000,1,0,1037000,0,2,0,1,174090,3,44,12,1,2,1,41608090
22425,324800.0,43236.472946,42300,522500.0,240000,0.0,0,1,0,12000,0,5,0,0,30300,3,34,12,1,3,4,54300
22430,2484800.0,121062.12425,2027800,655000.0,198000,1330000.0,200000,1,0,1550000,1,5,0,1,76300,3,71,12,2,0,3,3577800
22435,196200.0,55126.503006,51200,218000.0,73000,50000.0,0,1,0,50000,0,1,1,0,1200,1,61,8,1,0,1,101200
22440,928500.0,283198.8978,800600,427300.0,299400,155000.0,60000,1,0,699000,0,4,0,1,41600,3,47,14,1,2,1,1499600
22445,8320000.0,369671.84369,1450000,6905000.0,35000,1127100.0,0,1,5000000,1326000,0,2,0,1,35000,3,77,12,2,0,3,2776000
22450,24067100.0,489653.05611,5717000,18350100.0,0,4756000.0,2200000,1,90000,1800000,0,5,0,1,255000,2,79,12,1,0,2,7517000
22455,20690000.0,1286285.0701,18085000,2605000.0,0,3952000.0,200000,1,0,2400000,0,2,0,1,9285000,3,67,13,1,0,3,20485000
22460,589160100.0,12927705.411,203345200,397264900.0,11450000,180817000.0,38300000,1,339680000,17000,1,5,0,1,20028200,3,65,14,1,4,2,203362200
22465,4430950.0,1113339.1784,3265050,1167900.0,2000,2985000.0,0,1,100000,1670000,0,3,0,1,795050,3,49,14,1,3,2,4935050
22470,709320.0,55126.503006,697700,33000.0,21380,488800.0,0,0,0,3000,0,3,0,0,700,2,28,10,1,2,1,700700
22475,471933000.0,9663351.7034,227464000,244469000.0,0,172940000.0,22940000,1,194070000,1832000,0,2,0,1,21077000,3,61,13,1,0,3,229296000
22480,773030.0,51883.767535,155030,618000.0,0,6250.0,0,1,0,0,0,4,0,1,117230,2,59,12,2,1,4,155030
22485,10100.0,32427.354709,0,10100.0,0,0.0,0,0,0,0,0,5,0,0,0,2,43,1,2,3,1,0
22490,46540.0,27022.795591,2000,44600.0,60,0.0,0,1,0,0,0,4,0,0,2000,0,45,7,1,3,1,2000
22495,5159000.0,241043.33667,4448000,729000.0,18000,1475000.0,0,1,20000,500000,0,5,0,0,613000,3,64,12,1,0,3,4948000
22500,17520.0,118900.3006,14600,48000.0,45080,6000.0,0,0,0,9000,0,2,0,1,5600,3,46,8,1,0,1,23600
22505,12830.0,15132.765531,1630,54000.0,42800,0.0,0,0,0,0,0,2,0,0,30,1,69,9,1,1,2,1630
22510,7500.0,45398.296593,1700,5800.0,0,0.0,0,0,0,0,1,5,0,1,1700,1,76,8,1,0,3,1700
22515,276830.0,116738.47695,116720,328400.0,168290,27400.0,0,1,0,113000,0,4,0,1,3720,3,59,8,1,0,1,229720
22520,251100.0,109172.09419,107100,381400.0,237400,0.0,0,1,81000,0,0,5,0,1,107100,1,52,12,1,1,1,107100
22525,188500.0,88634.769539,38500,400000.0,250000,5550.0,0,1,0,37000,0,3,0,1,1500,2,54,9,1,3,1,75500
22530,51300.0,64854.709419,34300,17000.0,0,1000.0,0,0,0,30000,0,1,0,0,4300,3,35,12,2,1,1,64300
22535,491200.0,38912.825651,284500,206700.0,0,15000.0,0,1,0,60000,0,3,0,1,224000,3,65,10,2,0,1,344500
22540,299800.0,118900.3006,173600,282400.0,156200,155000.0,0,0,0,155000,0,2,0,0,8600,3,45,8,1,0,1,328600
22545,23000.0,54045.591182,10200,24500.0,11700,0.0,0,0,0,0,0,5,0,0,10200,1,39,8,2,1,1,10200
22550,554400.0,145923.09619,141600,525000.0,112200,82300.0,40000,1,0,84600,0,5,0,1,17000,3,40,12,1,1,1,226200
22555,2573800.0,419393.78758,1811500,1437300.0,675000,1253900.0,703000,1,88000,638000,0,5,0,1,40500,3,45,14,1,0,2,2449500
22560,776170.0,202130.51102,51170,1218000.0,493000,40150.0,150,1,400000,40000,0,1,0,0,10770,3,34,10,1,2,2,91170
22565,175110.0,32427.354709,110,175000.0,0,0.0,0,1,0,0,0,3,0,0,110,2,77,8,1,0,3,110
22570,56030.0,102686.62325,53770,172600.0,170340,35000.0,0,1,0,50000,0,2,1,1,3770,1,44,11,1,2,1,103770
22575,42301.0,43236.472946,26301,16000.0,0,14300.0,0,0,0,22000,0,2,0,0,4301,2,48,12,1,3,1,48301
22580,-8200.0,111333.91784,51800,0.0,60000,0.0,0,0,0,0,0,4,0,0,1800,2,47,8,2,0,1,51800
22585,21370.0,22699.148297,70,21300.0,0,0.0,0,0,0,0,0,5,0,0,70,3,34,9,1,1,1,70
22590,93800.0,47560.12024,2100,281600.0,189900,0.0,0,1,0,0,0,4,0,0,2100,3,37,8,1,1,4,2100
22595,279200.0,29184.619238,1100,293300.0,15200,0.0,0,1,0,0,0,4,0,0,1100,2,51,2,1,2,1,1100
22600,129101.0,21618.236473,1,196500.0,67400,0.0,0,1,0,0,0,4,0,0,1,2,57,8,1,0,3,1
22605,9576300.0,423717.43487,3974500,7101800.0,1500000,3189000.0,0,1,6000000,40000,1,3,0,1,9500,2,24,8,2,0,2,4014500
22610,316000.0,22699.148297,152000,164000.0,0,62000.0,62000,1,0,0,0,4,0,1,10000,1,80,8,2,0,3,152000
22615,12540.0,24860.971944,400,12140.0,0,0.0,0,0,740,0,0,3,0,0,400,2,59,7,2,3,2,400
22620,87853000.0,24179997.495,14980000,95023000.0,22150000,8703000.0,8000000,1,87800000,0,0,2,0,1,3242000,3,77,13,2,0,2,14980000
22625,377900.0,142680.36072,88900,620000.0,331000,12930.0,8000,1,0,32400,0,4,0,1,48500,3,25,12,1,0,1,121300
22630,-27700.0,33508.266533,2000,0.0,29700,0.0,0,0,0,0,0,4,0,0,2000,0,23,11,2,0,4,2000
22635,122900.0,18375.501002,113000,9900.0,0,0.0,0,0,0,0,0,4,0,0,4000,0,77,10,2,0,3,113000
22640,6027000.0,169703.15631,5323500,1471000.0,767500,2647000.0,0,1,176000,682000,0,2,0,1,144500,3,65,13,1,0,2,6005500
22645,141850.0,74582.915832,24850,304000.0,187000,24000.0,0,1,0,24000,0,5,0,0,850,1,61,8,1,0,3,48850
22650,7568200.0,1415994.489,3407000,4521200.0,360000,502000.0,220000,1,2510000,270000,0,3,0,0,2297000,3,62,9,1,0,2,3677000
22655,1997600.0,85392.034068,1165000,837100.0,4500,775000.0,400000,1,0,50000,0,2,0,1,40000,3,75,9,1,0,3,1215000
22660,26133000.0,0.0,4370000,21774000.0,11000,1750000.0,0,1,18750000,0,0,4,0,1,570000,3,59,13,1,0,2,4370000
22665,1010500.0,43236.472946,43500,1341000.0,374000,41000.0,0,1,0,41000,0,2,0,1,2500,1,64,12,2,1,1,84500
22670,79250.0,115657.56513,25750,343500.0,290000,2150.0,0,1,0,4050,0,5,0,1,21700,3,37,12,1,4,1,29800
22675,1430900.0,181593.18637,1092200,738700.0,400000,726900.0,0,1,0,1071000,0,1,0,0,21200,3,58,13,1,1,1,2163200
22680,3340000.0,123223.9479,2790000,550000.0,0,2000000.0,0,1,0,740000,0,5,0,1,30000,3,77,13,2,0,3,3530000
22685,316750.0,64854.709419,17000,443850.0,144100,4000.0,0,1,0,0,0,3,0,1,13000,3,45,12,2,1,3,17000
22690,147000.0,35670.09018,1000,148000.0,2000,0.0,0,1,0,0,0,5,0,0,1000,3,69,8,1,0,3,1000
22695,507750.0,97282.064128,648050,0.0,140300,320000.0,0,0,0,0,0,3,1,0,110050,2,53,12,1,0,4,648050
22700,50222000.0,2994125.7515,34590000,15772000.0,140000,32530000.0,30000000,1,3010000,2530000,0,2,0,1,60000,2,82,13,1,0,2,37120000
22705,3940.0,32427.354709,540,3400.0,0,0.0,0,0,0,0,0,5,0,0,540,2,21,8,1,0,4,540
22710,7853760.0,528565.88176,4242500,3687800.0,76540,2593500.0,200000,1,80000,3380000,0,2,0,1,112500,3,64,9,1,0,1,7622500
22715,112211000.0,509109.46894,2605000,111306000.0,1700000,2500000.0,0,1,106400000,0,0,4,0,1,105000,3,63,8,1,0,2,2605000
22720,557200.0,270227.95591,262800,427400.0,133000,198800.0,4800,1,0,194000,0,5,0,1,64000,3,65,8,1,0,1,456800
22725,22850.0,54045.591182,6850,16000.0,0,0.0,0,0,0,0,0,4,0,1,1850,1,26,8,1,0,1,6850
22730,12525000.0,64854.709419,1822000,10853000.0,150000,400000.0,0,1,10000000,1200000,0,4,0,0,222000,3,53,8,2,0,2,3022000
22735,4000.0,11890.03006,500,3500.0,0,0.0,0,0,0,0,0,2,0,0,300,2,61,4,2,0,3,500
22740,800700.0,118900.3006,24700,1000000.0,224000,3000.0,0,1,0,0,0,4,0,1,18700,3,67,11,2,1,3,24700
22745,5000.0,27022.795591,5000,100.0,100,2000.0,2000,0,0,0,0,4,0,0,3000,2,26,9,2,0,1,5000
22750,42900.0,54045.591182,20100,143700.0,120900,0.0,0,1,0,0,0,4,0,0,20100,1,20,8,1,0,1,20100
22755,-35960.0,48641.032064,10240,13000.0,59200,1028.5,0,0,0,4240,0,4,0,1,6000,2,48,12,2,0,1,14480
22760,797120.0,180512.27455,186220,831000.0,220100,35200.0,0,1,0,71000,0,2,0,1,41220,3,56,12,1,0,1,257220
22765,2213000.0,108091.18236,1802000,411000.0,0,996000.0,200000,1,0,692000,0,4,0,0,110000,3,69,8,2,0,1,2494000
22770,457000.0,77501.377756,105000,373000.0,21000,31500.0,0,1,0,90000,0,2,0,1,15000,3,67,11,2,0,3,195000
22775,-14700.0,119981.21242,13600,9000.0,37300,0.0,0,0,0,0,0,4,0,1,13600,3,33,9,1,1,1,13600
22780,747400.0,94039.328657,378400,369000.0,0,182500.0,0,1,0,0,0,5,0,1,13400,3,80,12,2,0,3,378400
22785,60200.0,24860.971944,30200,168000.0,138000,0.0,0,1,0,0,0,5,0,1,200,3,68,10,2,0,3,30200
22790,1093500.0,281037.07415,641000,626000.0,173500,169500.0,7000,1,0,500000,0,5,0,0,14000,1,59,14,1,1,1,1141000
22795,564000.0,164298.59719,216900,427600.0,80500,110750.0,10000,1,0,156000,0,3,0,1,43000,3,47,10,1,1,1,372900
22800,7355390.0,1837550.1002,2989390,5036000.0,670000,596590.0,7000,1,0,890000,0,5,0,1,725390,3,67,12,1,0,3,3879390
22805,136900600.0,3934519.0381,122964600,13936000.0,0,97088400.0,14760000,1,4187000,2773000,0,2,0,1,12119600,3,64,14,1,0,3,125737600
22810,31400.0,41074.649299,2500,30000.0,1100,1000.0,1000,0,0,0,0,5,0,0,1500,2,43,11,2,1,1,2500
22815,87640.0,37831.913828,4100,95200.0,11660,0.0,0,1,0,0,0,4,0,0,4100,1,75,9,1,0,3,4100
22820,21040.0,16213.677355,40,23000.0,2000,0.0,0,0,0,0,0,1,0,0,40,2,52,10,2,1,1,40
22825,28010.0,51883.767535,10710,17300.0,0,0.0,0,0,0,0,0,4,0,0,10710,2,23,8,1,0,1,10710
22830,3298000.0,630171.59319,1550000,2500000.0,752000,901400.0,0,1,0,470000,0,5,0,1,180000,3,47,12,2,2,1,2020000
22835,3229000.0,90796.593186,2085000,1144000.0,0,741000.0,5000,1,0,1840000,0,4,0,1,230000,3,70,14,2,0,3,3925000
22840,740200.0,77825.651303,230000,559000.0,48800,0.0,0,0,350000,150000,0,4,0,0,80000,3,47,14,2,0,2,380000
22845,348400.0,75663.827655,14100,334300.0,0,0.0,0,1,0,0,0,3,0,1,4100,3,72,8,1,0,3,14100
22850,42564500.0,1268990.481,20489500,22835000.0,760000,12893500.0,6000000,1,10620000,1821500,0,3,0,1,783000,3,59,14,1,2,2,22311000
22855,80.0,47560.12024,80,0.0,0,0.0,0,0,0,0,0,2,0,1,80,2,42,10,1,2,1,80
22860,405000.0,58369.238477,175000,230000.0,0,48300.0,0,1,0,161000,0,1,0,1,9000,2,88,9,2,1,3,336000
22865,277200.0,90796.593186,12200,522000.0,257000,0.0,0,1,0,0,0,1,0,0,6200,3,64,12,2,1,1,12200
22870,689700.0,126466.68337,401900,410800.0,123000,280500.0,17000,1,0,348100,0,4,0,1,33800,2,48,9,1,2,1,750000
22875,766000.0,205373.24649,308000,950000.0,492000,225000.0,0,1,0,300000,0,4,0,1,2000,3,41,12,1,2,1,608000
22880,669000.0,123223.9479,310000,359000.0,0,100000.0,100000,1,0,0,0,5,0,1,160000,2,81,8,1,0,3,310000
22885,-7600.0,11890.03006,400,0.0,8000,0.0,0,0,0,0,0,5,0,0,400,2,69,6,2,0,3,400
22890,154950.0,35670.09018,55450,160000.0,60500,21200.0,0,1,0,53000,0,2,0,1,2350,3,56,9,2,0,1,108450
22895,4130500.0,420474.6994,2066500,2229000.0,165000,1212000.0,40000,1,590000,1790000,0,4,0,1,136500,3,58,11,1,1,1,3856500
22900,493100.0,86472.945892,115000,490100.0,112000,29250.0,0,1,0,65000,0,5,0,0,5000,3,49,8,1,0,1,180000
22905,143320.0,85392.034068,4580,315000.0,176260,0.0,0,1,0,0,0,5,0,0,4580,1,63,9,2,0,3,4580
22910,1157190.0,157813.12625,116590,1523100.0,482500,19600.0,0,1,0,56000,0,2,0,0,21590,3,58,12,1,1,1,172590
22915,21150.0,32427.354709,50,21100.0,0,0.0,0,0,0,0,0,4,0,0,50,1,67,8,2,1,3,50
22920,99080.0,6917.8356713,1080,98000.0,0,0.0,0,1,0,0,0,4,0,0,1080,1,25,8,1,0,2,1080
22925,415100.0,67016.533066,285400,160000.0,30300,58875.0,0,1,0,275500,0,5,0,1,9900,3,52,11,2,0,1,560900
22930,204625000.0,54056400.301,38093000,166532000.0,0,11651000.0,1610000,1,155810000,2633000,0,2,0,1,3850000,2,72,12,1,0,2,40726000
22935,23626830.0,1007409.8196,11622000,12005200.0,370,6616000.0,4890000,1,7690000,1002000,0,2,0,1,2979000,0,63,13,1,0,2,12624000
22940,1317800.0,21618.236473,1173000,146800.0,2000,175000.0,0,1,0,0,0,5,0,1,13000,3,55,12,2,0,4,1173000
22945,2245300.0,263742.48497,1524000,1138300.0,417000,460000.0,0,1,0,1400000,0,5,0,1,20000,3,69,12,1,0,3,2924000
22950,6712000.0,1891595.6914,3327000,3968000.0,583000,2197100.0,129000,1,1950000,1944000,0,2,0,1,8000,3,55,14,1,2,2,5271000
22955,622850.0,156732.21443,527000,246000.0,150150,91460.0,0,1,0,450000,0,5,1,0,4000,2,50,11,1,0,1,977000
22960,-418140.0,186997.74549,8480,0.0,426620,8300.0,5000,0,0,3300,0,5,0,0,180,1,31,13,2,0,1,11780
22965,223030.0,56207.41483,60180,228000.0,65150,59400.0,5400,1,0,54000,0,3,1,0,780,3,56,9,2,0,1,114180
22970,0.0,38912.825651,0,0.0,0,0.0,0,0,0,0,0,1,0,0,0,2,40,8,2,2,3,0
