LOG_LIQ,EDUC,LOG_INCOME,HHOUSES,AGE,FINLIT,EMERGSAV,KIDS,MARRIED,OCCAT1,YESFINRISK,LOG_DEBT,SPENDMOR,LATE,LOG_RET_ASSETS,AGE_GROUP,RET_MULTIPLIER,INCOME_RAW_EST,RET_ASSETS_RAW_EST,DEBT_RAW_EST,RET_READY_THRESHOLD,RET_READY
9.48044384215367,9,10.566323310283456,1,70,1,1,2,2,3,0,12.180759965737863,5,0,13.12854622415384,65+,8.0,38804.734469000025,503099.9999999998,195000.00000000006,310437.8757520002,1
10.609081944147828,12,12.323102772577544,1,46,3,1,0,2,2,0,13.159082888234298,3,0,12.390479526523466,40-49,2.0,224829.65931999942,240499.99999999983,518700.0000000002,449659.31863999885,0
9.295692039075686,14,13.00658583990648,1,68,3,1,0,1,3,0,16.682272507104123,3,1,17.925595438840958,65+,8.0,445335.67134000023,60951890.00000006,17579999.999999974,3562685.370720002,1
12.00762780434872,12,11.934326696707894,0,74,3,1,0,2,3,0,0.0,3,0,15.11352027729138,65+,8.0,152408.56712999992,3662000.0000000075,0.0,1219268.5370399994,1
7.00397413672268,8,10.936821754744528,0,19,0,0,0,1,1,0,9.305741456739437,2,0,7.00397413672268,Under 30,0.25,56207.41482999999,1099.9999999999998,11000.000000000011,14051.853707499997,0
12.122696471358964,12,12.553908279925931,1,74,2,0,0,1,3,0,11.6172944892629,5,0,15.690845104081916,65+,8.0,283198.8978000002,6523000.0,111000.00000000004,2265591.1824000017,1
11.669937760751914,13,16.413428504006223,1,52,3,1,1,1,2,0,0.0,2,0,16.53458648507231,50-59,4.0,13435733.967999985,15166299.999999987,0.0,53742935.87199994,0
7.313886831633462,12,10.596503161315889,0,60,1,0,0,2,3,0,0.0,3,0,7.313886831633462,60-64,6.0,39993.7374750001,1499.9999999999998,0.0,239962.42485000062,0
12.278397958261774,12,13.415281215273463,1,43,3,1,2,1,2,1,13.73755009757506,5,0,12.59473402514672,40-49,2.0,670165.3306599997,294999.9999999998,925000.0000000007,1340330.6613199995,0
10.238208256118536,12,10.674462827538376,1,67,2,0,0,1,3,0,12.11943029135234,4,1,10.238208256118536,65+,8.0,43236.47294599996,27950.000000000047,183400.0,345891.78356799966,0
9.928228944424577,13,12.263679624391456,1,46,3,1,0,2,1,0,12.111767460549332,2,0,9.928228944424577,40-49,2.0,211858.71743000005,20500.00000000003,182000.00000000003,423717.4348600001,0
7.576097340623111,9,10.64914561257346,0,51,2,1,1,2,1,0,9.271529540288606,5,0,7.576097340623111,50-59,4.0,42155.561122000014,1949.9999999999993,10630.00000000001,168622.24448800005,0
9.472781556562168,12,9.847813990029197,0,77,3,1,0,2,3,0,0.0,3,0,12.409017571151187,65+,8.0,18915.95691400003,244999.99999999997,0.0,151327.65531200025,1
6.236369590203704,8,10.974561423798535,1,57,0,0,2,2,1,0,11.722545990951964,2,0,6.236369590203704,50-59,4.0,58369.23847699994,510.0,123320.00000000001,233476.95390799976,0
10.491857380698828,13,11.639529406064158,0,30,2,1,0,1,1,0,12.403286919899765,2,0,10.83901212252558,30-39,0.75,113495.74147999997,50969.999999999905,243599.99999999994,85121.80610999998,0
8.098946748943339,8,10.91740401772286,1,56,0,0,1,1,1,0,10.012386799492118,4,0,8.098946748943339,50-59,4.0,55126.503006,3289.9999999999973,22300.0,220506.012024,0
7.8826922062890254,4,10.030126736355644,1,70,2,0,0,1,3,0,6.398594934535208,5,1,7.8826922062890254,65+,8.0,22699.14829700001,2649.9999999999995,600.0,181593.18637600009,0
10.96993815439584,8,11.30306069379871,1,57,1,0,0,1,3,0,0.0,5,0,13.525293274579292,50-59,4.0,81068.38677399996,748099.9999999995,0.0,324273.5470959998,1
9.472781556562168,12,10.814221753204103,0,32,2,0,0,2,2,0,0.0,4,0,9.472781556562168,30-39,0.75,49721.943887999936,12999.999999999995,0.0,37291.457915999956,0
7.824445930877619,13,11.367598443988374,1,46,3,0,0,2,1,1,11.889997957243736,4,0,7.824445930877619,40-49,2.0,86472.94589200003,2500.0000000000005,145799.99999999994,172945.89178400006,0
12.240478903153711,12,14.4506435113393,1,75,2,1,0,1,2,0,0.0,5,0,17.291877284039572,65+,8.0,1887272.0440999987,32341999.99999996,0.0,15098176.35279999,1
12.960317277281597,12,12.634537740790057,1,52,3,1,2,1,1,0,0.0,1,0,15.459388736941142,50-59,4.0,306978.95792000036,5175200.000000002,0.0,1227915.8316800015,1
6.90875477931522,10,10.95586961402582,1,62,3,0,0,1,3,0,10.428245666832275,3,0,6.90875477931522,60-64,6.0,57288.326653000004,999.9999999999999,33799.999999999985,343729.95991800004,0
12.301387370778713,14,12.689345803522986,1,63,3,1,0,1,1,0,12.013706813470414,4,0,14.577717741091163,60-64,6.0,324273.54709000007,2143000.000000001,165000.00000000015,1945641.2825400005,1
14.266586814266963,12,15.062697170906064,1,57,3,1,0,1,2,0,13.567050480716237,2,0,16.61947687646566,50-59,4.0,3480536.0721000084,16510000.000000011,780000.0000000015,13922144.288400033,1
5.771441123130016,8,10.64914561257346,0,41,0,0,3,2,1,0,9.19023970026918,4,1,8.394121193826242,40-49,2.0,42155.561122000014,4419.999999999996,9799.999999999998,84311.12224400003,0
6.255750041753367,9,9.470543987306163,0,19,2,0,0,2,4,0,0.0,5,0,6.255750041753367,Under 30,0.25,12970.941883999983,520.0,0.0,3242.735470999996,0
5.707110264748875,8,11.175229004346514,0,51,2,0,1,1,1,0,6.90875477931522,4,1,5.707110264748875,50-59,4.0,71340.18036100005,299.9999999999999,999.9999999999999,285360.7214440002,0
8.216358332386156,11,10.674462827538376,0,62,1,0,0,2,1,0,11.759793355371237,4,0,8.216358332386156,60-64,6.0,43236.47294599996,3699.999999999998,127999.99999999997,259418.83767599973,0
12.345838935721968,12,11.462907572501242,1,68,3,1,0,1,3,0,0.0,4,0,14.56928283092878,65+,8.0,95120.24048100002,2125000.0000000014,0.0,760961.9238480001,1
6.8679744089702925,9,10.674462827538376,0,23,2,1,0,2,1,1,0.0,2,0,6.8679744089702925,Under 30,0.25,43236.47294599996,960.0,0.0,10809.11823649999,0
8.699681400989514,8,12.689345803522986,1,52,3,0,0,1,1,0,12.995667994503354,2,0,11.097425172408933,50-59,4.0,324273.54709000007,66000.00000000012,440499.99999999977,1297094.1883600003,0
6.2166061010848646,11,11.159961747859198,1,42,2,0,1,2,1,0,10.640675541671662,5,0,10.703266939811954,40-49,2.0,70259.268537,44499.99999999997,41799.99999999997,140518.537074,0
13.837762144893723,12,13.483843787831688,1,42,3,1,2,1,1,0,13.366095129723815,2,0,14.811536627201628,40-49,2.0,717725.4509,2707499.999999999,637999.9999999985,1435450.9018,1
6.90875477931522,12,10.897601753215405,1,50,2,0,0,2,1,0,12.468440756144114,3,0,6.90875477931522,50-59,4.0,54045.59118200007,999.9999999999999,259999.9999999998,216182.36472800028,0
7.601402334583733,3,10.511947979456522,0,49,2,0,0,1,2,0,0.0,5,0,9.105090961257083,40-49,2.0,36751.00200399998,8999.999999999984,0.0,73502.00400799996,0
6.68586094706836,6,10.897601753215405,0,55,2,0,0,1,1,0,0.0,4,0,6.68586094706836,50-59,4.0,54045.59118200007,800.0000000000003,0.0,216182.36472800028,0
16.14668320499196,14,15.673339893066563,1,67,3,1,0,1,2,0,0.0,2,0,17.216707972959764,65+,8.0,6409807.1141999895,30000000.00000005,0.0,51278456.913599916,0
8.294299608857235,8,9.182887610990472,1,60,2,0,0,2,1,0,11.19822841866684,5,0,8.294299608857235,60-64,6.0,9728.206412799984,4000.0000000000014,73000.00000000003,58369.2384767999,0
9.036106025364846,13,12.05447026579311,1,52,3,0,0,1,1,0,12.377927112974284,5,0,12.29865638469802,50-59,4.0,171864.97996000008,219399.99999999983,237499.99999999985,687459.9198400003,0
7.560601162768557,11,9.69367212060944,1,69,2,1,1,1,3,0,7.307202314764738,4,1,13.224777356283198,65+,8.0,16213.677355,553919.9999999995,1489.9999999999993,129709.41884,1
9.34145634983372,8,10.792243293398966,0,73,3,0,0,2,1,1,10.563879076356082,5,0,9.873079890114704,65+,8.0,48641.03206399999,19400.000000000036,38710.00000000002,389128.25651199993,0
4.61512051684126,4,9.470543987306163,0,68,1,0,0,2,3,0,0.0,2,0,4.61512051684126,65+,8.0,12970.941883999983,100.00000000000003,0.0,103767.53507199987,0
5.707110264748875,10,8.266751042186463,1,36,2,0,0,2,4,0,11.561725152903833,4,1,11.574029971623514,30-39,0.75,3891.2825651000003,106299.99999999996,104999.99999999997,2918.461923825,1
7.601402334583733,8,9.288237848223762,0,53,1,0,0,2,1,0,8.006700845440367,1,1,7.696667081526462,50-59,4.0,10809.118235999998,2200.0,2999.9999999999995,43236.472943999994,0
9.239996256883693,12,11.234068703381135,1,81,2,1,1,2,3,0,10.627915353129104,4,0,14.342780824360272,65+,8.0,75663.82765499984,1694300.0000000012,41269.99999999996,605310.6212399987,1
9.989711119284744,9,11.367598443988374,0,61,2,1,0,2,2,0,8.699681400989514,5,0,9.989711119284744,60-64,6.0,86472.94589200003,21799.999999999956,6000.000000000005,518837.67535200017,0
12.150036542839864,12,13.835687391217062,1,55,3,0,1,1,2,1,13.657687643730208,5,0,13.834431424074277,50-59,4.0,1020380.7614999996,1019100.0000000002,853999.9999999993,4081523.045999998,0
13.314636915215106,12,15.534252282831948,1,61,3,1,0,1,2,0,15.05966544010744,2,0,17.234416906155435,60-64,6.0,5577505.010000011,30536000.000000026,3470000.000000003,33465030.060000066,0
10.985309671896765,12,12.546245434332969,1,56,2,1,3,1,1,0,13.049579758676575,5,0,14.064712423020696,50-59,4.0,281037.07415000035,1282999.9999999993,464899.9999999989,1124148.2966000014,1
10.736418414365376,14,12.44939597018852,1,39,3,1,2,1,1,0,13.920771968711373,4,0,11.6172944892629,30-39,0.75,255095.1903799998,111000.00000000004,1111000.0000000019,191321.39278499986,0
4.51085950651685,8,10.030126736355644,1,50,2,0,5,1,4,0,0.0,1,0,4.51085950651685,50-59,4.0,22699.14829700001,89.99999999999997,0.0,90796.59318800004,0
10.545367754151744,12,12.602334706882178,0,57,3,1,0,1,2,0,0.0,4,0,15.450226472590424,50-59,4.0,297250.75150000013,5128000.0,0.0,1189003.0060000005,1
6.523562306149512,12,11.079920226254767,0,39,2,0,0,2,1,0,10.915106645867503,2,1,6.523562306149512,30-39,0.75,64854.70941899998,679.9999999999998,55000.00000000004,48641.03206424999,0
7.544861068658458,8,11.063113369269184,0,25,3,0,0,1,1,0,10.463131911491969,4,0,7.890208213109961,Under 30,0.25,63773.79759499985,2670.0000000000005,35000.00000000007,15943.449398749963,0
9.105090961257083,9,11.28963784015293,1,54,3,1,2,2,1,0,11.944714374881176,2,0,9.105090961257083,50-59,4.0,79987.47494999996,8999.999999999984,153999.99999999988,319949.89979999984,0
8.412054873292933,9,11.756252709710797,1,58,2,0,1,1,3,0,11.909020140718257,2,0,8.412054873292933,50-59,4.0,127547.59519000025,4499.999999999999,148600.00000000038,510190.380760001,0
7.578656850594762,8,8.777473893219948,0,34,2,0,0,2,1,0,10.585346257326217,5,0,8.332308352219117,30-39,0.75,6485.470941899995,4154.999999999997,39549.99999999999,4864.103206424996,0
11.49782197939291,13,11.821849494415464,1,63,3,1,0,2,1,0,0.0,5,0,11.59451466851004,60-64,6.0,136194.88977999994,108499.99999999999,0.0,817169.3386799996,0
12.439170488085749,13,14.756205869536675,1,65,3,0,0,2,2,0,14.53335083891935,2,0,15.3022159311325,65+,8.0,2561761.0219999994,4422499.99999999,2050000.000000001,20494088.175999995,0
10.839600519357369,12,13.988626544885074,1,58,3,1,0,1,2,0,15.05330520078888,1,0,15.504314210519537,50-59,4.0,1189003.006000001,5412999.999999996,3448000.0,4756012.024000004,1
5.402677381872279,10,10.31779779558084,0,50,2,0,0,1,3,0,5.707110264748875,5,0,5.402677381872279,50-59,4.0,30265.531061999973,220.99999999999997,299.9999999999999,121062.12424799989,0
10.950824090522444,8,11.649008066953392,1,53,3,0,0,1,2,0,11.089820688682371,5,0,13.614618838078025,50-59,4.0,114576.65330999994,818000.0000000003,65499.99999999983,458306.61323999974,1
9.546884034617923,12,12.379191996605552,1,37,3,1,0,1,1,0,12.595581121014076,4,0,11.6262630788088,30-39,0.75,237800.60120000003,111999.99999999984,295250.0,178350.45090000003,0
9.648659816955297,13,11.53944687502236,1,35,2,1,2,1,1,0,12.346273621950562,3,0,9.648659816955297,30-39,0.75,102686.62324999995,15500.000000000036,230099.99999999983,77014.96743749996,0
13.089842251812335,12,12.909818516118984,1,33,2,1,0,1,2,0,13.75713010361925,4,0,13.546324377048323,30-39,0.75,404261.0220399994,763999.9999999992,943290.0000000002,303195.76652999956,1
10.308985993422082,4,10.204473075038807,1,90,1,0,0,2,3,0,0.0,5,0,10.308985993422082,65+,8.0,27022.79559099997,29999.99999999999,0.0,216182.36472799975,0
0.0,13,9.930047914868677,0,74,3,0,0,2,3,0,0.0,5,0,0.0,65+,8.0,20537.32464900002,0.0,0.0,164298.59719200016,0
10.877688637695115,9,11.190266672490848,0,44,2,0,0,1,1,0,10.645448706505872,5,0,12.037541561549428,40-49,2.0,72421.09218400005,168980.0000000002,41999.99999999999,144842.1843680001,1
8.987321812850125,10,11.73915841150484,1,37,1,0,3,1,1,0,11.892737666219704,1,1,8.987321812850125,30-39,0.75,125385.7715399999,8000.0000000000055,146200.00000000006,94039.32865499993,0
12.59473402514672,14,12.195051453346125,1,63,3,1,0,2,2,0,12.10625783509458,4,0,12.921472880009723,60-64,6.0,197806.86373000027,408999.99999999936,181000.00000000006,1186841.1823800015,0
5.707110264748875,6,10.076644749570695,0,58,2,1,0,2,3,0,0.0,1,0,5.707110264748875,50-59,4.0,23780.060119999976,299.9999999999999,0.0,95120.2404799999,0
10.020870508171171,12,11.821849494415464,1,38,2,1,0,1,1,0,12.429220196836384,5,0,11.956912324065804,30-39,0.75,136194.88977999994,155890.0,250000.00000000023,102146.16733499995,1
10.736418414365376,9,10.482095840823945,1,80,3,1,0,2,3,0,0.0,3,0,12.955129822091816,65+,8.0,35670.09018000006,423000.00000000076,0.0,285360.72144000046,1
13.171155446333852,12,15.534252282831948,1,71,3,1,0,1,1,0,16.204273438942487,4,0,18.56239730524952,65+,8.0,5577505.010000011,115225000.00000007,10899999.999999993,44620040.08000009,1
5.8888779583328805,8,10.482095840823945,0,55,3,0,0,2,1,0,0.0,2,0,5.8888779583328805,50-59,4.0,35670.09018000006,359.99999999999983,0.0,142680.36072000023,0
8.863757191604241,8,11.190266672490848,0,51,2,0,0,2,1,0,9.259225769705994,4,0,12.969377685381849,50-59,4.0,72421.09218400005,429070.00000000023,10500.000000000005,289684.3687360002,1
10.322230781590136,8,11.367598443988374,1,47,2,1,1,1,1,0,11.80560254159177,4,0,12.558140493079444,40-49,2.0,86472.94589200003,284400.0000000001,133999.9999999999,172945.89178400006,1
8.160803920954665,12,10.974561423798535,1,73,2,1,0,2,1,0,12.280256686219182,5,0,13.821791789660372,65+,8.0,58369.23847699994,1006299.9999999995,215399.99999999994,466953.9078159995,1
8.987321812850125,9,10.511947979456522,1,72,1,1,0,1,3,0,0.0,5,0,9.39274525863144,65+,8.0,36751.00200399998,11999.999999999978,0.0,294008.01603199984,0
11.552155793461898,12,13.324155957794543,1,55,3,1,0,2,2,0,13.122365377402328,3,0,15.449641278110676,50-59,4.0,611796.0921800004,5124999.999999987,499999.99999999977,2447184.3687200015,1
6.55250788703459,13,10.31779779558084,0,55,2,0,0,2,2,0,11.561725152903833,2,0,11.9873007744816,50-59,4.0,30265.531061999973,160699.99999999994,104999.99999999997,121062.12424799989,1
8.294299608857235,12,11.046019206267973,0,38,3,0,2,1,1,0,10.219793524324476,2,1,8.294299608857235,30-39,0.75,62692.88577200012,4000.0000000000014,27440.000000000062,47019.66432900009,0
9.581972891547895,11,13.57723524613773,1,67,2,1,0,1,2,0,12.77138929548529,5,0,14.32425461677636,65+,8.0,787984.7194400005,1663199.9999999981,352000.0000000003,6303877.755520004,0
11.635151947212842,12,0.0,1,46,3,0,3,1,2,0,13.911276088626114,4,0,14.372265686684402,40-49,2.0,0.0,1744999.9999999988,1100499.9999999993,0.0,1
9.865837605084222,13,11.969173203349216,1,43,3,1,2,1,1,0,13.070229730019086,4,0,11.64273368518212,40-49,2.0,157813.12625000012,113859.99999999999,474600.00000000035,315626.25250000024,0
16.568406710601305,13,14.841105281563587,1,55,3,1,1,1,2,0,14.858258066275946,4,0,18.704113809646667,50-59,4.0,2788752.5049999948,132768000.00000007,2837000.0000000005,11155010.019999979,1
4.624972813284271,9,9.875983398597374,0,37,2,0,2,2,4,1,10.685126264117056,2,1,4.624972813284271,30-39,0.75,19456.412826000007,100.99999999999996,43699.99999999993,14592.309619500005,0
14.176676104039728,8,13.890311942980292,1,64,3,1,0,2,3,1,0.0,2,0,16.87116136882157,60-64,6.0,1077669.0882000008,21234999.999999978,0.0,6466014.529200004,1
10.203629181337648,11,11.355019808159389,1,38,2,1,2,1,1,0,12.524530013005734,5,0,10.203629181337648,30-39,0.75,85392.03406799996,26999.999999999978,275000.0000000002,64044.02555099997,0
7.601402334583733,8,11.355019808159389,1,44,1,0,2,1,1,0,10.785207543360087,2,1,10.67130147767883,40-49,2.0,85392.03406799996,43100.00000000004,48299.99999999997,170784.06813599993,0
12.739054008205294,12,12.576550677614923,1,60,3,1,0,1,2,0,10.275085591132717,3,0,14.92433749898519,60-64,6.0,289684.3687399998,3030800.000000002,29000.000000000047,1738106.2124399985,1
11.820417517632333,12,14.73056344906956,1,60,3,0,0,1,2,0,0.0,5,1,16.605816462411642,60-64,6.0,2496906.3126,16285999.999999981,0.0,14981437.875599999,1
4.127134385045092,8,9.383539618396709,1,62,2,0,0,2,3,0,6.089044875446846,4,0,4.127134385045092,60-64,6.0,11890.03006000001,61.00000000000001,440.0,71340.18036000006,0
10.62135173563291,9,11.41638805747596,1,31,2,1,3,1,1,0,12.345838935721968,4,0,11.418625774449596,30-39,0.75,90796.59318599998,90999.99999999991,230000.0000000001,68097.44488949998,1
11.434974734252892,13,13.74829082152598,1,57,3,1,2,1,1,0,12.52815976788113,4,0,16.061260820053885,50-59,4.0,934988.7274500023,9447500.000000015,276000.0000000002,3739954.9098000093,1
0.0,2,9.550580764956187,1,58,1,0,1,2,1,0,9.39274525863144,5,0,0.0,50-59,4.0,14051.853706999998,0.0,11999.999999999978,56207.41482799999,0
11.127277689932466,12,13.101454412807064,1,50,3,1,0,1,1,0,0.0,4,0,14.475618401241752,50-59,4.0,489653.05610999966,1935000.0000000007,0.0,1958612.2244399986,0
7.248504072370611,10,10.31779779558084,1,70,2,0,0,1,2,0,0.0,1,0,7.248504072370611,65+,8.0,30265.531061999973,1405.0000000000016,0.0,242124.24849599978,0
6.68586094706836,9,10.386788464403516,0,41,3,0,0,1,1,0,11.264476926102368,3,0,7.170888478512505,40-49,2.0,32427.35470899998,1299.9999999999995,78000.00000000009,64854.70941799996,0
10.043292972227004,14,12.689345803522986,1,51,2,1,1,1,1,0,12.358368749551492,4,0,13.148033073468746,50-59,4.0,324273.54709000007,513000.00000000006,232899.99999999974,1297094.1883600003,0
7.808323050391056,11,10.699154876036824,0,49,1,0,2,2,1,0,9.852246888342531,4,1,10.38779464774131,40-49,2.0,44317.38476999999,32460.000000000025,18999.999999999985,88634.76953999998,0
7.223295679562314,8,11.451478997511789,1,47,2,0,2,1,1,0,11.978174056923724,4,0,7.223295679562314,40-49,2.0,94039.3286570002,1369.9999999999998,159239.9999999999,188078.6573140004,0
10.206956848388238,8,12.172951219287846,1,52,2,1,2,1,1,0,11.6172944892629,5,0,12.660616764976298,50-59,4.0,193483.21643000006,315089.9999999999,111000.00000000004,773932.8657200002,0
10.835671318412196,12,12.232589186385791,1,53,2,0,2,1,1,0,12.468440756144114,5,0,12.973401545524444,50-59,4.0,205373.24649000014,430800.00000000035,259999.9999999998,821492.9859600005,0
15.323137425686562,14,13.817946214642854,1,77,3,1,0,1,3,0,0.0,5,0,16.62287509335178,65+,8.0,1002437.6252999993,16566199.999999996,0.0,8019501.002399994,1
8.699681400989514,14,13.114612470684651,1,58,3,0,3,1,2,0,14.731801689838347,2,0,13.051943059028227,50-59,4.0,496138.52704999957,466000.0,2499999.9999999953,1984554.1081999983,0
11.104972264124868,9,11.451478997511789,1,52,2,1,0,1,1,0,12.380030154325455,2,0,12.303657509006149,50-59,4.0,94039.3286570002,220500.00000000052,237999.99999999956,376157.3146280008,0
14.70545772517636,13,15.328400269608222,1,76,3,1,0,1,2,0,0.0,3,0,18.779424553312406,65+,8.0,4539829.659299998,143152999.99999982,0.0,36318637.27439998,1
13.592368256649284,12,15.52451510930518,1,40,3,1,3,1,1,0,14.635290829986122,4,0,15.86603821814647,40-49,2.0,5523459.418799989,7772000.000000001,2269999.999999998,11046918.837599978,0
11.626977103169516,13,13.379152546081029,1,81,3,1,0,1,3,0,0.0,5,0,16.601822250546693,65+,8.0,646385.2705400009,16221079.999999993,0.0,5171082.164320007,1
8.648396877031582,12,11.226900308980577,1,56,3,1,0,1,1,0,11.8350162104899,3,0,13.781127166084312,50-59,4.0,75123.37174300001,966199.9999999992,138000.0000000003,300493.48697200004,1
10.707751151716078,9,11.439918298765717,1,48,3,1,3,1,2,0,12.793862088206213,5,0,11.780667550692456,40-49,2.0,92958.41683399999,130700.00000000022,360000.0000000001,185916.83366799998,0
8.987321812850125,13,11.063113369269184,1,30,2,0,0,2,1,0,12.072832639020024,4,0,8.987321812850125,30-39,0.75,63773.79759499985,8000.0000000000055,175050.0000000004,47830.34819624989,0
8.000014093678072,10,11.301726487246508,1,47,3,1,0,1,1,0,10.829352306844555,1,0,11.461432150580013,40-49,2.0,80960.29559099994,94980.00000000019,50479.99999999994,161920.5911819999,0
8.594339400592892,11,11.496429917961311,1,62,3,0,0,1,1,0,11.992885613168797,5,0,12.640776116195056,60-64,6.0,98362.9759519998,308900.0000000001,161599.99999999988,590177.8557119989,0
13.023649611968253,14,15.635534709735996,1,65,3,1,0,1,2,0,0.0,4,0,17.258521474408127,65+,8.0,6172006.512999997,31281000.000000007,0.0,49376052.10399997,0
8.577535420422398,12,10.540934738927314,0,24,2,0,0,1,1,0,10.085850775128716,3,0,8.891649112650057,Under 30,0.25,37831.91382800001,7270.000000000005,23999.999999999945,9457.978457000003,0
13.802730236462391,13,16.178754552281323,1,48,3,1,3,1,1,0,14.564092918449106,2,0,17.656924407850404,40-49,2.0,10625363.225999992,46591299.99999993,2114000.0000000014,21250726.451999985,1
7.155396301896734,8,9.75820678716859,1,66,3,1,0,2,3,0,0.0,2,0,7.155396301896734,65+,8.0,17294.589178000006,1279.9999999999995,0.0,138356.71342400005,0
11.002116507732016,13,11.658397725704075,1,39,3,1,0,2,1,0,12.235636302128867,2,0,12.034696963475044,30-39,0.75,115657.56512999976,168500.0,205999.99999999988,86743.17384749981,1
6.2166061010848646,9,10.386788464403516,0,42,0,0,3,2,1,0,10.454523783963513,4,0,7.170888478512505,40-49,2.0,32427.35470899998,1299.9999999999995,34700.00000000005,64854.70941799996,0
5.303304908059076,10,10.540934738927314,0,31,0,1,1,1,1,0,9.933094897288786,1,0,5.303304908059076,30-39,0.75,37831.91382800001,200.0,20600.0,28373.935371000007,0
8.37816098272068,3,10.87739942351305,1,74,3,0,1,2,3,0,0.0,2,0,12.557964669521446,65+,8.0,52964.67935899999,284349.9999999999,0.0,423717.4348719999,0
0.6931471805599453,4,9.69367212060944,1,84,1,0,0,2,3,0,9.648659816955297,1,0,6.400257445308821,65+,8.0,16213.677355,600.9999999999999,15500.000000000036,129709.41884,0
8.648396877031582,12,11.392290774522229,1,37,3,0,0,1,1,0,12.250094315624496,3,0,11.426288563310504,30-39,0.75,88634.76953900007,91699.9999999999,208999.99999999988,66476.07715425006,1
8.343077871169383,13,11.518169685974078,1,52,2,1,0,2,1,0,12.612207529288542,5,0,11.200964361058276,50-59,4.0,100524.79959999991,73200.00000000001,300199.9999999998,402099.19839999964,0
13.407543823396258,13,14.566260469282453,1,52,3,1,2,1,1,0,0.0,3,0,16.518414271924257,50-59,4.0,2118587.174300002,14922999.999999996,0.0,8474348.697200008,1
7.601402334583733,9,11.128709656194046,1,75,2,0,0,2,3,0,11.776066350866136,3,0,7.601402334583733,65+,8.0,68097.44488999996,2000.0,130099.99999999988,544779.5591199996,0
9.210440366976515,13,12.991915683347502,1,62,3,0,0,1,1,0,12.628070334272698,2,0,14.062371417145494,60-64,6.0,438850.2004000002,1279999.9999999988,304999.99999999977,2633101.202400001,0
9.942756341456828,10,11.367598443988374,1,32,2,1,1,1,1,0,12.04355959836804,5,0,12.436394371990376,30-39,0.75,86472.94589200003,251800.00000000017,170000.00000000012,64854.70941900002,1
6.803505257608338,12,10.482095840823945,0,63,2,0,0,2,1,0,6.329720905522696,5,0,6.803505257608338,60-64,6.0,35670.09018000006,899.9999999999998,559.9999999999998,214020.54108000034,0
12.631343648903034,9,13.239390835772962,1,64,3,1,0,1,2,0,14.346139397261563,5,0,13.716795688777268,60-64,6.0,562074.1483000003,906000.0000000008,1699999.9999999958,3372444.889800002,0
14.39548960032884,8,16.354612387125037,1,79,3,1,0,1,3,0,0.0,5,0,19.26373820224321,65+,8.0,12668286.573000008,232346000.0,0.0,101346292.58400007,1
10.477316144080852,13,13.811021285824332,1,50,3,1,2,1,1,0,13.815511557963774,4,0,15.571556662760935,50-59,4.0,995519.7895799999,5789499.999999987,999999.9999999997,3982079.1583199995,1
10.043292972227004,12,12.258564547947534,0,45,3,0,1,1,1,1,9.87822102528824,4,0,13.777809729201325,40-49,2.0,210777.8056099999,963000.000000002,19500.0,421555.6112199998,1
5.802118375377063,5,10.31779779558084,1,52,1,0,3,1,3,0,9.642187721358466,1,0,5.802118375377063,50-59,4.0,30265.531061999973,330.0,15400.00000000001,121062.12424799989,0
11.736077016252436,12,11.94139381776646,1,71,3,1,0,2,1,0,11.961456448214491,5,0,12.314931534737134,65+,8.0,153489.47896000024,223000.00000000003,156599.99999999988,1227915.831680002,0
11.38737357979909,12,10.699154876036824,1,39,0,0,1,2,1,0,10.056251557087757,3,0,11.729656499978892,30-39,0.75,44317.38476999999,124199.99999999996,23299.999999999996,33238.03857749999,1
10.239995502805316,8,10.674462827538376,1,47,3,1,1,1,1,0,11.450102804235202,3,0,10.34177474101152,40-49,2.0,43236.47294599996,31000.000000000015,93909.99999999996,86472.94589199992,0
9.680406499268877,8,10.35288797609956,0,22,2,1,0,1,1,0,9.088285725968875,2,1,10.2328272702548,Under 30,0.25,31346.442886000004,27799.999999999975,8849.999999999984,7836.610721500001,1
10.34177474101152,12,13.219972784794315,0,53,3,1,0,2,3,0,14.04662307257814,3,0,15.573541046832258,50-59,4.0,551265.0300599996,5800999.999999997,1260000.0,2205060.120239998,1
5.831882477283517,13,11.010928456106528,0,39,2,1,2,1,1,0,10.27163147557801,5,0,11.516329664103791,30-39,0.75,60531.06212399997,100340.00000000004,28900.0,45398.29659299998,1
3.9318256327243257,2,10.204473075038807,0,68,1,0,0,1,3,0,0.0,3,0,3.9318256327243257,65+,8.0,27022.79559099997,50.0,0.0,216182.36472799975,0
6.255750041753367,8,10.281431375093115,0,40,1,0,0,2,1,0,0.0,5,0,8.166500319155052,40-49,2.0,29184.61923800001,3519.9999999999977,0.0,58369.23847600002,0
3.713572066704308,1,10.35288797609956,1,75,3,0,2,2,3,0,0.0,4,0,3.713572066704308,65+,8.0,31346.442886000004,40.00000000000001,0.0,250771.54308800003,0
8.24301946898925,8,11.367598443988374,1,67,3,0,0,1,1,0,12.907463255470908,5,0,8.24301946898925,65+,8.0,86472.94589200003,3800.000000000003,403310.0000000004,691783.5671360003,0
10.26014749636236,8,11.276032359350232,1,37,2,1,2,1,2,0,11.461642696843066,4,0,10.26014749636236,30-39,0.75,78906.56312599996,28569.999999999996,95000.00000000001,59179.92234449997,0
10.730968928388284,12,11.821849494415464,1,28,3,1,1,1,1,0,12.147388951394372,3,0,12.23442197879482,Under 30,0.25,136194.88977999994,205750.00000000012,188599.99999999994,34048.722444999985,1
8.556606193773073,11,10.835727530509162,0,46,0,1,0,2,1,0,5.993961427306569,1,1,8.556606193773073,40-49,2.0,50802.85571100001,5200.000000000001,400.00000000000006,101605.71142200002,0
6.966967138613983,8,11.30306069379871,1,56,2,0,2,1,1,0,11.299868373857027,2,0,6.966967138613983,50-59,4.0,81068.38677399996,1059.9999999999998,80809.99999999993,324273.5470959998,0
8.853808274977197,14,12.14462086116848,1,69,3,1,1,1,3,0,9.472781556562168,3,0,17.45349140295008,65+,8.0,188078.65731000004,38014999.999999955,12999.999999999995,1504629.2584800003,1
7.496097345175956,7,11.234068703381135,1,77,2,1,0,2,3,0,0.0,5,0,12.215037342290756,65+,8.0,75663.82765499984,201800.00000000023,0.0,605310.6212399987,0
8.853808274977197,12,10.64914561257346,0,34,1,1,0,2,1,0,10.86113133789376,3,0,8.853808274977197,30-39,0.75,42155.561122000014,6999.999999999998,52109.999999999876,31616.67084150001,0
15.797890524542016,12,16.908360154001652,1,63,3,1,0,1,1,0,0.0,4,0,18.85919371255668,60-64,6.0,22039792.084000017,155040000.00000045,0.0,132238752.5040001,1
8.294299608857235,12,11.580689440046534,1,76,3,1,0,1,2,0,12.01830227085359,4,0,10.275085591132717,65+,8.0,107010.27053999992,29000.000000000047,165759.99999999997,856082.1643199994,0
7.244941546337007,2,11.046019206267973,1,72,1,1,1,1,1,0,9.792611856190192,5,1,7.244941546337007,65+,8.0,62692.88577200012,1399.9999999999995,17900.0,501543.08617600094,0
13.157732451741689,8,10.769770904774589,1,78,2,1,0,1,3,0,5.993961427306569,4,0,13.719000758904407,65+,8.0,47560.12024000005,907999.9999999977,400.00000000000006,380480.9619200004,1
0.0,8,9.08980721551555,0,29,1,1,1,2,4,0,0.0,4,0,0.0,Under 30,0.25,8863.476953899999,0.0,0.0,2215.8692384749997,0
7.905072849498666,11,10.792243293398966,1,85,3,0,1,2,3,0,9.820160289946374,5,0,7.905072849498666,65+,8.0,48641.03206399999,2710.0000000000005,18399.999999999993,389128.25651199993,0
11.128012703048787,13,12.440885314014931,1,45,2,1,2,1,1,0,12.504327379899443,2,0,13.35037665234405,40-49,2.0,252933.36672999966,628050.0000000001,269499.9999999999,505866.7334599993,1
10.645448706505872,8,11.74774208708152,1,67,2,1,0,1,3,0,10.485731104959568,3,0,13.415332946376148,65+,8.0,126466.68337000003,670200.000000001,35800.0,1011733.4669600002,0
11.63956692643747,2,14.4239443193151,1,62,2,1,0,1,3,0,14.151983508870948,4,0,16.85236083022496,60-64,6.0,1837550.1001999967,20839500.000000037,1400000.0000000033,11025300.60119998,1
10.59665973278358,13,11.316305758236654,0,39,2,1,0,2,1,0,9.646722582719068,5,0,12.01974909141692,30-39,0.75,82149.298597,165999.99999999974,15469.999999999993,61611.97394775,1
9.116139576577355,2,10.511947979456522,1,66,2,1,0,1,2,0,14.196410395373745,3,0,9.116139576577355,65+,8.0,36751.00200399998,9099.999999999995,1463600.0000000007,294008.01603199984,0
11.571203807011967,14,17.60248770408975,1,87,3,1,0,1,2,0,0.0,2,0,20.207973587644094,65+,8.0,44122820.64099995,597326000.0000006,0.0,352982565.1279996,1
12.35406583543786,12,13.173826267837656,1,68,3,1,0,1,3,0,0.0,5,0,17.776931181119814,65+,8.0,526404.0581199996,52531900.0,0.0,4211232.464959997,1
13.484226240787052,13,13.286347737247365,1,41,3,1,2,1,1,0,12.754196944209095,2,0,15.287064992603373,40-49,2.0,589096.94389,4355999.999999998,346000.0,1178193.88778,1
7.438971592395862,12,11.730500418141489,1,31,2,1,1,1,1,0,12.04355959836804,4,0,12.137263685701864,30-39,0.75,124304.8597200003,186699.99999999983,170000.00000000012,93228.64479000022,1
8.909370405197466,8,11.41638805747596,1,54,3,0,0,1,1,0,9.503084610020228,5,1,12.130276325842605,50-59,4.0,90796.59318599998,185400.00000000023,13399.999999999989,363186.37274399993,0
10.239995502805316,12,11.686049021222916,1,50,2,1,4,1,1,0,11.983060335603437,3,0,10.933124826700707,50-59,4.0,118900.30059999996,56000.000000000044,160020.00000000006,475601.20239999983,0
16.274586533231687,14,15.347268749797214,1,58,3,1,4,1,2,0,15.85932505153463,5,0,18.047789320794955,50-59,4.0,4626302.605199998,68873999.99999994,7719999.999999999,18505210.420799993,1
12.657151449598697,14,13.060908402931776,1,74,3,1,0,1,3,0,0.0,2,1,16.585972081820973,65+,8.0,470196.6432899998,15965999.999999976,0.0,3761573.1463199984,1
4.61512051684126,8,8.85750474181683,0,56,1,0,0,2,3,0,0.0,1,0,4.61512051684126,50-59,4.0,7025.9268537,100.00000000000003,0.0,28103.7074148,0
12.837347081942964,12,13.353749018292673,1,63,3,1,0,1,1,0,12.650761671914688,5,0,15.568009486579278,60-64,6.0,630171.5931900009,5768999.999999999,312000.0000000001,3781029.559140005,1
11.211833885608511,12,11.518169685974078,1,64,3,0,0,1,1,0,9.210440366976515,4,0,14.2754013494033,60-64,6.0,100524.79959999991,1583899.9999999965,9999.99999999999,603148.7975999995,1
10.275085591132717,12,11.549918073413814,1,50,3,0,3,1,1,0,12.359656021613944,2,0,12.269052139516225,50-59,4.0,103767.53506999994,213000.00000000052,233199.99999999953,415070.14027999976,0
5.017279836814924,8,9.930047914868677,1,62,1,0,0,2,1,0,0.0,2,0,5.017279836814924,60-64,6.0,20537.32464900002,150.0,0.0,123223.94789400013,0
13.081543466215235,11,15.479280269723738,1,79,3,1,0,1,2,0,14.532423580331772,3,0,16.468048119608387,65+,8.0,5279173.346700004,14190000.000000006,2048100.0000000002,42233386.773600034,0
7.824445930877619,9,10.16365262239305,0,21,3,1,0,2,1,0,0.0,4,0,8.160803920954665,Under 30,0.25,25941.88376800001,3499.9999999999977,0.0,6485.470942000003,0
13.119160252873913,11,14.305425787551254,1,61,2,1,0,1,2,0,15.321807933208326,1,0,17.737947173054,60-64,6.0,1632176.8536999992,50523399.99999993,4509999.999999999,9793061.122199995,1
6.710523109452428,12,10.596503161315889,0,40,3,0,0,2,1,0,11.682170225273437,5,1,7.550135342488429,40-49,2.0,39993.7374750001,1899.9999999999993,118440.00000000026,79987.4749500002,0
11.884495917930655,12,13.639713957447425,1,52,3,1,4,1,1,0,12.682309930111783,5,0,16.1972118680335,50-59,4.0,838787.5751500009,10823300.000000017,321999.99999999936,3355150.3006000035,1
7.00397413672268,9,11.610542128340578,1,51,1,0,1,2,1,0,11.90868361260825,5,0,7.00397413672268,50-59,4.0,110253.00601000008,1099.9999999999998,148549.99999999997,441012.02404000034,0
8.006700845440367,8,10.99291025098136,0,52,2,1,0,1,1,0,10.16203685698089,5,0,10.950824090522444,50-59,4.0,59450.15030100008,56999.99999999994,25899.99999999999,237800.60120400033,0
7.601402334583733,7,9.550580764956187,0,74,0,1,0,2,3,0,0.0,2,0,7.601402334583733,65+,8.0,14051.853706999998,2000.0,0.0,112414.82965599999,0
7.601402334583733,8,10.243692364956797,0,27,1,0,0,2,1,0,9.62911649414402,1,1,7.601402334583733,Under 30,0.25,28103.707415000037,2000.0,15200.000000000004,7025.926853750009,0
10.68741192715414,12,10.769770904774589,0,69,1,1,0,2,1,0,0.0,4,0,12.234664961456772,65+,8.0,47560.12024000005,205799.99999999994,0.0,380480.9619200004,0
10.12667110305036,9,11.686049021222916,0,43,1,0,0,2,1,0,8.006700845440367,5,1,10.12667110305036,40-49,2.0,118900.30059999996,25000.000000000004,2999.9999999999995,237800.60119999992,0
10.636119834372655,13,11.639529406064158,1,73,2,1,0,1,3,0,11.52387529615648,5,0,13.722968642976785,65+,8.0,113495.74147999997,911610.0000000009,101099.99999999991,907965.9318399997,1
8.03947991910045,8,9.288237848223762,1,91,3,0,0,2,3,0,0.0,4,0,8.03947991910045,65+,8.0,10809.118235999998,3100.0000000000005,0.0,86472.94588799999,0
7.450660796211539,4,10.31779779558084,0,42,2,0,1,1,1,0,10.819798284210286,2,1,7.450660796211539,40-49,2.0,30265.531061999973,1720.0,50000.000000000015,60531.062123999945,0
8.294299608857235,8,11.112709551691127,0,31,1,0,1,1,1,1,5.707110264748875,1,0,8.294299608857235,30-39,0.75,67016.53306600003,4000.0000000000014,299.9999999999999,50262.399799500025,0
4.51085950651685,8,9.550580764956187,0,21,3,0,0,2,4,0,0.0,2,0,4.51085950651685,Under 30,0.25,14051.853706999998,89.99999999999997,0.0,3512.9634267499996,0
15.479298577968338,12,15.272081851788204,1,62,3,1,2,1,2,0,15.539883186775358,5,0,16.462767818918646,60-64,6.0,4291219.93990001,14115269.999999987,5609000.000000001,25747319.639400057,0
10.915106645867503,12,14.844973756944004,1,63,3,1,0,1,1,0,12.531776395271262,5,0,12.779875885354992,60-64,6.0,2799561.6231999984,354999.99999999924,276999.9999999998,16797369.73919999,0
10.968215530759236,13,12.542391878732674,1,52,3,1,0,1,1,0,12.273735966890268,5,0,14.307765407391589,50-59,4.0,279956.1623199999,1636000.000000004,214000.00000000017,1119824.6492799995,1
7.0909098220799835,3,10.030126736355644,0,48,2,0,2,2,4,0,0.0,2,0,7.0909098220799835,40-49,2.0,22699.14829700001,1200.0,0.0,45398.29659400002,0
7.544861068658458,7,10.596503161315889,1,82,3,0,0,2,3,0,11.502885230075814,2,0,7.544861068658458,65+,8.0,39993.7374750001,1890.0000000000002,99000.00000000004,319949.8998000008,0
14.310207409556291,8,14.776256658858411,1,75,3,1,0,1,3,0,0.0,3,0,16.930802110941475,65+,8.0,2613644.789599999,22539999.999999974,0.0,20909158.31679999,1
8.962007209588313,12,12.283882237332367,1,43,3,0,2,1,1,0,12.144096172875006,3,0,11.81894585784987,40-49,2.0,216182.3647299995,135799.99999999997,187980.0,432364.729459999,0
9.967447781495006,9,11.212407496011592,1,76,3,1,0,1,3,0,9.99884318585288,4,0,12.351561635278546,65+,8.0,74042.45991999988,231320.0000000001,21999.999999999993,592339.679359999,0
9.741027444837728,13,11.496429917961311,1,73,3,1,0,2,3,0,0.0,4,0,14.136144456244882,65+,8.0,98362.9759519998,1377999.9999999988,0.0,786903.8076159984,1
10.896757843893464,13,11.219680157476482,1,62,2,1,0,1,3,0,13.048288327785578,5,0,12.804911893867851,60-64,6.0,74582.91583199994,364000.00000000006,464300.0000000001,447497.49499199964,0
8.575650760987806,13,10.95586961402582,0,60,3,0,0,2,2,0,12.655876756228816,5,0,8.575650760987806,60-64,6.0,57288.326653000004,5299.999999999997,313599.99999999994,343729.95991800004,0
13.116347317149176,13,14.058830746545782,1,54,3,1,3,2,2,0,13.883170141017091,3,0,15.83692579458963,50-59,4.0,1275475.9518999993,7549000.000000006,1069999.9999999998,5101903.807599997,1
12.38380451915696,10,11.962300367785083,1,56,3,1,1,2,1,0,0.0,1,0,14.025691253324744,50-59,4.0,156732.2144299997,1233900.0000000007,0.0,626928.8577199988,1
10.66897865021924,12,10.204473075038807,1,67,2,1,0,2,3,0,0.0,4,0,13.8915461710239,65+,8.0,27022.79559099997,1078999.999999999,0.0,216182.36472799975,1
6.133398042996649,8,10.814221753204103,0,42,2,0,2,2,3,0,0.0,5,0,6.133398042996649,40-49,2.0,49721.943887999936,460.00000000000006,0.0,99443.88777599987,0
7.601402334583733,8,11.144457783705516,1,41,2,0,1,1,1,0,0.0,5,0,11.002116507732016,40-49,2.0,69178.35671300004,59999.99999999991,0.0,138356.7134260001,0
11.722383799419628,13,12.53167836081994,1,59,2,1,0,1,3,0,12.611541086966117,5,0,14.83950741240823,50-59,4.0,276972.84569000005,2784300.0000000005,300000.0000000003,1107891.3827600002,1
7.937731775260109,8,10.814221753204103,0,54,1,0,3,2,1,0,8.497194544909547,5,0,7.937731775260109,50-59,4.0,49721.943887999936,2800.000000000001,4899.999999999998,198887.77555199974,0
11.932300052847731,8,13.074607218350303,1,61,3,0,0,1,2,0,0.0,5,0,13.766426400583072,60-64,6.0,476682.11422999884,952099.9999999991,0.0,2860092.685379993,0
13.639847980870869,12,15.345631897212035,1,74,3,1,0,1,3,0,15.57887072413838,5,0,17.925382297227287,65+,8.0,4618736.222400003,60938900.0,5831999.999999995,36949889.779200025,1
10.085850775128716,10,11.982778769792814,1,68,3,1,0,1,3,0,11.441440204346032,5,0,10.434145214930489,65+,8.0,159974.9499,34000.00000000006,93099.99999999983,1279799.5992,0
2.3978952727983707,5,9.550580764956187,0,62,2,0,0,2,3,0,0.0,5,0,2.3978952727983707,60-64,6.0,14051.853706999998,10.000000000000002,0.0,84311.12224199998,0
9.210440366976515,12,9.818828007928497,1,81,3,0,0,2,3,0,0.0,3,0,9.210440366976515,65+,8.0,18375.50100200004,9999.99999999999,0.0,147004.00801600033,0
7.8826922062890254,9,9.383539618396709,0,77,1,0,0,2,3,0,0.0,5,0,7.8826922062890254,65+,8.0,11890.03006000001,2649.9999999999995,0.0,95120.24048000008,0
8.456593569287309,11,12.332672181245634,1,33,1,0,2,1,1,0,13.155026095375646,1,0,11.71754652925895,30-39,0.75,226991.48297000016,122705.0,516599.9999999998,170243.61222750013,0
6.803505257608338,7,9.470543987306163,0,45,1,0,3,1,2,0,10.308985993422082,3,1,6.803505257608338,40-49,2.0,12970.941883999983,899.9999999999998,29999.99999999999,25941.883767999967,0
9.472781556562168,14,10.91740401772286,0,75,2,1,0,2,3,0,0.0,5,1,12.297288089699112,65+,8.0,55126.503006,219100.0,0.0,441012.024048,0
13.94960516695268,12,13.807758643473145,1,62,3,1,0,1,2,0,14.403297778421797,5,0,16.997631149484544,60-64,6.0,992277.0541099999,24097799.999999996,1800000.000000004,5953662.324659999,1
9.60245002503719,9,11.159961747859198,1,50,1,1,0,2,1,0,0.0,2,0,11.781432363235949,50-59,4.0,70259.268537,130799.9999999999,0.0,281037.074148,0
6.111467339502679,8,10.511947979456522,0,29,2,0,2,2,1,0,0.0,5,0,6.111467339502679,Under 30,0.25,36751.00200399998,450.0000000000001,0.0,9187.750500999995,0
12.623140184369175,12,13.585432002979864,1,41,3,1,2,1,1,1,13.161586013632684,3,0,15.028492953757103,40-49,2.0,794470.19038,3363499.999999999,520000.0,1588940.38076,1
5.351858133476067,1,10.674462827538376,0,46,1,0,0,1,1,0,0.0,3,0,5.351858133476067,40-49,2.0,43236.47294599996,210.00000000000003,0.0,86472.94589199992,0
10.211009016314168,12,11.773059697378924,1,39,3,0,2,1,1,0,12.926350926565435,4,0,13.39878377456654,30-39,0.75,129709.41884000013,659200.0000000006,410999.9999999997,97282.0641300001,1
1.791759469228055,9,10.511947979456522,0,60,2,0,0,2,1,0,9.38437770918244,1,1,1.791759469228055,60-64,6.0,36751.00200399998,5.0,11899.999999999998,220506.01202399988,0
0.0,4,9.69367212060944,0,67,2,1,0,2,3,0,0.0,5,0,0.0,65+,8.0,16213.677355,0.0,0.0,129709.41884,0
8.006700845440367,13,11.046019206267973,1,41,2,0,0,2,1,0,12.382547979752006,5,0,8.77971129020447,40-49,2.0,62692.88577200012,6500.000000000003,238599.99999999994,125385.77154400024,0
5.529429087511423,11,9.930047914868677,0,54,2,0,0,2,3,0,9.99884318585288,1,0,5.529429087511423,50-59,4.0,20537.32464900002,251.00000000000003,21999.999999999993,82149.29859600008,0
14.585619242623205,14,15.137470384633229,1,58,3,1,0,1,2,1,12.013706813470414,2,0,15.83387438300822,50-59,4.0,3750764.028100003,7526000.000000013,165000.00000000015,15003056.112400012,0
5.303304908059076,8,10.792243293398966,1,70,3,0,0,1,3,0,10.86858749601736,1,0,9.91348738711446,65+,8.0,48641.03206399999,20199.99999999996,52500.00000000006,389128.25651199993,0
8.594339400592892,12,10.243692364956797,1,71,3,1,0,1,1,0,12.67420264562853,5,0,9.642187721358466,65+,8.0,28103.707415000037,15400.00000000001,319399.9999999999,224829.6593200003,0
12.92396365688101,9,12.216673809199175,1,79,3,1,0,1,3,0,0.0,5,0,15.759564843111866,65+,8.0,202130.51101999995,6987020.0,0.0,1617044.0881599996,1
9.259225769705994,12,11.813881383532228,1,70,3,1,1,1,3,0,7.601402334583733,5,0,12.96477579819886,65+,8.0,135113.97795999993,427099.99999999936,2000.0,1080911.8236799994,0
9.29660980712836,8,10.674462827538376,1,63,3,1,0,1,3,0,5.707110264748875,5,0,9.29660980712836,60-64,6.0,43236.47294599996,10900.000000000024,299.9999999999999,259418.83767599973,0
5.303304908059076,3,9.69367212060944,0,69,3,0,0,2,3,0,0.0,3,0,5.303304908059076,65+,8.0,16213.677355,200.0,0.0,129709.41884,0
10.950824090522444,13,12.854859771599198,1,70,0,1,0,1,2,0,13.444448325847754,2,0,15.741946742850622,65+,8.0,382642.78557000007,6865000.000000004,689999.9999999995,3061142.2845600005,1
2.3978952727983707,8,10.540934738927314,0,21,3,0,2,1,1,0,9.952325334619427,4,0,2.3978952727983707,Under 30,0.25,37831.91382800001,10.000000000000002,20999.99999999998,9457.978457000003,0
6.90875477931522,8,11.73915841150484,1,36,3,0,3,1,1,0,12.892449458789203,5,0,12.91657092142417,30-39,0.75,125385.7715399999,407000.0000000001,397300.00000000006,94039.32865499993,1
8.294299608857235,9,9.875983398597374,1,62,3,0,1,2,1,0,11.616393190430356,3,0,9.692828247710418,60-64,6.0,19456.412826000007,16199.999999999996,110900.00000000001,116738.47695600004,0
9.071193240566023,9,11.128709656194046,1,50,3,1,2,2,1,0,11.286037411751035,5,0,9.539716058977092,50-59,4.0,68097.44488999996,13899.99999999999,79699.99999999997,272389.7795599998,0
12.190964083849376,9,12.51895339047802,1,65,3,1,0,1,2,0,12.94491234034926,4,0,12.190964083849376,65+,8.0,273470.6913800001,197000.0000000005,418700.0000000003,2187765.5310400007,0
8.999742789830492,13,11.175229004346514,1,57,2,0,0,2,3,0,12.906197922445113,1,0,8.999742789830492,50-59,4.0,71340.18036100005,8100.000000000006,402800.00000000076,285360.7214440002,0
8.006700845440367,2,11.079920226254767,0,35,2,0,2,1,2,0,0.0,4,0,8.006700845440367,30-39,0.75,64854.70941899998,2999.9999999999995,0.0,48641.03206424999,0
11.394153190178114,12,12.757004250263083,1,52,2,1,2,1,1,0,14.375126917328105,4,0,13.96375899664173,50-59,4.0,346972.69538999954,1159800.0000000002,1749999.9999999998,1387890.7815599982,0
11.655301379246426,10,10.936821754744528,1,59,2,1,0,1,1,0,11.81303746480054,5,0,12.161603382806211,50-59,4.0,56207.41482999999,191299.99999999962,135000.0000000002,224829.65931999995,0
6.530877627725885,8,10.569104881654322,0,55,1,0,1,1,1,0,9.751559401061966,5,0,6.530877627725885,50-59,4.0,38912.825651000036,684.9999999999998,17179.999999999985,155651.30260400014,0
11.440365524765756,14,12.766306616236962,1,52,3,1,0,1,1,0,10.491301994830229,5,0,15.085833023572862,50-59,4.0,350215.43085999996,3562000.0000000023,35999.99999999998,1400861.7234399999,1
4.61512051684126,12,10.204473075038807,0,40,1,0,0,2,1,0,9.711176264112805,4,0,4.61512051684126,40-49,2.0,27022.79559099997,100.00000000000003,16499.999999999993,54045.59118199994,0
4.61512051684126,8,10.482095840823945,0,43,3,0,1,2,1,0,0.0,4,0,8.630700432209832,40-49,2.0,35670.09018000006,5599.999999999995,0.0,71340.18036000011,0
12.54254845357358,12,12.323102772577544,1,64,3,1,0,1,2,0,10.59665973278358,2,0,15.10427505259708,60-64,6.0,224829.65931999942,3628299.9999999995,40000.00000000007,1348977.9559199966,1
6.274762021241939,8,10.699154876036824,0,20,1,0,2,2,1,0,7.01301578963963,5,1,6.274762021241939,Under 30,0.25,44317.38476999999,530.0,1110.0000000000005,11079.346192499997,0
10.524090921620362,8,11.845379821066128,1,72,2,0,0,1,2,0,11.995357787034976,1,0,10.803669227477098,65+,8.0,139437.6252500001,49200.00000000002,162000.00000000012,1115501.0020000008,0
7.170888478512505,13,9.930047914868677,0,26,2,0,0,2,1,0,8.525359754082631,2,0,7.496097345175956,Under 30,0.25,20537.32464900002,1800.0,5040.0,5134.331162250005,0
9.680406499268877,14,12.526827418238932,0,58,3,1,0,2,1,0,0.0,5,0,15.230392618890372,50-59,4.0,275632.5150300001,4115999.9999999986,0.0,1102530.0601200005,1
13.429849547739444,14,14.163343367496264,1,56,3,1,0,1,2,0,13.70122253263775,5,0,14.459993091477184,50-59,4.0,1415994.4889999994,1905000.0000000002,891999.9999999993,5663977.955999997,0
4.61512051684126,8,10.511947979456522,0,52,3,0,0,1,1,0,9.105090961257083,3,1,4.61512051684126,50-59,4.0,36751.00200399998,100.00000000000003,8999.999999999984,147004.00801599992,0
5.351858133476067,12,0.0,1,78,2,0,1,1,1,0,13.102162710901052,1,0,5.351858133476067,65+,8.0,0.0,210.00000000000003,489999.9999999991,0.0,0
9.038483865029992,12,10.91740401772286,0,39,2,0,2,1,1,0,11.31448672129398,5,0,11.319595537796635,30-39,0.75,55126.503006,82419.99999999985,81999.99999999985,41344.877254499996,1
9.575052927597383,8,9.470543987306163,1,65,2,1,0,2,3,0,5.707110264748875,4,0,9.575052927597383,65+,8.0,12970.941883999983,14400.00000000001,299.9999999999999,103767.53507199987,0
5.802118375377063,8,10.31779779558084,1,48,2,0,3,1,2,0,9.210440366976515,3,0,5.802118375377063,40-49,2.0,30265.531061999973,330.0,9999.99999999999,60531.062123999945,0
8.517393171418904,12,17.13914485451019,1,79,3,1,1,1,3,0,13.062615496138552,2,0,17.177100519711725,65+,8.0,27761058.367000025,28834999.999999993,471000.0000000001,222088466.9360002,0
8.612685172875459,14,12.397210427038146,1,64,3,0,0,1,1,0,12.52815976788113,1,0,12.200059603373044,60-64,6.0,242124.2485000002,198799.99999999953,276000.0000000002,1452745.491000001,0
0.6931471805599453,8,10.74678187553037,1,63,3,0,1,2,3,0,12.899222326086994,5,0,0.6931471805599453,60-64,6.0,46479.20841700003,1.0,399999.9999999999,278875.2505020002,0
8.922791623969637,12,10.99291025098136,0,51,2,1,1,2,1,0,9.79929302351827,4,0,10.736853093036018,50-59,4.0,59450.15030100008,46020.00000000003,18019.99999999999,237800.60120400033,0
7.824445930877619,8,10.769770904774589,1,66,3,0,0,1,3,0,12.503213591456063,5,1,7.824445930877619,65+,8.0,47560.12024000005,2500.0000000000005,269200.0000000001,380480.9619200004,0
14.11561589115508,14,13.26969613214558,1,68,1,1,0,1,3,0,0.0,5,0,16.80210122406016,65+,8.0,579368.7374700004,19818000.000000007,0.0,4634949.899760003,1
9.310276200588785,12,10.482095840823945,0,38,2,1,0,2,1,0,9.148571345578551,4,0,11.198913106339084,30-39,0.75,35670.09018000006,73050.00000000001,9400.000000000002,26752.567635000043,1
12.092909546513004,13,13.286347737247365,0,37,3,1,2,1,1,0,10.839600519357369,2,0,14.525318671155992,30-39,0.75,589096.94389,2033599.9999999949,50999.999999999985,441822.7079175,1
9.99884318585288,12,11.30306069379871,1,61,2,1,0,1,2,0,12.065090709265014,4,0,11.8350162104899,60-64,6.0,81068.38677399996,138000.0000000003,173700.00000000012,486410.32064399973,0
11.729656499978892,14,11.439918298765717,1,73,3,0,0,2,3,0,12.190964083849376,4,0,13.849139705874752,65+,8.0,92958.41683399999,1034199.9999999998,197000.0000000005,743667.3346719999,1
8.55468163582723,8,11.234068703381135,0,35,1,1,2,1,1,0,6.2166061010848646,4,1,8.55468163582723,30-39,0.75,75663.82765499984,5190.000000000003,499.9999999999999,56747.87074124988,0
12.071975378543236,11,12.24306043554586,1,61,3,1,0,1,3,0,0.0,2,0,14.661765446073504,60-64,6.0,207535.0701400004,2330900.0000000033,0.0,1245210.4208400024,1
8.922791623969637,14,11.248253152234346,1,59,3,0,0,2,2,0,11.736077016252436,5,1,8.922791623969637,50-59,4.0,76744.73947899997,7500.0000000000055,124999.99999999967,306978.95791599987,0
8.517393171418904,13,7.679169891098901,0,39,3,0,0,2,4,0,0.0,4,0,10.985309671896765,30-39,0.75,2161.8236473000006,59000.00000000007,0.0,1621.3677354750005,1
9.04793908261736,12,11.485380194730258,1,31,2,0,3,1,1,0,11.156264806643742,4,0,11.19135563385109,30-39,0.75,97282.06412800006,72500.0,70000.00000000001,72961.54809600004,0
10.5713425658087,12,13.112431449146433,1,47,2,0,2,1,2,0,14.473549079276909,2,0,14.246644062593385,40-49,2.0,495057.61523000046,1538999.9999999998,1931000.0000000019,990115.2304600009,1
10.807725945886109,8,12.138857187204596,1,55,1,1,1,1,2,0,8.517393171418904,1,0,13.554666437492209,50-59,4.0,186997.74549000023,770399.9999999995,5000.000000000003,747990.9819600009,1
7.00397413672268,9,10.31779779558084,0,26,2,0,0,2,1,0,3.9318256327243257,3,0,7.00397413672268,Under 30,0.25,30265.531061999973,1099.9999999999998,50.0,7566.382765499993,0
10.91018555548575,8,11.610542128340578,0,39,2,0,1,1,1,0,13.10093747330697,5,0,12.062958340260431,30-39,0.75,110253.00601000008,173330.0,489400.0000000004,82689.75450750007,1
11.225256725762891,8,10.85678052964002,1,90,1,1,0,2,3,0,11.289794413577894,5,0,11.81303746480054,65+,8.0,51883.76753500001,135000.0000000002,80000.0,415070.1402800001,0
9.692828247710418,13,11.485380194730258,1,65,3,0,0,1,1,0,11.736077016252436,3,0,12.837878854006089,65+,8.0,97282.06412800006,376200.0000000007,124999.99999999967,778256.5130240005,0
8.699681400989514,8,9.818828007928497,1,48,2,0,0,2,1,0,4.51085950651685,2,0,8.699681400989514,40-49,2.0,18375.50100200004,6000.000000000005,89.99999999999997,36751.00200400008,0
12.994532278619134,13,12.689345803522986,0,48,3,0,1,1,1,0,0.0,5,0,13.07107218827772,40-49,2.0,324273.54709000007,474999.99999999977,0.0,648547.0941800001,0
6.2166061010848646,12,10.540934738927314,1,59,1,0,0,2,1,0,5.707110264748875,4,0,7.650168700845001,50-59,4.0,37831.91382800001,2100.0000000000005,299.9999999999999,151327.65531200005,0
15.484160518531615,12,18.628724195070475,1,72,3,1,0,1,1,0,0.0,5,0,18.54166753986165,65+,8.0,123126665.82999982,112861000.00000025,0.0,985013326.6399986,0
8.101980731853192,9,10.386788464403516,0,57,1,0,0,2,2,0,8.517393171418904,5,0,8.101980731853192,50-59,4.0,32427.35470899998,3299.999999999998,5000.000000000003,129709.41883599992,0
3.4339872044851463,9,9.75820678716859,0,36,2,0,0,2,3,0,0.0,1,0,7.601402334583733,30-39,0.75,17294.589178000006,2000.0,0.0,12970.941883500003,0
10.477597786622002,9,11.730500418141489,1,59,2,0,0,1,1,0,12.220966184120163,2,0,14.288965100951891,50-59,4.0,124304.8597200003,1605529.9999999981,202999.99999999956,497219.4388800012,1
5.707110264748875,8,10.281431375093115,0,55,3,0,1,2,1,0,0.0,5,0,5.707110264748875,50-59,4.0,29184.61923800001,299.9999999999999,0.0,116738.47695200004,0
8.086717920303906,12,9.75820678716859,0,73,2,0,1,2,2,0,11.51782345023242,5,0,9.632400353656184,65+,8.0,17294.589178000006,15250.000000000004,100489.99999999997,138356.71342400005,0
13.664688831019712,13,13.04934760525682,1,50,3,0,4,1,1,0,13.169248871698304,5,0,14.793837056697662,50-59,4.0,464792.0841700003,2660000.0000000023,523999.9999999997,1859168.336680001,1
8.853808274977197,13,11.580689440046534,1,53,3,1,0,2,1,0,12.32785212918379,5,0,9.852246888342531,50-59,4.0,107010.27053999992,18999.999999999985,225899.9999999999,428041.0821599997,0
5.8888779583328805,8,8.653441606018836,0,31,3,0,0,2,4,0,0.0,1,0,5.8888779583328805,30-39,0.75,5728.832665299998,359.99999999999983,0.0,4296.6244989749985,0
10.32584255331256,10,11.658397725704075,1,63,1,0,2,1,3,0,11.7652471635618,4,0,10.32584255331256,60-64,6.0,115657.56512999976,30509.999999999993,128699.99999999968,693945.3907799985,0
10.40731877238916,8,12.56529356217316,1,41,2,0,0,1,1,0,12.800506612529052,5,0,12.359227115018935,40-49,2.0,286441.6332700001,233099.99999999977,362399.9999999997,572883.2665400002,0
13.65882282921501,14,0.0,1,52,3,0,3,1,2,1,11.31448672129398,1,0,15.030711391390703,50-59,4.0,0.0,3370969.9999999986,81999.99999999985,0.0,1
8.131824785007195,12,11.42822238555616,1,64,2,0,0,1,2,0,12.764547783171324,5,1,10.6782377612977,60-64,6.0,91877.50500999982,43399.99999999999,349599.99999999924,551265.0300599989,0
5.303304908059076,8,10.16365262239305,0,27,3,1,1,2,1,0,0.0,2,0,5.303304908059076,Under 30,0.25,25941.88376800001,200.0,0.0,6485.470942000003,0
4.61512051684126,8,11.046019206267973,0,64,3,0,0,2,1,0,10.947309210188068,3,1,12.571066392083605,60-64,6.0,62692.88577200012,288100.00000000023,56800.000000000015,376157.3146320007,0
10.545367754151744,10,11.404411999129266,1,61,2,0,0,2,1,0,12.094252421922532,3,1,10.859018228147889,60-64,6.0,89715.68136300004,52000.00000000013,178839.99999999985,538294.0881780002,0
9.61587214452889,12,12.374636199286815,1,67,3,0,0,1,3,0,12.20507715018907,2,0,15.848253627610632,65+,8.0,236719.68937999982,7635000.0000000065,199799.99999999983,1893757.5150399986,1
8.881975184248867,11,10.451325058234776,1,57,3,1,0,1,3,0,12.853963535427878,5,0,8.97094039814245,50-59,4.0,34589.17835700002,7869.999999999994,382299.9999999998,138356.71342800008,0
8.987321812850125,4,10.723251890363157,0,45,1,0,1,1,1,0,7.00397413672268,5,0,8.987321812850125,40-49,2.0,45398.29659299996,8000.0000000000055,1099.9999999999998,90796.59318599993,0
7.601402334583733,10,10.076644749570695,1,59,3,0,1,2,3,0,8.824824939175638,5,0,8.412054873292933,50-59,4.0,23780.060119999976,4499.999999999999,6799.999999999996,95120.2404799999,0
9.559658319461349,8,10.674462827538376,1,74,1,0,0,1,3,0,9.99884318585288,5,0,9.559658319461349,65+,8.0,43236.47294599996,14180.000000000038,21999.999999999993,345891.78356799966,0
6.2166061010848646,10,11.028627743384128,0,66,3,0,0,1,3,0,6.621405651764134,5,1,9.259225769705994,65+,8.0,61611.973947999984,10500.000000000005,749.9999999999998,492895.7915839999,0
9.711176264112805,13,15.587094754974654,1,64,3,1,0,1,2,0,0.0,3,0,18.88513463308929,60-64,6.0,5880160.320599997,159114499.9999998,0.0,35280961.92359999,1
9.210440366976515,8,11.392290774522229,1,64,3,0,0,1,1,0,11.711784520403112,2,0,12.61619688301906,60-64,6.0,88634.76953900007,301399.99999999936,122000.00000000003,531808.6172340005,0
7.273092595999522,12,10.792243293398966,0,49,2,0,2,2,1,0,10.128669025875904,5,1,9.318387276059315,40-49,2.0,48641.03206399999,11139.999999999987,25050.000000000033,97282.06412799998,0
11.48082573731012,10,12.930983275509185,1,64,2,1,0,1,3,0,0.0,4,0,14.7812925415219,60-64,6.0,412908.3166300009,2626840.0000000005,0.0,2477449.899780005,1
6.53813982376767,5,10.41957729248823,0,58,0,0,1,2,3,1,0.0,3,0,6.53813982376767,50-59,4.0,33508.26653300001,690.0000000000002,0.0,134033.06613200004,0
8.35490952835879,11,11.234068703381135,1,51,3,0,0,1,1,0,12.51723073716405,3,0,10.027959280046968,50-59,4.0,75663.82765499984,22650.0,272999.9999999998,302655.31061999936,0
10.94889243537189,13,11.667700038278326,1,44,3,1,2,1,1,0,12.483708170000067,5,0,11.797284522317934,40-49,2.0,116738.47695000008,132889.99999999997,264000.00000000006,233476.95390000017,0
9.852246888342531,14,11.883406949070103,1,77,3,1,0,1,2,0,12.6410997921206,5,0,14.241432327807471,65+,8.0,144842.18437000012,1530999.9999999998,309000.00000000006,1158737.474960001,1
5.942799375126701,8,10.64914561257346,0,35,2,0,3,1,1,1,0.0,5,0,8.761080103868347,30-39,0.75,42155.561122000014,6379.999999999998,0.0,31616.67084150001,0
13.063888568084156,8,14.350740956645687,1,65,3,0,0,1,2,0,13.996164892381724,5,0,15.09661133393711,65+,8.0,1707840.6813999978,3600600.0000000014,1198000.0000000002,13662725.451199982,0
7.824445930877619,-1,9.383539618396709,0,74,3,0,0,1,3,0,0.0,3,0,7.824445930877619,65+,8.0,11890.03006000001,2500.0000000000005,0.0,95120.24048000008,0
13.171155446333852,14,12.370059551652831,1,61,3,1,0,1,2,0,0.0,4,0,15.564710586686562,60-64,6.0,235638.7775599998,5750000.000000005,0.0,1413832.6653599988,1
5.484796933490655,6,10.121094683881877,0,61,2,0,0,2,3,0,0.0,5,0,5.484796933490655,60-64,6.0,24860.97194400006,239.99999999999994,0.0,149165.83166400035,0
9.084890521258767,12,10.41957729248823,1,49,3,0,0,2,4,1,12.433212202169727,5,0,14.725308658247348,40-49,2.0,33508.26653300001,2483820.0000000014,250999.99999999942,67016.53306600002,1
6.68586094706836,4,8.973561317359966,0,46,1,0,0,2,3,0,7.00397413672268,3,0,6.68586094706836,40-49,2.0,7890.656312600005,800.0000000000003,1099.9999999999998,15781.31262520001,0
7.901377353792616,12,11.549918073413814,0,26,3,1,0,2,1,0,0.0,4,0,9.278092474027002,Under 30,0.25,103767.53506999994,10700.000000000005,0.0,25941.883767499985,0
6.621405651764134,8,10.540934738927314,0,26,2,0,0,1,2,0,10.085850775128716,1,0,6.621405651764134,Under 30,0.25,37831.91382800001,749.9999999999998,23999.999999999945,9457.978457000003,0
9.332646496360152,8,10.31779779558084,0,45,1,0,1,2,1,0,0.0,2,0,10.55323128448846,40-49,2.0,30265.531061999973,38299.99999999997,0.0,60531.062123999945,0
9.61587214452889,8,11.079920226254767,0,68,3,0,1,1,1,0,8.764209507142004,4,0,9.61587214452889,65+,8.0,64854.70941899998,14999.99999999999,6400.000000000005,518837.6753519998,0
9.241935933565934,8,11.175229004346514,0,56,2,0,1,1,1,0,8.665785595466064,4,0,10.06266841688844,50-59,4.0,71340.18036100005,23450.00000000001,5799.999999999996,285360.7214440002,0
11.695255355062796,14,14.231215972568377,1,83,3,1,0,1,2,0,12.388398368982116,5,0,16.22110349124454,65+,8.0,1515438.376800003,11084999.999999981,240000.00000000047,12123507.014400024,0
12.793862088206213,14,13.37747890812004,1,71,3,1,0,2,3,0,13.989464705423494,5,0,15.923539677973178,65+,8.0,645304.3587199987,8232000.000000004,1190000.0000000002,5162434.86975999,1
10.819798284210286,10,11.667700038278326,1,39,1,0,1,2,1,0,9.305741456739437,4,0,11.264476926102368,30-39,0.75,116738.47695000008,78000.00000000009,11000.000000000011,87553.85771250006,0
8.699681400989514,2,11.276032359350232,1,61,2,1,0,1,1,0,12.742568940017076,5,0,8.699681400989514,60-64,6.0,78906.56312599996,6000.000000000005,342000.0000000002,473439.3787559998,0
2.3978952727983707,4,9.98133877479715,1,78,2,0,0,2,3,0,10.70101727068921,4,1,6.236369590203704,65+,8.0,21618.236473000004,510.0,44399.99999999998,172945.89178400004,0
14.630530621563638,12,15.102276146044932,1,71,3,1,0,1,3,1,0.0,1,0,16.21877511758149,65+,8.0,3621054.6091999975,11059220.000000013,0.0,28968436.87359998,0
0.6931471805599453,8,10.243692364956797,0,74,2,0,0,1,3,0,6.398594934535208,1,0,7.379008127628304,65+,8.0,28103.707415000037,1600.9999999999993,600.0,224829.6593200003,0
12.899222326086994,14,15.946156502692192,1,42,3,0,2,1,1,0,15.77278460691283,1,0,16.954225711534836,40-49,2.0,8420303.106199997,23074199.999999966,7080000.000000003,16840606.212399993,1
7.601402334583733,2,10.74678187553037,1,49,2,0,0,2,1,0,11.259335592686217,4,1,11.034905792929417,40-49,2.0,46479.20841700003,62000.00000000008,77599.99999999999,92958.41683400006,0
9.90353755128617,11,11.658397725704075,1,34,3,1,2,1,1,0,12.386312871189734,3,0,11.643962499267984,30-39,0.75,115657.56512999976,113999.99999999996,239499.99999999983,86743.17384749981,1
5.993961427306569,8,11.112709551691127,0,38,0,0,0,2,1,0,10.043292972227004,2,0,10.885210156391135,30-39,0.75,67016.53306600003,53379.999999999956,22999.999999999996,50262.399799500025,1
10.53212287826962,13,12.731766391333682,1,34,3,1,2,1,1,0,12.718899265966332,5,0,12.867422094315351,30-39,0.75,338325.4008000002,387479.9999999991,334000.0000000002,253744.05060000013,1
6.398594934535208,8,9.550580764956187,1,58,2,0,0,2,4,0,0.0,1,0,6.398594934535208,50-59,4.0,14051.853706999998,600.0,0.0,56207.41482799999,0
5.351858133476067,11,10.897601753215405,1,51,2,0,0,2,4,0,11.288418484608911,5,0,13.459136997176506,50-59,4.0,54045.59118200007,700210.0000000001,79889.99999999984,216182.36472800028,1
7.601402334583733,8,9.013830214534464,0,35,3,0,1,2,1,0,9.210440366976515,1,0,7.601402334583733,30-39,0.75,8214.929859699983,2000.0,9999.99999999999,6161.1973947749875,0
8.612685172875459,10,11.686049021222916,1,40,3,1,1,2,2,1,12.829336379587506,2,1,10.815790343132422,40-49,2.0,118900.30059999996,49799.99999999997,372999.9999999999,237800.60119999992,0
10.42171570981886,12,12.58027506386054,1,85,3,1,0,2,3,0,0.0,4,0,14.586350456364096,65+,8.0,290765.2805600006,2161579.9999999986,0.0,2326122.244480005,0
10.336600252573104,13,11.73915841150484,1,39,1,1,2,1,1,0,12.969214528909768,5,0,12.583278872799417,30-39,0.75,125385.7715399999,291640.0000000006,429000.00000000006,94039.32865499993,1
11.970356641103,8,13.913119058332606,1,70,3,0,0,2,2,0,0.0,1,0,12.788291058675023,65+,8.0,1102530.0600999997,357999.9999999991,0.0,8820240.480799997,0
12.674140026456396,13,13.390790232268191,1,43,3,0,3,1,1,0,13.94214408995452,2,0,14.603686515102009,40-49,2.0,653951.6533099992,2199380.000000005,1134999.9999999984,1307903.3066199983,1
12.429220196836384,13,14.73488310851318,1,64,3,1,0,1,2,0,0.0,3,0,16.436549454804126,60-64,6.0,2507715.430900003,13750000.000000024,0.0,15046292.585400017,0
8.987321812850125,13,12.351540583185312,0,74,2,0,0,2,2,0,10.05195066017375,1,0,14.37854962265312,65+,8.0,231315.13026000018,1756000.0000000016,23199.999999999996,1850521.0420800014,0
8.556606193773073,9,10.030126736355644,0,34,2,0,1,2,1,0,4.110873864173311,2,0,9.97119292889014,30-39,0.75,22699.14829700001,21399.99999999998,60.00000000000001,17024.36122275001,1
11.775297421715829,12,14.893947744478057,1,65,3,1,0,1,2,1,13.815511557963774,5,0,16.220652329536115,65+,8.0,2940080.1603000024,11079999.999999998,999999.9999999997,23520641.28240002,0
8.114025442356757,10,9.288237848223762,0,23,1,0,1,1,1,0,9.54831148472113,5,1,8.114025442356757,Under 30,0.25,10809.118235999998,3340.0000000000023,14019.999999999989,2702.2795589999996,1
8.585038738311304,9,11.496429917961311,0,48,1,0,5,1,1,0,11.29788648273253,4,1,9.93066488054092,40-49,2.0,98362.9759519998,20550.0,80650.00000000001,196725.9519039996,0
13.215491177549588,9,13.070061765530255,1,80,2,1,0,1,3,1,0.0,2,0,16.750632637722745,65+,8.0,474520.2905799999,18823799.99999999,0.0,3796162.3246399993,1
14.597584405175056,13,14.325098541209098,1,55,3,1,2,1,1,0,13.273367970629833,3,0,15.554220981849422,50-59,4.0,1664604.2084000004,5689999.999999997,581499.9999999998,6658416.833600001,0
4.110873864173311,8,9.875983398597374,0,53,1,0,0,2,4,0,9.61587214452889,4,1,4.110873864173311,50-59,4.0,19456.412826000007,60.00000000000001,14999.99999999999,77825.65130400003,0
9.61587214452889,11,12.016004213152664,0,63,3,1,0,2,1,0,10.62135173563291,4,0,12.459555277114108,60-64,6.0,165379.50901999997,257700.00000000015,40999.99999999999,992277.0541199998,0
6.68586094706836,7,10.076644749570695,0,56,0,0,0,2,3,0,0.0,4,0,6.68586094706836,50-59,4.0,23780.060119999976,800.0000000000003,0.0,95120.2404799999,0
6.198478716492308,10,10.243692364956797,0,40,3,0,3,1,1,0,10.119445348035612,5,0,6.198478716492308,40-49,2.0,28103.707415000037,490.9999999999999,24819.999999999978,56207.414830000074,0
8.869398159883518,10,10.897601753215405,0,25,2,0,0,2,1,0,9.751559401061966,4,0,9.418248450647615,Under 30,0.25,54045.59118200007,12310.000000000005,17179.999999999985,13511.397795500017,0
4.2626798770413155,9,9.818828007928497,0,73,2,0,0,2,3,1,0.0,1,0,4.2626798770413155,65+,8.0,18375.50100200004,70.0,0.0,147004.00801600033,0
11.451060699493429,12,12.440885314014931,1,55,3,1,1,1,2,0,13.171155446333852,4,0,12.694655727828804,50-59,4.0,252933.36672999966,326000.0000000006,525000.0000000003,1011733.4669199986,0
7.937731775260109,8,11.610542128340578,0,68,1,0,0,2,3,0,9.985113621416073,3,0,12.448238127319224,65+,8.0,110253.00601000008,254799.99999999945,21699.999999999985,882024.0480800007,0
9.35018926709258,9,11.063113369269184,1,65,2,1,0,2,1,0,12.007749747389278,4,0,12.40697467786825,65+,8.0,63773.79759499985,244500.00000000012,164020.0,510190.3807599988,0
6.90875477931522,8,10.95586961402582,0,33,2,0,2,2,1,0,0.0,1,0,6.90875477931522,30-39,0.75,57288.326653000004,999.9999999999999,0.0,42966.244989750005,0
10.034559673629849,12,11.773059697378924,1,29,1,0,2,1,1,0,12.879019669789754,3,0,12.174587138384211,Under 30,0.25,129709.41884000013,193800.00000000015,392000.0,32427.354710000032,1
16.833004372223456,13,15.315459761196252,1,77,3,1,0,1,3,0,0.0,4,0,18.61526020637363,65+,8.0,4481460.420799989,121480000.00000006,0.0,35851683.366399914,1
9.472781556562168,12,14.092167141073084,1,82,3,1,0,1,1,0,12.409017571151187,5,0,16.431445543258093,65+,8.0,1318712.4248000006,13680000.000000024,244999.99999999997,10549699.398400005,1
10.264687244346277,13,11.329377681719818,1,81,2,1,2,1,1,0,12.006407555388575,1,0,10.691967639914864,65+,8.0,83230.21042100004,43999.99999999997,163799.99999999997,665841.6833680003,0
7.989899374942939,4,10.674462827538376,0,33,1,0,1,1,1,0,0.0,2,0,7.989899374942939,30-39,0.75,43236.47294599996,2949.9999999999995,0.0,32427.354709499967,0
5.993961427306569,12,11.28963784015293,0,25,3,0,0,2,1,0,10.203629181337648,1,1,5.993961427306569,Under 30,0.25,79987.47494999996,400.00000000000006,26999.999999999978,19996.86873749999,0
10.021315031649332,9,14.163343367496264,1,51,3,1,0,1,2,0,13.597355791941425,1,0,13.295477677197344,50-59,4.0,1415994.4889999994,594499.999999999,804000.0000000002,5663977.955999997,0
4.795790545596741,12,10.540934738927314,0,42,1,0,2,2,1,0,11.645715332733134,5,0,4.795790545596741,40-49,2.0,37831.91382800001,120.00000000000003,114200.00000000006,75663.82765600002,0
12.345838935721968,12,14.43564035276491,1,71,2,1,0,1,2,0,0.0,5,0,17.22434539983536,65+,8.0,1859168.3366999999,30229999.999999955,0.0,14873346.693599999,1
11.451060699493429,9,11.813881383532228,1,74,2,0,1,1,1,0,9.30027247947679,4,0,13.714585745568392,65+,8.0,135113.97795999993,904000.0000000003,10940.000000000005,1080911.8236799994,0
10.239995502805316,13,13.074607218350303,0,29,3,0,0,1,1,0,9.210440366976515,5,0,13.416525906265674,Under 30,0.25,476682.11422999884,671000.0,9999.99999999999,119170.52855749971,1
12.25486757159303,9,13.979494069068627,1,32,3,1,0,1,2,0,13.45597581440824,2,0,13.755761615129062,30-39,0.75,1178193.8877999985,942000.0000000001,698000.0000000008,883645.4158499988,1
15.256002105592804,14,16.35546526555562,1,68,3,1,0,1,2,0,14.200773639026796,5,0,17.452722200199318,65+,8.0,12679095.691000009,37985770.00000002,1469999.999999999,101432765.52800007,0
9.499346567390097,14,12.84634910427047,1,42,3,1,2,1,1,0,14.015181572093326,5,0,9.585414998760278,40-49,2.0,379400.0500999999,14549.999999999993,1221000.0000000005,758800.1001999998,0
7.0825485693553,8,9.6246836542707,0,70,2,0,0,2,3,0,9.90353755128617,4,0,8.172164452111904,65+,8.0,15132.765531000001,3540.0000000000005,20000.000000000015,121062.12424800001,0
8.4252971767117,8,11.41638805747596,0,36,2,0,2,1,1,1,9.625821815359837,2,1,11.881456842785072,30-39,0.75,90796.59318599998,144559.99999999988,15150.00000000002,68097.44488949998,1
8.006700845440367,12,10.674462827538376,0,38,3,0,0,2,2,0,10.019535750898797,4,0,9.852246888342531,30-39,0.75,43236.47294599996,18999.999999999985,22460.000000000044,32427.354709499967,0
11.53273789613992,12,12.542391878732674,1,47,3,1,0,1,1,0,13.603555432133808,3,0,11.744045122410055,40-49,2.0,279956.1623199999,125999.9999999997,809000.0,559912.3246399998,0
14.030622744032508,12,13.439186700886737,1,59,3,1,1,1,3,0,9.61587214452889,4,0,16.748622522767725,50-59,4.0,686379.0080200006,18785999.99999999,14999.99999999999,2745516.0320800026,1
6.364750756851911,10,10.386788464403516,0,71,0,0,1,2,2,0,9.741027444837728,5,0,6.364750756851911,65+,8.0,32427.35470899998,579.9999999999998,16999.99999999999,259418.83767199985,0
7.0909098220799835,13,8.973561317359966,0,28,3,0,0,2,1,0,9.828278974938373,4,0,7.438971592395862,Under 30,0.25,7890.656312600005,1700.0,18549.999999999993,1972.6640781500012,0
8.936035096566041,13,11.144457783705516,0,26,3,1,0,2,1,0,9.90353755128617,4,0,10.69151300145826,Under 30,0.25,69178.35671300004,43979.99999999998,20000.000000000015,17294.58917825001,1
8.493105395887147,8,11.046019206267973,0,59,3,0,0,1,1,0,10.518700218288163,5,0,8.493105395887147,50-59,4.0,62692.88577200012,4879.999999999997,36999.99999999994,250771.54308800047,0
0.6931471805599453,8,9.383539618396709,1,59,2,0,0,2,3,0,0.0,4,0,0.6931471805599453,50-59,4.0,11890.03006000001,1.0,0.0,47560.12024000004,0
10.819798284210286,6,12.20050103062022,1,63,2,1,2,2,1,0,13.161586013632684,5,0,13.770514238058096,60-64,6.0,198887.77554999987,956000.0000000003,520000.0,1193326.6532999992,0
9.48804786328076,8,11.112709551691127,0,35,2,1,0,2,1,0,7.601402334583733,5,0,10.576457535657257,30-39,0.75,67016.53306600003,39200.00000000004,2000.0,50262.399799500025,0
5.707110264748875,10,9.875983398597374,1,88,1,1,1,2,3,0,0.0,1,0,6.803505257608338,65+,8.0,19456.412826000007,899.9999999999998,0.0,155651.30260800006,0
15.329538505615696,14,14.867875513171883,1,73,3,1,1,1,1,0,0.0,4,0,17.93169816441539,65+,8.0,2864416.3327000015,61325000.000000015,0.0,22915330.661600012,1
14.274201059420788,13,15.38171531695265,1,71,3,1,0,1,2,0,0.0,4,0,18.366646866015085,65+,8.0,4788439.3788,94740000.00000012,0.0,38307515.0304,1
10.819798284210286,13,12.351540583185312,1,46,1,1,2,1,1,0,10.799595985047786,5,0,13.769467666582738,40-49,2.0,231315.13026000018,955000.0000000001,49000.00000000002,462630.26052000036,1
8.160803920954665,13,11.570537163972045,0,70,3,1,0,1,3,0,0.0,3,0,13.579156379301477,65+,8.0,105929.35871999999,789499.9999999993,0.0,847434.8697599999,0
13.286183160425152,8,0.0,1,62,3,1,0,1,2,0,13.567050480716237,1,0,14.74333492106523,60-64,6.0,0.0,2528999.9999999986,780000.0000000015,0.0,1
10.76004951120163,14,12.47036101733073,1,56,3,0,0,2,1,0,12.921472880009723,3,0,12.763116557597762,50-59,4.0,260499.74950000018,349100.0000000001,408999.99999999936,1041998.9980000007,0
6.985641817639208,12,12.035422182721987,1,66,2,0,1,1,1,0,0.0,5,0,12.341830931785502,65+,8.0,168622.2444899999,229080.00000000006,0.0,1348977.9559199992,0
6.68586094706836,9,10.569104881654322,0,23,3,0,0,2,2,0,10.879574327756249,4,0,6.68586094706836,Under 30,0.25,38912.825651000036,800.0000000000003,53079.99999999999,9728.206412750009,0
12.83468397161566,12,13.171770772552284,1,63,3,1,0,2,2,0,0.0,2,0,14.737783759130211,60-64,6.0,525323.1462899996,2514999.9999999995,0.0,3151938.8777399976,0
9.61587214452889,14,12.374636199286815,1,69,3,1,0,1,2,1,13.75682262206042,4,0,13.67854584967945,65+,8.0,236719.68937999982,872000.0000000001,943000.0000000012,1893757.5150399986,0
11.918397239722838,13,13.942106569283686,1,52,3,1,2,1,1,0,14.357835430184815,2,0,15.663965528349175,50-59,4.0,1134957.4147999994,6349999.999999989,1719999.9999999998,4539829.659199998,1
9.05963375455148,8,10.64914561257346,1,95,3,1,0,2,3,0,9.680406499268877,4,0,9.05963375455148,65+,8.0,42155.561122000014,8600.00000000001,16000.00000000003,337244.4889760001,0
5.303304908059076,9,10.076644749570695,0,28,1,0,2,2,4,0,8.853808274977197,5,0,5.303304908059076,Under 30,0.25,23780.060119999976,200.0,6999.999999999998,5945.015029999994,0
11.225256725762891,9,15.296958750803128,1,71,3,1,0,1,2,0,0.0,4,0,16.99268904697942,65+,8.0,4399311.122199999,23978999.999999996,0.0,35194488.97759999,0
5.14166355650266,9,10.540934738927314,0,34,1,0,1,2,1,0,7.9865049385539955,2,0,5.14166355650266,30-39,0.75,37831.91382800001,170.00000000000009,2940.0000000000014,28373.935371000007,0
3.044522437723423,8,9.818828007928497,1,80,3,1,0,1,3,0,0.0,4,0,3.044522437723423,65+,8.0,18375.50100200004,20.0,0.0,147004.00801600033,0
9.68477168454907,10,11.342280932513091,1,45,1,0,0,2,1,0,11.48247656671073,2,0,9.68477168454907,40-49,2.0,84311.12224399998,16069.99999999999,96999.99999999999,168622.24448799997,0
15.44983638099002,12,15.982707511084987,1,74,2,1,0,1,3,0,16.508785541143325,2,0,17.50753508614378,65+,8.0,8733767.53509999,40125999.999999955,14779999.999999987,69870140.28079993,0
9.702044336534586,8,10.386788464403516,1,66,2,0,0,2,3,0,9.575052927597383,5,0,9.702044336534586,65+,8.0,32427.35470899998,16349.99999999999,14400.00000000001,259418.83767199985,0
13.529162262303307,12,12.55008419699409,1,53,3,0,2,1,1,0,11.51293546492023,4,0,14.442144468853597,50-59,4.0,282117.9859699999,1871300.0000000016,100000.00000000004,1128471.9438799997,1
10.203999469426009,8,10.674462827538376,0,41,1,0,2,1,2,0,10.819798284210286,4,1,10.203999469426009,40-49,2.0,43236.47294599996,27009.99999999998,50000.000000000015,86472.94589199992,0
11.141876276228,14,13.011428453540551,1,94,3,1,0,2,3,0,0.0,2,0,16.271760584258406,65+,8.0,447497.49498999893,11661000.00000001,0.0,3579979.9599199914,1
15.069701363757492,12,16.51362687818268,1,81,3,1,0,1,2,0,0.0,5,0,18.069490744451777,65+,8.0,14851728.456999991,70385000.0000001,0.0,118813827.65599993,0
8.006700845440367,8,10.386788464403516,1,69,3,0,1,2,3,0,0.0,1,0,8.006700845440367,65+,8.0,32427.35470899998,2999.9999999999995,0.0,259418.83767199985,0
10.003378135350925,12,11.686049021222916,1,30,2,0,0,1,1,0,12.537894801551152,5,0,10.003378135350925,30-39,0.75,118900.30059999996,22100.000000000033,278700.0000000001,89175.22544999997,0
12.549665896013254,13,12.84349604282837,1,53,3,1,1,1,1,0,12.628070334272698,4,0,14.80207371567977,50-59,4.0,378319.1382800003,2682000.000000002,304999.99999999977,1513276.5531200012,1
9.148571345578551,8,11.485380194730258,1,52,1,1,2,1,1,0,12.552498749066196,5,0,9.642187721358466,50-59,4.0,97282.06412800006,15400.00000000001,282800.00000000006,389128.2565120002,0
11.23850177707664,12,12.14462086116848,1,65,3,1,0,1,2,0,12.657533540980497,5,0,14.977410898759368,65+,8.0,188078.65731000004,3196000.000000003,314120.0000000001,1504629.2584800003,1
10.59665973278358,9,11.219680157476482,1,73,3,1,0,1,3,0,0.0,4,0,13.749371823835228,65+,8.0,74582.91583199994,936000.0000000008,0.0,596663.3266559995,1
4.110873864173311,8,9.470543987306163,0,64,2,0,0,2,3,0,8.24301946898925,4,0,8.309184527686298,60-64,6.0,12970.941883999983,4060.0000000000023,3800.000000000003,77825.6513039999,0
7.784057002639929,8,10.596503161315889,1,30,3,0,2,1,1,0,12.133507329024972,2,1,7.784057002639929,30-39,0.75,39993.7374750001,2401.0000000000005,186000.00000000012,29995.303106250078,0
5.564520407322694,3,10.99291025098136,1,72,2,0,1,1,1,0,8.682877107057168,1,0,5.564520407322694,65+,8.0,59450.15030100008,260.00000000000006,5899.999999999995,475601.20240800065,0
8.160803920954665,6,11.079920226254767,0,58,3,0,0,2,1,0,8.748463629942055,2,1,8.160803920954665,50-59,4.0,64854.70941899998,3499.9999999999977,6299.999999999997,259418.8376759999,0
12.04355959836804,14,13.004155710524866,1,69,3,1,0,2,2,0,13.353476685668044,2,0,15.486984049287734,65+,8.0,444254.7595199997,5320000.000000001,630000.0000000006,3554038.0761599974,1
12.12541016250223,12,12.47036101733073,1,73,3,1,0,1,2,0,13.100119813444692,3,0,14.202472873624796,65+,8.0,260499.74950000018,1472499.9999999998,488999.9999999996,2083997.9960000014,0
9.210440366976515,12,11.28963784015293,1,62,3,0,0,2,1,0,11.561725152903833,5,0,9.680406499268877,60-64,6.0,79987.47494999996,16000.00000000003,104999.99999999997,479924.8496999998,0
11.840075816082267,11,13.36398799942572,1,84,2,1,0,2,3,0,0.0,5,0,16.37035526574303,65+,8.0,636657.0641299998,12869300.00000002,0.0,5093256.513039999,1
7.919719760924575,12,11.028627743384128,1,47,1,0,2,2,1,0,11.583859118587249,2,0,8.682877107057168,40-49,2.0,61611.973947999984,5899.999999999995,107350.00000000017,123223.94789599997,0
11.891368749982083,12,16.70632621632205,1,72,3,1,0,1,2,0,0.0,3,0,17.75701471213357,65+,8.0,18007990.98200003,51495999.99999994,0.0,144063927.85600024,0
11.470028402317832,13,13.004155710524866,1,63,3,1,0,1,1,0,12.011886987792716,3,0,14.630123318616262,60-64,6.0,444254.7595199997,2258300.0000000005,164700.0000000001,2665528.557119998,0
7.244941546337007,13,11.342280932513091,0,60,2,0,3,1,1,0,11.5501345407525,4,1,11.804855999911272,60-64,6.0,84311.12224399998,133899.99999999997,103790.00000000006,505866.73346399993,0
13.420986873572868,13,15.134584380497696,1,69,3,1,0,1,2,0,0.0,5,0,18.210194265373985,65+,8.0,3739954.909799997,81019000.00000025,0.0,29919639.278399978,1
10.75152085670396,12,16.468976607533,1,61,3,1,0,1,2,0,8.366602832783736,5,0,18.68779295751106,60-64,6.0,14203181.363000002,130618699.99999987,4299.999999999997,85219088.178,1
5.707110264748875,9,10.511947979456522,0,58,0,0,0,2,3,0,5.198497031265826,5,0,5.707110264748875,50-59,4.0,36751.00200399998,299.9999999999999,180.00000000000006,147004.00801599992,0
0.6931471805599453,8,10.121094683881877,0,63,2,1,0,2,3,0,9.12706745278236,4,0,0.6931471805599453,60-64,6.0,24860.97194400006,1.0,9199.999999999984,149165.83166400035,0
9.200391041122517,1,10.95586961402582,1,49,1,0,3,1,2,0,9.820160289946374,4,0,10.431199791458544,40-49,2.0,57288.326653000004,33900.000000000065,18399.999999999993,114576.65330600001,0
9.546884034617923,8,11.59073968241829,0,48,1,0,2,1,1,0,10.239995502805316,5,0,9.546884034617923,40-49,2.0,108091.18236000005,13999.999999999969,28000.00000000002,216182.3647200001,0
7.993282328101591,7,9.24741970815207,0,82,1,0,0,2,3,0,0.0,1,0,7.993282328101591,65+,8.0,10376.753506999996,2959.999999999999,0.0,83014.02805599997,0
9.287394001418471,9,11.028627743384128,1,66,2,0,0,2,3,0,11.270866642542863,4,0,9.375939552625749,65+,8.0,61611.973947999984,11799.999999999998,78499.9999999999,492895.7915839999,0
10.88950954988395,9,11.262239213240829,1,71,2,1,0,1,1,0,11.326607934898927,5,0,12.649510894024449,65+,8.0,77825.65130300017,311610.0000000004,83000.0,622605.2104240013,0
7.630946580890459,9,10.897601753215405,0,31,2,0,0,2,1,0,8.517393171418904,1,0,11.712276198757044,30-39,0.75,54045.59118200007,122059.9999999999,5000.000000000003,40534.193386500054,1
11.218567827096358,12,12.283882237332367,1,53,3,1,0,1,1,0,12.452155077423384,3,0,13.203945207713025,50-59,4.0,216182.3647299995,542499.9999999998,255800.00000000064,864729.458919998,0
11.518917476956224,8,11.404411999129266,1,65,3,1,0,2,3,0,10.518700218288163,5,0,13.515217297717289,65+,8.0,89715.68136300004,740600.0000000017,36999.99999999994,717725.4509040003,1
11.472113887062386,13,15.363491581835282,0,57,3,1,0,1,2,1,0.0,5,0,17.639751001843678,50-59,4.0,4701966.432900001,45798000.00000004,0.0,18807865.731600005,1
6.994849985833071,11,9.383539618396709,0,78,3,0,0,2,3,0,8.497194544909547,4,0,6.994849985833071,65+,8.0,11890.03006000001,1089.9999999999998,4899.999999999998,95120.24048000008,0
8.294299608857235,9,11.128709656194046,0,67,1,1,0,2,1,0,8.974744612722734,4,0,8.294299608857235,65+,8.0,68097.44488999996,4000.0000000000014,7900.000000000007,544779.5591199996,0
10.463131911491969,12,12.138857187204596,1,58,3,0,0,2,1,0,13.047641986378483,4,0,14.152697539094763,50-59,4.0,186997.74549000023,1400999.9999999995,463999.9999999998,747990.9819600009,1
9.210440366976515,12,11.94139381776646,0,42,3,0,0,1,1,0,0.0,2,0,12.122696471358964,40-49,2.0,153489.47896000024,184000.00000000015,0.0,306978.9579200005,0
7.327123292259293,9,10.835727530509162,1,69,3,0,0,1,3,0,9.60245002503719,2,0,7.719129840906732,65+,8.0,50802.85571100001,2250.0000000000005,14800.00000000001,406422.8456880001,0
10.887455624298198,13,11.676916614849558,1,40,3,1,0,1,1,0,10.576457535657257,4,0,11.445727410406752,40-49,2.0,117819.38877999998,93500.00000000009,39200.00000000004,235638.77755999996,0
5.707110264748875,8,9.470543987306163,1,62,0,0,0,2,3,0,11.571203807011967,5,0,5.707110264748875,60-64,6.0,12970.941883999983,299.9999999999999,105999.99999999983,77825.6513039999,0
9.332646496360152,12,11.507358877993518,1,57,3,1,0,2,1,1,10.968215530759236,5,0,9.35018926709258,50-59,4.0,99443.88777600005,11499.999999999978,58000.00000000003,397775.5511040002,0
12.468825296104477,12,13.448591145274635,1,42,3,1,2,1,2,0,13.854732232655556,4,0,15.601604173179371,40-49,2.0,692864.4789600006,5966099.999999994,1040000.0000000009,1385728.9579200011,1
8.089789175789319,11,11.316305758236654,1,38,2,0,0,2,1,0,10.32518683708304,1,1,11.33572278434612,30-39,0.75,82149.298597,83759.99999999984,30490.0,61611.97394775,1
5.303304908059076,12,10.540934738927314,0,63,3,0,1,1,2,0,8.716207971151853,5,0,5.303304908059076,60-64,6.0,37831.91382800001,200.0,6100.000000000004,226991.48296800005,0
8.006700845440367,9,11.159961747859198,1,63,3,1,1,1,1,0,14.269766465162304,5,0,13.223115088821102,60-64,6.0,70259.268537,553000.0000000003,1575000.0000000002,421555.611222,1
13.28787951079572,14,14.215399693591849,1,57,3,1,0,1,2,0,0.0,1,0,15.306165159633608,50-59,4.0,1491658.3165999993,4440000.000000002,0.0,5966633.266399997,0
9.15704507491796,12,11.620298215285262,1,28,2,0,0,1,1,0,12.34104487465108,4,0,12.49941740466552,Under 30,0.25,111333.91784000008,268179.9999999998,228900.00000000006,27833.47946000002,1
6.647688373563329,12,9.550580764956187,1,46,2,0,2,2,4,0,12.130276325842605,4,0,6.647688373563329,40-49,2.0,14051.853706999998,769.9999999999998,185400.00000000023,28103.707413999997,0
12.206077645517674,8,13.470196893138883,1,73,3,0,0,1,3,0,13.38318953651709,2,0,13.997832948091215,65+,8.0,707997.2444899993,1200000.0000000005,649000.0000000006,5663977.955919994,0
9.405989388981,12,10.596503161315889,1,65,2,1,1,2,2,0,10.566201298475118,5,0,11.814221939439507,65+,8.0,39993.7374750001,135160.00000000006,38800.0,319949.8998000008,0
7.0909098220799835,3,9.818828007928497,0,83,1,1,0,2,3,0,0.0,1,0,7.0909098220799835,65+,8.0,18375.50100200004,1200.0,0.0,147004.00801600033,0
14.78666856992365,14,14.278578554215343,1,70,3,1,0,1,1,0,0.0,3,0,16.6852277491002,65+,8.0,1588940.3807999992,17632029.99999997,0.0,12711523.046399994,1
7.645397699428633,12,11.868369176293063,1,56,3,1,0,1,1,0,0.0,5,0,11.590728743917088,50-59,4.0,142680.36071999965,108090.00000000004,0.0,570721.4428799986,0
9.004668301573977,12,11.079920226254767,0,25,2,0,0,2,1,0,10.229223792606836,3,0,9.318387276059315,Under 30,0.25,64854.70941899998,11139.999999999987,27700.000000000065,16213.677354749994,0
8.188966863648876,9,10.076644749570695,0,68,3,0,0,2,3,0,0.0,2,0,8.188966863648876,65+,8.0,23780.060119999976,3600.000000000002,0.0,190240.4809599998,0
16.91920001790666,12,18.7452676671564,1,54,2,1,0,1,2,0,0.0,3,0,18.70878773361404,50-59,4.0,138345904.3099999,133390000.00000013,0.0,553383617.2399997,0
9.105090961257083,12,12.232589186385791,1,39,1,1,2,1,1,0,12.51723073716405,4,0,13.31957518872681,30-39,0.75,205373.24649000014,608999.9999999999,272999.9999999998,154029.9348675001,1
11.744045122410055,14,12.96949885609716,1,41,3,0,2,1,1,0,0.0,2,0,12.703816069256568,40-49,2.0,429121.99399000005,329000.0000000003,0.0,858243.9879800001,0
0.0,8,9.930047914868677,0,35,1,0,4,1,1,0,0.0,5,0,0.0,30-39,0.75,20537.32464900002,0.0,0.0,15402.993486750016,0
5.942799375126701,9,9.6246836542707,0,53,1,0,0,2,3,0,0.0,3,0,5.942799375126701,50-59,4.0,15132.765531000001,380.0000000000001,0.0,60531.062124000004,0
8.160803920954665,13,11.789588872889585,1,65,1,0,0,2,1,0,12.147919030759663,5,1,10.4193305681139,65+,8.0,131871.2424800002,33499.99999999992,188699.99999999988,1054969.9398400015,0
10.53212287826962,7,11.046019206267973,0,27,2,0,2,1,1,0,0.0,2,0,11.258046118484,Under 30,0.25,62692.88577200012,77500.00000000006,0.0,15673.22144300003,1
6.68586094706836,12,10.16365262239305,0,51,2,0,1,2,2,0,0.0,1,0,6.68586094706836,50-59,4.0,25941.88376800001,800.0000000000003,0.0,103767.53507200004,0
9.918425424900336,13,12.954270171159468,0,80,2,1,0,1,3,0,0.0,4,0,15.225887833651342,65+,8.0,422636.52305000013,4097499.9999999963,0.0,3381092.184400001,1
10.849356503939038,12,11.485380194730258,1,43,2,0,2,1,1,0,13.355379632796453,2,0,10.959557617938565,40-49,2.0,97282.06412800006,57500.00000000011,631200.0000000015,194564.1282560001,0
14.316892328595602,13,15.8349308815524,1,50,3,1,2,1,2,0,0.0,4,0,14.776009927204552,50-59,4.0,7533955.410799999,2613000.0,0.0,30135821.643199995,0
13.102162710901052,13,13.820745826002494,1,53,3,1,4,1,1,0,14.284889617206764,5,0,15.309369479050876,50-59,4.0,1005247.9960000002,4454249.999999991,1598999.999999998,4020991.9840000006,1
10.87806606028079,8,12.258051598342751,1,69,3,1,0,1,3,0,0.0,4,0,15.3635412549354,65+,8.0,210669.71442999973,4702200.000000003,0.0,1685357.7154399978,1
10.545367754151744,12,11.845379821066128,0,57,3,1,0,1,3,0,11.112462823634855,2,0,12.955129822091816,50-59,4.0,139437.6252500001,423000.00000000076,67000.0,557750.5010000004,0
10.459984195277682,12,12.24306043554586,1,49,1,0,3,1,1,0,10.382853468483829,4,0,13.471174885409118,40-49,2.0,207535.0701400004,708690.0000000005,32300.00000000006,415070.1402800008,1
0.0,10,10.35288797609956,0,44,2,0,3,2,4,0,10.859018228147889,5,0,0.0,40-49,2.0,31346.442886000004,0.0,52000.00000000013,62692.88577200001,0
5.739792912179234,6,10.451325058234776,0,45,2,0,1,2,4,0,7.523481312573497,1,0,5.968707559985366,40-49,2.0,34589.17835700002,390.0,1849.9999999999993,69178.35671400004,0
10.308985993422082,13,11.42822238555616,0,37,3,0,2,1,1,0,11.870606902224589,2,0,12.219783224513362,30-39,0.75,91877.50500999982,202760.0,143000.00000000035,68908.12875749986,1
3.713572066704308,8,9.75820678716859,1,70,2,0,0,1,3,0,9.61587214452889,5,0,4.948759890378168,65+,8.0,17294.589178000006,140.00000000000003,14999.99999999999,138356.71342400005,0
9.220389707829185,13,12.002846208646966,1,55,2,0,1,1,1,0,13.126357390703754,2,0,9.220389707829185,50-59,4.0,163217.68536999988,10100.000000000004,501999.9999999998,652870.7414799995,0
9.134646527606982,9,11.629960039799675,1,31,2,0,1,1,1,0,12.793862088206213,2,0,10.28435254377606,30-39,0.75,112414.82966000008,29270.000000000033,360000.0000000001,84311.12224500006,0
4.875197323201151,8,10.835727530509162,0,36,2,0,2,1,1,0,0.0,5,0,4.875197323201151,30-39,0.75,50802.85571100001,129.99999999999994,0.0,38102.14178325001,0
10.757924157061597,12,12.675922824878077,1,52,2,0,2,1,1,0,13.75894126467638,4,0,13.753636218075409,50-59,4.0,319949.8998000003,940000.0000000006,945000.0000000022,1279799.5992000012,0
9.798182590890704,12,11.439918298765717,1,28,3,1,0,2,1,0,11.982935344196433,4,0,12.301387370778713,Under 30,0.25,92958.41683399999,219999.99999999983,159999.99999999997,23239.604208499997,1
10.373522431293592,13,13.04934760525682,1,34,3,1,2,1,1,0,13.08466358706136,5,1,10.373522431293592,30-39,0.75,464792.0841700003,31999.999999999993,481500.00000000064,348594.06312750024,0
11.184435286790633,13,12.379191996605552,1,42,3,1,2,1,1,0,13.322526489522392,5,0,13.356646255406224,40-49,2.0,237800.60120000003,632000.0,610799.9999999997,475601.20240000007,1
9.62450089845157,12,12.715663031744286,1,56,3,1,1,1,2,0,12.961022577169068,3,0,14.769532817782556,50-59,4.0,332920.8416800002,2596130.0000000005,425500.0000000002,1331683.3667200007,1
7.0909098220799835,12,10.974561423798535,0,35,3,1,0,2,1,0,10.659867714887898,5,0,10.675931008412125,30-39,0.75,58369.23847699994,43299.99999999999,42609.99999999996,43776.928857749954,0
9.148571345578551,6,11.485380194730258,0,33,1,0,0,1,2,0,0.0,2,0,9.148571345578551,30-39,0.75,97282.06412800006,9400.000000000002,0.0,72961.54809600004,0
0.0,5,8.777473893219948,0,31,1,1,0,2,3,0,0.0,2,0,0.0,30-39,0.75,6485.470941899995,0.0,0.0,4864.103206424996,0
15.167472498735838,13,16.64250772769741,1,56,3,1,0,1,1,0,0.0,2,0,17.72711349517612,50-59,4.0,16894651.80400001,49979000.0,0.0,67578607.21600004,0
12.983103608918752,13,12.95682444491998,1,48,3,1,2,1,1,1,12.628070334272698,1,0,13.31050297651918,40-49,2.0,423717.4348699998,603500.0000000006,304999.99999999977,847434.8697399996,0
6.7464121285733745,14,11.09644927542817,1,91,2,0,0,1,2,0,11.06665398721974,1,0,12.812711050048197,65+,8.0,65935.62124200001,366849.9999999998,63999.99999999997,527484.9699360001,0
6.398594934535208,12,10.723251890363157,1,67,2,0,1,1,3,0,11.539966537281268,1,0,7.8636512654486515,65+,8.0,45398.29659299996,2599.9999999999995,102739.99999999997,363186.3727439997,0
10.980212041446208,7,10.451325058234776,1,87,3,1,0,2,3,0,0.0,4,0,10.980212041446208,65+,8.0,34589.17835700002,58699.99999999998,0.0,276713.42685600015,0
6.803505257608338,8,11.248253152234346,1,71,2,0,0,2,3,0,11.179562389893048,2,0,13.10399775711883,65+,8.0,76744.73947899997,490899.99999999994,71650.00000000003,613957.9158319997,0
8.85666093701725,12,10.835727530509162,0,30,3,0,0,2,1,0,0.0,3,0,8.85666093701725,30-39,0.75,50802.85571100001,7020.000000000004,0.0,38102.14178325001,0
11.225256725762891,13,13.590859417909025,1,43,3,0,2,1,1,0,14.631318193542183,4,0,14.917783139579392,40-49,2.0,798793.8376800008,3010999.999999999,2260999.9999999963,1597587.6753600016,1
8.14060704285845,8,9.930047914868677,1,59,2,0,0,2,3,0,3.713572066704308,4,0,8.14060704285845,50-59,4.0,20537.32464900002,3430.000000000002,40.00000000000001,82149.29859600008,0
0.6931471805599453,10,9.98133877479715,0,61,2,0,0,1,3,0,8.517393171418904,3,0,0.6931471805599453,60-64,6.0,21618.236473000004,1.0,5000.000000000003,129709.41883800003,0
10.74507628970625,9,11.219680157476482,1,75,2,1,2,1,3,0,7.438971592395862,4,0,10.78727575364831,65+,8.0,74582.91583199994,48400.00000000001,1700.0,596663.3266559995,0
13.375455557880317,13,11.74774208708152,1,77,2,1,0,2,3,0,0.0,4,0,13.925486307029107,65+,8.0,126466.68337000003,1116249.9999999998,0.0,1011733.4669600002,1
10.819798284210286,12,11.234068703381135,1,61,3,1,1,1,3,0,11.635151947212842,5,0,14.084010575524983,60-64,6.0,75663.82765499984,1308000.000000001,112999.99999999993,453982.965929999,1
9.928228944424577,12,10.99291025098136,1,66,1,1,0,2,3,0,11.6262630788088,5,0,9.928228944424577,65+,8.0,59450.15030100008,20500.00000000003,111999.99999999984,475601.20240800065,0
10.328787967145065,12,12.002846208646966,1,60,3,1,0,1,2,0,12.676079399771028,2,1,13.8161113774361,60-64,6.0,163217.68536999988,1000599.9999999974,320000.0000000006,979306.1122199993,1
8.699681400989514,8,11.316305758236654,0,26,1,0,0,2,1,1,9.952325334619427,2,0,9.39274525863144,Under 30,0.25,82149.298597,11999.999999999978,20999.99999999998,20537.32464925,0
5.484796933490655,10,10.835727530509162,0,35,3,0,2,2,1,0,4.61512051684126,3,1,5.484796933490655,30-39,0.75,50802.85571100001,239.99999999999994,100.00000000000003,38102.14178325001,0
6.90875477931522,9,10.540934738927314,0,29,1,0,1,1,1,1,9.90353755128617,4,0,6.90875477931522,Under 30,0.25,37831.91382800001,999.9999999999999,20000.000000000015,9457.978457000003,0
11.849404844423074,12,11.451478997511789,0,47,3,1,0,2,1,0,9.305741456739437,3,0,12.358798024384122,40-49,2.0,94039.3286570002,233000.0000000001,11000.000000000011,188078.6573140004,1
8.24564690087386,12,11.773059697378924,1,62,2,0,0,1,1,0,10.465984899076616,5,1,10.077902937758983,60-64,6.0,129709.41884000013,23809.999999999953,35100.00000000009,778256.5130400008,0
6.90875477931522,8,11.686049021222916,1,66,2,0,0,1,2,0,12.02239617124994,5,1,13.887832149776026,65+,8.0,118900.30059999996,1075000.0,166439.99999999965,951202.4047999997,1
4.110873864173311,12,11.773059697378924,1,52,3,0,0,1,1,0,12.554194616855805,4,1,11.003115991415362,50-59,4.0,129709.41884000013,60060.000000000015,283280.00000000006,518837.6753600005,0
0.6931471805599453,8,11.20508155522288,1,43,3,0,3,1,1,0,12.001511614739403,5,1,9.98054118197842,40-49,2.0,73502.00400800005,21601.000000000022,162999.9999999996,147004.0080160001,0
7.244941546337007,8,11.485380194730258,0,39,1,0,0,1,1,0,9.952325334619427,1,0,7.244941546337007,30-39,0.75,97282.06412800006,1399.9999999999995,20999.99999999998,72961.54809600004,0
9.44943600950432,12,10.936821754744528,1,21,3,1,0,2,1,0,13.056225711649638,4,0,10.090008612393838,Under 30,0.25,56207.41482999999,24100.000000000022,468000.0000000003,14051.853707499997,1
10.308985993422082,8,10.95586961402582,1,53,3,0,0,2,1,0,10.694237736914808,5,0,11.849404844423074,50-59,4.0,57288.326653000004,139999.9999999999,44099.99999999998,229153.30661200001,0
6.3473892096560105,12,10.74678187553037,0,65,3,0,1,2,3,0,0.0,2,0,6.3473892096560105,65+,8.0,46479.20841700003,570.0000000000001,0.0,371833.66733600025,0
3.9318256327243257,8,11.639529406064158,1,42,2,0,2,1,1,0,12.295460779128112,5,0,11.642821507710412,40-49,2.0,113495.74147999997,113869.99999999999,218699.99999999953,226991.48295999994,0
10.408828161071543,12,13.988626544885074,1,40,3,0,0,1,2,0,11.502885230075814,1,0,14.633151981343817,40-49,2.0,1189003.006000001,2265150.0000000047,99000.00000000004,2378006.012000002,0
9.358846580275406,12,11.813881383532228,1,37,3,1,0,1,1,0,12.195016753769698,1,0,12.015644317482284,30-39,0.75,135113.97795999993,165320.0000000001,197799.99999999997,101335.48346999995,1
13.395440819535605,9,12.313440904836163,1,61,2,0,0,1,2,0,0.0,5,0,13.395440819535605,60-64,6.0,222667.8356699999,657000.0,0.0,1336007.0140199994,0
5.707110264748875,8,10.31779779558084,0,24,2,0,1,2,1,0,10.085850775128716,2,1,5.707110264748875,Under 30,0.25,30265.531061999973,299.9999999999999,23999.999999999945,7566.382765499993,0
10.211009016314168,12,12.303684773907628,1,63,3,0,2,1,1,0,12.095984304632118,4,0,13.80798329909965,60-64,6.0,220506.01201999988,992500.0,179150.0000000001,1323036.0721199992,0
9.918425424900336,10,11.404411999129266,1,39,3,0,1,2,1,0,8.294299608857235,4,0,13.779158765519613,30-39,0.75,89715.68136300004,964300.0000000009,4000.0000000000014,67286.76102225002,1
10.379752786950895,12,11.30306069379871,0,57,1,0,1,2,1,0,7.678326356506886,5,0,12.15583668670316,50-59,4.0,81068.38677399996,190200.00000000017,2160.000000000001,324273.5470959998,0
9.60245002503719,13,11.234068703381135,0,49,2,1,0,1,1,1,9.758519582283522,2,1,9.60245002503719,40-49,2.0,75663.82765499984,14800.00000000001,17300.000000000004,151327.65530999968,0
12.160033942617156,8,11.59073968241829,1,59,2,1,0,1,1,0,11.31448672129398,3,0,14.028200459781736,50-59,4.0,108091.18236000005,1237000.000000001,81999.99999999985,432364.7294400002,1
7.606387389772652,8,11.813881383532228,1,48,2,0,0,1,1,0,12.122696471358964,4,0,11.644050213949724,40-49,2.0,135113.97795999993,114010.00000000001,184000.00000000015,270227.95591999986,0
9.23024103368252,8,11.90554792375787,0,41,3,0,2,1,1,1,11.165224420592418,1,0,11.235734831071849,40-49,2.0,148084.91984000005,75790.00000000012,70629.99999999994,296169.8396800001,0
10.203814342520989,12,12.308574737108612,0,80,2,0,0,1,3,0,9.210440366976515,2,0,10.203814342520989,65+,8.0,221586.92385000005,27005.000000000033,9999.99999999999,1772695.3908000004,0
5.017279836814924,9,11.010928456106528,0,35,1,0,1,2,1,0,11.1154434073529,5,0,5.017279836814924,30-39,0.75,60531.06212399997,150.0,67199.99999999994,45398.29659299998,0
10.404293143019792,8,10.723251890363157,1,78,1,0,0,2,3,0,6.698268054115413,5,0,13.267330877756825,65+,8.0,45398.29659299996,578000.0000000005,810.0000000000002,363186.3727439997,1
14.151983508870948,12,13.767753349994845,1,60,2,1,0,1,2,0,10.859018228147889,5,0,15.720598861308844,60-64,6.0,953364.2284599993,6719999.999999991,52000.00000000013,5720185.370759996,1
9.417435838868784,8,12.634537740790057,1,84,3,1,0,2,2,0,0.0,1,0,15.349858693355005,65+,8.0,306978.95792000036,4638300.000000005,0.0,2455831.663360003,1
9.90353755128617,13,11.883406949070103,1,65,3,1,0,1,3,0,0.0,3,0,15.909840835290565,65+,8.0,144842.18437000012,8120000.000000018,0.0,1158737.474960001,1
4.709530201312334,2,10.35288797609956,0,47,3,0,2,1,1,0,6.698268054115413,4,1,4.709530201312334,40-49,2.0,31346.442886000004,109.99999999999997,810.0000000000002,62692.88577200001,0
18.09691544515073,9,18.16775696092454,1,69,3,1,0,1,2,0,16.59743066955244,4,0,19.156513785753308,65+,8.0,77652705.4109999,208722000.00000003,16149999.999999981,621221643.2879992,0
11.350418300109132,8,10.911504402933277,1,89,0,1,0,2,3,0,0.0,5,0,12.037659911047468,65+,8.0,54802.22945899998,169000.00000000012,0.0,438417.83567199984,0
10.220522095264863,10,10.897601753215405,1,53,2,0,1,2,3,0,12.441148720271016,5,1,13.241853399774012,50-59,4.0,54045.59118200007,563459.9999999998,253000.0000000001,216182.36472800028,1
9.278092474027002,8,9.818828007928497,0,67,3,1,0,2,2,0,7.170888478512505,2,0,13.025193669749251,65+,8.0,18375.50100200004,453699.99999999994,1299.9999999999995,147004.00801600033,1
7.741099090035366,12,11.159961747859198,1,31,3,1,0,2,1,0,11.225256725762891,5,0,12.48862030943648,30-39,0.75,70259.268537,265299.9999999996,74999.9999999999,52694.45140275,1
9.99884318585288,12,12.56529356217316,1,58,3,1,0,1,1,0,12.682309930111783,1,0,13.934182975780846,50-59,4.0,286441.6332700001,1126000.0000000007,321999.99999999936,1145766.5330800004,0
8.071218539969863,11,11.190266672490848,0,43,2,0,1,2,2,0,0.0,2,0,8.071218539969863,40-49,2.0,72421.09218400005,3199.9999999999986,0.0,144842.1843680001,0
19.378700582635993,14,19.931973725691737,1,77,3,1,0,1,3,0,0.0,2,0,20.684081044187984,65+,8.0,453258755.01000124,961572999.9999992,0.0,3626070040.08001,0
11.225256725762891,12,12.051320675255708,0,73,2,1,0,2,2,0,0.0,2,0,13.683122511470389,65+,8.0,171324.5240499999,876000.0000000003,0.0,1370596.1923999991,0
5.303304908059076,8,10.243692364956797,0,43,2,0,0,2,1,0,0.0,2,0,5.303304908059076,40-49,2.0,28103.707415000037,200.0,0.0,56207.414830000074,0
10.404293143019792,12,11.99620170679576,1,27,3,1,0,1,1,0,12.667606129157877,1,0,12.61686023076031,Under 30,0.25,162136.77355000027,301600.00000000023,317300.0000000007,40534.19338750007,1
6.621405651764134,4,11.234068703381135,1,43,3,0,0,1,1,0,9.99884318585288,4,0,6.90875477931522,40-49,2.0,75663.82765499984,999.9999999999999,21999.999999999993,151327.65530999968,0
11.52288569676448,12,11.94841134484154,0,69,3,1,0,2,2,0,9.305741456739437,3,0,12.95749109270188,65+,8.0,154570.39078000028,423999.9999999998,11000.000000000011,1236563.1262400022,0
11.51293546492023,12,12.557717794903567,1,54,1,0,0,1,1,0,10.673618922112436,4,1,13.356646255406224,50-59,4.0,284279.80961999943,632000.0,43200.0,1137119.2384799977,0
14.979286484843556,13,18.523666017635076,1,58,0,1,0,1,2,0,0.0,4,0,17.82587552451788,50-59,4.0,110847507.52000001,55167000.00000007,0.0,443390030.08000004,0
12.0437360523493,12,12.51895339047802,1,46,3,1,2,1,1,0,13.442998001373551,2,0,13.568370120735754,40-49,2.0,273470.6913800001,781030.0000000005,688999.9999999993,546941.3827600002,1
10.628641991731053,11,12.156049496587327,1,56,2,1,0,1,1,0,12.873904582205109,5,0,11.984808576881369,50-59,4.0,190240.48095999993,160300.00000000015,390000.00000000105,760961.9238399997,0
7.496097345175956,8,10.076644749570695,0,39,3,0,2,1,1,0,10.12667110305036,2,0,7.496097345175956,30-39,0.75,23780.060119999976,1800.0,25000.000000000004,17835.04508999998,0
15.448469860790356,14,16.096080383987406,1,50,3,1,2,1,2,0,0.0,4,0,17.548024073030877,50-59,4.0,9782252.003999986,41784000.0,0.0,39129008.01599994,1
10.239995502805316,12,11.92720927582913,1,38,3,0,2,1,1,0,12.362824225795888,5,0,11.58989576532275,30-39,0.75,151327.65530999997,108000.00000000001,233940.00000000038,113495.74148249999,0
4.875197323201151,8,9.550580764956187,0,80,2,0,0,2,3,0,0.0,5,0,4.875197323201151,65+,8.0,14051.853706999998,129.99999999999994,0.0,112414.82965599999,0
8.993551586299981,8,10.511947979456522,0,30,2,0,1,1,1,1,9.239996256883693,1,0,8.993551586299981,30-39,0.75,36751.00200399998,8050.000000000003,10299.999999999993,27563.251502999985,0
12.577639650232571,13,14.686308458214125,1,65,3,1,0,1,2,0,9.071193240566023,3,0,18.299777857869856,65+,8.0,2388815.130300001,88611999.99999996,8699.999999999989,19110521.042400006,1
6.431331081933479,8,9.98133877479715,0,53,1,0,0,2,1,0,0.0,5,0,6.580639137284949,50-59,4.0,21618.236473000004,720.0000000000002,0.0,86472.94589200002,0
8.81001204797317,8,12.263679624391456,1,40,2,0,1,1,1,0,11.49273296168228,5,0,12.43996225063003,40-49,2.0,211858.71743000005,252699.99999999985,98000.00000000003,423717.4348600001,0
17.577640497052002,13,18.97964624964297,1,79,3,1,0,1,3,0,0.0,5,0,20.81060799347246,65+,8.0,174886236.59999982,1091270000.0000017,0.0,1399089892.7999985,0
9.200391041122517,8,11.392290774522229,1,56,2,0,0,1,1,0,11.437458107732674,4,0,11.395278670032656,50-59,4.0,88634.76953900007,88899.99999999996,92729.99999999999,354539.0781560003,0
13.500801182986647,13,14.789403926203606,1,53,3,1,1,1,2,0,14.488455541410652,4,0,15.38994306832464,50-59,4.0,2648233.9678999986,4827999.999999997,1960000.0000000002,10592935.871599995,0
14.114874876479462,14,14.803588555904236,1,73,3,1,0,1,3,0,0.0,2,0,18.108009028467706,65+,8.0,2686065.8817999978,73149000.00000003,0.0,21488527.054399982,1
6.85751406254539,9,10.16365262239305,1,59,2,0,0,2,2,0,0.0,5,0,11.77491273530744,50-59,4.0,25941.88376800001,129950.00000000025,0.0,103767.53507200004,1
7.438971592395862,9,10.121094683881877,0,21,3,0,0,2,1,0,9.239996256883693,3,1,7.438971592395862,Under 30,0.25,24860.97194400006,1700.0,10299.999999999993,6215.242986000015,0
11.83985950008702,11,13.25465828094871,1,46,3,1,1,1,2,0,12.923914877701906,2,0,13.314092213335128,40-49,2.0,570721.4428900001,605670.0000000005,409999.9999999997,1141442.8857800001,0
8.76732914779405,9,12.216673809199175,1,69,3,0,2,1,2,0,11.84510995088398,5,0,10.33757251088148,65+,8.0,202130.51101999995,30870.000000000073,139400.0000000003,1617044.0881599996,0
9.716012740501371,13,11.079920226254767,1,38,3,0,1,1,1,0,11.588042213851857,5,0,9.716012740501371,30-39,0.75,64854.70941899998,16579.999999999978,107800.00000000012,48641.03206424999,0
9.680406499268877,8,10.566323310283456,1,85,1,0,1,2,3,0,13.1421679654829,2,0,11.80560254159177,65+,8.0,38804.734469000025,133999.9999999999,509999.9999999998,310437.8757520002,0
5.8888779583328805,9,9.02690071539356,0,63,2,0,0,2,3,0,0.0,4,0,5.8888779583328805,60-64,6.0,8323.021042100014,359.99999999999983,0.0,49938.12625260008,0
12.055255569732177,13,11.367598443988374,1,70,3,1,0,1,3,0,0.0,4,0,13.29463628184505,65+,8.0,86472.94589200003,594000.0000000005,0.0,691783.5671360003,0
7.8636512654486515,14,12.049426148323557,1,78,3,1,0,1,3,0,0.0,5,0,14.600599068302014,65+,8.0,171000.25050000026,2192600.0000000014,0.0,1368002.004000002,1
7.170888478512505,8,10.596503161315889,1,28,2,1,2,2,1,0,11.089820688682371,4,0,7.244941546337007,Under 30,0.25,39993.7374750001,1399.9999999999995,65499.99999999983,9998.434368750026,0
10.819798284210286,13,11.620298215285262,1,62,2,1,0,1,1,0,9.61587214452889,5,0,11.58989576532275,60-64,6.0,111333.91784000008,108000.00000000001,14999.99999999999,668003.5070400005,0
6.803505257608338,10,9.75820678716859,0,31,1,0,4,2,2,0,10.12667110305036,5,1,6.803505257608338,30-39,0.75,17294.589178000006,899.9999999999998,25000.000000000004,12970.941883500003,0
8.45553053102413,12,11.20508155522288,0,30,3,1,0,1,1,0,11.07443600653965,2,0,8.824824939175638,30-39,0.75,73502.00400800005,6799.999999999996,64500.000000000015,55126.503006000035,0
0.6931471805599453,8,10.769770904774589,0,37,1,0,3,1,1,0,6.2166061010848646,5,0,0.6931471805599453,30-39,0.75,47560.12024000005,1.0,499.9999999999999,35670.090180000036,0
11.849404844423074,13,10.897601753215405,0,66,3,1,0,2,2,1,11.918397239722838,2,0,13.343907249914384,65+,8.0,54045.59118200007,624000.0000000006,150000.00000000006,432364.72945600055,1
10.373522431293592,14,13.634545993471658,1,54,3,1,2,1,1,0,13.845070331079134,1,0,15.210764908225675,50-59,4.0,834463.92786,4036000.0,1030000.0,3337855.71144,1
9.38437770918244,8,11.975999125353797,1,58,2,0,0,1,1,0,12.524530013005734,5,0,9.38437770918244,50-59,4.0,158894.03808000014,11899.999999999998,275000.0000000002,635576.1523200006,0
5.993961427306569,-1,11.028627743384128,0,51,1,0,2,1,1,0,0.0,2,0,5.993961427306569,50-59,4.0,61611.973947999984,400.00000000000006,0.0,246447.89579199994,0
6.928537818164665,8,9.930047914868677,0,60,2,0,2,2,1,0,8.852378886511985,5,0,10.621839409681249,60-64,6.0,20537.32464900002,41020.00000000003,6990.000000000002,123223.94789400013,0
15.324686269552153,8,12.766306616236962,1,66,3,0,0,1,2,0,14.53335083891935,5,0,16.31061511521655,65+,8.0,350215.43085999996,12122999.999999993,2050000.000000001,2801723.4468799997,1
7.313886831633462,9,10.386788464403516,0,21,2,0,0,2,1,1,0.0,4,0,7.313886831633462,Under 30,0.25,32427.35470899998,1499.9999999999998,0.0,8106.838677249995,0
8.474494436883122,12,12.507024863496335,0,57,1,0,3,1,1,0,11.711784520403112,4,0,10.8235910067382,50-59,4.0,270227.95590999984,50189.999999999985,122000.00000000003,1080911.8236399994,0
6.61472560020376,8,9.6246836542707,0,80,2,1,0,2,2,0,6.255750041753367,5,1,6.716594773520978,65+,8.0,15132.765531000001,824.9999999999997,520.0,121062.12424800001,0
11.73632498352203,13,11.639529406064158,1,67,3,1,0,2,1,0,11.982935344196433,4,0,12.928856295218424,65+,8.0,113495.74147999997,412030.9999999993,159999.99999999997,907965.9318399997,0
16.426418308345223,13,16.266359166936255,1,60,3,1,0,1,2,0,0.0,2,0,17.904654972826314,60-64,6.0,11598183.868,59688800.00000004,0.0,69589103.208,0
12.175618592671356,14,13.20615225441208,1,39,3,1,3,1,1,0,12.827189309914244,4,0,14.053740534718278,30-39,0.75,543698.6472900001,1268999.9999999988,372200.00000000006,407773.98546750005,1
8.294299608857235,12,10.540934738927314,0,64,1,0,0,2,1,0,9.741027444837728,4,1,8.294299608857235,60-64,6.0,37831.91382800001,4000.0000000000014,16999.99999999999,226991.48296800005,0
11.002116507732016,13,12.808608877654882,1,73,3,1,0,1,3,0,9.546884034617923,5,0,16.0625830467363,65+,8.0,365348.19639000023,9459999.999999996,13999.999999999969,2922785.571120002,1
5.707110264748875,8,10.596503161315889,0,36,1,0,2,1,4,0,9.99884318585288,4,0,9.024131268455037,30-39,0.75,39993.7374750001,8300.000000000007,21999.999999999993,29995.303106250078,0
12.240478903153711,13,14.092167141073084,1,59,3,1,0,2,2,0,14.297937324492327,2,0,15.633912120423709,50-59,4.0,1318712.4248000006,6161999.999999995,1620000.0000000007,5274849.6992000025,1
5.916202062607435,8,10.243692364956797,0,40,1,0,0,2,1,0,0.0,2,0,5.916202062607435,40-49,2.0,28103.707415000037,369.99999999999994,0.0,56207.414830000074,0
8.784315349902657,13,11.316305758236654,0,47,3,0,1,2,1,0,11.977545880687074,1,1,8.784315349902657,40-49,2.0,82149.298597,6530.000000000002,159139.99999999988,164298.597194,0
11.350418300109132,9,10.723251890363157,1,63,2,1,0,2,3,0,0.0,5,0,11.92504173829169,60-64,6.0,45398.29659299996,151000.00000000006,0.0,272389.7795579998,0
10.003378135350925,12,11.620298215285262,1,46,3,1,4,1,1,0,12.699551683459443,4,0,13.554276954059157,40-49,2.0,111333.91784000008,770100.0000000002,327599.9999999994,222667.83568000016,1
9.36314729221994,12,11.73915841150484,0,46,3,1,0,1,1,0,10.322230781590136,2,0,9.36314729221994,40-49,2.0,125385.7715399999,11649.99999999999,30400.000000000025,250771.5430799998,0
9.472781556562168,8,11.219680157476482,1,47,1,0,0,1,1,0,11.0186455364637,5,0,9.472781556562168,40-49,2.0,74582.91583199994,12999.999999999995,60999.999999999956,149165.83166399988,0
6.68586094706836,8,9.6246836542707,1,67,3,0,0,2,3,0,6.042632833682381,4,0,6.68586094706836,65+,8.0,15132.765531000001,800.0000000000003,419.9999999999999,121062.12424800001,0
9.546884034617923,12,0.0,0,40,3,0,0,2,1,0,8.006700845440367,5,0,9.546884034617923,40-49,2.0,0.0,13999.999999999969,2999.9999999999995,0.0,1
13.915356797910956,14,13.076872220227296,1,79,3,1,0,1,2,0,0.0,5,0,14.559826500157888,65+,8.0,477763.02605000016,2104999.9999999986,0.0,3822104.2084000013,0
7.484930283289661,8,9.930047914868677,0,70,3,0,0,2,3,0,8.31898612539206,4,0,7.484930283289661,65+,8.0,20537.32464900002,1779.9999999999995,4100.000000000004,164298.59719200016,0
10.901266101256551,13,13.94590885189448,1,51,3,1,2,1,3,0,14.04275050757067,3,0,15.68272453283897,50-59,4.0,1139281.0620999995,6470244.000000006,1255129.9999999998,4557124.248399998,1
11.51293546492023,13,14.625683862550812,1,61,3,1,0,1,2,0,13.384729180332174,4,0,16.775615705688583,60-64,6.0,2248296.5932000005,19299999.999999985,649999.9999999995,13489779.559200004,1
13.623139877437296,12,16.959972179043863,1,68,3,1,0,1,1,0,16.145710915267554,4,0,18.379598309270516,65+,8.0,23207176.854000006,95975000.00000009,10280000.000000006,185657414.83200005,0
9.986034813503691,12,11.93786650028188,1,67,3,0,1,1,1,0,12.30592250537653,3,0,13.029636059139497,65+,8.0,152949.02304999958,455720.0000000003,221000.00000000006,1223592.1843999967,0
11.502885230075814,11,12.189572015326258,1,50,0,0,2,1,1,0,6.68586094706836,4,0,14.408285317168875,50-59,4.0,196725.95189999993,1808999.9999999972,800.0000000000003,786903.8075999997,1
9.798182590890704,8,11.234068703381135,1,44,3,0,3,1,1,0,11.471175957109097,1,0,10.545367754151744,40-49,2.0,75663.82765499984,38000.00000000008,95909.99999999991,151327.65530999968,0
7.496097345175956,9,10.623170750425082,1,70,1,0,1,1,3,0,11.442513730229855,2,0,7.496097345175956,65+,8.0,41074.649299000004,1800.0,93200.00000000006,328597.19439200003,0
7.244941546337007,8,10.540934738927314,0,48,2,0,0,2,1,0,7.313886831633462,3,0,10.922352923113982,40-49,2.0,37831.91382800001,55399.99999999996,1499.9999999999998,75663.82765600002,0
13.24987845826512,12,13.136164986101782,1,66,2,1,0,1,2,0,0.0,3,0,15.630009677081324,65+,8.0,506947.6452899997,6138000.000000005,0.0,4055581.162319998,1
10.308985993422082,12,10.090188408975822,1,76,2,1,0,2,3,0,0.0,2,0,13.71015115341694,65+,8.0,24104.33366699999,899999.9999999979,0.0,192834.66933599993,1
1.791759469228055,7,10.99291025098136,0,48,1,0,4,2,1,0,8.987321812850125,4,1,10.46327475435078,40-49,2.0,59450.15030100008,35004.99999999995,8000.0000000000055,118900.30060200016,0
0.6931471805599453,8,9.470543987306163,1,44,1,0,1,1,3,0,10.12667110305036,4,1,0.6931471805599453,40-49,2.0,12970.941883999983,1.0,25000.000000000004,25941.883767999967,0
7.378383712996715,11,10.386788464403516,0,50,1,1,5,2,4,0,10.409431279210512,3,1,7.378383712996715,50-59,4.0,32427.35470899998,1600.0000000000011,33170.00000000002,129709.41883599992,0
10.376673612473162,13,12.474501794120156,1,44,3,1,3,1,1,0,11.958258512632908,5,0,13.93737591625779,40-49,2.0,261580.66132000062,1129601.0,156099.9999999999,523161.32264000125,1
8.618123909994678,8,10.95586961402582,0,27,2,1,1,1,1,0,0.0,1,0,8.618123909994678,Under 30,0.25,57288.326653000004,5529.999999999997,0.0,14322.081663250001,0
8.006700845440367,14,10.769770904774589,1,74,3,1,0,2,3,0,0.0,4,0,12.881567435377423,65+,8.0,47560.12024000005,393000.0000000002,0.0,380480.9619200004,1
8.9947928972836,9,10.674462827538376,0,24,2,1,0,1,1,0,0.0,4,0,9.061956366209923,Under 30,0.25,43236.47294599996,8619.999999999984,0.0,10809.11823649999,0
7.528869256642251,8,11.367598443988374,0,41,1,0,3,1,1,0,6.398594934535208,2,1,9.973992613421482,40-49,2.0,86472.94589200003,21459.999999999996,600.0,172945.89178400006,0
6.918695219020472,9,10.623170750425082,0,43,2,0,1,2,1,0,0.0,5,0,6.918695219020472,40-49,2.0,41074.649299000004,1010.0000000000001,0.0,82149.29859800001,0
9.18204377282107,12,11.471957313311206,1,81,2,1,0,1,3,0,12.413090879946887,3,0,13.710950832699329,65+,8.0,95984.96994000004,900720.0,245999.99999999983,767879.7595200003,1
12.026353699006034,13,12.17852223565681,1,47,2,0,0,1,1,0,12.273735966890268,1,0,13.979414378058229,40-49,2.0,194564.12826000006,1178099.9999999998,214000.00000000017,389128.2565200001,1
6.7464121285733745,8,11.42822238555616,0,65,1,0,1,1,1,0,10.97388896343752,4,0,10.850908666606845,65+,8.0,91877.50500999982,51579.99999999999,58330.00000000002,735020.0400799986,0
11.178864319331652,13,11.90554792375787,1,35,3,1,2,1,1,0,12.640128449875998,5,0,13.14939666311494,30-39,0.75,148084.91984000005,513700.00000000006,308700.00000000006,111063.68988000003,1
11.736077016252436,13,11.73915841150484,1,67,3,1,0,1,3,0,10.92739425461714,4,0,13.573440270649083,65+,8.0,125385.7715399999,784999.9999999992,55679.99999999988,1003086.1723199992,0
5.707110264748875,3,10.16365262239305,0,38,2,0,0,2,1,0,0.0,5,0,5.707110264748875,30-39,0.75,25941.88376800001,299.9999999999999,0.0,19456.412826000007,0
12.225880174775122,11,12.507024863496335,1,63,2,1,1,1,3,0,0.0,5,0,14.080947788339609,60-64,6.0,270227.95590999984,1304000.0000000026,0.0,1621367.7354599992,0
9.249657234353132,10,10.723251890363157,0,22,3,1,0,2,1,0,8.517393171418904,3,0,9.933094897288786,Under 30,0.25,45398.29659299996,20600.0,5000.000000000003,11349.57414824999,1
14.502640169216638,13,15.423645492230891,1,73,3,1,0,1,3,0,0.0,2,0,17.79977982220423,65+,8.0,4993488.351700001,53746000.00000001,0.0,39947906.81360001,1
7.048386408721883,12,9.75820678716859,0,54,2,0,0,2,3,0,7.2305631534092925,3,1,10.64901368794098,50-59,4.0,17294.589178000006,42149.99999999998,1380.0000000000005,69178.35671200002,0
2.3978952727983707,6,10.35288797609956,0,35,3,0,0,2,1,0,0.0,1,0,2.3978952727983707,30-39,0.75,31346.442886000004,10.000000000000002,0.0,23509.832164500003,0
11.856522261533735,13,11.90554792375787,1,71,3,1,0,1,2,0,0.0,4,0,14.546916931873149,65+,8.0,148084.91984000005,2078000.000000002,0.0,1184679.3587200004,1
11.350418300109132,13,14.108427649734772,1,45,3,1,4,1,2,0,13.448786721172445,1,0,13.208542908506082,40-49,2.0,1340330.6613000007,544999.9999999997,693000.0000000016,2680661.3226000015,0
0.6931471805599453,8,10.540934738927314,0,77,1,0,0,1,3,0,9.19023970026918,4,0,0.6931471805599453,65+,8.0,37831.91382800001,1.0,9799.999999999998,302655.3106240001,0
8.006700845440367,9,10.974561423798535,0,35,2,0,1,2,2,1,9.741027444837728,5,0,8.294299608857235,30-39,0.75,58369.23847699994,4000.0000000000014,16999.99999999999,43776.928857749954,0
0.0,13,10.835727530509162,0,62,3,0,0,2,1,0,8.006700845440367,4,0,0.0,60-64,6.0,50802.85571100001,0.0,2999.9999999999995,304817.13426600007,0
9.04793908261736,8,11.262239213240829,0,78,2,0,0,2,3,1,9.401043372798052,5,0,9.62911649414402,65+,8.0,77825.65130300017,15200.000000000004,12099.999999999989,622605.2104240013,0
11.542493975902508,13,12.514993003785928,1,44,3,0,2,1,1,0,12.724869415131389,5,0,15.193520951576092,40-49,2.0,272389.7795599999,3966999.9999999977,336000.00000000006,544779.5591199998,1
11.781738124545766,12,12.583985630506856,1,37,3,1,2,1,1,0,13.146081857144738,3,0,14.809740001047532,30-39,0.75,291846.1923799999,2702639.999999997,512000.00000000023,218884.64428499993,1
11.23850177707664,12,11.30306069379871,1,48,3,1,0,1,1,0,12.292254928916668,4,0,11.320565693461432,40-49,2.0,81068.38677399996,82500.00000000001,217999.99999999988,162136.7735479999,0
3.9318256327243257,4,8.902618898708385,1,55,3,0,0,2,1,0,0.0,5,0,3.9318256327243257,50-59,4.0,7350.2004008,50.0,0.0,29400.8016032,0
9.15915233520675,9,11.74774208708152,1,71,3,0,0,1,3,0,8.682877107057168,4,0,15.303797494593312,65+,8.0,126466.68337000003,4429499.999999991,5899.999999999995,1011733.4669600002,1
9.825580063659602,14,10.814221753204103,0,57,2,0,0,1,1,0,0.0,1,0,11.648338835562749,50-59,4.0,49721.943887999936,114500.00000000012,0.0,198887.77555199974,0
16.913664076749875,8,15.93971733117624,1,52,3,1,0,2,2,1,14.774861162440564,4,0,17.334698390807763,50-59,4.0,8366257.514999993,33756999.99999999,2609999.9999999963,33465030.059999973,1
12.07254696717504,12,10.95586961402582,1,74,2,1,0,2,3,0,7.170888478512505,4,0,14.104442598879876,65+,8.0,57288.326653000004,1334999.999999999,1299.9999999999995,458306.61322400003,1
12.367345048436391,14,13.30992086542189,1,66,3,0,1,1,2,0,13.75682262206042,4,0,16.095584260272894,65+,8.0,603148.7975999998,9777399.999999987,943000.0000000012,4825190.3807999985,1
8.748463629942055,11,12.778576674022425,1,46,2,1,2,1,1,0,12.855792879125431,3,0,13.7475539351005,40-49,2.0,354539.07816000003,934300.0000000001,382999.9999999997,709078.1563200001,1
9.546884034617923,12,11.883406949070103,1,74,2,1,0,1,2,0,11.744045122410055,2,0,14.30108052566066,65+,8.0,144842.18437000012,1625100.0000000033,125999.9999999997,1158737.474960001,1
7.601402334583733,12,11.47420700963637,0,25,2,1,0,1,1,0,10.491301994830229,3,0,7.601402334583733,Under 30,0.25,96201.15230500007,2000.0,35999.99999999998,24050.288076250017,0
8.412054873292933,12,11.99620170679576,0,38,3,0,2,1,1,0,9.99884318585288,2,0,9.770013301136158,30-39,0.75,162136.77355000027,17500.000000000015,21999.999999999993,121602.5801625002,0
7.0909098220799835,9,11.451478997511789,0,39,3,1,3,1,1,0,10.187575674477692,2,1,7.0909098220799835,30-39,0.75,94039.3286570002,1200.0,26569.999999999985,70529.49649275014,0
12.250572667806054,13,12.060739842420068,1,56,3,1,0,2,1,0,0.0,5,0,12.840268335059427,50-59,4.0,172945.89178,377100.00000000023,0.0,691783.56712,0
9.401043372798052,12,11.695098780943722,0,25,3,1,0,2,1,1,0.0,1,0,13.721552563545094,Under 30,0.25,119981.21241999997,910319.9999999993,0.0,29995.30310499999,1
5.303304908059076,8,9.930047914868677,0,68,3,0,0,2,3,0,9.48804786328076,4,0,5.303304908059076,65+,8.0,20537.32464900002,200.0,13200.000000000013,164298.59719200016,0
5.993961427306569,8,10.936821754744528,0,42,2,1,2,1,1,0,8.867990898182093,2,0,5.993961427306569,40-49,2.0,56207.41482999999,400.00000000000006,7099.999999999995,112414.82965999997,0
7.170888478512505,8,11.128709656194046,0,51,2,0,0,1,1,0,11.538017997581926,4,1,7.170888478512505,50-59,4.0,68097.44488999996,1299.9999999999995,102539.99999999996,272389.7795599998,0
6.2166061010848646,9,9.470543987306163,0,46,2,0,0,2,4,0,9.179984251961285,1,1,6.2166061010848646,40-49,2.0,12970.941883999983,499.9999999999999,9700.000000000013,25941.883767999967,0
8.699681400989514,14,12.879965627928186,1,64,3,1,1,1,2,0,0.0,1,0,14.465750759433474,60-64,6.0,392370.9919800002,1915999.9999999988,0.0,2354225.9518800015,0
9.210440366976515,13,12.602334706882178,1,74,3,1,0,1,3,0,12.601490784782536,3,0,14.452087916136216,65+,8.0,297250.75150000013,1890000.000000004,297000.0000000002,2378006.012000001,0
8.839421607620602,14,11.41638805747596,1,67,3,1,0,1,3,0,14.06627005452127,5,0,12.916325191593051,65+,8.0,90796.59318599998,406899.99999999936,1284999.999999999,726372.7454879999,0
11.350418300109132,13,14.092167141073084,1,50,3,1,2,1,4,0,14.363632544508476,1,0,15.459736489046085,50-59,4.0,1318712.4248000006,5177000.000000011,1729999.9999999995,5274849.6992000025,0
11.523083695002944,9,13.497306949363743,1,44,3,0,1,1,1,0,14.163347259450244,2,0,14.173304575506505,40-49,2.0,727453.6573099992,1430170.0000000037,1416000.0000000033,1454907.3146199984,0
15.032853877243967,12,13.191533016429643,1,69,3,0,0,1,2,1,14.227620871042545,3,0,17.101304607727684,65+,8.0,535807.9909799991,26730200.000000045,1510000.0000000019,4286463.927839993,1
7.048386408721883,8,11.144457783705516,1,61,0,0,2,1,1,0,11.429554725537322,5,0,7.048386408721883,60-64,6.0,69178.35671300004,1150.0000000000002,92000.00000000007,415070.14027800027,0
8.556606193773073,12,10.569104881654322,0,29,3,1,0,2,2,1,9.305741456739437,5,0,8.556606193773073,Under 30,0.25,38912.825651000036,5200.000000000001,11000.000000000011,9728.206412750009,0
12.539329002463177,14,12.392736165137526,0,72,3,1,0,2,3,0,0.0,4,1,18.00132613679535,65+,8.0,241043.33667000016,65747100.00000011,0.0,1928346.6933600013,1
13.73970992329606,14,13.951585304981757,1,62,3,1,2,1,2,0,13.898012700285909,4,0,15.329978452732348,60-64,6.0,1145766.533100001,4546999.999999997,1086000.000000002,6874599.198600006,0
8.38958706681109,8,11.09644927542817,1,52,2,0,1,2,1,0,11.663076729214897,4,0,11.103467395592086,50-59,4.0,65935.62124200001,66400.00000000004,116199.99999999996,263742.48496800003,0
5.968707559985366,2,10.674462827538376,0,46,1,0,2,1,1,0,8.006700845440367,3,1,5.968707559985366,40-49,2.0,43236.47294599996,390.0,2999.9999999999995,86472.94589199992,0
5.198497031265826,12,11.485380194730258,0,63,2,0,2,1,1,0,12.076595878931464,3,1,5.198497031265826,60-64,6.0,97282.06412800006,180.00000000000006,175710.00000000012,583692.3847680003,0
13.037243301685471,12,12.383727132769591,1,61,3,0,0,1,1,0,0.0,4,0,15.045794469289651,60-64,6.0,238881.5130300001,3422199.999999991,0.0,1433289.0781800007,1
8.594339400592892,8,8.777473893219948,0,20,1,0,0,2,4,0,9.105090961257083,2,0,8.909370405197466,Under 30,0.25,6485.470941899995,7399.999999999995,8999.999999999984,1621.3677354749987,1
8.77971129020447,9,11.496429917961311,0,21,1,0,0,1,1,1,4.394449154672439,2,0,8.77971129020447,Under 30,0.25,98362.9759519998,6500.000000000003,80.00000000000003,24590.74398799995,0
11.06665398721974,13,14.873895092807814,1,65,3,1,0,1,2,0,0.0,4,0,17.55253713620837,65+,8.0,2881710.921799998,41972999.999999985,0.0,23053687.374399982,1
10.373522431293592,12,13.169711043521142,1,70,3,1,0,1,2,0,11.93558195089097,5,0,15.75956198065752,65+,8.0,524242.23446999985,6986999.999999994,152600.0000000001,4193937.875759999,1
6.90875477931522,8,10.596503161315889,0,52,1,0,4,1,2,1,11.211833885608511,5,1,6.90875477931522,50-59,4.0,39993.7374750001,999.9999999999999,73999.99999999983,159974.9499000004,0
10.862856930775358,10,12.370059551652831,1,43,3,1,2,1,1,0,11.703554089007538,5,0,13.740356962413816,40-49,2.0,235638.7775599998,927599.9999999999,121000.00000000003,471277.5551199996,1
12.95749109270188,13,14.785313942513437,1,69,3,1,0,1,2,0,0.0,2,0,17.147143511975226,65+,8.0,2637424.8496999983,27984000.000000034,0.0,21099398.797599986,1
8.853808274977197,6,10.85678052964002,0,68,3,0,0,1,3,0,0.0,1,0,10.261196961231647,65+,8.0,51883.76753500001,28600.000000000022,0.0,415070.1402800001,0
13.531821834802397,13,13.988626544885074,1,64,3,1,0,2,2,0,14.349076255209846,2,0,16.26418544323823,60-64,6.0,1189003.006000001,11572999.999999998,1705000.0000000002,7134018.036000006,1
7.601402334583733,10,10.897601753215405,1,57,3,1,0,1,1,0,11.206142119216048,4,0,7.601402334583733,50-59,4.0,54045.59118200007,2000.0,73580.00000000015,216182.36472800028,0
11.6262630788088,14,10.64914561257346,1,70,2,1,0,2,2,0,0.0,5,0,12.624786269856632,65+,8.0,42155.561122000014,303999.99999999965,0.0,337244.4889760001,0
5.860786223465865,8,9.75820678716859,1,81,3,0,0,2,3,0,0.0,5,0,8.11701408773731,65+,8.0,17294.589178000006,3349.9999999999986,0.0,138356.71342400005,0
9.648659816955297,8,12.253423172919684,0,38,0,1,2,1,1,0,6.90875477931522,1,0,10.389026137075234,30-39,0.75,209696.89378999965,32499.99999999997,999.9999999999999,157272.67034249974,0
13.270785106659046,8,14.264879718520945,1,80,3,1,0,1,2,0,0.0,2,0,17.556935046462268,65+,8.0,1567322.144300004,42158000.00000004,0.0,12538577.154400032,1
11.48247656671073,12,11.853101811967846,1,80,3,1,0,2,2,0,8.699681400989514,1,0,14.299787462639484,65+,8.0,140518.53706999996,1623000.0000000012,6000.000000000005,1124148.2965599997,1
10.829748417047592,8,11.507358877993518,1,77,3,0,0,1,3,0,11.58989576532275,1,0,13.76474449298792,65+,8.0,99443.88777600005,950499.9999999981,108000.00000000001,795551.1022080004,1
5.087596335232384,13,11.20508155522288,0,60,3,0,0,2,1,0,11.103467395592086,5,1,12.418203782179829,60-64,6.0,73502.00400800005,247261.00000000044,66400.00000000004,441012.0240480003,0
7.550135342488429,8,11.175229004346514,0,38,2,0,1,1,1,0,7.824445930877619,4,1,10.16203685698089,30-39,0.75,71340.18036100005,25899.99999999999,2500.0000000000005,53505.135270750034,0
10.02751770095298,14,10.74678187553037,0,67,3,0,1,1,1,0,10.819798284210286,2,0,10.112167001239516,65+,8.0,46479.20841700003,24640.000000000025,50000.000000000015,371833.66733600025,0
7.00397413672268,2,11.883406949070103,1,40,2,0,4,1,4,0,11.81066429825487,3,0,7.00397413672268,40-49,2.0,144842.18437000012,1099.9999999999998,134680.0,289684.36874000024,0
9.936487030799237,12,10.91740401772286,0,69,3,1,0,2,1,0,10.491301994830229,3,0,9.970725551801806,65+,8.0,55126.503006,21390.000000000015,35999.99999999998,441012.024048,0
7.8636512654486515,12,10.674462827538376,0,25,3,0,0,2,1,0,10.743998145734295,2,0,8.434028950155469,Under 30,0.25,43236.47294599996,4600.0,46349.999999999956,10809.11823649999,0
0.6931471805599453,8,11.028627743384128,0,40,2,0,1,1,1,0,10.629126124296002,5,1,0.6931471805599453,40-49,2.0,61611.973947999984,1.0,41319.999999999985,123223.94789599997,0
7.333676395657684,7,10.35288797609956,0,26,2,0,3,1,1,0,8.160803920954665,2,1,7.333676395657684,Under 30,0.25,31346.442886000004,1530.0000000000005,3499.9999999999977,7836.610721500001,0
5.198497031265826,2,9.6246836542707,1,83,0,0,0,1,3,0,0.0,3,0,5.198497031265826,65+,8.0,15132.765531000001,180.00000000000006,0.0,121062.12424800001,0
0.0,6,9.6246836542707,0,62,2,0,0,2,3,0,0.0,1,0,0.0,60-64,6.0,15132.765531000001,0.0,0.0,90796.59318600001,0
9.55044884660634,9,11.30306069379871,1,43,3,1,0,2,1,0,12.445093483000798,4,1,10.788308256940796,40-49,2.0,81068.38677399996,48450.00000000006,254000.0000000002,162136.7735479999,0
13.169248871698304,10,14.170947961505677,1,60,1,1,0,1,2,0,0.0,2,0,15.961792773480951,60-64,6.0,1426803.607200003,8552999.99999999,0.0,8560821.643200018,0
8.748463629942055,12,11.273288908229832,1,72,3,1,0,1,2,0,9.680406499268877,2,0,12.939163835294044,65+,8.0,78690.38076200004,416300.000000001,16000.00000000003,629523.0460960004,0
12.965711906537503,12,13.782384997019546,1,74,3,1,0,1,2,0,11.141876276228,5,0,15.318142688624215,65+,8.0,967416.0821599995,4493500.000000004,68999.99999999997,7739328.657279996,0
10.043292972227004,12,12.002846208646966,1,60,2,0,0,1,3,0,13.169248871698304,5,0,13.419502094509864,60-64,6.0,163217.68536999988,673000.0000000016,523999.9999999997,979306.1122199993,0
7.741099090035366,12,11.159961747859198,0,55,0,0,0,2,1,0,9.942756341456828,4,0,12.889929302516244,50-59,4.0,70259.268537,396299.999999999,20800.000000000004,281037.074148,1
5.25227342804663,9,9.818828007928497,1,23,2,0,0,2,1,0,12.226419242495082,3,1,7.107425474110705,Under 30,0.25,18375.50100200004,1219.9999999999998,204110.0000000001,4593.87525050001,0
9.37169362233394,9,11.355019808159389,1,55,3,1,1,2,1,0,11.934270483892943,2,0,12.662709207270272,50-59,4.0,85392.03406799996,315749.9999999999,152399.99999999968,341568.13627199986,0
6.580639137284949,6,9.470543987306163,1,75,2,0,0,2,3,0,10.34177474101152,4,0,7.908754738783246,65+,8.0,12970.941883999983,2719.9999999999995,31000.000000000015,103767.53507199987,0
14.411045460924983,14,12.526827418238932,1,44,3,0,0,1,2,0,14.774861162440564,4,0,16.44350701244313,40-49,2.0,275632.5150300001,13846000.00000002,2609999.9999999963,551265.0300600003,1
11.010415172807951,13,12.546245434332969,1,56,2,1,0,1,1,0,13.46169010750836,4,0,15.080343532833451,50-59,4.0,281037.07415000035,3542499.9999999916,702000.0000000016,1124148.2966000014,1
9.807031716718498,13,11.629960039799675,0,26,3,1,0,1,1,0,9.90353755128617,4,0,11.333332183047432,Under 30,0.25,112414.82966000008,83559.99999999993,20000.000000000015,28103.70741500002,1
17.126454987130572,12,15.962706846689562,1,72,3,1,0,1,2,0,0.0,3,0,18.071747200755407,65+,8.0,8560821.643300002,70544000.00000009,0.0,68486573.14640002,1
15.608935472900727,14,19.328913500167303,1,85,3,0,0,1,2,0,15.24582204373536,5,0,21.316866678385427,65+,8.0,247993599.69999963,1810496000.0000014,4180000.000000002,1983948797.599997,0
5.017279836814924,12,10.540934738927314,0,27,2,0,0,2,1,0,9.65509029374725,4,0,5.017279836814924,Under 30,0.25,37831.91382800001,150.0,15600.00000000001,9457.978457000003,0
8.699681400989514,10,11.813881383532228,0,36,3,0,2,1,1,0,9.90353755128617,4,0,8.699681400989514,30-39,0.75,135113.97795999993,6000.000000000005,20000.000000000015,101335.48346999995,0
8.33110454805304,8,11.190266672490848,1,58,2,0,1,1,1,0,10.803669227477098,4,0,8.33110454805304,50-59,4.0,72421.09218400005,4150.000000000002,49200.00000000002,289684.3687360002,0
7.0909098220799835,8,9.875983398597374,0,33,1,0,2,2,2,0,8.922791623969637,2,1,7.0909098220799835,30-39,0.75,19456.412826000007,1200.0,7500.0000000000055,14592.309619500005,0
8.169336395928386,10,11.28963784015293,1,52,3,1,2,1,1,0,12.031903765172496,4,0,9.37169362233394,50-59,4.0,79987.47494999996,11749.999999999984,168030.00000000003,319949.89979999984,0
5.996452088619021,6,10.99291025098136,1,60,1,0,1,1,4,0,10.292179440058462,5,0,5.996452088619021,60-64,6.0,59450.15030100008,401.0,29500.000000000007,356700.9018060005,0
13.475751726401857,12,14.596413493470822,1,52,3,1,0,1,2,0,14.408837955728044,4,0,15.991618404948984,50-59,4.0,2183441.8837999995,8811941.000000006,1810000.0000000012,8733767.535199998,1
12.683023958628754,14,0.0,1,52,3,1,1,1,2,1,15.004877514314805,3,0,15.800673150438689,50-59,4.0,0.0,7280229.999999996,3284999.9999999995,0.0,1
9.852246888342531,12,11.248253152234346,1,27,2,0,0,2,1,0,11.9518317965971,1,0,10.985309671896765,Under 30,0.25,76744.73947899997,59000.00000000007,155099.99999999974,19186.18486974999,1
7.783640596221253,9,10.076644749570695,0,59,2,0,0,1,3,0,0.0,2,0,8.497194544909547,50-59,4.0,23780.060119999976,4899.999999999998,0.0,95120.2404799999,0
9.546884034617923,8,11.175229004346514,1,75,3,0,0,1,1,1,12.90034669093937,2,0,11.070241239179373,65+,8.0,71340.18036100005,64229.99999999998,400449.9999999998,570721.4428880004,0
10.1145990076265,10,11.969173203349216,1,71,3,0,1,1,1,0,11.002116507732016,5,0,13.135676365016424,65+,8.0,157813.12625000012,506699.9999999996,59999.99999999991,1262505.010000001,0
10.118639253920785,14,12.283882237332367,1,61,2,1,2,1,2,0,11.31448672129398,3,0,12.406565597924237,60-64,6.0,216182.3647299995,244400.0000000006,81999.99999999985,1297094.188379997,0
7.783640596221253,13,10.451325058234776,0,54,2,1,0,2,1,0,9.76428295481558,5,0,8.216358332386156,50-59,4.0,34589.17835700002,3699.999999999998,17400.000000000015,138356.71342800008,0
9.39274525863144,9,12.150351505528926,1,69,3,0,0,1,3,0,11.53273789613992,5,0,12.452155077423384,65+,8.0,189159.5691400001,255800.00000000064,102000.00000000019,1513276.5531200008,0
13.517240631484604,13,14.338001938359346,1,61,3,1,1,1,1,0,0.0,4,0,16.404184029153768,60-64,6.0,1686222.4449000014,13312100.000000006,0.0,10117334.669400008,1
2.772588722239781,7,10.030126736355644,0,63,2,0,0,2,4,0,0.0,4,0,2.772588722239781,60-64,6.0,22699.14829700001,14.999999999999998,0.0,136194.88978200007,0
6.495265555937008,8,10.281431375093115,0,50,2,0,0,2,4,1,9.99884318585288,4,1,6.495265555937008,50-59,4.0,29184.61923800001,661.0,21999.999999999993,116738.47695200004,0
12.6118743636455,13,14.886567639690568,1,41,3,1,2,1,2,1,13.124363376072994,1,0,15.297138053170492,40-49,2.0,2918461.9238000005,4400099.999999999,501000.0,5836923.847600001,0
3.9318256327243257,8,10.623170750425082,0,39,1,0,3,1,2,0,0.0,1,0,3.9318256327243257,30-39,0.75,41074.649299000004,50.0,0.0,30805.98697425,0
9.874625007851026,8,11.380020821211884,0,39,3,1,1,1,1,0,9.60245002503719,2,0,11.65642822783055,30-39,0.75,87553.85771500022,115430.00000000009,14800.00000000001,65665.39328625017,1
11.687307251711736,14,13.248960269830526,1,72,3,1,0,1,3,0,0.0,4,0,16.975869206292447,65+,8.0,567478.7074100004,23579050.00000003,0.0,4539829.659280003,1
11.695255355062796,13,13.65759436159652,1,59,3,0,0,1,1,0,13.73863059354134,3,0,15.12546395566011,50-59,4.0,853920.3406800006,3705999.999999999,925999.9999999992,3415681.3627200024,1
11.752186430142704,12,13.22388667703438,1,37,3,0,2,2,3,1,13.167338655091122,1,1,14.309432719789935,30-39,0.75,553426.8537100005,1638730.000000001,523000.00000000035,415070.1402825004,1
9.692828247710418,12,12.351540583185312,1,75,3,1,0,2,1,0,0.0,4,0,14.879600757635652,65+,8.0,231315.13026000018,2898200.000000002,0.0,1850521.0420800014,1
8.188966863648876,9,10.74678187553037,1,41,2,1,2,1,1,0,11.60824473564232,4,0,9.358846580275406,40-49,2.0,46479.20841700003,11599.999999999993,109999.99999999971,92958.41683400006,0
8.33110454805304,5,11.316305758236654,1,59,3,0,0,1,1,0,0.0,5,0,12.858790983442203,50-59,4.0,82149.298597,384149.99999999965,0.0,328597.194388,1
9.61587214452889,9,10.91740401772286,1,47,2,0,2,1,1,0,10.457401400981889,1,0,9.61587214452889,40-49,2.0,55126.503006,14999.99999999999,34799.99999999998,110253.006012,0
11.51293546492023,12,12.115464434225991,0,66,3,1,0,2,3,0,11.63956692643747,5,0,15.027541111260373,65+,8.0,182674.0982000001,3360299.9999999986,113500.00000000006,1461392.7856000008,1
10.604131561522696,12,12.150351505528926,1,44,3,1,2,1,1,0,11.367911253546788,5,0,14.36305434303426,40-49,2.0,189159.5691400001,1729000.0000000014,86500.00000000003,378319.1382800002,1
12.38505948165188,13,16.019676543773564,1,79,2,1,0,1,2,0,0.0,2,0,16.637674909624398,65+,8.0,9062689.003000006,16813199.999999978,0.0,72501512.02400005,0
8.699681400989514,14,13.862857270286732,1,65,2,1,0,1,2,1,11.034905792929417,4,0,13.94566212039206,65+,8.0,1048484.4689000008,1139000.0000000002,62000.00000000008,8387875.751200006,0
7.065613363597717,12,9.470543987306163,1,39,2,0,0,1,2,0,9.852246888342531,2,0,7.065613363597717,30-39,0.75,12970.941883999983,1169.9999999999998,18999.999999999985,9728.206412999987,0
8.042699496897637,12,12.016004213152664,1,34,3,0,0,1,1,0,14.103693255082613,4,0,13.713600748432675,30-39,0.75,165379.50901999997,903109.9999999984,1334000.0000000002,124034.63176499997,1
11.429554725537322,12,16.753228127454697,1,64,3,1,0,1,2,0,0.0,2,0,16.459697636462632,60-64,6.0,18872720.440999966,14071999.999999993,0.0,113236322.64599979,0
12.384223015005311,13,13.25843899716391,1,53,3,0,3,1,1,0,14.478714377349366,5,0,12.871337193291367,50-59,4.0,572883.2665299996,389000.00000000035,1941000.0000000002,2291533.066119998,0
12.354496960983983,13,12.725356131972566,1,48,3,1,1,1,1,0,13.167147432585944,5,0,13.658857917508856,40-49,2.0,336163.5771500001,854999.9999999993,522899.99999999977,672327.1543000002,1
10.957817003758691,13,12.009446852348589,1,51,3,0,2,1,1,0,11.038126355768451,5,0,13.646027434664866,50-59,4.0,164298.59719000035,844099.9999999998,62199.99999999992,657194.3887600014,1
8.412054873292933,8,11.159961747859198,1,53,2,0,2,1,1,0,12.562000810699038,4,0,8.412054873292933,50-59,4.0,70259.268537,4499.999999999999,285500.0,281037.074148,0
11.225256725762891,13,14.298781248939571,1,49,2,1,2,1,1,0,14.403297778421797,5,0,16.613096785334363,40-49,2.0,1621367.735499997,16405000.000000015,1800000.000000004,3242735.470999994,1
10.609081944147828,8,12.115464434225991,0,67,1,0,0,1,3,0,11.075985169527042,4,0,12.580050526513531,65+,8.0,182674.0982000001,290700.0000000002,64600.000000000015,1461392.7856000008,0
6.90875477931522,8,10.16365262239305,0,43,1,1,0,2,1,0,0.0,5,0,6.90875477931522,40-49,2.0,25941.88376800001,999.9999999999999,0.0,51883.76753600002,0
8.294299608857235,13,10.769770904774589,1,66,2,0,0,2,3,0,11.502885230075814,4,0,10.451637862362272,65+,8.0,47560.12024000005,34599.999999999985,99000.00000000004,380480.9619200004,0
9.90353755128617,13,9.930047914868677,1,43,3,0,0,1,2,0,11.794345471549745,3,1,13.64115836129498,40-49,2.0,20537.32464900002,840000.0000000019,132499.9999999999,41074.64929800004,1
6.90875477931522,8,10.451325058234776,1,61,3,0,1,2,1,0,0.0,4,0,11.042937835596494,60-64,6.0,34589.17835700002,62499.999999999956,0.0,207535.0701420001,0
11.938199736300923,12,11.30306069379871,1,70,2,1,0,2,1,0,10.016860879703811,4,0,13.578522867254332,65+,8.0,81068.38677399996,789000.0000000007,22400.0,648547.0941919996,1
10.34177474101152,14,11.99620170679576,0,38,3,1,0,1,2,0,14.045034511154766,4,0,13.836294076578252,30-39,0.75,162136.77355000027,1020999.9999999994,1257999.999999999,121602.5801625002,1
5.771441123130016,11,10.87739942351305,0,41,0,0,1,1,1,0,9.77571099759397,4,0,5.771441123130016,40-49,2.0,52964.67935899999,320.0,17600.00000000001,105929.35871799997,0
10.623787731088578,8,11.496429917961311,1,32,3,1,1,1,1,0,12.157412722878949,4,0,10.84155934547194,30-39,0.75,98362.9759519998,51099.999999999935,190500.00000000032,73772.23196399986,0
10.064798252418376,8,11.42822238555616,1,64,3,0,0,1,3,0,11.464795582766676,3,0,11.413116179350729,60-64,6.0,91877.50500999982,90500.00000000017,95300.00000000023,551265.0300599989,0
9.90353755128617,13,12.133060100630724,1,81,3,1,0,2,1,0,7.313886831633462,4,0,14.42201047705467,65+,8.0,185916.83366999976,1834000.0000000014,1499.9999999999998,1487334.669359998,1
7.030857476116121,13,11.028627743384128,0,36,3,0,0,2,1,0,12.027370530646529,5,1,7.030857476116121,30-39,0.75,61611.973947999984,1130.0000000000005,167270.00000000032,46208.980460999985,0
11.38510345703214,12,12.453624289743354,1,36,3,1,0,1,1,0,13.42246945133505,2,0,14.49303686549315,30-39,0.75,256176.1022000001,1968999.9999999986,674999.9999999998,192132.0766500001,1
13.497370652597288,14,16.08965092008335,1,79,2,0,0,1,2,0,0.0,2,0,18.232391427450448,65+,8.0,9719559.118200002,82837500.00000012,0.0,77756472.94560002,1
10.74937727911096,8,11.248253152234346,1,63,3,0,1,1,1,0,0.0,4,0,12.339733404786474,60-64,6.0,76744.73947899997,228600.00000000017,0.0,460468.4368739998,0
7.972810784121404,8,11.712956250852091,0,29,2,0,2,1,1,0,10.34884622430597,5,0,10.494075844768336,Under 30,0.25,122143.03607000002,36099.99999999998,31220.000000000007,30535.759017500004,1
13.676249640055394,11,15.399612882686796,1,59,3,1,0,1,2,0,0.0,5,0,17.40650153883008,50-59,4.0,4874912.324600003,36270000.00000005,0.0,19499649.29840001,1
8.429672593886743,14,12.342150883607491,1,43,3,1,2,1,1,0,13.296318365198625,5,0,13.217820819092363,40-49,2.0,229153.30660999956,550080.0000000002,595000.0000000007,458306.6132199991,1
10.416341118636357,8,12.423643576356817,1,40,3,0,0,1,1,0,13.17969033259594,5,0,13.171498244061793,40-49,2.0,248609.71944000028,525179.9999999998,529499.9999999988,497219.43888000055,1
8.35490952835879,8,11.667700038278326,1,30,2,1,2,1,1,0,12.57846689132745,4,0,10.096213132628804,30-39,0.75,116738.47695000008,24249.99999999999,290240.00000000006,87553.85771250006,0
12.644330802262578,13,14.25795928013062,1,71,3,0,0,1,2,0,14.650591668252272,4,0,15.844973861243904,65+,8.0,1556513.0261000027,7609999.999999996,2305000.000000001,12452104.208800022,0
11.441440204346032,14,13.646136579473488,1,53,3,1,0,1,2,0,13.329379172803591,5,0,14.590284268212317,50-59,4.0,844192.1342699997,2170100.000000002,614999.9999999988,3376768.5370799988,0
13.380566689411136,13,13.299109967325496,1,67,3,1,0,1,1,0,13.489989537282217,4,0,15.095972347581064,65+,8.0,596663.3266500003,3598300.000000003,722150.0000000017,4773306.613200002,0
5.993961427306569,8,9.69367212060944,1,78,2,0,0,2,3,0,9.717218213494077,5,1,5.993961427306569,65+,8.0,16213.677355,400.00000000000006,16600.000000000007,129709.41884,0
11.002116507732016,11,11.773059697378924,1,61,3,0,0,1,1,0,11.373674891823535,5,0,13.83727302821889,60-64,6.0,129709.41884000013,1022000.0000000008,86999.99999999994,778256.5130400008,1
9.717218213494077,6,11.74774208708152,1,42,2,0,1,1,1,0,11.089820688682371,2,0,11.613684409620816,40-49,2.0,126466.68337000003,110599.99999999999,65499.99999999983,252933.36674000006,0
8.418697944667139,12,11.686049021222916,0,71,3,1,3,1,3,0,0.0,3,1,12.136352724092164,65+,8.0,118900.30059999996,186530.00000000035,0.0,951202.4047999997,0
5.3981627015177525,11,9.930047914868677,0,67,3,0,0,2,3,0,10.5713425658087,1,1,9.410911062438,65+,8.0,20537.32464900002,12219.999999999995,39000.000000000065,164298.59719200016,0
10.819798284210286,9,11.063113369269184,1,40,2,0,0,2,4,0,12.81584093453868,4,0,10.97679912709094,40-49,2.0,63773.79759499985,58499.99999999996,368000.00000000023,127547.5951899997,0
9.568084743872936,12,12.12722921174015,1,61,3,1,1,1,2,0,8.748463629942055,5,0,13.337960123083077,60-64,6.0,184835.92184000014,620300.0000000008,6299.999999999997,1109015.5310400007,0
11.51991100914394,13,11.969173203349216,1,52,2,0,2,1,2,0,11.918397239722838,4,0,12.233206179086634,50-59,4.0,157813.12625000012,205499.99999999985,150000.00000000006,631252.5050000005,0
11.40979579246376,14,12.866095815680175,1,69,3,0,0,1,2,0,14.044636976184345,3,0,13.321543690070312,65+,8.0,386966.4328699996,610200.0000000001,1257500.0000000016,3095731.462959997,0
13.304686600863562,8,12.009446852348589,1,69,2,0,0,1,2,0,13.71015115341694,5,0,14.425276673063282,65+,8.0,164298.59719000035,1840000.0000000005,899999.9999999979,1314388.7775200028,1
8.006700845440367,12,10.897601753215405,0,40,3,0,0,2,1,0,8.987321812850125,4,0,9.305741456739437,40-49,2.0,54045.59118200007,11000.000000000011,8000.0000000000055,108091.18236400014,0
6.608000625296087,13,10.16365262239305,0,59,2,0,1,2,1,0,9.539716058977092,5,0,7.039660349862076,50-59,4.0,25941.88376800001,1140.0000000000002,13899.99999999999,103767.53507200004,0
9.200391041122517,8,10.961513933396654,1,80,3,1,1,2,3,0,11.814887590396737,4,0,12.412684294889791,65+,8.0,57612.60019999997,245899.9999999996,135250.0,460900.8015999998,0
7.601402334583733,9,10.540934738927314,1,65,2,1,0,2,3,0,6.803505257608338,5,0,10.373522431293592,65+,8.0,37831.91382800001,31999.999999999993,899.9999999999998,302655.3106240001,0
9.90353755128617,12,14.0380225455641,1,63,1,1,0,2,2,0,12.180759965737863,4,0,13.47442911525415,60-64,6.0,1249209.7946000001,711000.0000000001,195000.00000000006,7495258.767600001,0
9.99884318585288,12,12.70587505492555,0,37,3,1,1,1,2,0,10.40731877238916,4,0,11.9479558477909,30-39,0.75,329678.10621000006,154499.99999999985,33100.00000000005,247258.57965750003,0
11.779136168550774,8,11.42822238555616,1,64,3,1,0,1,3,0,9.642187721358466,5,0,13.639371052850532,60-64,6.0,91877.50500999982,838499.9999999987,15400.00000000001,551265.0300599989,1
8.517393171418904,6,10.699154876036824,1,57,1,0,1,1,3,0,0.0,5,0,8.594339400592892,50-59,4.0,44317.38476999999,5400.000000000005,0.0,177269.53907999996,0
8.309184527686298,10,11.09644927542817,1,81,3,1,0,1,2,0,9.888424674859085,2,0,9.21642184229205,65+,8.0,65935.62124200001,10059.99999999999,19700.000000000047,527484.9699360001,0
6.85751406254539,8,10.699154876036824,1,45,2,0,1,2,1,0,12.891694078557842,5,0,8.507344855361422,40-49,2.0,44317.38476999999,4949.999999999996,396999.9999999998,88634.76953999998,0
7.1316985104669115,8,10.204473075038807,0,46,2,0,1,2,4,0,8.24301946898925,3,0,7.1316985104669115,40-49,2.0,27022.79559099997,1250.0000000000005,3800.000000000003,54045.59118199994,0
16.039593530969935,12,14.338001938359346,1,49,3,1,1,1,2,0,13.07107218827772,2,0,16.298582275292933,40-49,2.0,1686222.4449000014,11978000.0,474999.99999999977,3372444.889800003,1
16.072051817168948,13,15.151776776475543,1,52,3,1,1,1,2,0,0.0,5,0,17.011076854340185,50-59,4.0,3804809.61919999,24424000.000000022,0.0,15219238.47679996,1
9.35018926709258,8,11.773059697378924,1,57,2,0,0,1,2,0,0.0,5,0,12.558492047480836,50-59,4.0,129709.41884000013,284500.0000000007,0.0,518837.6753600005,0
7.972810784121404,10,11.845379821066128,1,41,3,0,1,1,1,0,0.0,2,0,12.727544397630073,40-49,2.0,139437.6252500001,336900.0,0.0,278875.2505000002,1
8.470311205516108,12,11.079920226254767,0,28,2,0,0,1,2,0,9.90353755128617,4,0,10.129467078669546,Under 30,0.25,64854.70941899998,25069.999999999993,20000.000000000015,16213.677354749994,1
7.601402334583733,8,11.712956250852091,1,67,2,0,0,1,3,0,11.900097605672068,2,1,11.434974734252892,65+,8.0,122143.03607000002,92500.00000000007,147280.00000000003,977144.2885600001,0
14.914123179965662,12,16.776438905014512,1,66,3,0,1,1,2,1,15.375758436291614,3,0,19.988859172431663,65+,8.0,19315894.289000027,479790050.00000054,4759999.999999997,154527154.31200022,1
0.0,9,9.98133877479715,1,29,2,0,0,2,4,0,6.68586094706836,5,1,0.0,Under 30,0.25,21618.236473000004,0.0,800.0000000000003,5404.559118250001,0
5.739792912179234,9,8.85750474181683,0,39,2,0,0,2,4,0,8.839421607620602,2,1,5.739792912179234,30-39,0.75,7025.9268537,309.99999999999994,6900.000000000005,5269.445140275,0
9.90353755128617,14,11.079920226254767,1,80,3,1,0,2,3,0,8.630700432209832,2,0,15.37953281616046,65+,8.0,64854.70941899998,4777999.999999993,5599.999999999995,518837.6753519998,1
7.762596048540069,8,11.845379821066128,0,35,2,0,0,1,1,0,10.288783966353764,1,0,7.804251383528112,30-39,0.75,139437.6252500001,2449.999999999999,29399.999999999945,104578.21893750007,0
9.883335864325277,13,11.59073968241829,1,44,2,1,1,1,1,0,12.59473402514672,4,0,11.622685289462678,40-49,2.0,108091.18236000005,111599.99999999999,294999.9999999998,216182.3647200001,0
12.317618492524996,8,13.439186700886737,1,65,2,1,0,1,3,0,0.0,4,0,15.025247020455234,65+,8.0,686379.0080200006,3352599.9999999977,0.0,5491032.064160005,0
12.84265212010087,13,13.814273317948402,1,60,1,1,2,1,1,0,13.049794835104816,5,0,16.191346205634712,60-64,6.0,998762.5250500003,10760000.000000011,465000.00000000023,5992575.150300002,1
8.240385115516334,9,10.623170750425082,1,66,2,0,0,1,1,0,0.0,5,0,8.66406026722579,65+,8.0,41074.649299000004,5789.999999999996,0.0,328597.19439200003,0
14.779448324693965,12,14.20593475854472,1,77,3,1,0,1,2,0,15.434898999271326,3,0,17.102493566213486,65+,8.0,1477606.4628999976,26762000.000000007,5050000.000000004,11820851.70319998,1
14.540156890079595,12,14.108427649734772,1,67,2,1,0,1,2,0,15.551757493442464,2,0,16.86677218860996,65+,8.0,1340330.6613000007,21142000.000000034,5676000.000000003,10722645.290400006,1
9.658290091690503,12,11.797752121925637,1,40,2,0,1,1,1,0,8.699681400989514,2,1,9.658290091690503,40-49,2.0,132952.15431000016,15650.000000000013,6000.000000000005,265904.3086200003,0
10.981914140544824,12,15.114145718356587,1,63,3,1,0,1,3,0,0.0,4,0,17.623478883648524,60-64,6.0,3664291.0821999973,45058799.99999997,0.0,21985746.49319998,1
11.483300960570345,11,11.969173203349216,1,38,3,1,1,1,1,0,11.440365524765756,2,0,12.159405476211566,30-39,0.75,157813.12625000012,190880.0,93000.00000000007,118359.8446875001,1
9.720225553665117,9,11.629960039799675,1,61,1,0,0,1,1,0,11.643962499267984,5,0,12.523256479761772,60-64,6.0,112414.82966000008,274650.00000000006,113999.99999999996,674488.9779600005,0
9.431161227920748,12,11.600689921732425,1,40,3,1,2,1,1,0,11.636036503798104,5,0,11.838416196403571,40-49,2.0,109172.09419000008,138469.99999999965,113100.00000000009,218344.18838000015,0
5.916202062607435,12,10.835727530509162,0,23,3,0,0,1,1,0,8.732465848349879,3,0,6.19644412779452,Under 30,0.25,50802.85571100001,489.9999999999999,6200.000000000005,12700.713927750003,0
9.32375833901174,11,11.41638805747596,0,45,3,0,1,2,1,0,9.412546252075511,3,0,12.48067327781818,40-49,2.0,90796.59318599998,263200.0000000004,12239.999999999987,181593.18637199997,1
5.303304908059076,8,10.16365262239305,0,25,2,0,2,1,1,0,5.303304908059076,4,0,5.303304908059076,Under 30,0.25,25941.88376800001,200.0,200.0,6485.470942000003,0
7.039660349862076,7,10.699154876036824,0,47,2,0,3,2,4,0,9.850666776352544,4,0,7.039660349862076,40-49,2.0,44317.38476999999,1140.0000000000002,18969.999999999964,88634.76953999998,0
7.2868764117507,2,10.897601753215405,0,41,2,0,2,1,1,0,8.45553053102413,2,1,7.2868764117507,40-49,2.0,54045.59118200007,1460.0000000000002,4700.000000000002,108091.18236400014,0
6.066108090103747,6,9.26803702884847,0,28,2,0,2,1,1,1,0.0,4,0,6.066108090103747,Under 30,0.25,10592.935872000005,429.99999999999983,0.0,2648.2339680000014,0
9.259225769705994,13,11.219680157476482,0,35,3,0,1,1,1,0,10.672460871214067,3,0,9.259225769705994,30-39,0.75,74582.91583199994,10500.000000000005,43149.99999999988,55937.186873999955,0
6.814542897259958,6,11.59073968241829,0,59,0,0,0,1,1,0,9.908524844053396,5,0,6.814542897259958,50-59,4.0,108091.18236000005,909.9999999999999,20099.999999999996,432364.7294400002,0
7.300472814267799,8,10.723251890363157,0,36,1,0,4,2,3,0,10.24106631958382,4,0,7.300472814267799,30-39,0.75,45398.29659299996,1480.0000000000005,28029.999999999985,34048.722444749976,0
14.080410834801569,12,13.468669011125677,1,41,3,1,2,1,4,0,12.524530013005734,5,0,14.548984090233867,40-49,2.0,706916.3326700003,2082299.9999999995,275000.0000000002,1413832.6653400005,1
5.017279836814924,8,10.792243293398966,0,41,0,0,2,2,1,0,0.0,5,0,5.017279836814924,40-49,2.0,48641.03206399999,150.0,0.0,97282.06412799998,0
12.956287541372632,14,11.485380194730258,1,67,3,0,0,1,3,0,8.517393171418904,4,0,13.917607654457573,65+,8.0,97282.06412800006,1107489.9999999998,5000.000000000003,778256.5130240005,1
4.110873864173311,2,9.065117423169948,0,69,2,0,0,1,3,0,0.0,4,0,4.110873864173311,65+,8.0,8647.294589200008,60.00000000000001,0.0,69178.35671360006,0
11.60824473564232,12,11.367598443988374,0,58,3,1,0,2,1,0,0.0,3,0,14.699278511355924,50-59,4.0,86472.94589200003,2420000.0,0.0,345891.78356800013,1
7.490529402060711,13,12.066970356293536,1,46,3,0,2,1,1,0,13.241622656210732,1,1,11.43767376208272,40-49,2.0,174026.80361000024,92750.00000000017,563329.9999999986,348053.6072200005,0
9.546884034617923,12,10.451325058234776,1,70,3,0,0,2,3,0,0.0,4,0,14.040253629363908,65+,8.0,34589.17835700002,1252000.0000000023,0.0,276713.42685600015,1
6.2166061010848646,9,10.386788464403516,0,39,2,0,4,1,1,0,0.0,4,0,6.2166061010848646,30-39,0.75,32427.35470899998,499.9999999999999,0.0,24320.516031749987,0
9.105090961257083,8,10.674462827538376,0,28,1,0,0,2,1,0,7.0909098220799835,1,0,9.105090961257083,Under 30,0.25,43236.47294599996,8999.999999999984,1200.0,10809.11823649999,0
7.438971592395862,9,11.063113369269184,1,78,2,0,0,1,3,0,8.556606193773073,5,0,7.438971592395862,65+,8.0,63773.79759499985,1700.0,5200.000000000001,510190.3807599988,0
3.044522437723423,10,9.00058661065466,0,25,1,0,1,2,1,0,9.261128538808288,4,1,3.044522437723423,Under 30,0.25,8106.838677400006,20.0,10520.000000000002,2026.7096693500016,0
5.802118375377063,8,11.09644927542817,1,52,2,0,0,1,1,0,11.518917476956224,5,0,7.645397699428633,50-59,4.0,65935.62124200001,2089.999999999999,100600.00000000001,263742.48496800003,0
4.61512051684126,9,9.69367212060944,1,63,2,0,0,2,4,0,0.0,2,0,10.130662964963708,60-64,6.0,16213.677355,25099.999999999993,0.0,97282.06413,0
13.548938754204904,13,13.96656684555146,1,85,3,1,0,1,3,0,0.0,5,0,15.964478278897191,65+,8.0,1163061.1222000006,8576000.000000002,0.0,9304488.977600005,0
13.384729180332174,9,12.951709356349657,1,39,2,0,3,1,2,0,14.06627005452127,4,0,13.894322662602557,30-39,0.75,421555.6112200006,1082000.0000000023,1284999.999999999,316166.70841500047,1
6.1779441140506,9,9.383539618396709,0,68,1,0,0,2,3,0,8.131824785007195,5,0,6.1779441140506,65+,8.0,11890.03006000001,480.99999999999994,3399.999999999999,95120.24048000008,0
13.478639641880966,8,13.862857270286732,1,39,3,1,3,1,1,0,12.919024904363686,5,0,14.57510116293097,30-39,0.75,1048484.4689000008,2137400.000000002,407999.99999999965,786363.3516750006,1
9.30027247947679,9,10.699154876036824,1,41,3,1,0,2,1,0,11.002116507732016,5,0,9.30027247947679,40-49,2.0,44317.38476999999,10940.000000000005,59999.99999999991,88634.76953999998,0
13.833351458410394,12,0.0,0,75,3,0,0,1,2,1,0.0,1,0,14.702166896739968,65+,8.0,0.0,2426999.9999999995,0.0,0.0,1
10.819798284210286,8,11.639529406064158,0,25,1,0,0,1,2,0,10.645448706505872,2,0,10.819798284210286,Under 30,0.25,113495.74147999997,50000.000000000015,41999.99999999999,28373.935369999992,1
9.680406499268877,8,10.897601753215405,1,48,1,0,1,1,1,0,10.594156665220533,5,0,9.680406499268877,40-49,2.0,54045.59118200007,16000.00000000003,39899.99999999998,108091.18236400014,0
5.303304908059076,3,9.470543987306163,0,68,2,0,1,2,3,0,0.0,5,0,5.303304908059076,65+,8.0,12970.941883999983,200.0,0.0,103767.53507199987,0
14.498607907721096,14,13.0881209093543,1,82,3,0,0,1,3,0,0.0,2,0,16.700311326676903,65+,8.0,483167.5851700011,17899999.999999996,0.0,3865340.6813600087,1
11.586185220346932,14,11.30306069379871,0,55,3,1,0,2,3,0,0.0,5,0,11.68352019721342,50-59,4.0,81068.38677399996,118600.0000000001,0.0,324273.5470959998,0
13.597355791941425,12,13.979494069068627,1,64,3,1,1,1,1,0,14.095413198954706,2,0,15.265718479349363,60-64,6.0,1178193.8877999985,4263999.999999989,1323000.0,7069163.326799991,0
0.6931471805599453,8,9.6246836542707,1,68,1,0,1,2,3,0,0.0,5,0,0.6931471805599453,65+,8.0,15132.765531000001,1.0,0.0,121062.12424800001,0
11.60824473564232,8,11.549918073413814,1,33,2,1,0,1,1,0,12.5421912482017,5,0,11.841300723646832,30-39,0.75,103767.53506999994,138869.99999999994,279899.99999999994,77825.65130249996,1
9.472781556562168,8,10.74678187553037,0,61,1,1,0,2,3,0,6.792344427470809,2,0,9.472781556562168,60-64,6.0,46479.20841700003,12999.999999999995,889.9999999999997,278875.2505020002,0
8.870803443982124,9,10.897601753215405,1,57,3,0,0,1,1,0,12.013706813470414,4,0,9.02653771890043,50-59,4.0,54045.59118200007,8320.000000000002,165000.00000000015,216182.36472800028,0
15.299385474180372,12,14.978505104936554,1,56,1,1,0,1,2,0,13.609716873485151,4,0,17.254324835300466,50-59,4.0,3199498.9979999983,31150000.000000037,814000.0000000002,12797995.991999993,1
8.006700845440367,8,10.31779779558084,1,66,2,0,0,2,2,0,0.0,1,0,8.006700845440367,65+,8.0,30265.531061999973,2999.9999999999995,0.0,242124.24849599978,0
10.959557617938565,12,11.175229004346514,1,71,2,1,0,2,2,0,0.0,5,0,12.87774334868815,65+,8.0,71340.18036100005,391500.00000000006,0.0,570721.4428880004,0
9.027738775974909,10,12.356202576168052,1,45,2,0,0,1,2,0,12.154784614286667,4,0,9.89298256789098,40-49,2.0,232396.04207999996,19789.999999999996,189999.9999999999,464792.0841599999,0
4.51085950651685,8,9.039802580037929,1,62,3,0,2,2,3,0,0.0,5,0,4.51085950651685,60-64,6.0,8431.112224400022,89.99999999999997,0.0,50586.67334640013,0
10.736418414365376,9,10.87739942351305,1,70,3,1,0,2,1,0,0.0,5,0,12.783811780410996,65+,8.0,52964.67935899999,356400.00000000076,0.0,423717.4348719999,0
11.542493975902508,12,11.74774208708152,1,86,3,1,0,1,3,0,0.0,5,0,14.222974334070884,65+,8.0,126466.68337000003,1502999.9999999981,0.0,1011733.4669600002,1
10.59665973278358,8,11.128709656194046,1,54,1,1,2,1,2,0,12.895465286619547,5,0,12.388398368982116,50-59,4.0,68097.44488999996,240000.00000000047,398500.00000000023,272389.7795599998,0
3.4339872044851463,8,11.367598443988374,1,24,3,0,0,1,1,0,11.341911733058936,1,1,6.7226297948554485,Under 30,0.25,86472.94589200003,830.0000000000003,84280.00000000007,21618.236473000008,0
13.418610167725486,13,12.138857187204596,1,62,3,1,0,1,2,0,0.0,2,0,15.099883206183014,60-64,6.0,186997.74549000023,3612399.9999999986,0.0,1121986.4729400014,1
7.901377353792616,8,11.159961747859198,1,22,1,0,1,1,1,0,11.427269532586738,4,0,10.75152085670396,Under 30,0.25,70259.268537,46700.000000000065,91790.00000000006,17564.81713425,1
10.463131911491969,11,11.83759773667864,1,62,3,1,0,2,1,0,11.156264806643742,3,0,14.58427574856807,60-64,6.0,138356.7134300002,2157099.999999999,70000.00000000001,830140.2805800012,1
11.695255355062796,12,12.20592107089332,1,48,3,0,3,1,1,0,12.74578014344445,2,0,12.700771936142122,40-49,2.0,199968.68737000017,328000.0000000002,343100.0000000002,399937.37474000035,0
8.79497643168877,11,11.392290774522229,1,57,1,0,0,2,1,0,12.671820356188537,1,0,13.155026095375646,50-59,4.0,88634.76953900007,516599.9999999998,318639.99999999977,354539.0781560003,1
11.0186455364637,12,11.853101811967846,0,28,3,0,0,1,1,0,0.0,2,0,11.0186455364637,Under 30,0.25,140518.53706999996,60999.999999999956,0.0,35129.63426749999,1
8.294299608857235,8,11.610542128340578,0,26,2,0,2,1,1,0,10.860939421415225,1,0,8.517393171418904,Under 30,0.25,110253.00601000008,5000.000000000003,52100.00000000003,27563.25150250002,0
5.303304908059076,13,11.485380194730258,1,83,1,0,1,2,3,0,0.0,3,0,5.303304908059076,65+,8.0,97282.06412800006,200.0,0.0,778256.5130240005,0
10.413342705547674,12,11.079920226254767,0,30,2,0,0,1,1,0,11.964007453736912,2,0,10.413342705547674,30-39,0.75,64854.70941899998,33300.00000000003,156999.99999999994,48641.03206424999,0
5.198497031265826,9,10.674462827538376,0,59,2,0,0,2,3,1,8.716207971151853,5,0,5.198497031265826,50-59,4.0,43236.47294599996,180.00000000000006,6100.000000000004,172945.89178399983,0
5.303304908059076,1,9.6246836542707,1,81,0,0,0,1,3,0,0.0,4,0,5.303304908059076,65+,8.0,15132.765531000001,200.0,0.0,121062.12424800001,0
6.566672429803241,9,9.930047914868677,0,22,2,0,0,2,1,0,8.343077871169383,5,0,7.555381944240273,Under 30,0.25,20537.32464900002,1910.0000000000002,4200.000000000004,5134.331162250005,0
13.597355791941425,9,11.435256335922215,0,78,3,1,0,1,3,0,0.0,4,0,13.811503540582295,65+,8.0,92526.05210399999,995999.9999999999,0.0,740208.4168319999,1
12.345838935721968,13,12.138857187204596,1,34,3,1,0,1,1,0,12.07824495582233,3,0,13.444448325847754,30-39,0.75,186997.74549000023,689999.9999999995,176000.00000000006,140248.30911750018,1
5.5254529391317835,8,8.084480867798195,0,25,2,0,0,2,4,0,3.4339872044851463,2,0,5.5254529391317835,Under 30,0.25,3242.7354709000024,249.9999999999999,30.0,810.6838677250006,0
9.952325334619427,12,10.243692364956797,1,52,3,0,2,2,4,0,13.569611298299009,2,0,9.961803629358965,50-59,4.0,28103.707415000037,21200.000000000015,781999.9999999998,112414.82966000015,0
6.274762021241939,10,9.69367212060944,1,56,0,0,0,2,3,0,8.497194544909547,5,0,6.274762021241939,50-59,4.0,16213.677355,530.0,4899.999999999998,64854.70942,0
10.275085591132717,14,12.388241794252275,1,64,3,1,1,1,1,0,13.239258908233676,5,0,14.27987393585524,60-64,6.0,239962.42485000013,1591000.0000000033,562000.0000000003,1439774.5491000009,1
12.886643575525625,12,13.25465828094871,1,61,3,1,0,1,2,0,13.171155446333852,4,0,14.96766392951613,60-64,6.0,570721.4428900001,3164999.9999999995,525000.0000000003,3424328.6573400004,0
6.62273632394984,8,9.818828007928497,0,25,1,0,1,1,4,0,0.0,4,0,6.62273632394984,Under 30,0.25,18375.50100200004,751.0000000000001,0.0,4593.87525050001,0
13.8924725250259,13,12.938805982316715,1,70,1,1,0,1,3,0,0.0,2,0,15.91720283082831,65+,8.0,416151.05210000026,8179999.999999996,0.0,3329208.416800002,1
13.208542908506082,12,14.052028004566145,1,73,0,1,0,1,3,0,0.0,5,0,16.474300554445346,65+,8.0,1266828.6573000026,14279000.00000001,0.0,10134629.258400021,1
9.680406499268877,12,13.231668803461035,1,65,3,1,0,1,3,0,11.918397239722838,1,0,14.939465979296,65+,8.0,557750.5009999993,3076999.9999999935,150000.00000000006,4462004.007999995,0
11.869207331664224,9,12.085432314014094,0,44,3,1,0,1,4,0,11.918397239722838,4,0,12.239512257194662,40-49,2.0,177269.53908000005,206799.99999999997,150000.00000000006,354539.0781600001,0
13.912365907015865,8,13.71179475671078,1,75,3,1,0,1,2,0,15.623963414041532,5,0,17.280799517149582,65+,8.0,901480.4609200002,31985700.0,6100999.999999996,7211843.687360002,1
7.601402334583733,8,10.936821754744528,0,59,3,1,0,1,1,0,10.707751151716078,4,0,7.601402334583733,50-59,4.0,56207.41482999999,2000.0,44699.999999999985,224829.65931999995,0
12.031368006227387,9,11.458351803974336,1,74,3,1,0,1,2,0,0.0,5,0,13.231291322213185,65+,8.0,94687.87575200021,557540.0000000008,0.0,757503.0060160017,0
10.905974329106854,9,11.20508155522288,1,47,3,0,1,1,2,0,12.397110273442197,1,0,10.905974329106854,40-49,2.0,73502.00400800005,54499.99999999998,242100.00000000015,147004.0080160001,0
10.979189389621132,14,12.097553606596383,1,41,3,0,2,2,1,0,13.049794835104816,4,0,12.098993988044976,40-49,2.0,179431.3627299997,179689.9999999997,465000.00000000023,358862.7254599994,0
10.043292972227004,8,10.569104881654322,1,82,2,0,1,2,3,0,10.494075844768336,2,0,10.12667110305036,65+,8.0,38912.825651000036,25000.000000000004,36099.99999999998,311302.6052080003,0
5.968707559985366,9,9.818828007928497,0,56,2,0,0,2,3,1,9.210440366976515,2,1,5.968707559985366,50-59,4.0,18375.50100200004,390.0,9999.99999999999,73502.00400800016,0
12.180759965737863,13,12.436602669205572,1,61,3,1,0,1,2,0,0.0,4,0,16.125567765052597,60-64,6.0,251852.45490999977,10074999.999999985,0.0,1511114.7294599987,1
6.2166061010848646,12,9.818828007928497,0,59,1,0,0,2,2,0,8.160803920954665,4,0,6.2166061010848646,50-59,4.0,18375.50100200004,499.9999999999999,3499.9999999999977,73502.00400800016,0
9.39274525863144,14,11.485380194730258,1,59,3,0,0,1,1,0,8.169336395928386,4,0,12.976183182038383,50-59,4.0,97282.06412800006,432000.0000000001,3530.0,389128.2565120002,1
8.732465848349879,12,11.821849494415464,1,53,3,0,1,1,1,0,11.472113887062386,5,0,11.996591585872558,50-59,4.0,136194.88977999994,162200.0,95999.99999999996,544779.5591199998,0
7.698936199813447,9,11.159961747859198,0,26,2,1,4,1,1,0,10.463131911491969,4,1,7.698936199813447,Under 30,0.25,70259.268537,2204.999999999999,35000.00000000007,17564.81713425,0
9.680406499268877,8,11.144457783705516,0,44,2,1,1,1,1,0,6.90875477931522,5,0,11.338583982516496,40-49,2.0,69178.35671300004,84000.00000000017,999.9999999999999,138356.7134260001,0
8.160803920954665,12,11.890841876391685,1,67,3,0,1,1,2,0,13.121364879070743,2,0,13.046563821483025,65+,8.0,145923.09619000013,463500.00000000093,499499.99999999994,1167384.769520001,0
11.407576060361786,12,12.616775342823493,1,29,3,0,0,1,1,0,13.304686600863562,3,0,13.61217085943569,Under 30,0.25,301574.39880000026,816000.0000000003,600000.0000000003,75393.59970000006,1
12.653961664405363,8,12.526827418238932,1,54,3,1,0,1,4,0,0.0,5,0,14.133237479566205,50-59,4.0,275632.5150300001,1374000.0000000002,0.0,1102530.0601200005,1
8.131824785007195,8,11.975999125353797,1,51,2,0,0,1,1,0,11.72157244693173,1,0,11.133142723386811,50-59,4.0,158894.03808000014,68399.99999999985,123199.9999999999,635576.1523200006,0
11.732952163942832,12,12.167348992793892,1,67,3,1,1,1,2,0,0.0,5,0,15.27287153886801,65+,8.0,192402.30460999985,4294609.999999999,0.0,1539218.4368799988,1
10.995427631436174,8,11.079920226254767,1,75,1,0,0,1,3,0,0.0,5,0,12.12703484943049,65+,8.0,64854.70941899998,184799.99999999985,0.0,518837.6753519998,0
15.561051727941232,12,16.03807664017651,1,67,3,1,0,1,2,1,11.184435286790633,5,0,16.6110220959201,65+,8.0,9230986.973899996,16370999.999999974,72000.00000000009,73847895.79119997,0
6.018593214496234,11,10.35288797609956,0,43,1,0,2,2,1,0,11.354175893097942,2,0,9.149634496858788,40-49,2.0,31346.442886000004,9409.999999999998,85319.99999999997,62692.88577200001,0
10.505094936455558,13,12.44939597018852,1,52,3,1,1,1,1,0,14.441984139729628,4,0,14.349955633323454,50-59,4.0,255095.1903799998,1706500.000000001,1871000.000000002,1020380.7615199992,1
5.771441123130016,10,10.121094683881877,0,51,2,0,0,2,4,0,3.713572066704308,4,0,6.19644412779452,50-59,4.0,24860.97194400006,489.9999999999999,40.00000000000001,99443.88777600024,0
10.165890277802454,13,11.502018610712572,1,73,0,1,0,2,2,0,12.715900771961074,5,0,12.228328144428588,65+,8.0,98914.24098199981,204499.99999999997,332999.99999999977,791313.9278559985,0
8.412054873292933,11,11.600689921732425,1,41,2,0,1,1,1,0,11.83138646878959,2,1,11.556951919719207,40-49,2.0,109172.09419000008,104500.00000000003,137500.00000000012,218344.18838000015,0
12.672949516558306,12,13.997676372797748,1,64,3,1,1,1,2,0,13.774689605110144,2,0,16.197461298709275,60-64,6.0,1199812.1242000032,10825999.999999989,960000.0000000006,7198872.745200019,1
9.036106025364846,9,11.112709551691127,1,66,2,0,0,2,3,0,12.532389923220464,2,0,12.639156163208208,65+,8.0,67016.53306600003,308400.00000000006,277169.9999999999,536132.2645280003,0
10.881832472145556,14,11.628131462113434,1,84,3,1,0,1,3,0,0.0,4,0,12.351042741030522,65+,8.0,112209.45641000007,231200.00000000017,0.0,897675.6512800006,0
6.566672429803241,8,11.30306069379871,1,66,3,0,0,1,1,0,11.951186847493476,5,0,12.95680689804305,65+,8.0,81068.38677399996,423710.00000000006,155000.00000000012,648547.0941919996,0
13.021439671201302,12,13.922875224529346,1,66,1,1,0,1,3,0,12.818554633046093,5,0,15.63601960242162,65+,8.0,1113339.1783999996,6174999.999999985,369000.0000000001,8906713.427199997,0
14.524679206631616,12,15.363031706080267,1,75,0,1,0,1,2,0,0.0,3,0,18.262274533853457,65+,8.0,4699804.609199996,85350300.00000015,0.0,37598436.87359997,1
11.52910388569769,13,11.079920226254767,1,26,3,1,2,1,2,0,12.371760797732204,2,1,12.126114517613004,Under 30,0.25,64854.70941899998,184630.00000000038,236040.00000000006,16213.677354749994,1
7.944846711001996,7,9.470543987306163,1,58,1,0,0,2,4,0,9.23024103368252,2,0,7.944846711001996,50-59,4.0,12970.941883999983,2819.999999999999,10200.000000000005,51883.767535999934,0
10.819798284210286,14,11.92720927582913,1,72,2,1,1,1,2,0,10.849356503939038,2,0,12.337105293891872,65+,8.0,151327.65530999997,228000.00000000003,51499.99999999996,1210621.2424799998,0
7.601402334583733,8,11.667700038278326,1,74,2,1,0,1,2,0,9.75272280064639,5,0,10.819798284210286,65+,8.0,116738.47695000008,50000.000000000015,17199.999999999993,933907.8156000007,0
4.61512051684126,9,10.769770904774589,0,33,1,0,0,2,1,0,8.618123909994678,5,0,4.61512051684126,30-39,0.75,47560.12024000005,100.00000000000003,5529.999999999997,35670.090180000036,0
9.409273194575334,12,9.550580764956187,0,29,3,0,0,2,1,0,8.11701408773731,4,0,9.409273194575334,Under 30,0.25,14051.853706999998,12200.0,3349.9999999999986,3512.9634267499996,1
5.707110264748875,8,11.234068703381135,1,61,2,0,0,1,1,0,11.81303746480054,5,0,12.124325569579169,60-64,6.0,75663.82765499984,184300.00000000006,135000.0000000002,453982.965929999,0
11.728044909070784,12,10.85678052964002,1,63,2,1,0,2,1,0,0.0,5,0,12.058158312538197,60-64,6.0,51883.76753500001,172499.99999999985,0.0,311302.60521000007,0
12.54076114938842,12,13.094809883705356,0,56,3,1,1,1,1,0,0.0,3,0,13.383959654737488,50-59,4.0,486410.3206399997,649500.0000000005,0.0,1945641.2825599988,0
0.6931471805599453,4,9.875983398597374,0,40,2,0,1,2,2,0,0.0,1,0,0.6931471805599453,40-49,2.0,19456.412826000007,1.0,0.0,38912.825652000014,0
14.390437669882832,13,13.23360490903136,1,31,3,0,0,1,2,0,13.71015115341694,5,0,15.0799200135001,30-39,0.75,558831.4128299996,3540999.999999997,899999.9999999979,419123.5596224997,1
7.824445930877619,9,10.204473075038807,0,36,3,0,2,2,1,0,9.99884318585288,3,0,9.433563920090563,30-39,0.75,27022.79559099997,12500.0,21999.999999999993,20267.096693249976,0
9.99884318585288,12,11.620298215285262,1,29,3,0,1,1,1,0,12.216027926866138,5,0,10.468829770273569,Under 30,0.25,111333.91784000008,35200.000000000065,202000.0000000001,27833.47946000002,1
9.90353755128617,12,12.258564547947534,1,66,3,0,0,1,2,0,13.487007879880162,1,0,15.953221125692608,65+,8.0,210777.8056099999,8480000.000000004,719999.9999999995,1686222.4448799992,1
8.575650760987806,8,10.85678052964002,0,25,3,0,0,2,1,0,0.0,5,0,9.259225769705994,Under 30,0.25,51883.76753500001,10500.000000000005,0.0,12970.941883750003,0
8.699681400989514,8,10.121094683881877,1,68,0,1,0,1,3,0,10.003378135350925,2,0,8.699681400989514,65+,8.0,24860.97194400006,6000.000000000005,22100.000000000033,198887.77555200047,0
9.472781556562168,5,10.030126736355644,1,72,1,0,0,2,3,0,9.472781556562168,3,0,9.472781556562168,65+,8.0,22699.14829700001,12999.999999999995,12999.999999999995,181593.18637600009,0
8.853808274977197,-1,11.528864869228295,1,43,2,0,2,1,4,0,7.67368812926773,2,1,8.853808274977197,40-49,2.0,101605.71141999982,6999.999999999998,2150.0,203211.42283999964,0
11.50892748368293,13,10.769770904774589,1,74,2,1,0,1,2,0,6.90875477931522,1,0,12.384223015005311,65+,8.0,47560.12024000005,238999.99999999962,999.9999999999999,380480.9619200004,0
13.846040732930732,13,12.954270171159468,1,48,3,0,3,1,1,0,12.7854938618783,4,0,15.431924282744513,40-49,2.0,422636.52305000013,5035000.000000004,356999.9999999993,845273.0461000003,1
7.048386408721883,9,9.930047914868677,1,67,2,0,0,2,1,0,13.304686600863562,4,0,7.048386408721883,65+,8.0,20537.32464900002,1150.0000000000002,600000.0000000003,164298.59719200016,0
12.32687777671888,14,14.84620851513345,1,58,3,1,1,1,2,0,13.510344528022657,5,0,16.230145036166935,50-59,4.0,2803020.5410999986,11185679.999999989,737000.0000000002,11212082.164399995,0
8.160803920954665,9,11.219680157476482,0,53,2,0,0,2,1,0,10.643064971973882,5,1,8.160803920954665,50-59,4.0,74582.91583199994,3499.9999999999977,41900.00000000003,298331.66332799976,0
4.795790545596741,8,9.818828007928497,1,62,3,0,0,2,3,0,10.819798284210286,5,0,4.795790545596741,60-64,6.0,18375.50100200004,120.00000000000003,50000.000000000015,110253.00601200025,0
8.82776136765472,12,11.159961747859198,1,51,3,0,1,2,1,0,12.34213645388149,5,0,11.060698883507174,50-59,4.0,70259.268537,63620.00000000001,229150.0000000001,281037.074148,0
10.12667110305036,11,11.28963784015293,1,37,3,0,3,1,1,0,12.026353699006034,1,0,11.251573687764475,30-39,0.75,79987.47494999996,76999.99999999983,167100.0000000001,59990.60621249997,1
0.0,8,10.030126736355644,1,53,3,1,0,2,1,1,9.169622538697624,5,0,11.775297421715829,50-59,4.0,22699.14829700001,130000.00000000032,9600.0,90796.59318800004,1
9.928228944424577,12,12.62391820671094,0,26,3,1,0,2,1,0,9.680406499268877,2,0,12.103491596905933,Under 30,0.25,303736.2224399992,180500.00000000032,16000.00000000003,75934.0556099998,1
4.61512051684126,8,10.623170750425082,0,40,1,0,0,1,1,0,9.39274525863144,4,0,4.61512051684126,40-49,2.0,41074.649299000004,100.00000000000003,11999.999999999978,82149.29859800001,0
9.105090961257083,10,12.308574737108612,1,72,3,1,0,1,3,0,4.61512051684126,5,0,13.31957518872681,65+,8.0,221586.92385000005,608999.9999999999,100.00000000000003,1772695.3908000004,0
13.314636915215106,14,13.076872220227296,1,58,3,1,0,1,2,0,0.0,2,0,14.42961507230916,50-59,4.0,477763.02605000016,1847999.999999997,0.0,1911052.1042000006,0
7.438971592395862,11,10.792243293398966,0,72,1,0,2,2,3,0,7.107425474110705,5,0,9.48804786328076,65+,8.0,48641.03206399999,13200.000000000013,1219.9999999999998,389128.25651199993,0
0.0,12,10.623170750425082,1,38,2,1,1,1,1,0,12.39545670404338,1,0,0.0,30-39,0.75,41074.649299000004,0.0,241699.99999999994,30805.98697425,0
10.59665973278358,12,11.94139381776646,1,62,3,1,0,1,3,1,0.0,1,0,15.345905479508115,60-64,6.0,153489.47896000024,4620000.000000003,0.0,920936.8737600015,1
8.699681400989514,8,10.540934738927314,1,41,1,0,2,1,1,0,11.788289480716973,5,0,9.305741456739437,40-49,2.0,37831.91382800001,11000.000000000011,131700.00000000006,75663.82765600002,0
6.236369590203704,7,11.47420700963637,0,29,1,0,0,1,1,0,10.39516093745751,2,0,6.236369590203704,Under 30,0.25,96201.15230500007,510.0,32699.999999999996,24050.288076250017,0
14.082480354515004,13,14.87164199464218,1,72,2,1,0,1,2,0,10.950824090522444,5,0,16.839101208272968,65+,8.0,2875225.450899998,20565000.00000002,56999.99999999994,23001803.607199986,0
6.68586094706836,8,11.028627743384128,1,43,3,0,2,1,1,0,11.96451687485452,5,0,11.701899842594283,40-49,2.0,61611.973947999984,120800.0,157080.0000000001,123223.94789599997,0
7.340186835320115,2,9.930047914868677,0,70,3,0,0,1,3,0,0.0,1,0,7.340186835320115,65+,8.0,20537.32464900002,1539.9999999999995,0.0,164298.59719200016,0
14.58677598021581,13,14.229788421485082,1,55,3,0,2,1,1,0,14.403297778421797,1,0,16.916436778304266,50-59,4.0,1513276.5531,22218519.999999985,1800000.000000004,6053106.2124,1
6.68586094706836,9,10.41957729248823,0,30,2,0,1,2,1,0,8.006700845440367,2,0,9.314790473332646,30-39,0.75,33508.26653300001,11099.99999999999,2999.9999999999995,25131.199899750005,0
11.211833885608511,11,11.868369176293063,1,41,3,1,2,1,1,0,11.88518533064729,5,0,11.407576060361786,40-49,2.0,142680.36071999965,90000.00000000001,145100.00000000006,285360.7214399993,0
6.2166061010848646,9,10.243692364956797,1,34,2,0,2,1,4,0,9.680406499268877,4,0,6.2166061010848646,30-39,0.75,28103.707415000037,499.9999999999999,16000.00000000003,21077.780561250027,0
4.948759890378168,8,10.723251890363157,0,42,1,0,0,1,1,0,10.064372648053766,4,1,4.948759890378168,40-49,2.0,45398.29659299996,140.00000000000003,23490.000000000015,90796.59318599993,0
12.05263587747392,14,12.365461861933738,1,30,3,1,1,1,2,0,12.025755079404917,4,0,13.10532097717404,30-39,0.75,234557.86573000002,491549.9999999998,167000.0000000001,175918.39929750003,1
11.002116507732016,12,12.20592107089332,1,45,3,0,0,2,1,0,13.215855541983634,4,0,12.433212202169727,40-49,2.0,199968.68737000017,250999.99999999942,549000.0000000005,399937.37474000035,0
11.58525542883217,12,12.150351505528926,1,51,3,0,2,1,1,0,12.013706813470414,2,0,13.90854633509278,50-59,4.0,189159.5691400001,1097500.0,165000.00000000015,756638.2765600004,1
15.163869639407164,8,17.29083953130359,1,58,3,1,2,1,2,0,0.0,1,0,16.723345662330537,50-59,4.0,32308454.409000017,18317100.000000007,0.0,129233817.63600007,0
11.48247656671073,9,10.792243293398966,1,68,2,1,0,1,3,0,0.0,2,0,13.794287942962583,65+,8.0,48641.03206399999,978999.9999999979,0.0,389128.25651199993,1
5.356586274672012,9,10.623170750425082,1,55,2,0,2,1,3,0,11.350418300109132,1,0,5.356586274672012,50-59,4.0,41074.649299000004,210.99999999999997,84999.99999999996,164298.59719600002,0
10.933124826700707,12,11.59073968241829,1,41,3,1,3,1,1,0,0.0,2,0,12.151621739551222,40-49,2.0,108091.18236000005,189400.0000000001,0.0,216182.3647200001,0
7.438971592395862,8,11.41638805747596,1,63,3,1,0,2,1,0,11.8177669686689,5,0,9.23024103368252,60-64,6.0,90796.59318599998,10200.000000000005,135639.9999999999,544779.5591159998,0
14.22430412061672,9,16.268221364666164,1,72,3,1,0,1,2,0,14.441449523589984,4,0,16.57962604603126,65+,8.0,11619802.103999993,15864999.999999993,1869999.9999999993,92958416.83199994,0
5.303304908059076,8,10.204473075038807,1,61,2,0,0,1,3,0,10.165890277802454,5,1,5.303304908059076,60-64,6.0,27022.79559099997,200.0,25999.999999999985,162136.7735459998,0
9.34583234141334,8,12.522898154395811,1,55,3,1,1,1,1,0,13.32677416091854,3,0,9.34583234141334,50-59,4.0,274551.6032099994,11450.000000000005,613399.9999999995,1098206.4128399976,0
11.456365695436428,14,13.212098742711769,1,80,3,1,0,1,3,0,0.0,5,0,15.655186953057292,65+,8.0,546941.3827699999,6294500.000000001,0.0,4375531.062159999,1
9.711176264112805,8,11.329377681719818,1,51,3,0,1,2,1,0,11.857939686169177,5,0,9.975854724662028,50-59,4.0,83230.21042100004,21499.999999999985,141200.00000000023,332920.84168400016,0
8.006700845440367,12,12.734956177307376,1,51,2,1,2,1,1,0,11.112462823634855,2,0,10.434145214930489,50-59,4.0,339406.3126300004,34000.00000000006,67000.0,1357625.2505200016,0
0.0,7,9.69367212060944,0,41,1,0,0,2,2,0,0.0,4,0,0.0,40-49,2.0,16213.677355,0.0,0.0,32427.35471,0
7.696667081526462,13,10.16365262239305,0,59,3,0,0,2,3,0,8.987321812850125,5,1,11.241129864948206,50-59,4.0,25941.88376800001,76199.99999999994,8000.0000000000055,103767.53507200004,0
8.77971129020447,12,10.596503161315889,1,56,2,0,3,1,1,0,10.088347551424729,2,0,8.79497643168877,50-59,4.0,39993.7374750001,6599.999999999996,24059.99999999998,159974.9499000004,0
7.976251943745623,11,11.883406949070103,1,57,1,0,0,1,1,0,11.825551337974238,4,0,12.287242410144051,50-59,4.0,144842.18437000012,216909.9999999996,136699.99999999994,579368.7374800005,0
12.487488878546143,12,13.503232884516676,1,60,3,0,0,1,2,0,0.0,3,1,17.628044686983802,60-64,6.0,731777.3046099981,45265000.00000003,0.0,4390663.827659989,1
11.84079653163984,11,0.0,1,61,3,1,0,1,2,0,0.0,5,0,15.861886534641071,60-64,6.0,0.0,7739799.999999996,0.0,0.0,1
4.948759890378168,9,10.030126736355644,0,77,2,0,0,2,3,0,8.364275084991524,4,0,7.237778191923443,65+,8.0,22699.14829700001,1390.0,4289.999999999997,181593.18637600009,0
14.575522146438844,9,15.80433855096712,1,61,3,1,0,1,3,1,14.488455541410652,2,0,16.609756864924012,60-64,6.0,7306963.927900014,16350300.000000019,1960000.0000000002,43841783.56740008,0
8.853808274977197,14,10.243692364956797,1,62,3,1,0,1,2,0,0.0,1,0,15.037873521935216,60-64,6.0,28103.707415000037,3395199.9999999986,0.0,168622.24449000022,1
11.728044909070784,14,12.05572732964602,1,84,2,1,0,2,3,0,0.0,4,0,13.94566212039206,65+,8.0,172081.1623200001,1139000.0000000002,0.0,1376649.2985600007,0
10.34177474101152,8,11.518169685974078,1,59,2,1,1,1,1,0,8.006700845440367,3,0,10.34177474101152,50-59,4.0,100524.79959999991,31000.000000000015,2999.9999999999995,402099.19839999964,0
10.318935994253192,9,10.204473075038807,1,70,2,1,0,2,3,0,0.0,5,0,10.318935994253192,65+,8.0,27022.79559099997,30299.999999999938,0.0,216182.36472799975,0
12.184343263233146,11,11.982778769792814,1,60,3,1,1,2,3,0,13.19189130572284,5,0,14.339470152291543,60-64,6.0,159974.9499,1688699.999999997,536000.0000000002,959849.6994,1
11.558863947911393,13,12.17852223565681,1,49,3,1,1,1,1,0,13.06685278163674,3,0,13.328891249703604,40-49,2.0,194564.12826000006,614700.0000000003,473000.00000000006,389128.2565200001,1
10.694237736914808,11,11.380020821211884,1,52,3,1,0,2,1,0,11.52288569676448,5,0,13.244405773536606,50-59,4.0,87553.85771500022,564900.0000000003,100999.99999999984,350215.4308600009,1
12.840003118946523,14,13.32061613689756,1,73,3,1,0,1,1,0,0.0,2,0,15.511860025739322,65+,8.0,609634.2685399993,5453999.999999998,0.0,4877074.148319994,1
9.852246888342531,12,11.234068703381135,1,36,2,0,2,1,1,0,12.384223015005311,5,0,12.35017731849889,30-39,0.75,75663.82765499984,231000.0000000001,238999.99999999962,56747.87074124988,1
5.602118820879701,12,10.540934738927314,0,49,3,0,1,2,1,0,7.601402334583733,5,0,8.569975376855206,40-49,2.0,37831.91382800001,5269.999999999995,2000.0,75663.82765600002,0
10.463131911491969,12,13.092585193269535,1,74,3,1,0,2,3,0,11.407576060361786,3,0,15.0914321407764,65+,8.0,485329.4088199994,3581999.9999999944,90000.00000000001,3882635.270559995,0
10.348205424565991,9,12.885460133287795,1,65,3,1,0,1,2,0,11.560772327227417,3,0,14.024312559118844,65+,8.0,394532.81562999927,1232200.0000000002,104900.00000000007,3156262.525039994,0
9.687257547490988,9,11.45262775051376,1,74,1,1,0,1,3,0,11.995357787034976,4,0,13.1462966773996,65+,8.0,94147.41983999999,512110.0000000013,162000.00000000012,753179.3587199999,0
7.601402334583733,8,10.121094683881877,0,94,1,0,0,2,3,0,0.0,4,0,7.601402334583733,65+,8.0,24860.97194400006,2000.0,0.0,198887.77555200047,0
3.9318256327243257,8,10.897601753215405,1,39,0,0,1,1,1,0,11.559818592808288,4,0,3.9318256327243257,30-39,0.75,54045.59118200007,50.0,104800.00000000006,40534.193386500054,0
4.51085950651685,7,11.046019206267973,1,76,1,0,0,2,1,0,10.607599400820764,5,0,4.51085950651685,65+,8.0,62692.88577200012,89.99999999999997,40440.00000000003,501543.08617600094,0
8.77971129020447,3,11.175229004346514,0,50,3,0,1,1,1,0,9.96038759966894,4,1,8.77971129020447,50-59,4.0,71340.18036100005,6500.000000000003,21169.999999999985,285360.7214440002,0
7.8636512654486515,14,11.92720927582913,1,73,3,0,1,1,2,0,12.133507329024972,3,0,13.350090010337247,65+,8.0,151327.65530999997,627869.999999999,186000.00000000012,1210621.2424799998,0
0.0,6,10.540934738927314,0,32,2,0,4,1,4,0,0.0,2,0,0.0,30-39,0.75,37831.91382800001,0.0,0.0,28373.935371000007,0
6.447305862541213,8,10.451325058234776,0,68,1,0,1,2,3,0,9.726213236963687,5,0,9.015662792972645,65+,8.0,34589.17835700002,8230.000000000005,16750.00000000001,276713.42685600015,0
8.867990898182093,9,11.451478997511789,1,63,1,0,3,1,1,0,13.336475871204131,3,1,12.911891697714024,60-64,6.0,94039.3286570002,405099.99999999965,619380.0000000001,564235.9719420011,0
10.591647316585028,9,12.866095815680175,1,56,3,1,1,2,1,0,13.190115479455148,3,0,13.908819646010246,50-59,4.0,386966.4328699996,1097800.0,535049.0000000005,1547865.7314799984,0
7.989899374942939,8,10.030126736355644,0,61,3,0,0,2,2,1,8.922791623969637,1,0,7.989899374942939,60-64,6.0,22699.14829700001,2949.9999999999995,7500.0000000000055,136194.88978200007,0
10.404293143019792,9,12.167348992793892,1,57,1,1,0,1,2,0,12.80902429414634,2,0,10.404293143019792,50-59,4.0,192402.30460999985,32999.99999999999,365500.0000000002,769609.2184399994,0
6.111467339502679,8,9.818828007928497,0,51,2,0,0,2,3,0,0.0,4,0,6.111467339502679,50-59,4.0,18375.50100200004,450.0000000000001,0.0,73502.00400800016,0
10.87806606028079,12,12.95682444491998,1,72,3,1,0,1,1,0,13.049794835104816,3,0,15.602760039134486,65+,8.0,423717.4348699998,5972999.999999999,465000.00000000023,3389739.4789599986,1
6.68586094706836,8,10.511947979456522,0,64,3,1,0,2,1,0,5.707110264748875,3,0,6.985641817639208,60-64,6.0,36751.00200399998,1079.9999999999998,299.9999999999999,220506.01202399988,0
6.398594934535208,3,9.875983398597374,0,60,2,0,1,1,3,0,0.0,5,0,6.398594934535208,60-64,6.0,19456.412826000007,600.0,0.0,116738.47695600004,0
3.9318256327243257,8,10.281431375093115,0,45,2,0,0,2,2,0,0.0,5,0,3.9318256327243257,40-49,2.0,29184.61923800001,50.0,0.0,58369.23847600002,0
5.771441123130016,9,9.383539618396709,1,57,0,0,1,2,3,0,10.933124826700707,4,0,5.771441123130016,50-59,4.0,11890.03006000001,320.0,56000.000000000044,47560.12024000004,0
12.128116509451258,12,14.43564035276491,1,55,2,1,0,1,2,0,0.0,3,0,14.641877019947108,50-59,4.0,1859168.3366999999,2285000.0000000005,0.0,7436673.3467999995,0
11.62178883845196,8,11.355019808159389,1,37,3,0,0,1,1,0,12.850557278777307,4,0,12.47419338657158,30-39,0.75,85392.03406799996,261499.99999999965,380999.9999999991,64044.02555099997,1
9.741027444837728,12,12.283882237332367,1,65,2,1,1,1,1,0,12.612040960341938,3,0,9.741027444837728,65+,8.0,216182.3647299995,16999.99999999999,300149.99999999977,1729458.917839996,0
6.90875477931522,9,10.482095840823945,0,34,2,0,0,2,1,0,0.0,4,0,8.160803920954665,30-39,0.75,35670.09018000006,3499.9999999999977,0.0,26752.567635000043,0
9.90353755128617,9,11.92720927582913,1,53,3,1,1,1,1,0,12.184854116317805,5,0,13.039635902299173,50-59,4.0,151327.65530999997,460300.0000000008,195800.0000000003,605310.6212399999,0
10.038935856711175,12,11.404411999129266,0,42,3,0,4,1,1,0,10.229223792606836,5,1,10.038935856711175,40-49,2.0,89715.68136300004,22899.99999999996,27700.000000000065,179431.36272600008,0
0.6931471805599453,9,10.35288797609956,0,35,3,0,0,2,3,1,0.0,5,0,0.6931471805599453,30-39,0.75,31346.442886000004,1.0,0.0,23509.832164500003,0
13.21767537538882,14,16.74995818236608,1,72,3,1,0,1,1,0,0.0,5,1,16.62455481560167,65+,8.0,18811108.467000034,16594050.000000011,0.0,150488867.73600027,0
11.744045122410055,13,12.232589186385791,1,72,3,1,0,1,3,0,14.36939624590319,2,0,15.457609446211269,65+,8.0,205373.24649000014,5166000.000000001,1739999.9999999984,1642985.971920001,1
8.0774471493312,9,11.276032359350232,0,34,3,1,3,1,2,0,10.203629181337648,1,0,11.97804845324086,30-39,0.75,78906.56312599996,159220.00000000006,26999.999999999978,59179.92234449997,1
7.496097345175956,8,10.95586961402582,1,77,2,1,0,2,3,0,0.0,5,0,7.496097345175956,65+,8.0,57288.326653000004,1800.0,0.0,458306.61322400003,0
9.210440366976515,8,11.570537163972045,1,56,3,1,1,1,1,0,11.502885230075814,2,0,12.506180941677355,50-59,4.0,105929.35871999999,269999.9999999996,99000.00000000004,423717.43487999996,0
8.556606193773073,6,10.674462827538376,1,44,3,0,0,2,2,1,0.0,5,1,8.556606193773073,40-49,2.0,43236.47294599996,5200.000000000001,0.0,86472.94589199992,0
6.803505257608338,13,11.316305758236654,0,41,2,1,0,1,1,1,10.712215345197256,2,0,10.207694828570066,40-49,2.0,82149.298597,27110.00000000001,44899.99999999997,164298.597194,0
10.819798284210286,12,10.95586961402582,1,76,3,1,0,1,3,0,0.0,5,0,13.574077009751475,65+,8.0,57288.326653000004,785499.9999999983,0.0,458306.61322400003,1
5.081404364984463,9,10.569104881654322,0,45,2,0,1,2,1,0,8.853808274977197,5,0,5.081404364984463,40-49,2.0,38912.825651000036,160.00000000000003,6999.999999999998,77825.65130200007,0
9.90353755128617,13,10.204473075038807,0,29,2,0,0,2,1,0,0.0,3,0,10.791399385808589,Under 30,0.25,27022.79559099997,48600.0000000001,0.0,6755.698897749992,1
9.781376414141157,9,12.4908955417554,1,62,3,0,0,1,2,0,12.934830666099812,5,0,13.774585433126273,60-64,6.0,265904.3086200002,959900.0000000021,414499.99999999994,1595425.851720001,0
7.313886831633462,4,10.792243293398966,0,73,2,0,0,2,3,0,8.922791623969637,4,0,7.901377353792616,65+,8.0,48641.03206399999,2700.0000000000005,7500.0000000000055,389128.25651199993,0
11.552155793461898,12,11.92720927582913,1,50,2,1,2,1,1,0,0.0,1,0,13.572165574841936,50-59,4.0,151327.65530999997,784000.0000000002,0.0,605310.6212399999,1
9.012011377036412,9,12.060739842420068,1,65,2,0,0,1,1,0,12.866699217025852,1,0,13.960650188532403,65+,8.0,172945.89178,1156199.9999999981,387200.0,1383567.13424,0
7.696667081526462,12,11.789588872889585,1,47,1,0,0,2,1,0,12.749852272189257,2,0,11.10045084755119,40-49,2.0,131871.2424800002,66200.00000000001,344499.9999999999,263742.4849600004,0
12.647551406590283,12,12.222007128890564,0,67,3,1,0,1,3,0,10.085850775128716,1,0,15.82372472458392,65+,8.0,203211.4228499997,7449999.9999999935,23999.999999999945,1625691.3827999977,1
12.16034802776822,10,12.298770781461648,1,43,1,0,0,1,2,0,0.0,3,0,13.359111564557583,40-49,2.0,219425.10020000007,633559.9999999992,0.0,438850.20040000015,1
16.34499223084216,12,13.73666279604693,1,69,3,0,0,1,3,0,0.0,1,0,18.118561637230037,65+,8.0,924179.6092200008,73924999.99999991,0.0,7393436.873760006,1
7.824445930877619,12,12.283882237332367,1,54,1,0,3,1,2,0,12.506180941677355,4,0,7.824445930877619,50-59,4.0,216182.3647299995,2500.0000000000005,269999.9999999996,864729.458919998,0
12.914110901635024,14,12.972014574830803,0,79,3,1,0,2,2,0,0.0,2,0,16.077898565308505,65+,8.0,430202.9058099991,9606000.000000006,0.0,3441623.2464799928,1
10.448743588106623,9,10.929099846555143,1,74,3,0,0,2,3,0,11.686887175419702,5,0,11.715874472198903,65+,8.0,55775.050099999935,122499.99999999974,118999.99999999993,446200.4007999995,0
6.19644412779452,8,11.175229004346514,0,20,2,0,1,1,1,0,8.577535420422398,3,1,6.19644412779452,Under 30,0.25,71340.18036100005,489.9999999999999,5309.999999999995,17835.045090250012,0
14.011900193662012,13,14.797534049239529,1,74,3,1,0,2,3,0,0.0,4,0,17.0257088819874,65+,8.0,2669852.2043999988,24784000.00000001,0.0,21358817.63519999,1
10.106469212026385,12,11.83759773667864,1,52,3,0,2,1,2,0,13.107657778162633,2,0,14.251505517728456,50-59,4.0,138356.7134300002,1546500.0,492700.0000000007,553426.8537200008,1
11.225256725762891,12,12.849194048905238,1,45,3,1,2,1,1,0,12.206077645517674,4,0,13.527829818844936,40-49,2.0,380480.96192000003,749999.9999999984,199999.99999999997,760961.9238400001,0
8.412054873292933,4,10.623170750425082,0,82,2,1,0,1,3,0,9.394410399304254,2,1,8.517393171418904,65+,8.0,41074.649299000004,5000.000000000003,12020.0,328597.19439200003,0
6.621405651764134,9,9.6246836542707,1,85,3,1,0,2,3,0,8.294299608857235,4,0,6.621405651764134,65+,8.0,15132.765531000001,749.9999999999998,4000.0000000000014,121062.12424800001,0
12.63850744650922,13,15.436613831666566,1,65,3,0,0,1,2,0,14.212271897937022,2,0,15.606970148899997,65+,8.0,5058667.334699996,5998200.000000011,1486999.9999999995,40469338.67759997,0
12.185875040240456,13,12.2378385168098,1,62,3,1,1,1,1,0,12.502470376049184,5,0,15.132723025777748,60-64,6.0,206454.1583200005,3733000.0000000093,268999.99999999953,1238724.949920003,1
8.895766604056085,8,10.596503161315889,0,26,2,0,1,1,2,1,4.795790545596741,2,0,9.332646496360152,Under 30,0.25,39993.7374750001,11300.00000000001,120.00000000000003,9998.434368750026,1
9.846970109700957,12,12.453624289743354,1,59,3,0,1,1,2,0,10.077482875583607,5,0,13.526362077528328,50-59,4.0,256176.1022000001,748899.9999999995,23799.999999999996,1024704.4088000004,0
5.71042701737487,8,10.076644749570695,1,82,2,0,0,2,3,0,8.527341522468053,5,0,6.156978985585555,65+,8.0,23780.060119999976,470.99999999999983,5050.0,190240.4809599998,0
10.05195066017375,8,10.785106925081122,1,74,2,1,0,1,3,0,0.0,3,0,12.746071560344612,65+,8.0,48295.140281000036,343199.9999999997,0.0,386361.1222480003,0
9.717218213494077,9,11.883406949070103,1,40,3,0,0,1,1,0,12.614868865984633,3,0,13.436591465784137,40-49,2.0,144842.18437000012,684599.9999999994,301000.00000000076,289684.36874000024,1
14.805795341217712,13,16.011977890073794,1,56,3,1,2,1,2,0,12.985399815906522,5,0,17.43259861228985,50-59,4.0,8993186.3727,37229000.00000005,435999.99999999965,35972745.4908,1
11.302216779257382,12,12.84349604282837,1,71,1,1,0,1,2,0,12.128116509451258,3,0,13.893398021690295,65+,8.0,378319.1382800003,1080999.9999999974,185000.00000000006,3026553.1062400024,0
3.9318256327243257,1,10.87739942351305,1,63,2,0,0,1,4,0,12.843973993864076,1,0,3.9318256327243257,60-64,6.0,52964.67935899999,50.0,378499.99999999965,317788.0761539999,0
11.864293351358109,12,11.797752121925637,1,39,3,1,2,1,2,0,14.603968372873895,2,0,14.4382894573091,30-39,0.75,132952.15431000016,1864100.0,2199999.9999999995,99714.11573250013,1
8.281723990411392,11,10.74678187553037,0,51,0,0,1,2,4,0,0.0,2,0,8.281723990411392,50-59,4.0,46479.20841700003,3950.000000000003,0.0,185916.83366800012,0
5.351858133476067,11,10.623170750425082,0,42,2,0,1,2,1,0,9.90353755128617,5,0,5.351858133476067,40-49,2.0,41074.649299000004,210.00000000000003,20000.000000000015,82149.29859800001,0
7.696667081526462,13,10.699154876036824,1,71,3,1,0,2,3,0,11.19822841866684,5,0,10.060534035475412,65+,8.0,44317.38476999999,23399.999999999993,73000.00000000003,354539.0781599999,0
9.261128538808288,12,11.94139381776646,0,32,3,0,0,1,1,0,11.331415578682629,3,0,12.313001430810091,30-39,0.75,153489.47896000024,222569.99999999983,83400.00000000009,115117.10922000019,1
6.8885724595653635,12,10.95586961402582,0,57,2,0,0,2,1,0,9.409273194575334,5,0,10.470532816298428,50-59,4.0,57288.326653000004,35260.000000000065,12200.0,229153.30661200001,0
8.38958706681109,12,10.64914561257346,1,72,1,0,0,1,3,0,6.55250788703459,4,0,12.124868013083418,65+,8.0,42155.561122000014,184399.9999999999,700.0,337244.4889760001,0
7.696667081526462,13,10.792243293398966,0,41,3,0,2,2,1,0,11.264476926102368,4,0,8.343077871169383,40-49,2.0,48641.03206399999,4200.000000000004,78000.00000000009,97282.06412799998,0
15.97929336296756,12,15.792433650098726,1,53,0,1,0,1,2,0,0.0,1,0,16.295739701925207,50-59,4.0,7220490.982000004,11944000.000000019,0.0,28881963.928000014,0
8.853808274977197,10,10.121094683881877,0,38,2,0,0,2,2,0,9.239996256883693,5,0,9.99884318585288,30-39,0.75,24860.97194400006,21999.999999999993,10299.999999999993,18645.728958000043,1
6.90875477931522,12,11.392290774522229,0,31,1,0,0,2,1,0,0.0,5,0,10.714439990727769,30-39,0.75,88634.76953900007,44999.999999999985,0.0,66476.07715425006,0
5.707110264748875,9,9.818828007928497,0,66,2,0,0,2,3,0,8.006700845440367,4,0,8.895766604056085,65+,8.0,18375.50100200004,7299.999999999996,2999.9999999999995,147004.00801600033,0
12.323860125621126,12,12.989449596486995,1,44,3,1,3,1,2,0,13.049794835104816,1,0,12.779875885354992,40-49,2.0,437769.2885799993,354999.99999999924,465000.00000000023,875538.5771599986,0
8.517393171418904,10,11.485380194730258,1,38,2,0,1,1,1,0,10.410335274932896,5,0,10.34177474101152,30-39,0.75,97282.06412800006,31000.000000000015,33200.00000000003,72961.54809600004,0
12.150036542839864,11,13.116788745738386,1,56,3,0,0,1,3,1,13.694473358254752,5,0,15.111634284163154,50-59,4.0,497219.4388800003,3655099.999999999,885999.9999999999,1988877.7555200013,1
9.105090961257083,9,10.451325058234776,0,66,2,1,0,2,1,0,7.550135342488429,4,0,10.799595985047786,65+,8.0,34589.17835700002,49000.00000000002,1899.9999999999993,276713.42685600015,0
6.2166061010848646,7,10.936821754744528,0,74,0,0,1,1,3,0,0.0,1,0,6.68586094706836,65+,8.0,56207.41482999999,800.0000000000003,0.0,449659.3186399999,0
7.635786861395585,10,9.875983398597374,1,71,1,1,0,2,3,0,11.636831936290152,4,1,7.635786861395585,65+,8.0,19456.412826000007,2070.000000000001,113189.99999999996,155651.30260800006,0
5.303304908059076,6,8.46737502407256,1,58,2,0,0,2,4,0,0.0,5,0,5.303304908059076,50-59,4.0,4756.012023999999,200.0,0.0,19024.048095999995,0
12.456485000398509,9,11.30306069379871,1,64,1,1,0,1,3,0,10.138994362833737,2,0,13.496559328113763,60-64,6.0,81068.38677399996,726909.9999999987,25310.000000000007,486410.32064399973,1
11.225256725762891,13,14.406139704462902,1,72,3,0,0,2,3,0,0.0,5,0,16.25043892555006,65+,8.0,1805122.7454999993,11415000.000000019,0.0,14440981.963999994,0
13.815511557963774,12,13.471569993863428,1,73,3,1,0,1,2,0,0.0,4,0,15.093663039015954,65+,8.0,708970.0651300006,3589999.999999998,0.0,5671760.521040005,0
7.696667081526462,10,9.930047914868677,0,36,2,1,1,2,3,0,0.0,3,0,11.636920278634465,30-39,0.75,20537.32464900002,113200.00000000029,0.0,15402.993486750016,1
5.25227342804663,12,11.219680157476482,1,65,2,1,0,2,1,0,10.576457535657257,4,0,5.25227342804663,65+,8.0,74582.91583199994,190.0,39200.00000000004,596663.3266559995,0
7.972810784121404,8,12.888196106172224,1,67,2,1,0,1,3,0,9.781376414141157,4,0,14.91592156130812,65+,8.0,395613.72745000006,3005400.000000005,17700.000000000007,3164909.8196000005,0
3.713572066704308,9,10.723251890363157,0,58,2,0,2,2,1,0,8.802522498284421,5,1,3.713572066704308,50-59,4.0,45398.29659299996,40.00000000000001,6650.000000000002,181593.18637199985,0
6.398594934535208,5,9.930047914868677,1,60,1,0,0,1,3,0,10.62135173563291,1,1,6.398594934535208,60-64,6.0,20537.32464900002,600.0,40999.99999999999,123223.94789400013,0
9.883335864325277,12,10.835727530509162,0,26,1,1,0,1,1,0,9.63174444388585,2,0,9.883335864325277,Under 30,0.25,50802.85571100001,19600.000000000036,15240.00000000001,12700.713927750003,1
12.810391344620207,12,14.298781248939571,1,55,3,1,0,1,3,0,12.611541086966117,4,0,17.576152401573903,50-59,4.0,1621367.735499997,42976000.00000006,300000.0000000003,6485470.941999988,1
12.676079399771028,13,14.38495889425808,1,75,3,1,0,1,2,0,12.95039048795861,1,0,15.78122347437178,65+,8.0,1767290.8316999995,7140000.000000001,420999.9999999998,14138326.653599996,0
9.332646496360152,10,10.723251890363157,1,76,1,0,0,1,3,0,11.775297421715829,4,0,10.628641991731053,65+,8.0,45398.29659299996,41300.0,130000.00000000032,363186.3727439997,0
5.707110264748875,5,10.511947979456522,0,42,3,0,2,1,1,0,10.354595018522993,5,1,5.707110264748875,40-49,2.0,36751.00200399998,299.9999999999999,31399.999999999975,73502.00400799996,0
7.965892735084528,10,9.98133877479715,0,20,3,0,0,2,1,0,8.981052985901483,4,1,7.965892735084528,Under 30,0.25,21618.236473000004,2879.9999999999977,7949.999999999997,5404.559118250001,0
10.839600519357369,8,12.351540583185312,0,87,2,1,0,2,3,0,0.0,5,0,15.498384974310603,65+,8.0,231315.13026000018,5381000.000000004,0.0,1850521.0420800014,1
12.847929163278051,14,12.028991330674025,1,92,3,1,0,1,3,0,0.0,2,0,13.74304846138319,65+,8.0,167541.33267,930099.9999999997,0.0,1340330.66136,0
4.948759890378168,8,9.550580764956187,0,68,2,0,0,2,3,0,0.0,5,0,4.948759890378168,65+,8.0,14051.853706999998,140.00000000000003,0.0,112414.82965599999,0
15.377647406967904,14,13.235537273321356,1,68,3,1,0,1,3,0,14.72376952136689,4,0,16.398753184001833,65+,8.0,559912.3246499986,13239999.999999989,2480000.0,4479298.597199989,1
13.948292544854452,12,13.744816588981047,1,51,3,1,2,1,2,0,12.765691290604371,5,0,15.327997164683293,50-59,4.0,931745.9919799991,4538000.000000001,349999.9999999997,3726983.9679199965,1
3.044522437723423,8,10.204473075038807,0,45,0,0,2,2,1,0,5.707110264748875,5,0,3.044522437723423,40-49,2.0,27022.79559099997,20.0,299.9999999999999,54045.59118199994,0
17.63062613065852,14,15.706510424925764,1,70,3,1,0,1,2,1,0.0,2,0,18.792671802096415,65+,8.0,6625989.479000003,145061999.9999996,0.0,53007915.832000025,1
12.194258128160552,12,12.90714114498904,1,65,3,1,0,1,2,0,11.141876276228,5,0,15.981112708583211,65+,8.0,403180.1102200007,8719849.999999993,68999.99999999997,3225440.8817600054,1
12.676079399771028,12,14.236905884543395,1,84,3,1,0,1,3,0,0.0,2,0,17.227318151719974,65+,8.0,1524085.671299997,30319999.99999997,0.0,12192685.370399976,1
8.897135342293316,12,11.639529406064158,1,66,3,1,0,1,3,0,10.12667110305036,5,0,13.534884863944992,65+,8.0,113495.74147999997,755309.9999999995,25000.000000000004,907965.9318399997,0
13.367661298303677,13,13.43445110305806,1,59,3,1,0,2,1,0,13.451668563394817,2,0,15.503574975730604,50-59,4.0,683136.2725499982,5409000.000000003,695000.0000000013,2732545.090199993,1
11.60824473564232,8,12.695990325827466,1,46,2,1,3,1,2,1,13.208542908506082,4,0,15.38620784998213,40-49,2.0,326435.3707399998,4809999.999999998,544999.9999999997,652870.7414799996,1
14.085538458535822,14,14.964899457176823,1,79,0,1,0,1,2,0,0.0,4,0,16.816230422780546,65+,8.0,3156262.5250999993,20099999.999999978,0.0,25250100.200799994,0
6.90875477931522,8,11.28963784015293,0,44,2,0,1,2,1,1,8.412054873292933,4,0,8.699681400989514,40-49,2.0,79987.47494999996,6000.000000000005,4499.999999999999,159974.94989999992,0
19.11484241474303,9,18.67311106796775,1,84,3,1,0,1,3,1,0.0,5,0,21.41361059488569,65+,8.0,128714979.95999993,1994403000.0000045,0.0,1029719839.6799995,1
7.313886831633462,8,10.596503161315889,0,44,1,0,2,2,1,0,10.345959386273387,1,1,7.313886831633462,40-49,2.0,39993.7374750001,1499.9999999999998,31129.99999999997,79987.4749500002,0
11.686887175419702,14,11.805849271474132,0,30,3,1,0,2,1,0,11.705205603408396,4,0,11.837910547573127,30-39,0.75,134033.06612999988,138399.99999999977,121200.00000000009,100524.7995974999,1
12.726356399830706,14,12.133060100630724,1,67,3,0,0,2,3,0,0.0,2,0,14.892899550664186,65+,8.0,185916.83366999976,2937000.0000000014,0.0,1487334.669359998,1
5.860786223465865,4,10.030126736355644,1,47,0,0,4,1,1,0,11.159972158567948,2,0,9.920885329712547,40-49,2.0,22699.14829700001,20349.999999999975,70259.99999999996,45398.29659400002,0
10.778977123006351,8,10.316010544117953,1,90,2,1,0,1,3,0,0.0,5,0,11.856522261533735,65+,8.0,30211.485470999996,140999.99999999968,0.0,241691.88376799997,0
0.6931471805599453,7,10.569104881654322,0,28,1,0,0,1,1,0,0.0,4,0,0.6931471805599453,Under 30,0.25,38912.825651000036,1.0,0.0,9728.206412750009,0
11.098182449881282,14,13.025817159065012,1,40,3,0,4,1,1,0,13.159661088928445,2,0,12.713043850558964,40-49,2.0,453982.9659300001,332050.00000000006,519000.00000000093,907965.9318600002,0
12.216027926866138,9,11.175229004346514,1,65,3,1,0,2,3,0,0.0,4,0,14.07092844442182,65+,8.0,71340.18036100005,1291000.0000000033,0.0,570721.4428880004,1
11.565527402710426,14,11.875916329276292,1,64,3,0,2,1,2,0,12.701381504556094,1,0,12.894209796826232,60-64,6.0,143761.27255000002,397999.99999999977,328200.0000000001,862567.6353000002,0
0.0,7,9.875983398597374,0,22,1,0,3,2,4,0,0.0,2,0,0.0,Under 30,0.25,19456.412826000007,0.0,0.0,4864.103206500002,0
11.002116507732016,12,9.875983398597374,1,60,2,1,0,2,3,0,0.0,1,0,11.80560254159177,60-64,6.0,19456.412826000007,133999.9999999999,0.0,116738.47695600004,1
17.136974775705948,12,18.329498860634676,1,79,3,1,0,1,2,0,11.23850177707664,5,0,18.62163497103381,65+,8.0,91285165.33099988,122256880.00000003,76000.0,730281322.647999,0
5.303304908059076,4,9.16041709112295,0,64,1,0,0,2,3,0,0.0,5,0,5.303304908059076,60-64,6.0,9512.024048099993,200.0,0.0,57072.14428859996,0
3.970291913552122,7,9.69367212060944,1,37,2,0,2,2,3,0,11.552155793461898,4,0,3.970291913552122,30-39,0.75,16213.677355,52.00000000000001,104000.00000000003,12160.25801625,0
10.714439990727769,12,11.028627743384128,1,75,3,1,0,1,3,0,0.0,2,0,11.898194668458824,65+,8.0,61611.973947999984,147000.00000000015,0.0,492895.7915839999,0
9.305741456739437,14,12.823293389443144,1,79,3,0,0,2,3,0,10.275085591132717,5,0,16.953219753795878,65+,8.0,370752.75551000005,23050999.999999963,29000.000000000047,2966022.0440800004,1
7.783640596221253,8,11.507358877993518,1,79,2,0,0,1,3,0,10.638280388314705,4,0,8.682877107057168,65+,8.0,99443.88777600005,5899.999999999995,41699.99999999998,795551.1022080004,0
4.61512051684126,14,10.31779779558084,0,52,2,0,2,2,1,1,4.61512051684126,5,0,4.61512051684126,50-59,4.0,30265.531061999973,100.00000000000003,100.00000000000003,121062.12424799989,0
15.086871226441708,13,18.27489081845052,1,72,3,1,0,1,2,0,0.0,4,0,18.58839362002635,65+,8.0,86433924.97499992,118259700.0000001,0.0,691471399.7999994,0
8.748463629942055,8,10.792243293398966,0,65,2,1,0,2,1,0,8.006700845440367,3,0,11.574029971623514,65+,8.0,48641.03206399999,106299.99999999996,2999.9999999999995,389128.25651199993,0
7.912423121473705,9,9.930047914868677,0,37,2,0,0,2,1,0,0.0,4,0,9.451795243061646,30-39,0.75,20537.32464900002,12730.00000000001,0.0,15402.993486750016,0
8.556606193773073,4,10.451325058234776,1,56,2,0,1,2,1,0,12.210318618614965,4,0,8.556606193773073,50-59,4.0,34589.17835700002,5200.000000000001,200850.0000000001,138356.71342800008,0
5.968707559985366,10,11.079920226254767,0,45,3,0,1,1,3,0,0.0,5,0,5.968707559985366,40-49,2.0,64854.70941899998,390.0,0.0,129709.41883799995,0
4.875197323201151,12,9.550580764956187,0,32,1,0,0,2,1,0,10.102379394048045,5,1,4.875197323201151,30-39,0.75,14051.853706999998,129.99999999999994,24399.99999999998,10538.890280249998,0
10.839992591660524,12,12.738135820860624,0,30,3,1,0,1,1,0,10.203629181337648,1,0,12.58115070849832,30-39,0.75,340487.2244499994,291020.0000000006,26999.999999999978,255365.41833749955,1
10.308985993422082,12,11.1514643288079,1,93,2,0,0,2,3,0,0.0,3,0,12.323860125621126,65+,8.0,69664.76703400005,225000.00000000015,0.0,557318.1362720004,0
6.2166061010848646,9,8.931602548935768,0,37,1,0,3,2,1,0,9.61587214452889,5,1,6.2166061010848646,30-39,0.75,7566.382765499997,499.9999999999999,14999.99999999999,5674.787074124997,0
12.95039048795861,12,16.58394831385142,1,92,2,1,2,1,1,0,15.82372472458392,2,0,18.19529719822284,65+,8.0,15933721.192000026,79820999.99999991,7449999.9999999935,127469769.5360002,0
13.351888125506433,12,14.64473204910927,1,66,3,1,0,1,3,0,0.0,5,0,15.025366323688704,65+,8.0,2291533.0660999995,3353000.0000000047,0.0,18332264.528799996,0
12.175618592671356,12,15.03114882239864,1,51,2,1,1,1,2,0,0.0,5,0,15.225033289463235,50-59,4.0,3372444.889800002,4094000.0000000033,0.0,13489779.559200007,0
8.77971129020447,12,13.646136579473488,1,56,3,1,0,1,1,1,0.0,2,0,15.426048065621895,50-59,4.0,844192.1342699997,5005499.99999999,0.0,3376768.5370799988,1
7.186144304522325,13,11.046019206267973,0,35,2,0,0,2,1,1,11.85211543378091,1,0,7.186144304522325,30-39,0.75,62692.88577200012,1319.9999999999998,140379.99999999997,47019.66432900009,0
11.634886427589382,12,12.009446852348589,0,36,3,0,1,1,1,0,11.99966943946974,5,0,12.578225683356768,30-39,0.75,164298.59719000035,290169.9999999998,162699.99999999985,123223.94789250026,1
10.985309671896765,10,12.016004213152664,1,60,2,1,1,1,1,0,12.319405795112926,2,0,13.75257182315256,60-64,6.0,165379.50901999997,939000.0000000016,224000.0,992277.0541199998,0
14.880566407812204,12,14.663424174063584,1,72,3,1,0,1,2,0,0.0,4,0,16.563806651671893,65+,8.0,2334769.539100001,15615999.999999983,0.0,18678156.31280001,0
8.936035096566041,8,10.835727530509162,0,41,2,0,2,2,2,0,8.699681400989514,2,0,8.936035096566041,40-49,2.0,50802.85571100001,7600.000000000004,6000.000000000005,101605.71142200002,0
10.440010162389305,8,12.370059551652831,1,47,3,0,3,1,1,0,12.056417678159836,4,0,13.104608691643616,40-49,2.0,235638.7775599998,491199.9999999998,172200.00000000012,471277.5551199996,1
10.87806606028079,13,12.002846208646966,1,62,3,1,0,1,1,0,12.206077645517674,4,0,13.434251602680698,60-64,6.0,163217.68536999988,682999.9999999995,199999.99999999997,979306.1122199993,0
10.184937747111393,12,12.283882237332367,1,25,3,1,0,1,1,0,13.371877742097997,5,0,12.56689248749841,Under 30,0.25,216182.3647299995,286899.9999999998,641699.9999999999,54045.59118249988,1
14.480773049173369,13,12.498992721632195,1,60,3,0,2,1,1,0,12.209571517333051,5,0,15.555099330456027,60-64,6.0,268066.1322599998,5694999.999999989,200699.9999999997,1608396.7935599987,1
9.105090961257083,11,11.20508155522288,1,69,3,1,0,2,3,0,9.852246888342531,5,0,13.448786721172445,65+,8.0,73502.00400800005,693000.0000000016,18999.999999999985,588016.0320640004,1
10.896757843893464,8,12.406099337875917,1,62,3,1,0,1,1,0,13.100528726946786,4,0,13.772604100793789,60-64,6.0,244286.0721399999,957999.9999999998,489200.0000000003,1465716.4328399994,0
13.740788089353964,12,15.212401382831676,1,70,3,1,0,1,3,1,0.0,2,0,18.079260299116548,65+,8.0,4042610.220399996,71075999.99999993,0.0,32340881.763199966,1
12.491255347155263,13,12.753884131943826,1,62,3,0,0,1,3,0,11.790564777297387,4,0,16.002909353357456,60-64,6.0,345891.78357000026,8912000.000000013,131999.9999999999,2075350.7014200017,1
8.38958706681109,10,9.818828007928497,0,35,0,0,0,2,2,0,6.90875477931522,5,0,9.70509758756311,30-39,0.75,18375.50100200004,16400.00000000001,999.9999999999999,13781.62575150003,1
10.373522431293592,10,12.753884131943826,1,58,3,1,1,1,1,0,13.17628511440807,3,0,14.339410933423922,50-59,4.0,345891.78357000026,1688599.9999999988,527699.9999999997,1383567.134280001,1
4.394449154672439,9,11.316305758236654,1,44,2,0,2,1,1,0,11.149096419938578,3,0,13.212352150880047,40-49,2.0,82149.298597,547079.999999999,69499.99999999996,164298.597194,1
10.59765920814226,14,14.222619936784795,1,73,3,1,0,1,2,0,13.237834409104792,5,0,16.885491447352628,65+,8.0,1502467.4348999974,21541489.999999966,561199.9999999998,12019739.47919998,1
6.803505257608338,8,9.875983398597374,0,22,2,0,1,1,1,0,10.268165387743457,2,0,6.803505257608338,Under 30,0.25,19456.412826000007,899.9999999999998,28799.999999999985,4864.103206500002,0
9.012011377036412,9,10.80109272755613,1,75,3,0,0,1,3,0,0.0,5,0,12.355358654868867,65+,8.0,49073.39679399997,232199.9999999998,0.0,392587.17435199977,0
12.959846800844964,9,13.559241704127968,1,74,3,1,0,1,2,0,15.575435475730108,2,0,15.904283550911996,65+,8.0,773932.8657300002,8075000.000000004,5812000.0000000065,6191462.925840002,1
13.68767832281738,14,15.77278071494253,1,57,2,1,1,1,2,0,0.0,3,0,15.985478240524792,50-59,4.0,7079972.444899998,8757999.99999998,0.0,28319889.77959999,0
10.955724259582697,14,13.870047844031516,1,65,3,0,2,1,1,0,14.381392955337352,3,1,13.090420595740664,65+,8.0,1056050.8516999993,484279.9999999996,1760999.999999999,8448406.813599994,0
10.308985993422082,1,10.41957729248823,1,74,2,0,1,1,3,0,10.12667110305036,4,0,10.59665973278358,65+,8.0,33508.26653300001,40000.00000000007,25000.000000000004,268066.1322640001,0
9.901535648810883,12,12.066970356293536,1,35,2,1,1,1,1,0,12.52125193058776,5,0,11.771907091687094,30-39,0.75,174026.80361000024,129560.00000000009,274099.99999999953,130520.10270750018,0
9.34583234141334,8,12.672538737500124,0,56,1,0,1,1,1,0,11.91505836075372,1,1,14.253927411269164,50-59,4.0,318868.9879800002,1550249.9999999977,149500.00000000038,1275475.9519200008,1
9.30846476996938,3,10.16365262239305,1,53,2,0,0,2,1,0,11.58330004812049,2,1,9.30846476996938,50-59,4.0,25941.88376800001,11029.999999999978,107289.99999999997,103767.53507200004,0
7.13966033596492,10,10.87739942351305,1,32,3,0,3,1,1,0,11.386466149013488,5,0,7.72356247227797,30-39,0.75,52964.67935899999,2260.0,88120.00000000007,39723.50951924999,0
9.546884034617923,8,11.09644927542817,1,82,2,1,0,1,3,0,0.0,5,0,9.680406499268877,65+,8.0,65935.62124200001,16000.00000000003,0.0,527484.9699360001,0
7.601402334583733,10,10.540934738927314,1,76,1,0,0,2,3,0,10.969077213506518,2,0,7.601402334583733,65+,8.0,37831.91382800001,2000.0,58050.000000000044,302655.3106240001,0
8.160803920954665,6,10.814221753204103,1,77,1,0,1,2,3,0,10.150386692204734,3,1,8.160803920954665,65+,8.0,49721.943887999936,3499.9999999999977,25599.999999999985,397775.5511039995,0
9.99884318585288,10,11.112709551691127,1,42,2,0,2,1,1,0,10.298935994257638,5,0,9.99884318585288,40-49,2.0,67016.53306600003,21999.999999999993,29700.0,134033.06613200007,0
6.7464121285733745,9,9.288237848223762,0,35,1,0,4,2,1,0,10.709985739582528,4,1,6.7464121285733745,30-39,0.75,10809.118235999998,850.0000000000002,44799.999999999985,8106.838676999999,0
10.089593605747774,13,12.115464434225991,1,56,3,1,1,1,1,0,12.285812230343542,3,0,14.858395525937038,50-59,4.0,182674.0982000001,2837389.9999999977,216600.00000000017,730696.3928000004,1
10.315630315397533,10,11.639529406064158,1,57,1,1,1,1,1,0,12.419977652611005,2,0,11.267037714175425,50-59,4.0,113495.74147999997,78199.99999999996,247699.99999999983,453982.9659199999,0
8.575650760987806,9,12.12722921174015,1,60,3,0,2,1,1,0,13.251637470576169,3,0,13.767685977468846,60-64,6.0,184835.92184000014,953299.9999999994,569000.0000000005,1109015.5310400007,0
6.447305862541213,5,10.451325058234776,0,66,2,0,0,1,3,0,6.90875477931522,5,0,6.447305862541213,65+,8.0,34589.17835700002,629.9999999999998,999.9999999999999,276713.42685600015,0
8.853808274977197,12,11.159961747859198,1,31,2,1,0,2,1,0,11.01946485942108,4,0,11.19822841866684,30-39,0.75,70259.268537,73000.00000000003,61049.99999999998,52694.45140275,1
10.714439990727769,13,12.811563081495608,1,66,3,1,0,1,3,0,12.748399843328054,5,0,15.420739826467845,65+,8.0,366429.1082199998,4979000.00000001,343999.99999999977,2931432.8657599986,1
0.0,3,10.076644749570695,0,45,1,0,1,2,4,0,9.798182590890704,1,0,0.0,40-49,2.0,23780.060119999976,0.0,17999.999999999993,47560.12023999995,0
6.2166061010848646,10,11.355019808159389,0,55,2,1,0,1,1,0,10.65728288404746,5,0,12.058158312538197,50-59,4.0,85392.03406799996,172499.99999999985,42499.999999999956,341568.13627199986,0
0.6931471805599453,7,9.875983398597374,0,56,2,0,1,2,2,0,0.0,4,0,0.6931471805599453,50-59,4.0,19456.412826000007,1.0,0.0,77825.65130400003,0
11.6262630788088,9,12.642254344704051,1,75,3,1,0,1,3,0,10.463131911491969,3,0,13.87283656887016,65+,8.0,309356.9639300002,1058999.9999999984,35000.00000000007,2474855.7114400016,0
7.650168700845001,5,11.549918073413814,1,63,2,0,0,1,1,0,12.115606215804869,3,0,12.45332717690471,60-64,6.0,103767.53506999994,256099.9999999998,182700.00000000012,622605.2104199997,0
11.695255355062796,14,13.600394318139118,1,76,2,1,0,1,3,0,9.546884034617923,2,0,15.618869327780311,65+,8.0,806446.6933900004,6069999.999999989,13999.999999999969,6451573.547120003,0
11.595435894542709,9,10.723251890363157,0,74,0,1,0,2,3,0,0.0,4,0,11.595435894542709,65+,8.0,45398.29659299996,108600.0,0.0,363186.3727439997,0
5.771441123130016,10,10.511947979456522,0,72,1,0,0,2,2,0,8.81001204797317,2,1,6.19644412779452,65+,8.0,36751.00200399998,489.9999999999999,6700.0,294008.01603199984,0
9.741027444837728,13,11.485380194730258,0,42,3,1,0,2,4,0,8.45553053102413,2,0,12.117246896289505,40-49,2.0,97282.06412800006,183000.00000000047,4700.000000000002,194564.1282560001,0
4.709530201312334,1,10.121094683881877,0,59,2,0,1,1,3,0,5.602118820879701,1,1,4.709530201312334,50-59,4.0,24860.97194400006,109.99999999999997,270.00000000000006,99443.88777600024,0
14.03945458880924,13,15.143217525341528,1,81,2,1,0,2,2,1,0.0,2,0,16.96615041053933,65+,8.0,3772382.2645000014,23351000.000000034,0.0,30179058.11600001,0
6.3473892096560105,12,10.85678052964002,0,61,2,0,0,1,1,0,10.34177474101152,5,0,6.3473892096560105,60-64,6.0,51883.76753500001,570.0000000000001,31000.000000000015,311302.60521000007,0
9.305741456739437,10,10.792243293398966,0,65,3,1,0,2,1,0,6.878326468291325,2,0,11.856522261533735,65+,8.0,48641.03206399999,140999.99999999968,970.0000000000003,389128.25651199993,0
11.61909465356394,13,13.462534031255684,1,46,3,1,2,1,1,0,13.389333939650964,1,0,14.238292199059575,40-49,2.0,702592.6853699996,1526200.0,653000.0000000001,1405185.3707399992,1
13.457407451830088,13,13.979494069068627,1,52,3,1,2,1,4,0,12.959846800844964,2,0,15.39798849428095,50-59,4.0,1178193.8877999985,4867000.000000004,425000.00000000093,4712775.551199994,1
10.451637862362272,8,10.243692364956797,0,21,1,0,0,1,1,1,7.496097345175956,1,0,10.451637862362272,Under 30,0.25,28103.707415000037,34599.999999999985,1800.0,7025.926853750009,1
12.185875040240456,9,12.72856639808729,1,55,3,0,0,1,2,0,13.161586013632684,4,0,12.601490784782536,50-59,4.0,337244.48898,297000.0000000002,520000.0,1348977.95592,0
7.065613363597717,8,11.549918073413814,1,52,1,0,1,1,1,0,11.803884661779373,2,1,12.51785325170339,50-59,4.0,103767.53506999994,273169.9999999998,133770.00000000035,415070.14027999976,0
10.526775414924009,9,10.16365262239305,1,85,1,0,1,2,3,0,10.819798284210286,5,0,10.664316745782925,65+,8.0,25941.88376800001,42800.00000000002,50000.000000000015,207535.07014400008,0
10.308985993422082,14,13.552233976054756,1,62,2,0,2,1,2,0,14.285514812209817,5,0,16.405527767173645,60-64,6.0,768528.306610002,13330000.00000002,1600000.000000004,4611169.839660011,1
10.59665973278358,9,10.386788464403516,1,68,2,1,0,2,3,0,0.0,3,0,10.59665973278358,65+,8.0,32427.35470899998,40000.00000000007,0.0,259418.83767199985,0
5.638354669333745,9,10.31779779558084,0,27,1,0,1,2,1,0,9.174816815907135,5,0,5.638354669333745,Under 30,0.25,30265.531061999973,279.9999999999999,9649.999999999995,7566.382765499993,0
10.129068131883756,12,12.041811943026104,1,41,3,1,1,1,1,0,12.75130259456002,3,0,14.965785389505989,40-49,2.0,169703.15631000017,3159060.0000000047,344999.9999999997,339406.31262000033,1
7.496097345175956,9,9.101927216896524,0,32,1,0,0,2,4,0,8.45553053102413,4,1,7.496097345175956,30-39,0.75,8971.568136300006,1800.0,4700.000000000002,6728.676102225005,0
10.122663242288953,14,10.511947979456522,1,63,2,1,0,1,3,0,0.0,4,0,15.309515396417908,60-64,6.0,36751.00200399998,4454900.000000002,0.0,220506.01202399988,1
11.571203807011967,12,12.538910936217794,1,76,3,1,0,1,2,0,0.0,3,0,14.889830495593335,65+,8.0,278983.34167999984,2927999.999999999,0.0,2231866.7334399987,1
5.303304908059076,12,8.396772838418745,0,44,2,0,3,1,1,0,0.0,4,0,10.70819846893854,40-49,2.0,4431.738476999996,44720.00000000004,0.0,8863.476953999992,1
11.350418300109132,13,10.814221753204103,1,54,3,0,0,2,2,0,13.614129721522806,2,0,14.067825263578738,50-59,4.0,49721.943887999936,1286999.9999999995,817600.0000000005,198887.77555199974,1
10.518700218288163,13,11.560280761065794,1,68,2,0,0,2,3,0,10.404293143019792,5,0,11.52288569676448,65+,8.0,104848.44688999999,100999.99999999984,32999.99999999999,838787.5751199999,0
8.537191877922927,10,11.234068703381135,1,72,3,1,1,1,3,0,10.59665973278358,5,0,10.67130147767883,65+,8.0,75663.82765499984,43100.00000000004,40000.00000000007,605310.6212399987,0
11.289794413577894,13,11.773059697378924,1,39,2,0,2,2,1,0,11.904974309480185,5,0,11.402005077384883,30-39,0.75,129709.41884000013,89499.99999999987,148000.0000000004,97282.0641300001,0
12.079664394417284,14,13.079132103483216,1,71,3,0,0,1,2,0,13.592368256649284,1,0,16.439182349138534,65+,8.0,478843.93788,13786250.000000019,800000.0000000005,3830751.50304,1
11.060856051960643,7,11.28963784015293,1,74,2,1,0,1,3,0,0.0,5,0,13.560142065917804,65+,8.0,79987.47494999996,774629.999999998,0.0,639899.7995999997,1
10.747229096720554,13,11.316305758236654,0,37,3,1,0,2,1,0,0.0,3,0,12.298200494359104,30-39,0.75,82149.298597,219300.00000000023,0.0,61611.97394775,1
16.21431459952538,13,12.917807886490609,1,53,3,0,1,1,2,0,0.0,4,0,16.478737785181014,50-59,4.0,407503.7575199999,14342500.000000026,0.0,1630015.0300799997,1
9.680406499268877,8,11.639529406064158,1,62,2,1,0,1,3,0,12.031725210748633,1,0,13.073175234051686,60-64,6.0,113495.74147999997,475999.9999999996,167999.9999999999,680974.4488799998,0
0.6931471805599453,9,8.511817646790524,1,56,2,0,0,1,1,0,11.071330462204312,1,0,0.6931471805599453,50-59,4.0,4972.194388799999,1.0,64300.000000000015,19888.777555199995,0
14.523546843628688,13,14.106571090063875,1,72,3,1,0,1,1,0,11.407576060361786,2,0,16.986917387534973,65+,8.0,1337844.5640999982,23840999.999999963,90000.00000000001,10702756.512799986,1
9.349319399257634,12,11.112709551691127,0,68,3,1,0,1,2,0,10.789339695269716,1,0,9.349319399257634,65+,8.0,67016.53306600003,11490.00000000001,48499.99999999998,536132.2645280003,0
9.210440366976515,2,10.674462827538376,1,49,3,0,1,1,1,1,7.438971592395862,2,0,9.210440366976515,40-49,2.0,43236.47294599996,9999.99999999999,1700.0,86472.94589199992,0
11.708006933399451,13,13.21012050630853,1,58,3,1,1,1,1,0,13.77926246220276,2,0,14.311754990977608,50-59,4.0,545860.4709400003,1642540.0,964400.0000000016,2183441.883760001,0
10.933124826700707,12,11.658397725704075,1,29,2,1,2,1,1,0,12.46110626016646,5,0,11.561725152903833,Under 30,0.25,115657.56512999976,104999.99999999997,258099.9999999999,28914.39128249994,1
0.0,8,10.16365262239305,0,44,2,0,0,2,4,0,0.0,1,0,0.0,40-49,2.0,25941.88376800001,0.0,0.0,51883.76753600002,0
12.442333783869854,13,15.79392953647824,1,58,3,1,0,1,2,0,14.53821702620254,2,0,16.678585399735827,50-59,4.0,7231300.100200004,17515299.999999978,2060000.0000000019,28925200.400800016,0
8.764209507142004,12,11.639529406064158,1,32,3,1,0,2,1,0,12.411463546908074,3,0,12.06220804876586,30-39,0.75,113495.74147999997,173200.00000000017,245600.0000000002,85121.80610999998,1
8.476579508530941,8,11.667700038278326,0,29,2,0,0,1,1,0,10.736418414365376,4,1,8.936035096566041,Under 30,0.25,116738.47695000008,7600.000000000004,46000.000000000044,29184.61923750002,0
11.58989576532275,13,12.073162291050108,1,49,3,1,2,1,1,0,13.327751835792448,2,0,13.82347971967645,40-49,2.0,175107.7154300003,1007999.9999999998,613999.9999999997,350215.4308600006,1
10.518700218288163,13,13.489849803556364,1,52,2,0,1,1,1,1,13.190023895035274,1,0,14.13541850392694,50-59,4.0,722049.0982000001,1377000.0,534999.9999999995,2888196.3928000005,0
7.989899374942939,8,11.92720927582913,0,30,2,0,3,1,1,0,10.389026137075234,5,0,10.041116787524166,30-39,0.75,151327.65530999997,22949.999999999996,32499.99999999997,113495.74148249999,0
9.076923258535832,9,10.723251890363157,0,47,3,0,0,2,2,0,10.196194479235656,5,0,11.60596944251322,40-49,2.0,45398.29659299996,109750.00000000015,26800.000000000022,90796.59318599993,1
8.77971129020447,12,11.756252709710797,1,30,3,1,2,1,1,1,12.451529395507468,4,0,11.748005492256809,30-39,0.75,127547.59519000025,126500.00000000028,255640.00000000015,95660.69639250019,1
9.018089684104345,9,10.897601753215405,0,31,1,0,0,2,1,0,8.725994381014571,5,0,10.248884134178171,30-39,0.75,54045.59118200007,28249.99999999995,6160.000000000002,40534.193386500054,0
9.2771575450135,10,12.12722921174015,1,42,2,1,0,1,2,0,12.141539457711714,3,0,13.21965522876356,40-49,2.0,184835.92184000014,551090.0000000002,187500.0,369671.8436800003,1
3.9318256327243257,2,9.6246836542707,0,56,1,0,0,1,1,0,8.987321812850125,5,0,3.9318256327243257,50-59,4.0,15132.765531000001,50.0,8000.0000000000055,60531.062124000004,0
8.45553053102413,8,10.814221753204103,0,52,1,0,1,2,2,0,0.0,4,0,10.1145990076265,50-59,4.0,49721.943887999936,24700.000000000036,0.0,198887.77555199974,0
9.972593750934676,11,11.59073968241829,1,56,3,1,3,1,1,0,11.810515788181904,3,0,12.25786306632991,50-59,4.0,108091.18236000005,210630.00000000003,134660.00000000032,432364.7294400002,0
10.043292972227004,9,11.781358436450864,1,55,3,0,0,1,1,1,12.915341667991576,5,0,13.895246449343736,50-59,4.0,130790.33066000005,1083000.0000000002,406499.9999999999,523161.3226400002,1
7.824445930877619,12,10.386788464403516,0,27,1,0,2,2,4,0,4.61512051684126,2,1,7.824445930877619,Under 30,0.25,32427.35470899998,2500.0000000000005,100.00000000000003,8106.838677249995,0
10.59665973278358,9,11.813881383532228,1,61,3,1,0,1,2,0,10.59665973278358,3,0,11.759793355371237,60-64,6.0,135113.97795999993,127999.99999999997,40000.00000000007,810683.8677599996,0
8.160803920954665,6,10.596503161315889,0,63,0,0,1,2,1,0,9.217415285648144,5,0,8.160803920954665,60-64,6.0,39993.7374750001,3499.9999999999977,10069.999999999995,239962.42485000062,0
4.61512051684126,9,10.674462827538376,1,35,2,0,1,2,1,0,12.06047445534465,5,1,10.36410350510914,30-39,0.75,43236.47294599996,31699.999999999996,172899.9999999999,32427.354709499967,0
9.90353755128617,12,14.178495161915649,1,60,3,1,0,1,2,0,0.0,3,0,16.196906923804047,60-64,6.0,1437612.7255000016,10819999.999999998,0.0,8625676.35300001,1
14.15989498194206,12,15.918828845749816,1,36,3,1,4,1,1,0,14.340239678615058,5,0,16.460153757519098,30-39,0.75,8193311.623199995,14078419.99999999,1690000.0000000007,6144983.717399996,1
8.909370405197466,8,10.451325058234776,0,38,2,1,3,2,1,0,0.0,2,0,11.195484970354173,30-39,0.75,34589.17835700002,72800.00000000004,0.0,25941.883767750012,1
12.847929163278051,12,14.550836006297958,1,54,3,1,1,1,2,0,14.405517533928275,3,0,15.003354285238329,50-59,4.0,2086159.8195999982,3280000.0,1803999.9999999965,8344639.278399993,0
9.952325334619427,8,12.060739842420068,1,37,3,0,0,1,1,0,10.784171831940965,4,0,13.602442329691383,30-39,0.75,172945.89178,808100.0,48249.99999999998,129709.418835,1
11.255462171102444,13,11.549918073413814,1,63,3,0,0,1,2,0,0.0,3,0,13.300176452919564,60-64,6.0,103767.53506999994,597299.9999999991,0.0,622605.2104199997,0
8.389814262086407,9,10.540934738927314,0,26,2,0,0,2,1,0,8.79497643168877,5,0,10.254918772151807,Under 30,0.25,37831.91382800001,28421.00000000002,6599.999999999996,9457.978457000003,1
6.2166061010848646,9,10.596503161315889,0,24,2,0,0,2,1,0,10.981914140544824,2,1,6.364750756851911,Under 30,0.25,39993.7374750001,579.9999999999998,58799.99999999989,9998.434368750026,0
8.699681400989514,14,12.920456888161272,1,61,3,1,0,1,1,0,0.0,5,0,15.25202287300034,60-64,6.0,408584.66934000026,4205999.999999998,0.0,2451508.0160400015,1
9.210440366976515,14,12.60958109112215,1,72,3,1,0,1,3,0,0.0,5,0,15.694364886808298,65+,8.0,299412.5751500002,6545999.999999997,0.0,2395300.601200002,1
11.002116507732016,12,11.890841876391685,0,33,3,1,0,2,1,0,0.0,4,0,13.406038934481533,30-39,0.75,145923.09619000013,663999.9999999997,0.0,109442.3221425001,1
3.044522437723423,7,10.897601753215405,0,34,2,0,3,1,4,0,9.259225769705994,1,0,3.044522437723423,30-39,0.75,54045.59118200007,20.0,10500.000000000005,40534.193386500054,0
13.068542681299782,12,13.016247729239035,1,35,3,1,0,1,1,0,12.449022745701502,4,0,13.796940191123229,30-39,0.75,449659.31863999955,981600.0000000024,255000.0000000001,337244.4889799997,1
8.35490952835879,12,10.64914561257346,0,22,3,1,0,2,1,0,10.110542371500753,4,0,10.498222246109226,Under 30,0.25,42155.561122000014,36250.00000000002,24599.999999999993,10538.890280500003,1
4.564348191467836,10,10.511947979456522,0,49,1,0,0,2,1,0,5.303304908059076,4,0,4.564348191467836,40-49,2.0,36751.00200399998,94.99999999999999,200.0,73502.00400799996,0
9.18008732880516,8,9.69367212060944,0,78,1,1,0,2,3,0,7.273092595999522,5,0,9.18008732880516,65+,8.0,16213.677355,9700.999999999976,1439.9999999999995,129709.41884,0
8.420902531097951,9,11.09644927542817,1,38,2,0,1,2,1,0,11.780667550692456,5,0,11.68250788914914,30-39,0.75,65935.62124200001,118479.99999999984,130700.00000000022,49451.7159315,1
0.0,2,9.288237848223762,0,40,2,0,1,1,1,0,8.748463629942055,4,0,0.0,40-49,2.0,10809.118235999998,0.0,6299.999999999997,21618.236471999997,0
8.006700845440367,11,10.35288797609956,1,28,3,0,0,2,1,0,11.31448672129398,1,1,8.071218539969863,Under 30,0.25,31346.442886000004,3199.9999999999986,81999.99999999985,7836.610721500001,0
13.25339339419516,12,12.620353152316724,1,49,3,0,0,1,1,0,0.0,5,0,16.019159013497937,40-49,2.0,302655.3106200002,9058000.000000002,0.0,605310.6212400004,1
7.1316985104669115,8,11.128709656194046,1,43,3,1,2,1,1,0,12.101828173530544,4,0,10.054103420843257,40-49,2.0,68097.44488999996,23250.000000000047,180200.0,136194.8897799999,0
11.795853756086933,14,11.518169685974078,1,74,3,1,1,1,3,0,0.0,1,0,13.880081266083838,65+,8.0,100524.79959999991,1066699.9999999993,0.0,804198.3967999993,1
10.367253014814716,12,11.367598443988374,1,54,2,0,3,1,1,0,10.851296331126829,2,0,11.063524143191238,50-59,4.0,86472.94589200003,63800.00000000005,51600.00000000001,345891.78356800013,0
11.51293546492023,12,13.620194818630864,1,75,3,1,0,1,3,0,8.94910546953925,1,0,15.096444681204078,65+,8.0,822573.8978000002,3600000.0000000014,7699.999999999995,6580591.182400001,0
9.11063052782717,12,11.451478997511789,1,35,3,0,2,1,1,0,12.705031132543777,2,0,11.440903008922913,30-39,0.75,94039.3286570002,93050.00000000001,329400.0,70529.49649275014,1
10.060534035475412,13,11.667700038278326,1,58,2,0,1,1,1,0,9.798182590890704,4,0,12.729027412930751,50-59,4.0,116738.47695000008,337400.0000000001,17999.999999999993,466953.90780000034,0
11.314364764125187,12,12.936205206883146,1,39,3,1,2,1,1,0,13.455216214752376,4,0,13.585079265456931,30-39,0.75,415070.1402799997,794189.9999999994,697470.0,311302.6052099998,1
7.824445930877619,8,11.276032359350232,1,62,1,0,0,1,2,0,0.0,3,0,11.270866642542863,60-64,6.0,78906.56312599996,78499.9999999999,0.0,473439.3787559998,0
10.085850775128716,10,11.560280761065794,1,61,3,1,1,1,1,0,9.546884034617923,5,0,12.65746986922113,60-64,6.0,104848.44688999999,314100.0000000003,13999.999999999969,629090.6813399999,0
7.783640596221253,9,10.281431375093115,0,27,1,0,2,2,1,0,7.8636512654486515,1,0,7.783640596221253,Under 30,0.25,29184.61923800001,2399.999999999999,2599.9999999999995,7296.154809500003,0
8.205491613120236,8,11.276032359350232,0,25,1,0,2,1,1,0,9.39274525863144,4,1,8.205491613120236,Under 30,0.25,78906.56312599996,3659.9999999999986,11999.999999999978,19726.64078149999,0
7.0909098220799835,9,10.451325058234776,0,32,3,0,0,2,1,0,5.5254529391317835,2,1,7.0909098220799835,30-39,0.75,34589.17835700002,1200.0,249.9999999999999,25941.883767750012,0
10.165890277802454,12,10.540934738927314,0,31,3,1,0,2,1,0,12.685410698175234,4,0,12.240478903153711,30-39,0.75,37831.91382800001,206999.99999999994,323000.0000000003,28373.935371000007,1
11.467624705740064,10,11.329377681719818,1,62,3,1,0,1,1,0,11.156264806643742,5,0,14.616871130856742,60-64,6.0,83230.21042100004,2228570.0000000014,70000.00000000001,499381.26252600027,1
7.650168700845001,7,11.010928456106528,0,41,1,0,3,1,1,0,0.0,5,0,7.650168700845001,40-49,2.0,60531.06212399997,2100.0000000000005,0.0,121062.12424799993,0
8.699681400989514,8,10.74678187553037,0,38,2,0,1,1,1,0,9.680406499268877,1,1,8.699681400989514,30-39,0.75,46479.20841700003,6000.000000000005,16000.00000000003,34859.40631275003,0
11.83065893676428,9,11.59073968241829,0,40,2,1,1,1,4,0,10.165890277802454,3,0,13.323508324027982,40-49,2.0,108091.18236000005,611400.0,25999.999999999985,216182.3647200001,1
6.2166061010848646,11,10.076644749570695,0,61,2,1,0,2,1,0,7.378383712996715,5,0,9.966509298952284,60-64,6.0,23780.060119999976,21299.999999999985,1600.0000000000011,142680.36071999985,0
0.6931471805599453,12,10.16365262239305,1,33,3,0,1,2,4,0,12.227790105031126,5,0,0.6931471805599453,30-39,0.75,25941.88376800001,1.0,204390.00000000012,19456.412826000007,0
9.39274525863144,12,11.496429917961311,1,31,1,0,0,2,1,0,8.006700845440367,3,0,11.711784520403112,30-39,0.75,98362.9759519998,122000.00000000003,2999.9999999999995,73772.23196399986,1
11.691916481667729,12,11.762167340652551,1,76,2,1,0,1,3,0,0.0,3,0,13.527296343950283,65+,8.0,128304.23347000008,749599.9999999997,0.0,1026433.8677600006,0
7.313886831633462,8,10.95586961402582,0,25,1,0,1,1,1,0,6.90875477931522,2,0,7.313886831633462,Under 30,0.25,57288.326653000004,1499.9999999999998,999.9999999999999,14322.081663250001,0
8.853808274977197,12,9.182887610990472,0,27,2,0,0,2,2,0,0.0,4,0,8.853808274977197,Under 30,0.25,9728.206412799984,6999.999999999998,0.0,2432.051603199996,1
8.612685172875459,12,11.781358436450864,1,64,3,0,1,1,1,0,11.849404844423074,4,0,11.56647571052632,60-64,6.0,130790.33066000005,105499.99999999974,139999.9999999999,784741.9839600003,0
8.497194544909547,8,11.462907572501242,1,90,2,1,0,1,3,0,10.807725945886109,2,1,12.627742412734824,65+,8.0,95120.24048100002,304899.99999999965,49400.0,760961.9238480001,0
10.757924157061597,13,11.620298215285262,1,68,3,1,1,1,1,0,9.472781556562168,4,0,14.314891540951937,65+,8.0,111333.91784000008,1647700.0000000019,12999.999999999995,890671.3427200007,1
10.428245666832275,13,9.6246836542707,0,23,3,1,0,2,1,0,0.0,4,0,11.550230883578887,Under 30,0.25,15132.765531000001,103799.99999999999,0.0,3783.1913827500002,1
12.53430027429669,14,13.02343337297487,1,43,3,1,5,1,1,0,11.918397239722838,5,0,14.19374217819071,40-49,2.0,452902.05411000014,1459700.000000001,150000.00000000006,905804.1082200003,1
7.745435610274381,9,10.974561423798535,0,50,2,0,2,2,1,0,10.567746456002288,2,0,7.745435610274381,50-59,4.0,58369.23847699994,2310.0000000000005,38859.99999999998,233476.95390799976,0
13.764534055498126,14,14.61115576850123,1,63,2,1,1,1,2,1,14.845130332288226,1,0,16.965991946533176,60-64,6.0,2215869.2385,23347299.999999993,2800000.000000002,13295215.431,1
6.398594934535208,8,10.204473075038807,0,49,2,1,2,2,1,0,0.0,4,0,6.398594934535208,40-49,2.0,27022.79559099997,600.0,0.0,54045.59118199994,0
14.92736840232972,14,16.079928544684726,1,69,3,1,0,1,2,0,14.917450968950916,5,0,18.422239538400785,65+,8.0,9625519.789600004,100156000.00000016,3009999.9999999986,77004158.31680003,1
6.111467339502679,9,10.076644749570695,0,59,2,0,0,2,3,0,6.90875477931522,5,0,6.111467339502679,50-59,4.0,23780.060119999976,450.0000000000001,999.9999999999999,95120.2404799999,0
6.734591659972948,8,9.288237848223762,1,55,1,0,0,2,3,1,0.0,2,0,6.734591659972948,50-59,4.0,10809.118235999998,840.0000000000002,0.0,43236.472943999994,0
9.39274525863144,9,10.386788464403516,0,42,1,0,0,2,1,0,7.601402334583733,5,1,9.39274525863144,40-49,2.0,32427.35470899998,11999.999999999978,2000.0,64854.70941799996,0
6.2166061010848646,8,11.028627743384128,0,49,3,0,0,2,1,0,6.85751406254539,1,1,6.2166061010848646,40-49,2.0,61611.973947999984,499.9999999999999,950.0,123223.94789599997,0
6.90875477931522,8,11.028627743384128,1,69,3,1,0,1,3,0,12.59473402514672,3,0,13.88596995357885,65+,8.0,61611.973947999984,1073000.0000000005,294999.9999999998,492895.7915839999,1
6.19644412779452,8,9.818828007928497,0,57,2,0,1,2,3,0,8.125926802707886,4,0,10.150386692204734,50-59,4.0,18375.50100200004,25599.999999999985,3379.999999999999,73502.00400800016,0
6.90875477931522,9,9.470543987306163,0,67,2,1,0,2,3,0,0.0,5,0,6.90875477931522,65+,8.0,12970.941883999983,999.9999999999999,0.0,103767.53507199987,0
7.473637108496206,9,10.99291025098136,1,35,3,0,1,1,4,0,12.121608929585332,5,1,8.982309899088579,30-39,0.75,59450.15030100008,7960.000000000003,183799.99999999985,44587.61272575006,0
6.90875477931522,8,10.540934738927314,1,49,3,0,3,1,1,0,11.740308019003738,3,1,6.90875477931522,40-49,2.0,37831.91382800001,999.9999999999999,125530.00000000006,75663.82765600002,0
7.244941546337007,8,10.91740401772286,0,40,2,1,0,2,1,0,0.0,2,0,7.244941546337007,40-49,2.0,55126.503006,1399.9999999999995,0.0,110253.006012,0
9.741027444837728,12,11.234068703381135,0,57,3,0,1,1,1,0,11.860062063178267,4,0,9.741027444837728,50-59,4.0,75663.82765499984,16999.99999999999,141500.0000000001,302655.31061999936,0
13.997832948091215,14,15.406242739888492,1,61,3,0,0,1,2,0,12.899222326086994,4,0,17.111458565940254,60-64,6.0,4907339.679399996,27003000.0,399999.9999999999,29444038.076399975,0
15.020493152280643,13,16.88323095879123,1,79,3,1,0,1,2,0,18.2154999052898,5,0,19.781905217635178,65+,8.0,21492850.700999994,390096699.9999995,81450000.00000007,171942805.60799995,1
6.90875477931522,12,10.723251890363157,0,53,2,0,1,2,1,0,9.305741456739437,2,0,10.87806606028079,50-59,4.0,45398.29659299996,53000.00000000002,11000.000000000011,181593.18637199985,0
14.528460856016356,12,13.04934760525682,1,64,3,1,1,1,2,0,13.188152990599754,4,0,15.176692474626726,60-64,6.0,464792.0841700003,3900799.9999999986,533999.9999999997,2788752.505020002,1
10.545367754151744,11,10.40003328541732,1,78,3,1,0,2,3,0,0.0,5,0,11.891368749982083,65+,8.0,32859.719438999986,145999.9999999997,0.0,262877.7555119999,0
5.707110264748875,8,10.204473075038807,0,33,2,0,4,2,1,0,0.0,1,0,5.707110264748875,30-39,0.75,27022.79559099997,299.9999999999999,0.0,20267.096693249976,0
6.928537818164665,10,9.470543987306163,1,71,2,1,1,2,3,1,0.0,5,0,8.299285906897275,65+,8.0,12970.941883999983,4020.000000000003,0.0,103767.53507199987,0
9.005895898094458,13,10.844201991404884,1,71,3,0,0,2,3,0,11.675902789388996,3,0,13.11865852289847,65+,8.0,51235.22044100003,498150.0000000001,117699.99999999994,409881.7635280002,1
9.211439767419485,12,11.59073968241829,1,45,3,0,2,1,1,0,11.938199736300923,2,0,11.608335639774886,40-49,2.0,108091.18236000005,110009.99999999991,152999.99999999965,216182.3647200001,0
4.61512051684126,11,11.079920226254767,0,36,1,0,3,2,1,0,8.092851027538384,1,0,9.686636660844938,30-39,0.75,64854.70941899998,16099.999999999989,3269.999999999999,48641.03206424999,0
10.34177474101152,14,13.097029635877716,1,40,3,1,3,1,1,0,12.777055016970678,5,0,14.125566214674183,40-49,2.0,487491.23245999985,1363499.9999999974,353999.99999999977,974982.4649199997,1
6.90875477931522,9,11.451478997511789,1,60,3,0,2,1,1,0,4.394449154672439,5,1,6.90875477931522,60-64,6.0,94039.3286570002,999.9999999999999,80.00000000000003,564235.9719420011,0
8.866581653303996,12,11.610542128340578,1,38,3,1,1,1,1,0,12.377716565381329,4,0,12.359184214239852,30-39,0.75,110253.00601000008,233089.99999999997,237449.99999999997,82689.75450750007,1
10.638280388314705,12,11.329377681719818,1,61,3,1,1,1,2,0,12.994532278619134,4,0,13.282270599361109,60-64,6.0,83230.21042100004,586699.9999999995,440000.0000000002,499381.26252600027,1
4.948759890378168,9,10.076644749570695,0,32,3,0,0,2,1,0,10.790164080634105,5,0,4.948759890378168,30-39,0.75,23780.060119999976,140.00000000000003,48540.000000000124,17835.04508999998,0
11.289794413577894,13,12.56529356217316,1,63,3,1,0,1,1,0,11.772215778919923,5,0,15.194780555909505,60-64,6.0,286441.6332700001,3971999.9999999995,129599.99999999971,1718649.7996200006,1
9.741027444837728,9,10.99291025098136,0,52,0,1,0,2,1,0,6.398594934535208,1,0,10.463131911491969,50-59,4.0,59450.15030100008,35000.00000000007,600.0,237800.60120400033,0
11.296024885689746,13,12.784655702984017,1,45,2,1,2,1,1,0,13.242811303528269,1,0,14.062761965566356,40-49,2.0,356700.9017999998,1280500.0000000005,563999.9999999997,713401.8035999996,1
9.04793908261736,13,11.42822238555616,1,51,3,0,2,1,1,0,13.06896471037963,2,0,11.134603622683905,50-59,4.0,91877.50500999982,68499.99999999999,474000.0000000003,367510.0200399993,0
6.85751406254539,8,10.91740401772286,0,33,2,0,2,1,1,0,10.401258331428318,5,1,10.307317991967832,30-39,0.75,55126.503006,29949.999999999996,32899.999999999985,41344.877254499996,0
10.922352923113982,9,11.1450825794463,1,83,3,0,0,1,2,0,12.274716789552103,4,1,12.131354487250755,65+,8.0,69221.59318600006,185599.9999999997,214209.99999999994,553772.7454880005,0
14.167575592579956,12,14.200800904078733,1,62,2,1,0,1,1,0,0.0,1,0,15.289358045134602,60-64,6.0,1470040.0802000035,4365999.999999999,0.0,8820240.48120002,0
6.236369590203704,8,10.076644749570695,0,65,1,0,0,2,1,0,10.819798284210286,5,1,6.236369590203704,65+,8.0,23780.060119999976,510.0,50000.000000000015,190240.4809599998,0
14.99108419641044,13,13.514980433908203,1,61,3,1,0,1,2,0,0.0,3,0,16.2543733565109,60-64,6.0,740424.5991999999,11460000.000000017,0.0,4442547.595199999,1
11.097425172408933,13,12.303684773907628,1,43,3,1,0,1,1,0,12.517596969117488,1,0,13.695601388686796,40-49,2.0,220506.01201999988,886999.9999999995,273100.0000000001,441012.02403999976,1
4.394449154672439,10,10.451325058234776,0,44,2,0,2,1,1,0,4.61512051684126,5,0,4.394449154672439,40-49,2.0,34589.17835700002,80.00000000000003,100.00000000000003,69178.35671400004,0
5.303304908059076,4,10.674462827538376,1,40,2,0,3,1,4,0,0.0,1,0,5.303304908059076,40-49,2.0,43236.47294599996,200.0,0.0,86472.94589199992,0
6.255750041753367,8,10.386788464403516,1,57,2,0,1,1,1,0,12.188931573152257,4,1,6.255750041753367,50-59,4.0,32427.35470899998,520.0,196599.9999999999,129709.41883599992,0
8.77971129020447,13,11.063113369269184,0,53,3,0,2,1,2,0,9.680406499268877,5,0,14.184104883002734,50-59,4.0,63773.79759499985,1445699.999999999,16000.00000000003,255095.1903799994,1
10.064798252418376,11,12.20050103062022,1,56,3,0,0,2,1,0,11.362114203075018,5,0,13.558682241819245,50-59,4.0,198887.77554999987,773500.0000000002,86000.00000000001,795551.1021999995,0
10.077482875583607,12,13.60028708541075,1,61,2,1,0,1,2,0,12.25486757159303,2,0,15.039227458461712,60-64,6.0,806360.2204400001,3399799.9999999977,210000.0,4838161.32264,0
7.989899374942939,8,11.175229004346514,0,51,3,0,0,2,2,0,5.25227342804663,1,0,7.989899374942939,50-59,4.0,71340.18036100005,2949.9999999999995,190.0,285360.7214440002,0
13.711261646467772,14,14.51389250917311,1,65,3,1,0,1,2,0,0.0,4,0,16.659081895836543,65+,8.0,2010495.9920000003,17176999.999999978,0.0,16083967.936000003,1
13.248116346376763,14,14.27175259341547,1,49,3,0,2,1,2,0,14.583301745557,4,0,15.734930197037006,40-49,2.0,1578131.2625000002,6817000.000000006,2154999.999999998,3156262.5250000004,1
7.650168700845001,14,12.453624289743354,1,58,3,1,4,1,3,1,12.626429650198943,1,0,9.268703615273097,50-59,4.0,256176.1022000001,10599.99999999999,304499.9999999993,1024704.4088000004,0
11.56362808494399,13,13.70939379783678,1,62,2,1,1,2,1,0,0.0,4,0,15.25846900242959,60-64,6.0,899318.6372700003,4233199.999999997,0.0,5395911.823620002,0
12.458351608497908,12,15.209724005733156,1,39,3,1,2,1,1,0,14.19394767861579,3,0,15.662293265017324,30-39,0.75,4031801.102199999,6339389.999999984,1459999.999999999,3023850.8266499992,1
11.050905878263569,12,14.5085016631951,1,64,3,1,0,1,1,0,0.0,2,0,11.326607934898927,60-64,6.0,1999686.8737000015,83000.0,0.0,11998121.24220001,0
8.294299608857235,12,11.59073968241829,1,34,3,0,2,1,1,0,11.91170829631447,5,0,11.657034466915164,30-39,0.75,108091.18236000005,115500.00000000009,149000.0,81068.38677000004,1
6.415096959171596,12,10.792243293398966,0,32,1,1,2,2,1,0,6.90875477931522,4,0,6.415096959171596,30-39,0.75,48641.03206399999,610.0000000000002,999.9999999999999,36480.77404799999,0
9.105090961257083,12,10.85678052964002,1,57,2,1,0,2,1,0,10.34177474101152,4,1,12.757082940769225,50-59,4.0,51883.76753500001,347000.00000000023,31000.000000000015,207535.07014000005,1
10.357774570341576,12,14.954572346281038,1,75,2,1,0,1,2,0,0.0,3,0,17.586695565276887,65+,8.0,3123835.170300002,43431499.99999999,0.0,24990681.362400018,1
11.170449240431308,12,10.835727530509162,1,66,2,1,0,2,3,0,0.0,5,0,13.866204622849684,65+,8.0,50802.85571100001,1052000.0000000019,0.0,406422.8456880001,1
10.905974329106854,12,12.156049496587327,1,69,2,1,0,1,2,0,7.313886831633462,2,0,13.225823889197445,65+,8.0,190240.48095999993,554500.0000000009,1499.9999999999998,1521923.8476799994,0
9.41662256621498,13,11.773059697378924,1,43,1,1,0,1,1,0,13.334245354561496,5,0,9.41662256621498,40-49,2.0,129709.41884000013,12289.99999999998,617999.9999999999,259418.83768000026,0
12.894209796826232,8,12.90714114498904,1,70,3,1,0,1,2,0,0.0,5,0,14.691812697941712,65+,8.0,403180.1102200007,2401999.999999998,0.0,3225440.8817600054,0
8.987321812850125,9,0.0,1,57,2,1,1,1,1,0,11.338583982516496,2,0,12.328294703023394,50-59,4.0,0.0,225999.9999999998,84000.00000000017,0.0,1
7.438971592395862,12,11.392290774522229,0,55,2,0,1,2,1,0,10.308985993422082,5,1,10.425282789490703,50-59,4.0,88634.76953900007,33699.99999999993,29999.99999999999,354539.0781560003,0
12.154784614286667,12,12.258564547947534,0,29,3,1,0,1,2,0,9.595670797663969,2,1,12.487488878546143,Under 30,0.25,210777.8056099999,264999.99999999953,14700.000000000038,52694.45140249997,1
10.778977123006351,11,12.84349604282837,1,60,3,1,0,1,2,0,12.727841176689148,4,0,13.157732451741689,60-64,6.0,378319.1382800003,518000.00000000076,337000.0000000006,2269914.829680002,0
10.714439990727769,8,11.912820634128884,1,52,2,1,0,1,2,0,10.308985993422082,5,0,10.714439990727769,50-59,4.0,149165.83166000003,44999.999999999985,29999.99999999999,596663.3266400001,0
13.219491903015438,13,14.529892842619743,1,50,3,1,2,1,1,0,13.11029282045951,4,0,15.942312790221871,50-59,4.0,2042923.3467000015,8388000.000000004,494000.0000000004,8171693.386800006,1
7.824445930877619,12,10.85678052964002,1,55,3,0,0,2,1,0,9.50159106930499,1,0,8.612685172875459,50-59,4.0,51883.76753500001,5500.000000000004,13380.000000000011,207535.07014000005,0
9.155989777226102,12,11.439918298765717,1,27,3,1,0,1,2,0,12.06105265381003,4,0,9.398561160701128,Under 30,0.25,92958.41683399999,12070.00000000001,172999.9999999999,23239.604208499997,0
13.34550852871726,12,14.497631996460148,1,68,3,1,0,1,3,0,13.102162710901052,5,0,16.152207277233455,65+,8.0,1978068.6373000036,10347000.000000007,489999.9999999991,15824549.098400028,0
6.68586094706836,8,9.98133877479715,0,42,3,0,1,2,1,0,6.594413459749778,1,0,11.48041260378982,40-49,2.0,21618.236473000004,96799.99999999987,729.9999999999997,43236.47294600001,1
6.55250788703459,5,9.98133877479715,1,78,2,0,0,1,3,0,0.0,5,0,6.55250788703459,65+,8.0,21618.236473000004,700.0,0.0,172945.89178400004,0
8.682877107057168,12,10.301596360662286,1,85,0,1,0,2,3,0,10.819798284210286,3,0,10.734242182303689,65+,8.0,29779.120741,45899.99999999998,50000.000000000015,238232.965928,0
8.612685172875459,6,12.066970356293536,0,32,2,0,2,1,2,0,8.709630081951286,4,1,8.612685172875459,30-39,0.75,174026.80361000024,5500.000000000004,6060.000000000003,130520.10270750018,0
11.736077016252436,12,12.867770386115875,1,73,3,1,0,1,1,0,12.19147156669466,4,0,13.197472705176985,65+,8.0,387614.9799600001,539000.000000001,197100.00000000015,3100919.8396800007,0
11.821519842915182,13,12.337422763109329,1,65,3,1,0,1,3,0,12.506180941677355,2,0,14.063269450590823,65+,8.0,228072.39479000002,1281149.999999999,269999.9999999996,1824579.1583200002,0
4.624972813284271,8,10.74678187553037,0,28,0,0,4,1,2,0,6.673297967767654,2,0,4.624972813284271,Under 30,0.25,46479.20841700003,100.99999999999996,790.0000000000003,11619.802104250008,0
8.24301946898925,4,10.466828800007216,1,73,3,0,0,1,3,0,9.95041884722056,2,1,9.6678285081515,65+,8.0,35129.63426899992,15800.00000000001,20959.99999999998,281037.0741519994,0
8.517393171418904,8,10.35288797609956,0,63,2,0,0,1,1,0,0.0,5,0,8.517393171418904,60-64,6.0,31346.442886000004,5000.000000000003,0.0,188078.65731600003,0
4.394449154672439,6,9.818828007928497,1,61,1,0,0,1,3,0,0.0,5,0,4.394449154672439,60-64,6.0,18375.50100200004,80.00000000000003,0.0,110253.00601200025,0
9.758519582283522,14,16.457225951652283,1,64,3,1,0,1,2,0,0.0,2,0,16.169862428235152,60-64,6.0,14037261.398000024,10531299.999999987,0.0,84223568.38800015,0
7.601402334583733,8,10.814221753204103,1,51,1,0,1,2,1,0,10.839600519357369,1,0,7.601402334583733,50-59,4.0,49721.943887999936,2000.0,50999.999999999985,198887.77555199974,0
12.808750659649172,13,15.163076328790565,1,56,3,1,2,1,2,0,13.765270393051685,5,0,16.77221095253469,50-59,4.0,3848046.092200009,19234399.99999998,950999.9999999993,15392184.368800037,1
11.364437057512568,12,12.273831948190525,1,66,3,1,0,1,2,0,12.807655372286902,5,0,13.40694213956596,65+,8.0,214020.5410800005,664600.0000000006,364999.99999999977,1712164.328640004,0
10.70101727068921,12,11.316305758236654,1,41,2,1,3,1,1,0,0.0,2,0,12.097378802727306,40-49,2.0,82149.298597,179399.99999999994,0.0,164298.597194,1
11.982935344196433,14,13.395736648656849,1,55,3,1,0,1,1,0,13.420986873572868,2,0,16.518883236494606,50-59,4.0,657194.3887799998,14929999.99999998,673999.9999999998,2628777.555119999,1
5.602118820879701,8,10.16365262239305,0,58,2,0,2,2,2,0,11.086762629082946,5,1,6.255750041753367,50-59,4.0,25941.88376800001,520.0,65299.99999999995,103767.53507200004,0
12.317171167298682,13,12.692673583390023,1,52,3,1,2,1,1,0,13.415034483903348,3,0,15.170469296732284,50-59,4.0,325354.4589199998,3876600.0000000033,669999.9999999998,1301417.835679999,1
11.138973558699526,8,10.99291025098136,1,69,2,1,0,2,3,0,0.0,2,0,11.975407125004564,65+,8.0,59450.15030100008,158799.99999999994,0.0,475601.20240800065,0
13.809392883093029,13,16.32165190391941,1,56,3,1,6,1,2,0,0.0,2,0,18.228804498148687,50-59,4.0,12257540.08000001,82540900.00000009,0.0,49030160.32000004,1
5.993961427306569,8,10.596503161315889,1,48,2,0,2,2,2,0,8.006700845440367,3,0,5.993961427306569,40-49,2.0,39993.7374750001,400.00000000000006,2999.9999999999995,79987.4749500002,0
10.391484575362098,11,11.485380194730258,1,61,2,1,0,1,3,0,6.90875477931522,5,0,13.715558722323562,60-64,6.0,97282.06412800006,904879.9999999997,999.9999999999999,583692.3847680003,1
10.661977618146238,12,11.898221933343832,1,77,3,1,0,2,3,0,0.0,5,0,11.404237196256764,65+,8.0,147004.00802,89700.00000000001,0.0,1176032.06416,0
10.308985993422082,14,13.129747864482066,1,55,3,0,2,1,2,0,13.184400648021263,2,0,13.794287942962583,50-59,4.0,503704.90982000023,978999.9999999979,532000.0000000002,2014819.639280001,0
11.58989576532275,12,11.59073968241829,1,57,1,1,0,2,1,1,0.0,5,0,15.456059659297004,50-59,4.0,108091.18236000005,5158000.000000008,0.0,432364.7294400002,1
0.0,2,10.386788464403516,0,42,3,0,0,1,1,0,0.0,5,0,0.0,40-49,2.0,32427.35470899998,0.0,0.0,64854.70941799996,0
7.091742115095153,8,12.121364124132038,1,48,3,0,2,1,1,0,12.00762780434872,1,0,13.581308587093307,40-49,2.0,183755.01001999993,791200.9999999986,163999.99999999988,367510.02003999986,1
15.332614078541903,13,16.886062391968686,1,69,3,1,0,1,2,0,15.728011792598934,4,0,16.48079249679528,65+,8.0,21553792.51000001,14371999.999999987,6770000.000000001,172430340.08000007,0
6.803505257608338,8,10.540934738927314,0,29,1,0,2,1,2,1,9.033722518098909,3,1,6.803505257608338,Under 30,0.25,37831.91382800001,899.9999999999998,8380.000000000022,9457.978457000003,0
7.2305631534092925,9,11.639529406064158,0,57,2,0,1,1,1,0,11.643962499267984,3,1,12.192384387322877,50-59,4.0,113495.74147999997,197280.00000000032,113999.99999999996,453982.9659199999,0
6.928537818164665,12,11.883406949070103,1,73,2,0,0,1,3,0,12.560247968016562,3,0,14.276108214417103,65+,8.0,144842.18437000012,1585019.9999999984,284999.99999999994,1158737.474960001,1
10.494075844768336,12,11.797752121925637,1,75,2,1,0,1,3,0,12.25486757159303,5,0,14.071160795247826,65+,8.0,132952.15431000016,1291300.000000001,210000.0,1063617.2344800013,1
13.06896471037963,14,13.97027742176833,1,48,3,1,3,1,1,0,13.698977865303196,2,0,15.895077216816633,40-49,2.0,1167384.7694999995,8001000.0000000205,889999.9999999987,2334769.538999999,1
9.105090961257083,8,11.079920226254767,0,56,2,1,0,1,1,0,7.378383712996715,4,0,9.105090961257083,50-59,4.0,64854.70941899998,8999.999999999984,1600.0000000000011,259418.8376759999,0
8.294299608857235,9,9.98133877479715,0,79,1,0,0,2,3,0,7.601402334583733,3,0,9.680406499268877,65+,8.0,21618.236473000004,16000.00000000003,2000.0,172945.89178400004,0
9.19532825185568,8,11.560280761065794,1,28,3,1,1,1,1,0,11.827743504053696,5,0,11.482991892511098,Under 30,0.25,104848.44688999999,97050.0,137000.00000000015,26212.111722499998,1
8.071218539969863,13,10.85678052964002,0,26,3,0,0,2,1,0,10.661977618146238,4,0,9.472781556562168,Under 30,0.25,51883.76753500001,12999.999999999995,42700.00000000003,12970.941883750003,1
9.39274525863144,8,12.073162291050108,0,39,2,1,0,1,1,0,12.879019669789754,1,0,9.39274525863144,30-39,0.75,175107.7154300003,11999.999999999978,392000.0,131330.78657250022,0
10.63106031411106,12,12.138857187204596,1,90,2,1,0,2,3,0,6.398594934535208,4,0,13.56756316912443,65+,8.0,186997.74549000023,780400.0000000006,600.0,1495981.9639200019,0
13.425287694395958,13,12.725356131972566,1,73,3,0,0,1,3,0,13.68767832281738,1,0,15.740766877553607,65+,8.0,336163.5771500001,6856904.999999996,880000.0,2689308.6172000007,1
12.313585343581137,12,11.686049021222916,1,56,3,1,0,2,1,0,11.0186455364637,4,0,14.126445914987716,50-59,4.0,118900.30059999996,1364700.0000000005,60999.999999999956,475601.20239999983,1
11.305913595583258,12,11.316305758236654,1,84,2,0,1,1,3,0,13.312985389904174,4,0,14.007618240711368,65+,8.0,82149.298597,1211799.9999999998,604999.9999999998,657194.388776,1
12.49275797139508,12,12.682656836091438,1,69,3,1,0,1,3,0,0.0,4,0,15.2231751895345,65+,8.0,322111.72345000005,4086399.9999999935,0.0,2576893.7876000004,1
15.750793148327976,8,17.7088276494838,1,66,2,1,0,1,3,0,10.434145214930489,5,0,19.43607808008333,65+,8.0,49073396.79399996,276046000.00000024,34000.00000000006,392587174.3519997,0
2.4849066497880004,8,9.470543987306163,0,33,3,0,1,2,2,0,0.0,5,0,9.547669384317375,30-39,0.75,12970.941883999983,14010.999999999969,0.0,9728.206412999987,1
9.210440366976515,12,11.30306069379871,0,57,3,0,2,1,1,0,9.741027444837728,4,0,10.968215530759236,50-59,4.0,81068.38677399996,58000.00000000003,16999.99999999999,324273.5470959998,0
10.445840912706414,12,11.730500418141489,1,29,3,1,0,1,1,0,12.186385111610496,2,0,12.818283594342818,Under 30,0.25,124304.8597200003,368900.0000000003,196099.99999999983,31076.214930000075,1
8.716207971151853,12,11.553038170756691,1,82,2,0,0,2,3,0,0.0,3,0,13.936932298829367,65+,8.0,104091.80861999995,1129099.9999999998,0.0,832734.4689599996,1
9.305741456739437,8,12.073162291050108,1,67,3,0,0,1,1,0,11.747214672056003,5,1,12.380030154325455,65+,8.0,175107.7154300003,237999.99999999956,126399.99999999988,1400861.7234400024,0
13.539758373899955,14,14.87913266378517,1,51,3,1,0,1,2,0,13.498057700804251,4,0,16.270215784907666,50-59,4.0,2896843.6873999983,11643000.000000002,727999.9999999986,11587374.749599993,1
9.62648162008158,2,11.20508155522288,0,64,3,0,1,2,3,0,9.746892220313054,2,1,9.627140989748092,60-64,6.0,73502.00400800005,15169.999999999993,17100.000000000004,441012.0240480003,0
11.964007453736912,10,10.80109272755613,1,82,3,0,0,2,3,0,12.056417678159836,5,0,13.056225711649638,65+,8.0,49073.39679399997,468000.0000000003,172200.00000000012,392587.17435199977,1
5.327876168789581,9,10.596503161315889,1,61,2,0,0,1,1,0,11.827013315851762,5,0,10.358567881186488,60-64,6.0,39993.7374750001,31525.00000000001,136900.0000000001,239962.42485000062,0
0.0,8,10.792243293398966,0,41,2,0,1,2,2,0,0.0,5,0,0.0,40-49,2.0,48641.03206399999,0.0,0.0,97282.06412799998,0
11.78707386907671,14,14.915766784525715,1,68,3,0,0,1,1,0,15.733902824968563,3,0,17.795389220496144,65+,8.0,3004934.8697,53510540.00000003,6810000.000000006,24039478.9576,1
8.013343181386672,8,10.540934738927314,0,50,1,1,3,1,3,1,9.87822102528824,2,0,8.013343181386672,50-59,4.0,37831.91382800001,3019.9999999999995,19500.0,151327.65531200005,0
6.68586094706836,9,9.470543987306163,1,76,2,0,0,2,3,0,7.409136443920128,1,1,10.158168529848494,65+,8.0,12970.941883999983,25800.0,1650.0000000000007,103767.53507199987,0
3.7612001156935624,8,10.91740401772286,1,61,0,0,0,1,1,0,12.250237845306682,4,0,3.7612001156935624,60-64,6.0,55126.503006,42.0,209030.00000000012,330759.01803599996,0
7.62608275807238,9,9.98133877479715,0,65,3,0,0,2,3,0,10.03499815473834,1,0,9.743964132018151,65+,8.0,21618.236473000004,17049.999999999993,22810.00000000002,172945.89178400004,0
4.110873864173311,9,10.204473075038807,0,38,0,0,0,2,2,0,10.568775236216991,3,0,4.110873864173311,30-39,0.75,27022.79559099997,60.00000000000001,38899.9999999999,20267.096693249976,0
8.853808274977197,5,10.16365262239305,0,34,1,0,5,1,3,0,0.0,4,0,8.853808274977197,30-39,0.75,25941.88376800001,6999.999999999998,0.0,19456.412826000007,0
11.043257779289132,12,12.14462086116848,1,55,3,0,1,1,1,0,13.460692460447271,5,0,14.697425556791012,50-59,4.0,188078.65731000004,2415520.000000002,701300.0000000006,752314.6292400002,1
9.32375833901174,9,11.010928456106528,1,70,3,0,2,1,3,0,0.0,5,0,11.173262142245258,65+,8.0,60531.06212399997,71200.00000000003,0.0,484248.49699199974,0
12.013706813470414,14,13.33119822895841,1,57,3,1,1,1,1,0,13.527829818844936,2,0,15.402498546101569,50-59,4.0,616119.7394800001,4889000.0000000065,749999.9999999984,2464478.9579200004,1
12.548281965003104,12,13.212098742711769,0,27,3,1,0,2,1,0,0.0,5,1,13.743596638653797,Under 30,0.25,546941.3827699999,930610.0000000016,0.0,136735.34569249998,1
6.7464121285733745,2,9.470543987306163,0,83,3,1,0,2,3,0,0.0,4,0,6.7464121285733745,65+,8.0,12970.941883999983,850.0000000000002,0.0,103767.53507199987,0
6.976348070447749,7,11.367598443988374,1,58,1,0,0,1,1,0,11.73927188163082,4,0,11.61792491545187,50-59,4.0,86472.94589200003,111070.00000000009,125400.00000000004,345891.78356800013,0
7.244941546337007,8,10.835727530509162,0,34,1,0,0,2,1,0,7.496097345175956,2,1,7.244941546337007,30-39,0.75,50802.85571100001,1399.9999999999995,1800.0,38102.14178325001,0
9.648659816955297,10,11.704067376563522,1,66,3,1,0,1,3,0,0.0,4,0,13.573822362760856,65+,8.0,121062.12424999992,785299.9999999997,0.0,968496.9939999994,0
14.014362236381237,12,11.875916329276292,1,50,3,1,1,1,1,0,10.79057601860207,3,0,14.595294503688931,50-59,4.0,143761.27255000002,2180999.999999995,48560.00000000003,575045.0902000001,1
9.169622538697624,9,11.063113369269184,0,44,2,1,2,2,2,0,0.0,1,0,9.169622538697624,40-49,2.0,63773.79759499985,9600.0,0.0,127547.5951899997,0
10.847412906506923,12,11.890841876391685,1,36,3,1,0,2,1,0,11.211833885608511,4,0,10.847412906506923,30-39,0.75,145923.09619000013,51399.99999999996,73999.99999999983,109442.3221425001,0
10.518700218288163,9,11.47420700963637,1,64,3,1,0,1,1,0,0.0,4,0,13.088808662125674,60-64,6.0,96201.15230500007,483499.9999999998,0.0,577206.9138300004,0
7.824445930877619,8,9.6246836542707,1,63,2,1,0,2,3,0,11.23850177707664,5,0,11.19135563385109,60-64,6.0,15132.765531000001,72500.0,76000.0,90796.59318600001,0
10.682835364853922,14,12.099960333177352,1,78,3,1,0,1,2,0,0.0,5,0,13.181765605342877,65+,8.0,179863.7274500001,530599.9999999998,0.0,1438909.8196000007,0
11.03167482454464,9,11.797752121925637,1,42,2,1,4,1,1,0,11.955050317440996,1,0,12.380450232382136,40-49,2.0,132952.15431000016,238100.00000000003,155600.00000000012,265904.3086200003,0
10.12667110305036,10,10.792243293398966,1,71,2,1,0,1,3,0,10.434145214930489,3,0,11.0186455364637,65+,8.0,48641.03206399999,60999.999999999956,34000.00000000006,389128.25651199993,0
12.454107814022272,12,11.94841134484154,1,79,3,1,0,1,3,0,12.779875885354992,4,0,14.52576113794502,65+,8.0,154570.39078000028,2034500.0000000016,354999.99999999924,1236563.1262400022,1
8.45553053102413,8,8.945785322718192,0,64,3,0,0,2,3,0,0.0,4,0,8.45553053102413,60-64,6.0,7674.473947900002,4700.000000000002,0.0,46046.84368740001,0
12.533075185774962,12,12.318283507600151,1,31,3,1,1,1,1,0,12.876081692171493,2,0,13.917490265123975,30-39,0.75,223748.7474899998,1107360.0000000002,390850.0000000001,167811.56061749987,1
0.6931471805599453,9,11.439918298765717,0,47,2,0,0,2,1,0,8.732465848349879,5,0,0.6931471805599453,40-49,2.0,92958.41683399999,1.0,6200.000000000005,185916.83366799998,0
9.15915233520675,13,11.845379821066128,1,69,3,1,0,1,2,0,5.860786223465865,4,0,14.98672284903769,65+,8.0,139437.6252500001,3225900.0000000023,349.9999999999999,1115501.0020000008,1
13.017005083966255,13,13.01384099455312,1,56,3,0,1,1,2,0,12.631343648903034,2,0,14.084010575524983,50-59,4.0,448578.4068099997,1308000.000000001,305999.9999999998,1794313.627239999,0
5.673323267171493,6,9.065117423169948,0,54,1,1,0,1,1,0,7.766840537085513,4,0,5.673323267171493,50-59,4.0,8647.294589200008,290.0000000000001,2360.0000000000005,34589.17835680003,0
6.274762021241939,12,10.076644749570695,0,45,3,0,0,2,4,0,12.219980481653478,5,0,6.274762021241939,40-49,2.0,23780.060119999976,530.0,202800.00000000003,47560.12023999995,0
12.230770136157428,12,12.72856639808729,1,64,3,0,0,1,1,0,13.258642740896052,1,0,13.715691327653827,60-64,6.0,337244.48898,904999.999999999,573000.0000000001,2023466.9338800001,0
10.59665973278358,9,12.423643576356817,1,68,3,0,0,1,1,0,9.34145634983372,5,0,15.584683698993436,65+,8.0,248609.71944000028,5865999.999999995,11400.000000000005,1988877.7555200022,1
6.55250788703459,8,10.99291025098136,0,53,2,0,1,2,1,0,6.90875477931522,4,0,11.07753193632009,50-59,4.0,59450.15030100008,64699.99999999996,999.9999999999999,237800.60120400033,0
8.81001204797317,14,12.060739842420068,1,51,3,0,2,1,2,0,12.613206360738884,3,0,12.757082940769225,50-59,4.0,172945.89178,347000.00000000023,300500.00000000006,691783.56712,0
15.222342815219635,12,12.974523980625207,1,69,3,1,0,1,3,0,0.0,4,0,16.903320565320886,65+,8.0,431283.81763999973,21928999.999999985,0.0,3450270.541119998,1
6.447305862541213,8,10.814221753204103,1,48,0,1,1,2,1,0,12.239028583587524,1,0,6.447305862541213,40-49,2.0,49721.943887999936,629.9999999999998,206700.00000000026,99443.88777599987,0
6.93828448401696,8,11.219680157476482,0,40,2,0,1,2,1,0,9.48044384215367,5,0,6.93828448401696,40-49,2.0,74582.91583199994,1030.0000000000002,13099.999999999998,149165.83166399988,0
9.546884034617923,12,11.485380194730258,1,65,3,1,2,1,1,0,7.855932199718614,2,0,12.777055016970678,65+,8.0,97282.06412800006,353999.99999999977,2580.000000000001,778256.5130240005,0
11.225256725762891,11,11.485380194730258,1,40,3,1,2,1,1,0,12.065666245536809,4,0,12.660331092405906,40-49,2.0,97282.06412800006,315000.0000000002,173800.00000000032,194564.1282560001,1
9.472781556562168,13,12.20592107089332,1,40,2,1,3,1,1,0,13.083416706697983,4,0,9.472781556562168,40-49,2.0,199968.68737000017,12999.999999999995,480899.99999999884,399937.37474000035,0
8.556606193773073,12,10.792243293398966,0,84,0,1,0,2,3,0,6.7464121285733745,4,0,9.561067663645012,65+,8.0,48641.03206399999,14199.999999999989,850.0000000000002,389128.25651199993,0
12.700771936142122,13,15.512703950531249,1,61,3,1,0,1,2,0,12.861001210669146,1,0,16.844145599575604,60-64,6.0,5458604.709400007,20668999.999999966,385000.00000000023,32751628.25640004,0
11.78296023574194,9,14.10519663156373,1,63,3,1,0,1,3,0,14.436087583323648,2,0,15.850869717707486,60-64,6.0,1336007.013999999,7655000.000000002,1859999.9999999993,8016042.083999994,0
11.134603622683905,12,11.712956250852091,0,49,3,0,2,1,1,0,5.993961427306569,5,0,12.90445857982582,40-49,2.0,122143.03607000002,402100.0,400.00000000000006,244286.07214000003,1
9.952325334619427,8,10.85678052964002,1,85,3,1,0,2,3,0,10.736418414365376,4,0,12.608202196848836,65+,8.0,51883.76753500001,299000.00000000006,46000.000000000044,415070.1402800001,0
9.61587214452889,12,11.92720927582913,1,32,3,0,1,1,1,0,13.304686600863562,5,0,11.461642696843066,30-39,0.75,151327.65530999997,95000.00000000001,600000.0000000003,113495.74148249999,0
12.595411759236592,13,16.10460088639046,1,75,3,1,0,1,2,0,0.0,3,0,19.954854448973386,65+,8.0,9865957.815600002,463749200.00000095,0.0,78927662.52480002,1
9.577133949436078,12,11.175229004346514,0,24,1,0,0,1,1,0,11.906324739459684,2,0,12.551189551947672,Under 30,0.25,71340.18036100005,282429.99999999977,148199.9999999999,17835.045090250012,1
10.102379394048045,12,0.0,1,59,3,0,0,1,2,0,0.0,5,0,11.894104711087111,50-59,4.0,0.0,146399.99999999983,0.0,0.0,1
9.10731047165664,9,11.580689440046534,0,26,3,1,2,1,1,0,9.832582139020351,5,0,9.266815218904162,Under 30,0.25,107010.27053999992,10580.0,18629.99999999995,26752.56763499998,0
7.170888478512505,9,0.0,1,60,3,1,0,1,2,1,11.439504948772196,3,0,11.706030338921243,60-64,6.0,0.0,121300.00000000003,92920.00000000003,0.0,1
12.54254845357358,14,12.59869172789388,1,72,3,1,0,2,1,1,12.994532278619134,1,0,16.11709525072483,65+,8.0,296169.8396799999,9989999.999999989,440000.0000000002,2369358.7174399993,1
9.90353755128617,8,10.974561423798535,1,66,3,1,0,1,1,0,11.736077016252436,5,0,9.90353755128617,65+,8.0,58369.23847699994,20000.000000000015,124999.99999999967,466953.9078159995,0
9.21542741102474,12,11.83211401804097,1,50,3,0,1,2,1,0,12.273268570141385,1,0,13.372423018769304,50-59,4.0,137600.07514999996,642049.9999999997,213900.0000000004,550400.3005999998,1
11.010415172807951,13,11.219680157476482,1,57,2,0,2,1,1,0,11.293537353157436,1,0,13.189088880352877,50-59,4.0,74582.91583199994,534499.9999999999,80300.00000000004,298331.66332799976,1
9.305741456739437,14,11.712956250852091,0,48,3,0,0,2,1,0,11.93164237875414,1,0,12.04314775128692,40-49,2.0,122143.03607000002,169929.99999999997,151999.99999999977,244286.07214000003,0
11.918397239722838,13,14.132333152957832,1,45,3,1,0,2,1,1,14.082480354515004,4,0,15.74587202172571,40-49,2.0,1372758.0160000008,6891999.999999997,1306000.0,2745516.0320000015,1
12.160033942617156,12,13.101454412807064,1,67,3,1,0,1,3,0,4.61512051684126,1,0,15.132187120227917,65+,8.0,489653.05610999966,3730999.9999999977,100.00000000000003,3917224.4488799972,0
9.35018926709258,12,10.076644749570695,0,41,3,0,0,2,2,1,0.0,4,0,13.12735290896314,40-49,2.0,23780.060119999976,502500.0000000003,0.0,47560.12023999995,1
8.343077871169383,8,10.85678052964002,1,59,2,0,3,1,2,0,11.635151947212842,4,0,8.343077871169383,50-59,4.0,51883.76753500001,4200.000000000004,112999.99999999993,207535.07014000005,0
9.980494888896912,9,11.316305758236654,0,74,1,0,0,2,3,0,0.0,2,0,12.308633746480464,65+,8.0,82149.298597,221600.00000000015,0.0,657194.388776,0
16.515710089713878,12,15.616082286991867,1,61,3,1,0,1,2,0,15.050982320047211,2,0,17.672103323634342,60-64,6.0,6053106.21239999,47303900.000000015,3439999.999999993,36318637.27439994,1
9.210440366976515,12,11.764691512444722,1,30,3,1,1,1,1,0,12.733758336210744,5,0,9.220389707829185,30-39,0.75,128628.50701000007,10100.000000000004,339000.00000000023,96471.38025750006,0
9.12706745278236,12,11.367598443988374,1,46,3,0,1,2,1,0,12.166296978418426,5,1,12.750722717999489,40-49,2.0,86472.94589200003,344800.0000000003,192200.00000000012,172945.89178400006,1
9.680406499268877,12,9.470543987306163,0,22,2,0,0,2,4,1,0.0,5,0,9.680406499268877,Under 30,0.25,12970.941883999983,16000.00000000003,0.0,3242.735470999996,1
12.77280873810987,12,11.355019808159389,1,62,3,1,1,2,3,0,0.0,4,0,14.692020836059587,60-64,6.0,85392.03406799996,2402499.9999999967,0.0,512352.20440799976,1
7.099201743553092,12,11.82975461608208,1,51,2,0,2,1,2,0,12.251098591052507,2,0,7.099201743553092,50-59,4.0,137275.80160000015,1209.9999999999995,209209.99999999962,549103.2064000006,0
11.946012225174645,8,12.263679624391456,1,61,2,1,0,1,3,0,11.904974309480185,5,0,14.8976549927932,60-64,6.0,211858.71743000005,2951000.0000000014,148000.0000000004,1271152.3045800002,1
7.313886831633462,2,10.569104881654322,0,40,1,1,0,2,1,0,7.601402334583733,4,0,7.313886831633462,40-49,2.0,38912.825651000036,1499.9999999999998,2000.0,77825.65130200007,0
10.021315031649332,12,11.42822238555616,0,29,3,1,0,2,1,0,7.601402334583733,5,0,11.954407441448916,Under 30,0.25,91877.50500999982,155500.00000000017,2000.0,22969.376252499955,1
8.936035096566041,8,11.046019206267973,0,63,2,0,0,1,1,0,8.517393171418904,2,0,8.936035096566041,60-64,6.0,62692.88577200012,7600.000000000004,5000.000000000003,376157.3146320007,0
12.813119851828636,12,12.769388274006692,1,71,3,1,0,2,3,0,0.0,2,0,16.359236357547292,65+,8.0,351296.3426899997,12726999.999999987,0.0,2810370.741519998,1
9.38857023586688,12,11.99620170679576,1,39,3,0,5,1,1,0,12.978033317047784,4,1,11.27658268584803,30-39,0.75,162136.77355000027,78949.99999999999,432799.9999999998,121602.5801625002,0
8.575650760987806,12,12.511016870046026,1,43,3,0,0,1,1,0,12.62346961830583,3,0,11.8515453936489,40-49,2.0,271308.86774000013,140299.99999999994,303600.00000000023,542617.7354800003,0
12.35017731849889,14,14.171705249900471,1,76,3,1,0,1,2,0,0.0,5,0,16.582207017368574,65+,8.0,1427884.5189999985,15906000.000000022,0.0,11423076.151999988,1
4.394449154672439,9,10.030126736355644,0,49,2,0,1,2,3,0,0.0,5,0,4.394449154672439,40-49,2.0,22699.14829700001,80.00000000000003,0.0,45398.29659400002,0
14.970503495128304,14,12.82620459180008,1,78,3,0,0,1,3,0,0.0,4,1,15.581576251104991,65+,8.0,371833.66732999973,5847800.000000001,0.0,2974669.338639998,1
5.081404364984463,9,9.137430017527388,1,25,2,0,0,2,1,0,6.255750041753367,4,0,5.081404364984463,Under 30,0.25,9295.841683399996,160.00000000000003,520.0,2323.960420849999,0
9.232199706329077,8,11.485380194730258,1,38,3,0,2,1,2,0,10.652566005416872,2,1,9.91447694733573,30-39,0.75,97282.06412800006,20220.000000000015,42300.00000000003,72961.54809600004,0
12.83468397161566,12,11.94841134484154,1,56,3,1,2,1,2,0,12.426015078728476,1,0,14.269766465162304,50-59,4.0,154570.39078000028,1575000.0000000002,249200.00000000015,618281.5631200011,1
10.2456933210051,8,11.639529406064158,1,75,2,1,0,1,3,0,0.0,5,0,10.782304843886733,65+,8.0,113495.74147999997,48160.00000000001,0.0,907965.9318399997,0
7.450660796211539,12,10.386788464403516,0,43,2,0,0,1,4,0,10.39821428171237,4,0,7.616283561580385,40-49,2.0,32427.35470899998,2030.0000000000007,32800.00000000002,64854.70941799996,0
5.993961427306569,5,10.204473075038807,0,39,2,0,2,2,1,0,9.83633227734872,5,1,5.993961427306569,30-39,0.75,27022.79559099997,400.00000000000006,18700.00000000001,20267.096693249976,0
9.989711119284744,11,11.386174616718284,1,66,3,1,0,1,3,0,9.99884318585288,4,0,14.037694448951775,65+,8.0,88094.31362699995,1248799.9999999984,21999.999999999993,704754.5090159996,1
9.024131268455037,12,11.30306069379871,0,33,3,1,1,1,1,0,10.563620718477312,2,0,9.417435838868784,30-39,0.75,81068.38677399996,12299.999999999982,38699.99999999994,60801.290080499966,0
11.002116507732016,14,12.572812368411256,1,57,3,1,2,1,2,0,9.472781556562168,5,0,15.759132519685986,50-59,4.0,288603.4569100001,6983999.999999996,12999.999999999995,1154413.8276400005,1
11.954407441448916,13,9.550580764956187,1,89,2,0,0,1,3,0,0.0,5,0,13.519125389871355,65+,8.0,14051.853706999998,743500.0000000005,0.0,112414.82965599999,1
8.31898612539206,9,11.30306069379871,1,38,1,1,3,1,1,0,13.169248871698304,5,0,9.401043372798052,30-39,0.75,81068.38677399996,12099.999999999989,523999.9999999997,60801.290080499966,0
4.61512051684126,3,10.936821754744528,1,40,3,0,4,1,1,0,10.408526465540383,5,0,10.090008612393838,40-49,2.0,56207.41482999999,24100.000000000022,33139.99999999995,112414.82965999997,0
8.517393171418904,12,9.26803702884847,0,65,3,0,0,2,2,0,0.0,2,0,9.648659816955297,65+,8.0,10592.935872000005,15500.000000000036,0.0,84743.48697600004,0
11.81599602495741,12,13.504708897524283,1,46,3,1,2,1,1,0,13.545014620881725,1,0,14.4118169379173,40-49,2.0,732858.21643,1815399.9999999958,763000.0000000001,1465716.43286,1
9.99884318585288,13,12.91248873809418,1,37,3,1,0,1,1,0,12.914110901635024,4,0,13.797347605666022,30-39,0.75,405341.9338699992,981999.9999999992,406000.0,304006.4504024994,1
15.453050094967178,13,13.30453002573392,1,71,3,1,0,1,2,0,13.081543466215235,1,0,15.767473920727683,65+,8.0,599906.0621199997,7042499.999999989,479999.99999999924,4799248.496959997,1
9.937937287265354,8,11.853101811967846,0,52,2,0,4,1,2,0,11.703554089007538,3,0,9.94755228369823,50-59,4.0,140518.53706999996,20900.000000000015,121000.00000000003,562074.1482799998,0
9.15915233520675,12,11.82975461608208,0,45,2,1,0,1,1,0,9.53249633228804,1,0,12.427218202181711,40-49,2.0,137275.80160000015,249500.0000000002,13800.000000000011,274551.6032000003,0
7.0909098220799835,8,10.623170750425082,0,61,2,0,0,2,1,0,6.68586094706836,4,0,10.843514342086866,60-64,6.0,41074.649299000004,51199.99999999997,800.0000000000003,246447.895794,0
8.853808274977197,14,12.17852223565681,1,63,3,0,0,1,1,0,11.0186455364637,5,0,15.585194989927237,60-64,6.0,194564.12826000006,5869000.000000009,60999.999999999956,1167384.7695600004,1
10.134638955251866,14,11.355019808159389,1,48,3,0,2,1,1,0,0.0,2,0,13.323181152958764,40-49,2.0,85392.03406799996,611200.0,0.0,170784.06813599993,1
6.2166061010848646,12,11.20508155522288,0,58,2,0,0,2,1,0,5.303304908059076,1,1,6.2166061010848646,50-59,4.0,73502.00400800005,499.9999999999999,200.0,294008.0160320002,0
0.6931471805599453,5,9.288237848223762,0,65,2,0,0,2,3,0,7.601402334583733,2,0,0.6931471805599453,65+,8.0,10809.118235999998,1.0,2000.0,86472.94588799999,0
9.140025198061156,8,11.30306069379871,1,47,2,0,0,2,1,0,11.62447578420696,5,0,11.65547482323746,40-49,2.0,81068.38677399996,115319.99999999999,111799.99999999971,162136.7735479999,0
8.105005537547246,9,11.883406949070103,1,50,0,0,2,1,1,0,12.978033317047784,5,0,13.662721783655876,50-59,4.0,144842.18437000012,858309.9999999986,432799.9999999998,579368.7374800005,1
11.167063280451986,13,12.133060100630724,0,41,2,1,1,1,1,0,11.49944501055635,4,0,12.071174605182213,40-49,2.0,185916.83366999976,174760.00000000015,98660.00000000001,371833.6673399995,0
0.6931471805599453,12,9.182887610990472,0,53,2,0,0,2,3,0,0.0,1,0,0.6931471805599453,50-59,4.0,9728.206412799984,1.0,0.0,38912.825651199935,0
12.95039048795861,12,15.399612882686796,1,70,3,1,0,1,2,0,15.787227820274524,2,0,16.812691831210973,65+,8.0,4874912.324600003,20028999.999999993,7182999.999999981,38999298.59680002,0
6.311734809152915,12,10.41957729248823,0,26,1,1,0,2,1,0,4.61512051684126,2,0,6.311734809152915,Under 30,0.25,33508.26653300001,550.0000000000002,100.00000000000003,8377.066633250002,0
3.044522437723423,7,10.31779779558084,0,60,1,0,0,2,3,0,0.0,5,0,3.044522437723423,60-64,6.0,30265.531061999973,20.0,0.0,181593.18637199985,0
14.888863498477749,14,13.766618921108163,1,63,3,1,1,1,1,0,12.180759965737863,4,0,16.239885847211873,60-64,6.0,952283.3166300001,11295170.000000019,195000.00000000006,5713699.899780001,1
12.437188334739655,12,13.97027742176833,1,33,3,1,1,1,1,0,0.0,5,0,15.067416302004863,30-39,0.75,1167384.7694999995,3496999.999999992,0.0,875538.5771249996,1
7.601402334583733,8,10.792243293398966,1,38,0,0,2,1,4,0,11.997823864326223,1,1,7.601402334583733,30-39,0.75,48641.03206399999,2000.0,162399.99999999983,36480.77404799999,0
5.638354669333745,2,10.16365262239305,1,80,2,1,0,1,3,0,0.0,5,0,5.638354669333745,65+,8.0,25941.88376800001,279.9999999999999,0.0,207535.07014400008,0
6.976348070447749,14,11.046019206267973,0,46,2,0,5,1,2,0,10.162808729968926,2,0,6.976348070447749,40-49,2.0,62692.88577200012,1070.0,25920.000000000007,125385.77154400024,0
15.942551197632891,13,18.17814270809764,1,87,0,1,0,1,3,0,0.0,4,0,20.2166646128265,65+,8.0,78463389.27899997,602540000.0000007,0.0,627707114.2319998,0
5.993961427306569,8,10.121094683881877,0,70,1,0,1,2,1,0,0.0,5,0,5.993961427306569,65+,8.0,24860.97194400006,400.00000000000006,0.0,198887.77555200047,0
9.90353755128617,14,13.016247729239035,1,70,3,1,0,1,2,0,12.206077645517674,1,0,16.6684112400875,65+,8.0,449659.31863999955,17338000.000000007,199999.99999999997,3597274.5491199964,1
10.698762529141884,14,12.84349604282837,1,43,3,1,0,1,2,0,11.264476926102368,2,0,14.401240108456657,40-49,2.0,378319.1382800003,1796300.0000000026,78000.00000000009,756638.2765600006,1
11.141876276228,9,12.17852223565681,1,58,2,1,0,1,1,0,13.318753834793744,5,0,12.476103599529845,50-59,4.0,194564.12826000006,262000.0000000004,608500.0000000012,778256.5130400002,0
13.216765872660371,13,14.90963290481258,1,77,3,1,0,1,3,0,0.0,5,0,17.651203144971984,65+,8.0,2986559.3686999986,46325500.00000006,0.0,23892474.94959999,1
11.502885230075814,13,15.365787793600084,1,46,3,1,0,1,2,1,14.070153551531352,5,0,17.25268625444704,40-49,2.0,4712775.551099998,31098999.99999998,1289999.9999999984,9425551.102199996,1
11.650084021475273,9,11.234068703381135,1,50,2,0,1,2,1,0,12.369130679684917,5,0,11.654433707761807,50-59,4.0,75663.82765499984,115199.99999999997,235420.00000000015,302655.31061999936,0
14.857552847877614,12,15.108228542940738,1,58,3,1,0,1,2,0,0.0,3,0,16.964135620532495,50-59,4.0,3642672.8456999986,23304000.00000001,0.0,14570691.382799994,1
3.9318256327243257,12,10.596503161315889,0,41,2,0,4,2,1,0,11.21587968956548,2,0,3.9318256327243257,40-49,2.0,39993.7374750001,50.0,74299.99999999985,79987.4749500002,0
9.62911649414402,8,11.853101811967846,1,65,3,1,0,1,1,0,0.0,5,0,13.050224849237406,65+,8.0,140518.53706999996,465200.00000000006,0.0,1124148.2965599997,0
11.775297421715829,13,11.99620170679576,1,47,3,1,1,1,1,0,12.825037620411926,2,0,12.994532278619134,40-49,2.0,162136.77355000027,440000.0000000002,371399.99999999994,324273.54710000055,1
11.461642696843066,12,10.936821754744528,1,94,2,1,0,2,3,0,0.0,4,0,12.233692676364548,65+,8.0,56207.41482999999,205599.9999999999,0.0,449659.3186399999,0
11.759793355371237,12,12.091511325881504,1,73,3,1,0,1,3,0,0.0,2,0,14.89392047945086,65+,8.0,178350.45089999962,2939999.9999999995,0.0,1426803.607199997,1
10.7706090484022,12,11.90554792375787,1,39,3,0,0,1,1,0,13.15289452230148,3,0,13.01176918994789,30-39,0.75,148084.91984000005,447650.0000000002,515500.0000000003,111063.68988000003,1
7.937731775260109,8,11.342280932513091,1,23,1,0,0,2,1,0,12.348877778786171,5,0,10.034559673629849,Under 30,0.25,84311.12224399998,22799.999999999996,230699.99999999942,21077.780560999996,1
10.902297921958713,9,11.875916329276292,1,52,2,1,0,2,3,0,12.973865689268807,5,0,10.929547069355774,50-59,4.0,143761.27255000002,55800.0,430999.9999999997,575045.0902000001,0
12.894209796826232,13,11.09644927542817,1,72,3,0,0,2,3,0,0.0,3,0,13.214032390746006,65+,8.0,65935.62124200001,548000.0,0.0,527484.9699360001,1
9.210440366976515,9,10.64914561257346,0,38,2,0,2,2,1,1,8.517393171418904,5,0,9.210440366976515,30-39,0.75,42155.561122000014,9999.99999999999,5000.000000000003,31616.67084150001,0
9.143345503151904,9,11.629960039799675,0,31,1,0,1,1,1,0,10.031044885951005,4,1,10.806733570889474,30-39,0.75,112414.82966000008,49350.99999999996,22720.00000000003,84311.12224500006,0
5.442417710521793,12,10.99291025098136,0,26,3,0,0,2,1,0,9.70448768268936,4,0,5.442417710521793,Under 30,0.25,59450.15030100008,229.99999999999994,16389.999999999993,14862.53757525002,0
5.707110264748875,8,9.383539618396709,0,60,2,0,0,2,3,0,0.0,4,0,5.707110264748875,60-64,6.0,11890.03006000001,299.9999999999999,0.0,71340.18036000006,0
5.568344503761097,6,9.470543987306163,0,45,1,0,0,2,3,0,9.575052927597383,5,0,5.568344503761097,40-49,2.0,12970.941883999983,260.99999999999994,14400.00000000001,25941.883767999967,0
5.707110264748875,11,10.769770904774589,1,53,2,0,0,2,1,0,12.00762780434872,5,1,8.575650760987806,50-59,4.0,47560.12024000005,5299.999999999997,163999.99999999988,190240.4809600002,0
10.933124826700707,12,12.744464937390438,1,82,3,1,0,2,3,0,12.38923135181669,4,0,14.73419881348037,65+,8.0,342649.0481000002,2506000.000000002,240200.0000000001,2741192.3848000015,0
7.00397413672268,8,9.69367212060944,0,68,2,0,0,2,3,0,0.0,2,0,7.00397413672268,65+,8.0,16213.677355,1099.9999999999998,0.0,129709.41884,0
9.072341873818893,9,11.59073968241829,1,56,2,1,0,1,3,0,12.22686008186036,4,0,12.360127606490812,50-59,4.0,108091.18236000005,233309.99999999965,204200.0000000004,432364.7294400002,0
17.04572193204536,12,16.506322244322213,1,67,3,1,0,2,1,0,0.0,5,0,19.110597718008204,65+,8.0,14743637.275000006,199355000.0000003,0.0,117949098.20000005,1
10.069044362997351,13,12.009446852348589,1,44,3,1,2,1,1,0,12.44706004423808,5,0,13.595612982764838,40-49,2.0,164298.59719000035,802600.0,254500.00000000023,328597.1943800007,1
10.860939421415225,8,11.649008066953392,1,56,3,0,1,2,3,1,12.201467056066164,5,0,10.860939421415225,50-59,4.0,114576.65330999994,52100.00000000003,199080.00000000012,458306.61323999974,0
8.006700845440367,8,10.540934738927314,0,65,1,0,0,2,1,0,0.0,4,0,8.006700845440367,65+,8.0,37831.91382800001,2999.9999999999995,0.0,302655.3106240001,0
7.601402334583733,8,11.730500418141489,1,49,3,0,2,1,1,0,12.45916715519238,5,0,12.185875040240456,40-49,2.0,124304.8597200003,196000.0000000001,257600.00000000058,248609.7194400006,0
8.000014093678072,9,11.686049021222916,1,34,3,0,2,1,1,0,12.56758934921002,5,0,10.40368691706082,30-39,0.75,118900.30059999996,32980.000000000065,287100.0,89175.22544999997,0
8.160803920954665,9,11.355019808159389,1,44,2,0,2,1,1,0,11.934401708017376,1,0,8.160803920954665,40-49,2.0,85392.03406799996,3499.9999999999977,152419.99999999985,170784.06813599993,0
9.852246888342531,12,13.028195276251832,1,48,2,1,2,1,1,0,12.613938203585018,5,0,9.852246888342531,40-49,2.0,455063.87775999994,18999.999999999985,300720.00000000006,910127.7555199999,0
9.97025795616998,13,12.323102772577544,1,53,3,1,0,1,1,0,12.793862088206213,5,0,13.36825579980822,50-59,4.0,224829.65931999942,639379.9999999995,360000.0000000001,899318.6372799977,0
0.0,11,11.485380194730258,0,33,1,0,0,2,1,0,9.99884318585288,1,0,8.936035096566041,30-39,0.75,97282.06412800006,7600.000000000004,21999.999999999993,72961.54809600004,0
11.401446268304223,12,11.704067376563522,0,28,3,0,0,1,1,0,4.61512051684126,5,0,12.527616143852606,Under 30,0.25,121062.12424999992,275849.99999999994,100.00000000000003,30265.53106249998,1
4.709530201312334,8,10.243692364956797,0,34,1,0,0,2,1,0,0.0,5,0,10.090423446880829,30-39,0.75,28103.707415000037,24110.000000000015,0.0,21077.780561250027,1
9.210440366976515,6,10.451325058234776,1,78,2,0,0,2,3,0,12.977571104102678,5,0,9.210440366976515,65+,8.0,34589.17835700002,9999.99999999999,432600.0000000003,276713.42685600015,0
13.43205299746908,13,14.298781248939571,1,39,3,1,2,1,1,0,13.81451105863119,2,0,14.92588704298759,30-39,0.75,1621367.735499997,3035499.999999998,998999.9999999995,1216025.8016249978,1
6.432940092739179,9,10.511947979456522,1,71,3,0,0,1,3,0,11.641327474774709,4,0,6.432940092739179,65+,8.0,36751.00200399998,620.9999999999999,113699.99999999997,294008.01603199984,0
7.576097340623111,4,10.386788464403516,1,43,2,0,0,2,1,0,10.13225525860056,4,0,7.576097340623111,40-49,2.0,32427.35470899998,1949.9999999999993,25140.00000000003,64854.70941799996,0
8.753213480544126,8,11.046019206267973,1,74,2,1,0,1,3,0,11.33381076072374,4,0,13.58273451278137,65+,8.0,62692.88577200012,792329.9999999997,83599.99999999996,501543.08617600094,1
8.517393171418904,9,11.580689440046534,1,43,1,1,4,1,1,0,12.813800816973192,3,0,11.082157933374816,40-49,2.0,107010.27053999992,64999.999999999956,367249.9999999997,214020.54107999985,0
14.159100971573958,12,12.778576674022425,1,77,3,1,0,1,2,0,11.51293546492023,5,0,14.883663982790228,65+,8.0,354539.07816000003,2910000.000000001,100000.00000000004,2836312.6252800003,1
14.137957034727313,8,14.860299722008838,1,37,3,1,3,1,2,0,0.0,5,0,15.299498846412597,30-39,0.75,2842798.0961999996,4410500.000000003,0.0,2132098.5721499994,1
8.517393171418904,8,9.818828007928497,0,78,2,0,0,2,3,0,0.0,5,0,8.853808274977197,65+,8.0,18375.50100200004,6999.999999999998,0.0,147004.00801600033,0
10.389026137075234,12,11.610542128340578,1,60,3,0,0,2,1,0,11.978550773342342,5,0,13.632249760221605,60-64,6.0,110253.00601000008,832550.0000000015,159300.00000000003,661518.0360600005,1
0.0,6,10.723251890363157,1,60,2,0,0,1,4,0,12.765691290604371,5,1,0.0,60-64,6.0,45398.29659299996,0.0,349999.9999999997,272389.7795579998,0
7.313886831633462,9,11.485380194730258,1,55,1,0,0,2,1,0,11.02843338315608,2,0,7.313886831633462,50-59,4.0,97282.06412800006,1499.9999999999998,61600.000000000124,389128.2565120002,0
16.13907415526752,14,15.719476568965046,1,52,3,1,2,1,1,0,0.0,4,0,17.163904769107276,50-59,4.0,6712462.424800004,28457000.000000037,0.0,26849849.699200016,1
14.74373025596054,12,14.015533975469058,1,64,3,1,0,1,1,0,14.841910870812914,2,0,16.138682382529087,60-64,6.0,1221430.3607000008,10208000.000000011,2791000.000000002,7328582.164200004,1
9.635673464721814,13,10.16365262239305,0,39,3,0,0,2,4,0,0.0,5,0,9.635673464721814,30-39,0.75,25941.88376800001,15300.000000000002,0.0,19456.412826000007,0
8.575650760987806,9,11.507358877993518,1,64,2,0,1,1,1,0,11.16889876511154,3,1,12.41024130687912,60-64,6.0,99443.88777600005,245300.00000000032,70890.00000000015,596663.3266560002,0
13.997832948091215,14,13.610953840057991,1,63,1,1,0,1,3,0,13.815511557963774,4,0,15.231363964044126,60-64,6.0,815007.51503,4120000.0,999999.9999999997,4890045.09018,0
9.90353755128617,13,13.801201249559051,1,57,3,1,1,1,1,0,13.560619598657231,2,0,14.691487915948768,50-59,4.0,985791.583169998,2401219.999999998,774999.9999999993,3943166.332679992,0
6.90875477931522,5,10.41957729248823,0,44,1,0,5,2,4,0,0.0,2,0,6.90875477931522,40-49,2.0,33508.26653300001,999.9999999999999,0.0,67016.53306600002,0
9.38437770918244,13,10.723251890363157,1,49,3,1,0,1,2,0,11.799614544567753,5,0,13.827380826734757,40-49,2.0,45398.29659299996,1011940.0,133200.0000000001,90796.59318599993,1
12.50532872995122,12,13.221931645723132,1,54,3,1,2,1,1,0,12.95039048795861,4,0,15.190938846567558,50-59,4.0,552345.9418799998,3956770.000000002,420999.9999999998,2209383.7675199993,1
12.853178505386332,12,12.474501794120156,1,34,3,1,1,1,1,0,12.763975538727223,1,0,13.655342979519684,30-39,0.75,261580.66132000062,852000.0,349399.9999999994,196185.49599000046,1
9.365290731974005,8,11.53944687502236,1,34,2,0,1,1,1,0,12.111217862017217,4,0,9.365290731974005,30-39,0.75,102686.62324999995,11674.999999999995,181900.0000000002,77014.96743749996,0
5.739792912179234,8,10.030126736355644,1,69,2,0,0,2,3,0,0.0,5,0,10.785414556982325,65+,8.0,22699.14829700001,48310.000000000044,0.0,181593.18637600009,0
9.250618218474752,9,11.234068703381135,0,60,2,0,0,2,3,0,9.405166749908611,3,0,9.418248450647615,60-64,6.0,75663.82765499984,12310.000000000005,12149.999999999993,453982.965929999,0
13.025854679664231,13,11.775556558297271,1,70,3,1,0,1,2,0,9.02653771890043,4,0,14.567775814305152,65+,8.0,130033.69238000002,2121800.0000000014,8320.000000000002,1040269.5390400002,1
10.360944044643912,14,14.70424615143954,1,46,3,1,2,2,1,0,13.41354083387756,1,0,15.017100826304077,40-49,2.0,2432051.6031999956,3325400.0000000084,669000.0000000006,4864103.206399991,0
7.972810784121404,13,11.883406949070103,1,63,3,0,0,2,1,0,12.283038316285214,4,0,7.972810784121404,60-64,6.0,144842.18437000012,2900.0000000000005,215999.99999999985,869053.1062200007,0
9.61587214452889,14,11.485380194730258,0,46,2,0,0,2,2,0,8.101980731853192,4,0,9.61587214452889,40-49,2.0,97282.06412800006,14999.99999999999,3299.999999999998,194564.1282560001,0
9.635673464721814,13,13.437610658719988,1,48,3,1,2,1,1,0,14.07710606547538,2,0,14.75836571047818,40-49,2.0,685298.09619,2567300.000000001,1298999.999999999,1370596.19238,1
8.716207971151853,9,11.781358436450864,1,37,2,0,0,1,1,0,12.874673515297118,2,0,12.390063641368316,30-39,0.75,130790.33066000005,240400.00000000032,390300.0000000003,98092.74799500004,1
8.764209507142004,11,10.897601753215405,0,54,3,1,1,2,1,0,9.561067663645012,4,1,10.904137815028022,50-59,4.0,54045.59118200007,54400.00000000003,14199.999999999989,216182.36472800028,0
8.517393171418904,11,11.30306069379871,1,39,3,0,0,1,1,0,9.39274525863144,4,0,8.517393171418904,30-39,0.75,81068.38677399996,5000.000000000003,11999.999999999978,60801.290080499966,0
7.601402334583733,8,11.329377681719818,1,71,1,1,0,1,3,0,0.0,4,0,12.185875040240456,65+,8.0,83230.21042100004,196000.0000000001,0.0,665841.6833680003,0
7.8713112033234065,7,11.549918073413814,1,45,1,0,1,1,1,0,12.355746175003237,4,1,11.925174178975013,40-49,2.0,103767.53506999994,151020.00000000017,232290.00000000023,207535.07013999988,0
13.586098651497313,14,14.497631996460148,1,58,3,0,0,2,2,0,12.73080413304066,2,0,15.70560607897058,50-59,4.0,1978068.6373000036,6619999.999999995,337999.99999999977,7912274.549200014,0
12.531487545936676,8,11.99620170679576,1,69,3,0,1,1,3,0,13.31050297651918,5,0,12.887706299082229,65+,8.0,162136.77355000027,395420.00000000105,603500.0000000006,1297094.1884000022,0
10.275085591132717,14,12.557717794903567,1,75,2,1,0,1,3,0,0.0,5,0,15.915857182738003,65+,8.0,284279.80961999943,8169000.000000003,0.0,2274238.4769599955,1
8.101980731853192,8,11.079920226254767,0,24,3,0,0,2,1,1,9.526682784921174,4,0,8.385032287813898,Under 30,0.25,64854.70941899998,4379.999999999997,13719.999999999989,16213.677354749994,0
6.2166061010848646,8,10.243692364956797,1,72,2,0,0,1,3,0,9.305741456739437,4,0,6.2166061010848646,65+,8.0,28103.707415000037,499.9999999999999,11000.000000000011,224829.6593200003,0
10.59665973278358,8,9.6246836542707,1,85,2,1,0,2,3,0,0.0,5,0,10.736418414365376,65+,8.0,15132.765531000001,46000.000000000044,0.0,121062.12424800001,0
10.100328195429285,14,11.74774208708152,1,60,3,1,0,2,1,0,12.264346270624156,4,0,10.100328195429285,60-64,6.0,126466.68337000003,24349.999999999978,211999.9999999998,758800.1002200001,0
8.517393171418904,9,11.20508155522288,1,60,2,1,0,2,3,0,12.644330802262578,2,0,12.40697467786825,60-64,6.0,73502.00400800005,244500.00000000012,310000.0000000002,441012.0240480003,0
13.161586013632684,12,11.144457783705516,1,65,3,1,0,1,3,0,7.783640596221253,5,0,14.900700164138025,65+,8.0,69178.35671300004,2960000.000000002,2399.999999999999,553426.8537040004,1
5.673323267171493,12,10.121094683881877,1,47,3,0,1,2,2,1,11.744838452135683,5,0,11.275949181024878,40-49,2.0,24860.97194400006,78900.00000000003,126100.00000000006,49721.94388800012,1
10.308985993422082,13,11.975999125353797,1,49,3,0,2,1,1,0,11.7451556078856,2,0,12.712893259942282,40-49,2.0,158894.03808000014,332000.0,126140.00000000003,317788.0761600003,1
7.696667081526462,12,10.792243293398966,1,45,2,0,2,1,1,0,11.429554725537322,3,0,7.696667081526462,40-49,2.0,48641.03206399999,2200.0,92000.00000000007,97282.06412799998,0
9.952325334619427,9,11.234068703381135,0,34,2,1,0,1,1,0,0.0,5,0,9.952325334619427,30-39,0.75,75663.82765499984,20999.99999999998,0.0,56747.87074124988,0
12.487488878546143,12,14.640003909997445,1,65,3,1,0,1,2,0,0.0,3,1,16.747504043841957,65+,8.0,2280723.947900002,18764999.999999985,0.0,18245791.583200015,1
9.77571099759397,5,10.699154876036824,1,85,3,0,0,1,3,0,0.0,5,0,9.77571099759397,65+,8.0,44317.38476999999,17600.00000000001,0.0,354539.0781599999,0
8.648396877031582,12,12.365461861933738,1,55,2,0,2,1,1,1,11.938199736300923,5,0,14.488363700505566,50-59,4.0,234557.86573000002,1959819.9999999998,152999.99999999965,938231.4629200001,1
2.3978952727983707,4,10.596503161315889,0,61,2,0,0,2,1,0,10.021315031649332,4,0,2.3978952727983707,60-64,6.0,39993.7374750001,10.000000000000002,22500.000000000015,239962.42485000062,0
7.107425474110705,9,10.74678187553037,0,37,1,0,0,1,2,0,9.6678285081515,1,1,9.37339415841248,30-39,0.75,46479.20841700003,11770.0,15800.00000000001,34859.40631275003,0
8.476579508530941,3,10.85678052964002,0,45,2,1,5,1,1,0,8.006700845440367,2,0,8.476579508530941,40-49,2.0,51883.76753500001,4800.000000000003,2999.9999999999995,103767.53507000003,0
12.926350926565435,9,13.315282799695568,1,77,3,1,0,1,3,0,13.282781802386296,5,0,15.475831870790858,65+,8.0,606391.5330699999,5260999.999999996,587000.0000000005,4851132.264559999,1
0.0,8,10.814221753204103,0,47,1,1,1,1,1,0,0.0,4,0,7.313886831633462,40-49,2.0,49721.943887999936,1499.9999999999998,0.0,99443.88777599987,0
9.71902370267014,10,10.41957729248823,1,68,2,1,0,2,3,0,0.0,2,0,12.610306996567475,65+,8.0,33508.26653300001,299629.99999999965,0.0,268066.1322640001,1
6.2166061010848646,12,9.98133877479715,0,21,0,0,0,2,1,0,12.470361978939785,3,1,8.922791623969637,Under 30,0.25,21618.236473000004,7500.0000000000055,260500.0000000003,5404.559118250001,1
8.926783114101351,13,10.482095840823945,0,33,2,1,2,2,1,0,11.697752214480175,2,0,9.771726021353874,30-39,0.75,35670.09018000006,17530.000000000004,120300.00000000009,26752.567635000043,0
10.012386799492118,12,11.234068703381135,1,62,2,0,0,2,1,0,11.352768449837727,4,0,12.494633082107216,60-64,6.0,75663.82765499984,266900.0000000001,85199.99999999978,453982.965929999,0
8.839421607620602,10,11.712956250852091,1,36,0,0,1,1,1,0,12.673576277384964,2,1,11.372524818667134,30-39,0.75,122143.03607000002,86899.99999999997,319200.0,91607.27705250001,0
5.081404364984463,12,10.204473075038807,0,76,3,0,0,2,3,0,0.0,4,0,5.081404364984463,65+,8.0,27022.79559099997,160.00000000000003,0.0,216182.36472799975,0
12.380618214206898,14,13.375802464383025,1,44,3,0,2,1,2,0,0.0,4,0,14.753617966007235,40-49,2.0,644223.4468899994,2555139.999999998,0.0,1288446.8937799989,1
9.13356731317027,9,11.47420700963637,0,45,2,0,3,2,4,0,11.0186455364637,4,0,11.965662124421383,40-49,2.0,96201.15230500007,157259.99999999977,60999.999999999956,192402.30461000014,0
9.581972891547895,11,11.248253152234346,1,84,2,1,0,1,3,0,0.0,5,0,13.137253960339487,65+,8.0,76744.73947899997,507499.9999999997,0.0,613957.9158319997,0
10.893047333337728,13,11.955379969271414,0,42,3,1,0,1,1,0,9.99884318585288,2,0,12.878509336811934,40-49,2.0,155651.30261,391800.0000000001,21999.999999999993,311302.60522,1
11.253130896005338,13,8.959769755180343,1,65,3,0,1,2,2,0,11.4642707916215,5,0,12.35931291105607,65+,8.0,7782.565130299994,233120.00000000012,95249.99999999993,62260.52104239995,1
6.8885724595653635,5,0.0,1,62,1,0,0,2,2,0,0.0,5,0,6.8885724595653635,60-64,6.0,0.0,980.0000000000003,0.0,0.0,1
9.648659816955297,8,11.518169685974078,1,46,2,0,2,1,2,0,13.001778670730356,5,0,9.648659816955297,40-49,2.0,100524.79959999991,15500.000000000036,443200.0000000006,201049.59919999982,0
0.0,9,10.31779779558084,0,37,2,0,0,2,2,0,10.434145214930489,5,0,0.0,30-39,0.75,30265.531061999973,0.0,34000.00000000006,22699.14829649998,0
10.463131911491969,14,12.115464434225991,1,74,1,1,0,2,3,0,13.122365377402328,4,0,14.70545772517636,65+,8.0,182674.0982000001,2434999.9999999995,499999.99999999977,1461392.7856000008,1
6.7226297948554485,8,10.451325058234776,1,65,1,0,1,2,1,0,10.470249176632354,4,0,6.723832440821209,65+,8.0,34589.17835700002,831.0000000000001,35249.999999999985,276713.42685600015,0
10.819798284210286,13,10.814221753204103,0,32,3,0,0,2,1,0,11.225256725762891,3,0,10.823790225800138,30-39,0.75,49721.943887999936,50199.999999999985,74999.9999999999,37291.457915999956,1
8.987321812850125,11,11.028627743384128,0,26,2,0,4,1,1,0,7.039660349862076,2,1,9.680406499268877,Under 30,0.25,61611.973947999984,16000.00000000003,1140.0000000000002,15402.993486999996,1
11.682676678340282,8,12.17852223565681,1,38,3,0,1,1,1,0,12.487488878546143,2,0,12.49275797139508,30-39,0.75,194564.12826000006,266399.9999999999,264999.99999999953,145923.09619500005,1
6.46302945692067,8,10.974561423798535,0,53,3,0,1,1,1,0,9.04793908261736,2,1,6.46302945692067,50-59,4.0,58369.23847699994,639.9999999999999,8500.000000000005,233476.95390799976,0
8.294299608857235,8,11.853101811967846,0,35,2,1,0,1,1,0,9.908524844053396,3,0,12.483708170000067,30-39,0.75,140518.53706999996,264000.00000000006,20099.999999999996,105388.90280249997,1
6.90875477931522,12,10.386788464403516,1,56,1,0,1,1,3,0,12.16212598264774,3,0,6.90875477931522,50-59,4.0,32427.35470899998,999.9999999999999,191400.0000000002,129709.41883599992,0
14.666516250125191,14,13.52803353863433,0,64,3,1,0,1,3,0,0.0,4,0,15.563318313818478,60-64,6.0,750152.8056099995,5741999.999999999,0.0,4500916.833659997,1
9.686636660844938,13,11.704067376563522,1,62,3,1,3,1,3,0,10.247112717290388,5,0,14.134764695944485,60-64,6.0,121062.12424999992,1376100.0000000023,28200.00000000005,726372.7454999995,1
8.987321812850125,14,11.845379821066128,0,45,2,0,1,1,1,0,9.61587214452889,2,0,12.978495316450784,40-49,2.0,139437.6252500001,433000.00000000093,14999.99999999999,278875.2505000002,1
11.770130288537445,9,13.696084481366324,1,49,3,1,0,1,1,0,13.8924725250259,5,0,14.491171236936903,40-49,2.0,887428.6072099999,1965329.9999999972,1080000.0000000002,1774857.2144199999,1
11.293537353157436,12,10.814221753204103,1,68,3,0,0,2,2,0,10.896757843893464,4,0,11.342149006315791,65+,8.0,49721.943887999936,84299.99999999985,54000.00000000001,397775.5511039995,0
7.313886831633462,8,11.92720927582913,0,38,2,0,1,1,1,0,10.624517374082323,4,0,9.770013301136158,30-39,0.75,151327.65530999997,17500.000000000015,41129.9999999999,113495.74148249999,0
10.382853468483829,12,11.079920226254767,1,43,3,1,4,1,1,0,11.970356641103,4,0,12.514663351075232,40-49,2.0,64854.70941899998,272299.99999999977,158000.00000000023,129709.41883799995,1
12.08391066125752,12,13.067781267650616,0,69,3,1,0,1,3,0,0.0,1,0,13.267330877756825,65+,8.0,473439.3787600011,578000.0000000005,0.0,3787515.030080009,0
12.971542813248435,14,14.61115576850123,1,50,3,1,2,1,2,0,13.304686600863562,3,0,15.510392135836833,50-59,4.0,2215869.2385,5446000.000000008,600000.0000000003,8863476.954,0
10.435614679722034,10,12.189572015326258,1,43,2,1,2,1,1,0,12.396697137361691,5,0,14.124502209924472,40-49,2.0,196725.95189999993,1362050.000000001,242000.00000000017,393451.90379999985,1
13.910821646859096,12,15.541974327556344,1,46,1,1,2,1,1,0,13.527829818844936,4,0,16.557962250196052,40-49,2.0,5620741.482999998,15524999.99999999,749999.9999999984,11241482.965999996,1
7.1316985104669115,9,11.781358436450864,1,72,3,0,1,1,1,0,11.672669046750936,3,1,7.1316985104669115,65+,8.0,130790.33066000005,1250.0000000000005,117320.00000000012,1046322.6452800004,0
10.988693712621323,8,10.835727530509162,1,67,2,1,0,2,1,0,10.12667110305036,5,0,12.917062200011111,65+,8.0,50802.85571100001,407199.99999999953,25000.000000000004,406422.8456880001,1
7.170888478512505,8,11.451478997511789,1,52,2,0,3,1,1,1,12.818554633046093,5,0,10.848968086540824,50-59,4.0,94039.3286570002,51479.99999999994,369000.0000000001,376157.3146280008,0
11.824087219587645,9,12.379191996605552,1,53,3,1,3,1,1,0,12.337982098521458,4,0,12.838675982261057,50-59,4.0,237800.60120000003,376500.00000000076,228200.00000000012,951202.4048000001,0
7.039660349862076,9,11.234068703381135,1,38,3,0,0,2,1,0,12.356649805075568,4,1,11.35206398467375,30-39,0.75,75663.82765499984,85140.00000000001,232500.00000000017,56747.87074124988,1
13.104201443434462,14,13.040001763028696,1,53,3,0,1,1,2,0,13.353476685668044,4,0,15.27063134338622,50-59,4.0,460468.4368700005,4285000.000000008,630000.0000000006,1841873.747480002,1
11.824233727927892,12,12.388241794252275,1,45,3,1,4,1,1,0,12.873519893823593,3,0,13.436474602568016,40-49,2.0,239962.42485000013,684519.9999999994,389849.99999999994,479924.84970000025,1
10.778977123006351,13,10.674462827538376,0,40,3,0,0,2,1,0,9.852246888342531,3,0,13.733216401013184,40-49,2.0,43236.47294599996,920999.9999999997,18999.999999999985,86472.94589199992,1
9.278092474027002,13,11.342280932513091,1,70,3,1,0,2,1,0,9.798182590890704,5,0,14.6089106827177,65+,8.0,84311.12224399998,2210900.000000002,17999.999999999993,674488.9779519999,1
9.44943600950432,12,11.92720927582913,1,48,0,0,2,1,1,0,12.80463713160417,2,0,13.44690906030109,40-49,2.0,151327.65530999997,691699.9999999997,363900.0000000003,302655.31061999995,1
12.395870352803575,14,13.123289297308162,1,49,3,1,2,1,2,0,12.928538308194955,4,0,13.79612486373942,40-49,2.0,500462.17435000034,980799.9999999995,411899.99999999953,1000924.3487000007,0
8.922791623969637,12,10.735086088875509,1,77,2,1,0,2,3,0,0.0,5,0,12.758522821680684,65+,8.0,45938.75250500002,347499.99999999953,0.0,367510.02004000015,0
6.398594934535208,8,11.028627743384128,0,48,2,0,0,2,4,0,0.0,1,0,7.378383712996715,40-49,2.0,61611.973947999984,1600.0000000000011,0.0,123223.94789599997,0
6.90875477931522,12,11.234068703381135,1,30,3,1,0,2,1,0,11.446796346169297,5,0,9.568084743872936,30-39,0.75,75663.82765499984,14300.000000000002,93600.00000000004,56747.87074124988,0
12.449022745701502,12,14.43564035276491,1,52,3,1,0,1,3,0,13.795308871054395,3,0,15.73990533094912,50-59,4.0,1859168.3366999999,6851000.000000018,979999.9999999979,7436673.3467999995,0
9.441531454869692,9,9.550580764956187,1,66,3,0,0,2,3,0,0.0,4,0,10.995427631436174,65+,8.0,14051.853706999998,59600.00000000004,0.0,112414.82965599999,0
0.0,-1,10.243692364956797,1,68,1,1,3,1,1,0,5.707110264748875,5,0,0.0,65+,8.0,28103.707415000037,0.0,299.9999999999999,224829.6593200003,0
13.161586013632684,9,13.585432002979864,1,64,3,1,0,1,1,0,0.0,5,0,15.699545455277171,60-64,6.0,794470.19038,6579999.999999993,0.0,4766821.14228,1
9.798182590890704,13,11.367598443988374,1,30,3,0,1,2,1,0,12.031129798974042,2,0,12.292254928916668,30-39,0.75,86472.94589200003,217999.99999999988,167900.00000000003,64854.70941900002,1
10.87806606028079,13,12.538523415812634,1,35,3,1,0,1,1,0,13.118357364036902,2,0,12.53897064502647,30-39,0.75,278875.2505000002,279000.0000000001,497999.9999999996,209156.43787500015,1
10.694237736914808,12,11.712956250852091,0,26,3,0,0,1,1,0,0.0,3,0,11.473155000731508,Under 30,0.25,122143.03607000002,96100.00000000006,0.0,30535.759017500004,1
14.014362236381237,12,13.855614617582932,1,49,3,1,3,1,1,0,0.0,4,0,15.119781354975958,40-49,2.0,1040918.0862000006,3684999.9999999995,0.0,2081836.1724000012,1
9.561067663645012,11,12.016004213152664,1,43,3,0,2,1,1,0,10.815790343132422,5,0,13.150369518580607,40-49,2.0,165379.50901999997,514199.9999999998,49799.99999999997,330759.01803999994,1
5.993961427306569,9,10.769770904774589,0,39,1,0,0,2,1,0,5.707110264748875,4,0,8.476579508530941,30-39,0.75,47560.12024000005,4800.000000000003,299.9999999999999,35670.090180000036,0
10.915106645867503,12,12.583985630506856,1,48,3,0,0,1,2,0,12.259618151783464,5,0,10.915106645867503,40-49,2.0,291846.1923799999,55000.00000000004,210999.99999999956,583692.3847599998,0
12.100717685412471,14,13.058606910830353,1,61,3,1,1,1,1,0,13.785052381406867,5,0,15.498199118011556,60-64,6.0,469115.73145999975,5379999.999999999,969999.9999999981,2814694.3887599986,1
5.771441123130016,5,10.85678052964002,0,42,1,0,3,1,1,1,6.647688373563329,2,0,5.771441123130016,40-49,2.0,51883.76753500001,320.0,769.9999999999998,103767.53507000003,0
0.6931471805599453,8,11.342280932513091,1,61,3,0,0,2,1,0,12.154784614286667,3,0,14.15341177310918,60-64,6.0,84311.12224399998,1402001.0000000028,189999.9999999999,505866.73346399993,1
10.518700218288163,12,11.20655104321948,1,80,3,1,0,1,3,0,0.0,5,0,13.73538559690802,65+,8.0,73610.09519000011,922999.9999999998,0.0,588880.7615200009,1
10.819798284210286,12,13.922875224529346,1,64,2,1,0,1,2,0,12.100717685412471,5,0,14.72376952136689,60-64,6.0,1113339.1783999996,2480000.0,180000.00000000003,6680035.070399998,0
5.993961427306569,-1,10.121094683881877,1,62,1,0,1,1,3,0,0.0,1,0,5.993961427306569,60-64,6.0,24860.97194400006,400.00000000000006,0.0,149165.83166400035,0
8.922791623969637,14,10.511947979456522,0,69,3,0,0,2,2,0,0.0,5,0,13.614007404994387,65+,8.0,36751.00200399998,817499.9999999998,0.0,294008.01603199984,1
11.302216779257382,12,11.248253152234346,0,28,2,1,0,2,1,0,8.268988209506656,1,0,12.034696963475044,Under 30,0.25,76744.73947899997,168500.0,3899.9999999999973,19186.18486974999,1
4.394449154672439,9,10.814221753204103,0,28,0,0,0,2,1,0,10.22451977466945,5,1,6.78105762593618,Under 30,0.25,49721.943887999936,880.0000000000003,27570.000000000022,12430.485971999984,0
7.313886831633462,8,11.518169685974078,0,48,2,1,1,1,2,0,9.852246888342531,4,0,7.313886831633462,40-49,2.0,100524.79959999991,1499.9999999999998,18999.999999999985,201049.59919999982,0
11.184435286790633,13,13.295480205381654,1,41,3,1,2,1,1,0,14.118574471006522,4,0,14.663308721750289,40-49,2.0,594501.5030099999,2334500.0000000037,1353999.9999999995,1189003.0060199997,1
11.338583982516496,12,12.583985630506856,1,62,1,1,0,1,1,0,0.0,5,0,15.241986948870666,60-64,6.0,291846.1923799999,4164000.000000001,0.0,1751077.1542799994,1
6.803505257608338,8,10.769770904774589,0,44,1,0,2,1,1,0,0.0,1,0,6.803505257608338,40-49,2.0,47560.12024000005,899.9999999999998,0.0,95120.2404800001,0
8.682877107057168,9,9.550580764956187,1,31,3,0,0,2,2,0,0.0,5,0,11.095908894882296,30-39,0.75,14051.853706999998,65900.00000000003,0.0,10538.890280249998,1
10.62135173563291,12,12.406099337875917,1,35,3,1,0,1,1,0,13.560619598657231,1,0,12.472279517715116,30-39,0.75,244286.0721399999,261000.00000000012,774999.9999999993,183214.55410499993,1
9.546884034617923,7,10.897601753215405,1,27,3,0,2,1,1,0,10.085850775128716,2,0,9.546884034617923,Under 30,0.25,54045.59118200007,13999.999999999969,23999.999999999945,13511.397795500017,1
12.049775497019708,13,10.792243293398966,0,59,3,1,0,2,2,0,9.546884034617923,4,0,12.049775497019708,50-59,4.0,48641.03206399999,171059.99999999988,13999.999999999969,194564.12825599997,0
8.006700845440367,8,9.383539618396709,1,63,2,0,0,2,3,0,8.922791623969637,5,0,8.006700845440367,60-64,6.0,11890.03006000001,2999.9999999999995,7500.0000000000055,71340.18036000006,0
14.557448378884017,14,13.787956036328172,1,84,3,1,0,1,2,0,0.0,3,0,17.038378443942648,65+,8.0,972820.6412800004,25099999.99999997,0.0,7782565.130240004,1
9.401043372798052,12,11.063113369269184,1,67,1,0,0,2,3,0,0.0,4,0,14.087140227230549,65+,8.0,63773.79759499985,1312099.9999999998,0.0,510190.3807599988,1
12.301387370778713,12,10.78778903482234,1,65,3,1,0,1,2,0,12.563750586299374,4,0,13.464194088864502,65+,8.0,48424.84969900007,703759.9999999995,286000.00000000023,387398.79759200057,1
8.042699496897637,4,11.367598443988374,1,49,2,1,1,1,1,0,12.338420212709783,5,0,8.042699496897637,40-49,2.0,86472.94589200003,3109.9999999999986,228300.00000000003,172945.89178400006,0
9.486531677712463,12,11.079920226254767,1,39,3,0,2,2,1,0,12.360084744326953,4,0,10.202888193567093,30-39,0.75,64854.70941899998,26980.000000000022,233299.99999999985,48641.03206424999,0
5.303304908059076,12,11.59073968241829,0,25,2,1,0,1,1,0,0.0,5,0,13.20890981299212,Under 30,0.25,108091.18236000005,545199.9999999997,0.0,27022.795590000012,1
7.462214939768189,14,9.69367212060944,1,77,2,1,0,2,3,0,10.12667110305036,5,1,7.462214939768189,65+,8.0,16213.677355,1739.9999999999998,25000.000000000004,129709.41884,0
0.0,8,10.674462827538376,1,63,2,0,0,2,1,0,10.968215530759236,2,0,0.0,60-64,6.0,43236.47294599996,0.0,58000.00000000003,259418.83767599973,0
0.6931471805599453,12,11.28963784015293,0,40,1,0,4,1,1,0,11.620891583095712,3,1,8.699848026000312,40-49,2.0,79987.47494999996,6001.0,111399.99999999994,159974.94989999992,0
11.527823929632197,12,12.712411006152932,0,61,3,1,0,1,1,0,12.409017571151187,4,0,14.873474795316463,60-64,6.0,331839.92986,2880499.999999993,244999.99999999997,1991039.5791599997,1
9.999751822506193,12,11.20508155522288,0,30,3,1,0,2,1,0,9.259225769705994,4,0,11.362346731473597,30-39,0.75,73502.00400800005,86020.00000000006,10500.000000000005,55126.503006000035,1
5.017279836814924,13,10.674462827538376,0,36,3,0,1,2,1,0,11.289794413577894,4,1,9.005895898094458,30-39,0.75,43236.47294599996,8150.0000000000055,80000.0,32427.354709499967,0
8.03947991910045,8,10.596503161315889,1,50,3,0,0,2,3,0,10.091666918814242,5,1,8.03947991910045,50-59,4.0,39993.7374750001,3100.0000000000005,24140.0,159974.9499000004,0
9.210440366976515,8,10.569104881654322,1,68,3,1,1,1,3,0,0.0,5,0,13.188152990599754,65+,8.0,38912.825651000036,533999.9999999997,0.0,311302.6052080003,1
5.673323267171493,3,10.16365262239305,0,71,3,0,0,2,3,0,0.0,3,0,5.673323267171493,65+,8.0,25941.88376800001,290.0000000000001,0.0,207535.07014400008,0
14.205524238561358,14,13.252762549097463,1,72,3,1,1,1,2,0,0.0,1,0,17.03682345076853,65+,8.0,569640.531059999,25061000.00000003,0.0,4557124.248479992,1
9.90353755128617,12,15.223039778432463,1,61,3,1,0,1,1,0,0.0,3,0,17.04072628312586,60-64,6.0,4085846.6933999956,25158999.99999996,0.0,24515080.160399973,1
10.518700218288163,12,11.890841876391685,0,27,2,1,0,1,1,0,8.517393171418904,2,0,11.498836682527129,Under 30,0.25,145923.09619000013,98600.0000000002,5000.000000000003,36480.77404750003,1
5.198497031265826,9,10.31779779558084,1,78,2,0,0,1,3,0,0.0,5,0,5.198497031265826,65+,8.0,30265.531061999973,180.00000000000006,0.0,242124.24849599978,0
9.186150133174966,10,11.30306069379871,1,56,3,1,3,2,1,0,12.160033942617156,4,0,11.587671090922406,50-59,4.0,81068.38677399996,107760.00000000006,191000.00000000015,324273.5470959998,0
12.506180941677355,12,12.753884131943826,1,46,3,0,3,1,1,0,14.06166804538688,4,0,12.709876675502672,40-49,2.0,345891.78357000026,330999.9999999998,1279099.9999999967,691783.5671400005,0
13.778131587760765,13,14.4121098681318,1,62,3,1,0,1,2,0,14.866332532446323,3,0,14.842738188531465,60-64,6.0,1815931.8637000017,2793310.0000000033,2859999.9999999986,10895591.18220001,0
11.924445538056746,13,11.756252709710797,1,58,3,1,2,1,2,0,11.232695556043486,2,0,15.356864685566904,50-59,4.0,127547.59519000025,4670910.000000004,75559.99999999994,510190.380760001,1
7.601402334583733,13,11.36384143864066,1,75,3,1,1,1,1,0,12.33885813503812,4,0,10.389026137075234,65+,8.0,86148.67234500007,32499.99999999997,228399.9999999998,689189.3787600006,0
12.206577518060588,13,11.90554792375787,0,29,2,0,0,1,1,0,0.0,2,0,12.346273621950562,Under 30,0.25,148084.91984000005,230099.99999999983,0.0,37021.22996000001,1
11.225256725762891,12,0.0,0,26,2,0,0,2,4,0,11.002116507732016,4,0,11.326607934898927,Under 30,0.25,0.0,83000.0,59999.99999999991,0.0,1
7.170888478512505,9,9.69367212060944,1,73,2,0,0,2,1,0,9.15915233520675,4,0,7.170888478512505,65+,8.0,16213.677355,1299.9999999999995,9500.000000000005,129709.41884,0
8.055475141757274,9,11.883406949070103,1,74,0,1,0,2,3,0,12.429220196836384,5,0,11.053283962966008,65+,8.0,144842.18437000012,63150.00000000003,250000.00000000023,1158737.474960001,0
2.3978952727983707,9,10.897601753215405,0,57,3,0,0,2,3,0,11.695255355062796,5,0,8.701346403039162,50-59,4.0,54045.59118200007,6010.0,120000.00000000025,216182.36472800028,0
8.343077871169383,12,10.540934738927314,0,52,2,0,4,1,1,0,9.717218213494077,4,0,8.343077871169383,50-59,4.0,37831.91382800001,4200.000000000004,16600.000000000007,151327.65531200005,0
3.044522437723423,7,9.550580764956187,0,70,2,0,0,2,3,0,6.836259277277067,4,0,3.044522437723423,65+,8.0,14051.853706999998,20.0,930.0000000000001,112414.82965599999,0
10.204369620451851,14,11.518169685974078,1,46,3,1,0,2,1,0,13.961946699975083,4,0,13.474457244214182,40-49,2.0,100524.79959999991,711020.0000000005,1157700.0000000007,201049.59919999982,1
10.477316144080852,12,11.773059697378924,1,59,3,0,0,2,1,0,12.077562908973375,4,0,13.618888433744171,50-59,4.0,129709.41884000013,821499.9999999992,175880.00000000006,518837.6753600005,1
10.471666571132038,14,12.966976792534302,1,58,3,1,3,1,1,0,12.441148720271016,5,0,14.271859509979912,50-59,4.0,428041.08215999993,1578299.9999999963,253000.0000000001,1712164.3286399997,0
10.106469212026385,12,13.545176792957616,1,57,2,1,1,1,1,0,0.0,4,0,15.183768486148065,50-59,4.0,763123.7474899993,3928500.0000000037,0.0,3052494.989959997,1
8.423102268016642,11,10.699154876036824,1,53,2,0,0,2,2,0,11.51293546492023,5,1,10.259447240740451,50-59,4.0,44317.38476999999,28549.99999999995,100000.00000000004,177269.53907999996,0
6.398594934535208,8,9.6246836542707,0,61,2,0,0,2,3,0,0.0,4,0,6.398594934535208,60-64,6.0,15132.765531000001,600.0,0.0,90796.59318600001,0
8.006700845440367,2,10.540934738927314,1,78,2,0,3,1,1,0,0.0,5,0,8.006700845440367,65+,8.0,37831.91382800001,2999.9999999999995,0.0,302655.3106240001,0
8.748463629942055,8,10.386788464403516,1,59,2,1,1,1,1,0,12.785773933914658,5,0,9.814710982145282,50-59,4.0,32427.35470899998,18300.0,357099.9999999997,129709.41883599992,0
8.19450550976564,11,10.386788464403516,0,40,1,0,1,2,4,1,4.709530201312334,5,1,9.360569085222874,40-49,2.0,32427.35470899998,11620.000000000004,109.99999999999997,64854.70941799996,0
5.303304908059076,6,9.69367212060944,0,46,1,0,1,2,3,0,0.0,5,0,5.303304908059076,40-49,2.0,16213.677355,200.0,0.0,32427.35471,0
7.828436359157585,10,10.16365262239305,0,75,2,0,0,1,3,0,9.283683766200392,4,0,7.828436359157585,65+,8.0,25941.88376800001,2510.000000000001,10759.999999999996,207535.07014400008,0
7.696667081526462,6,10.121094683881877,0,37,1,0,1,1,1,0,0.0,1,0,7.696667081526462,30-39,0.75,24860.97194400006,2200.0,0.0,18645.728958000043,0
10.203629181337648,12,11.159961747859198,1,40,2,0,3,1,2,0,12.74110588624638,4,0,12.487488878546143,40-49,2.0,70259.268537,264999.99999999953,341499.99999999977,140518.537074,1
7.741099090035366,4,11.175229004346514,1,45,1,0,1,2,1,0,11.098939154318382,5,1,10.499600568082863,40-49,2.0,71340.18036100005,36299.99999999999,66099.99999999996,142680.3607220001,0
11.211833885608511,8,11.639529406064158,1,58,2,1,0,1,1,0,13.096021455450709,4,0,12.498745990829317,50-59,4.0,113495.74147999997,268000.00000000023,486999.9999999998,453982.9659199999,0
9.210440366976515,13,11.59073968241829,1,67,2,0,0,1,1,0,11.902267966193309,5,0,9.433563920090563,65+,8.0,108091.18236000005,12500.0,147599.9999999999,864729.4588800004,0
8.537191877922927,9,11.42822238555616,1,58,2,0,1,1,1,0,11.221248757912162,5,0,8.537191877922927,50-59,4.0,91877.50500999982,5100.000000000004,74700.00000000004,367510.0200399993,0
8.79497643168877,9,11.392290774522229,1,49,2,0,0,1,1,1,11.550230883578887,4,0,12.699551683459443,40-49,2.0,88634.76953900007,327599.9999999994,103799.99999999999,177269.53907800015,1
13.727325037392315,14,15.07810579187094,1,63,3,1,3,1,2,0,14.666388146330195,4,0,16.485345849256724,60-64,6.0,3534581.663299992,14437589.999999981,2341699.9999999963,21207489.979799952,0
13.617060838751888,12,13.984983556671455,1,82,1,1,0,2,3,0,14.626441218624947,1,0,17.54409140295667,65+,8.0,1184679.358699998,41619999.999999925,2249999.999999997,9477434.869599983,1
9.116139576577355,11,11.010928456106528,0,30,2,0,3,2,1,0,10.203629181337648,2,0,10.39516093745751,30-39,0.75,60531.06212399997,32699.999999999996,26999.999999999978,45398.29659299998,0
8.071218539969863,3,11.234068703381135,1,40,2,0,2,1,1,0,10.129467078669546,2,0,9.012011377036412,40-49,2.0,75663.82765499984,8200.000000000007,25069.999999999993,151327.65530999968,0
10.306650011581617,12,11.451478997511789,0,29,3,0,0,2,1,0,8.798001694924846,2,0,11.450315749157804,Under 30,0.25,94039.3286570002,93930.00000000007,6619.999999999998,23509.83216425005,1
10.085850775128716,12,8.902618898708385,0,24,3,0,0,2,1,0,0.0,4,0,10.085850775128716,Under 30,0.25,7350.2004008,23999.999999999945,0.0,1837.5501002,1
12.180759965737863,12,14.4121098681318,1,68,3,1,0,1,3,0,0.0,3,0,16.125567765052597,65+,8.0,1815931.8637000017,10074999.999999985,0.0,14527454.909600014,0
16.1158933276236,13,15.846343272099071,1,72,3,1,0,1,3,0,11.170449240431308,4,0,18.952848990964775,65+,8.0,7620428.356699984,170262000.0000002,70999.99999999994,60963426.85359987,1
10.799595985047786,12,14.55600397401592,1,86,3,1,0,2,2,0,7.00397413672268,2,0,16.838128208973288,65+,8.0,2096968.937900002,20544999.99999997,1099.9999999999998,16775751.503200017,1
10.12667110305036,13,12.156049496587327,1,61,3,0,0,1,1,0,13.174957725054906,2,0,14.23750562376114,60-64,6.0,190240.48095999993,1525000.0000000005,527000.0,1141442.8857599995,1
8.071218539969863,7,10.243692364956797,1,59,2,0,2,2,1,0,10.968215530759236,5,0,8.071218539969863,50-59,4.0,28103.707415000037,3199.9999999999986,58000.00000000003,112414.82966000015,0
13.173058392858724,9,17.460027370321225,1,83,3,1,0,1,2,0,14.88022163978423,2,0,17.255479866192637,65+,8.0,38264278.55699994,31185999.999999974,2900000.0000000014,306114228.4559995,0
7.696667081526462,3,10.386788464403516,0,67,2,0,0,2,3,1,0.0,5,0,7.696667081526462,65+,8.0,32427.35470899998,2200.0,0.0,259418.83767199985,0
12.742568940017076,12,12.715663031744286,1,71,3,1,0,1,2,0,13.910821646859096,4,0,13.991143965533254,65+,8.0,332920.8416800002,1191999.9999999995,1100000.0000000016,2663366.7334400015,0
10.085850775128716,13,11.53944687502236,1,38,3,1,0,2,1,0,12.754196944209095,4,0,11.870606902224589,30-39,0.75,102686.62324999995,143000.00000000035,346000.0,77014.96743749996,1
8.699681400989514,13,11.853101811967846,1,75,3,0,0,1,3,0,6.90875477931522,4,0,14.067047961384375,65+,8.0,140518.53706999996,1285999.999999999,999.9999999999999,1124148.2965599997,1
14.973931763302796,14,16.271008175358833,1,62,3,1,0,1,2,0,14.2048469616491,4,0,17.829655057077566,60-64,6.0,11652229.459000004,55375900.000000045,1475999.999999999,69913376.75400002,0
11.665912611011652,13,11.920040833915293,0,36,2,1,0,1,1,0,0.0,5,0,13.19287962130343,30-39,0.75,150246.74348999996,536529.9999999997,0.0,112685.05761749997,1
9.763708110007842,9,11.485380194730258,1,57,3,0,0,1,3,0,11.840075816082267,2,1,11.83058615444162,50-59,4.0,97282.06412800006,137390.00000000035,138699.99999999994,389128.2565120002,0
10.389026137075234,9,10.835727530509162,1,80,1,1,0,2,1,0,11.87757552297847,5,0,11.149096419938578,65+,8.0,50802.85571100001,69499.99999999996,144000.0,406422.8456880001,0
12.506180941677355,14,12.616775342823493,1,64,3,1,0,1,2,0,0.0,4,0,14.354924221672386,60-64,6.0,301574.39880000026,1714999.999999999,0.0,1809446.3928000014,0
12.208574513247497,14,13.198168194815793,1,94,3,1,0,2,3,0,3.044522437723423,5,0,15.931826432390933,65+,8.0,539374.9999999997,8300500.000000018,20.0,4314999.999999997,1
12.28765724080691,14,13.21407307340261,1,41,3,1,0,1,1,0,13.7107065540917,4,0,12.417147664184917,40-49,2.0,548022.2945899998,247000.00000000052,900499.9999999995,1096044.5891799997,0
9.39274525863144,3,11.560280761065794,1,57,2,0,1,1,2,0,0.0,5,0,12.216027926866138,50-59,4.0,104848.44688999999,202000.0000000001,0.0,419393.78755999997,0
9.933580192843298,9,10.64914561257346,1,74,2,1,0,1,3,0,0.0,3,0,9.933580192843298,65+,8.0,42155.561122000014,20610.00000000001,0.0,337244.4889760001,0
8.732465848349879,13,10.491145423783587,1,61,3,1,0,2,3,0,0.0,3,0,12.918289341588247,60-64,6.0,35994.36372699993,407700.0000000003,0.0,215966.18236199958,1
13.258642740896052,12,14.331571051876937,1,63,3,1,1,1,1,0,13.461775573819727,5,0,14.968295641276963,60-64,6.0,1675413.3267000017,3167000.000000001,702060.0000000002,10052479.96020001,0
8.412054873292933,8,11.773059697378924,1,56,2,0,1,1,1,0,11.713013263308127,5,0,11.218567827096358,50-59,4.0,129709.41884000013,74500.00000000001,122150.00000000003,518837.6753600005,0
13.229244536297962,12,15.749613658963774,1,70,3,1,0,1,3,0,15.24582204373536,5,0,17.248413335961825,65+,8.0,6917835.671299995,30966399.999999963,4180000.000000002,55342685.37039996,0
8.533263371593732,12,10.723251890363157,0,54,2,1,0,2,1,0,10.778977123006351,3,0,11.199323694032696,50-59,4.0,45398.29659299996,73079.99999999997,48000.00000000004,181593.18637199985,0
8.665785595466064,8,11.010928456106528,1,51,1,0,2,1,3,0,11.759011806144656,2,0,8.665785595466064,50-59,4.0,60531.06212399997,5799.999999999996,127899.99999999993,242124.24849599987,0
11.156264806643742,8,10.699154876036824,1,47,3,0,1,2,2,0,11.736077016252436,1,1,11.156264806643742,40-49,2.0,44317.38476999999,70000.00000000001,124999.99999999967,88634.76953999998,0
10.322230781590136,12,12.073162291050108,1,51,3,1,2,1,1,0,12.55490038050369,2,0,14.341067737556289,50-59,4.0,175107.7154300003,1691400.0000000023,283480.0,700430.8617200012,1
6.398594934535208,13,10.99291025098136,0,32,3,0,0,2,1,0,10.458837110181584,2,0,6.398594934535208,30-39,0.75,59450.15030100008,600.0,34849.99999999998,44587.61272575006,0
10.196194479235656,8,11.063113369269184,1,70,2,1,0,1,3,0,12.354496960983983,2,0,10.196194479235656,65+,8.0,63773.79759499985,26800.000000000022,231999.99999999956,510190.3807599988,0
8.987321812850125,1,10.121094683881877,1,48,1,0,4,1,1,0,11.277215789596893,2,1,8.987321812850125,40-49,2.0,24860.97194400006,8000.0000000000055,79000.00000000006,49721.94388800012,0
14.830741600012107,14,17.72115226917416,1,75,3,1,0,1,2,0,0.0,1,1,19.22807137433037,65+,8.0,49681950.15000004,224205000.00000086,0.0,397455601.20000035,0
7.937731775260109,2,10.030126736355644,0,63,3,0,0,2,1,0,0.0,2,0,7.937731775260109,60-64,6.0,22699.14829700001,2800.000000000001,0.0,136194.88978200007,0
10.823790225800138,8,11.010928456106528,1,80,3,1,0,2,3,0,10.778977123006351,5,0,10.823790225800138,65+,8.0,60531.06212399997,50199.999999999985,48000.00000000004,484248.49699199974,0
0.0,6,10.030126736355644,1,51,3,0,0,2,3,0,0.0,3,0,10.165890277802454,50-59,4.0,22699.14829700001,25999.999999999985,0.0,90796.59318800004,0
11.87757552297847,12,12.65888669142232,1,77,3,1,0,1,3,0,12.468440756144114,5,0,13.804450621726684,65+,8.0,314545.3406799999,988999.9999999998,259999.9999999998,2516362.7254399993,0
13.61217085943569,13,12.763215432517898,1,34,3,1,2,1,1,0,13.119561455685307,5,0,14.68931165557966,30-39,0.75,349134.51904000004,2395999.999999999,498600.0,261850.88928000003,1
9.741027444837728,12,11.912820634128884,1,70,3,1,0,2,3,0,11.06665398721974,5,0,14.186384911433706,65+,8.0,149165.83166000003,1448999.9999999993,63999.99999999997,1193326.6532800002,1
12.01974909141692,14,12.278869718770531,1,78,3,1,0,1,3,0,12.660331092405906,4,0,15.332394708182214,65+,8.0,215101.45290999996,4558000.000000001,315000.0000000002,1720811.6232799997,1
6.621405651764134,9,11.756252709710797,0,41,3,0,3,1,1,0,8.53915035876828,4,0,9.31928445896536,40-49,2.0,127547.59519000025,11149.999999999975,5110.000000000004,255095.1903800005,0
10.150386692204734,10,11.046019206267973,1,70,3,1,0,1,3,0,0.0,5,0,13.216947839393717,65+,8.0,62692.88577200012,549600.0000000003,0.0,501543.08617600094,1
10.401258331428318,13,10.792243293398966,1,73,3,1,0,2,3,0,0.0,2,0,13.710040036256004,65+,8.0,48641.03206399999,899899.9999999997,0.0,389128.25651199993,1
17.47140186208969,12,15.621957848198768,1,76,3,1,0,1,2,0,0.0,2,0,17.832307925295694,65+,8.0,6088776.302599995,55523000.00000001,0.0,48710210.42079996,1
12.170450649220747,9,17.385571664812293,1,69,3,1,0,1,2,0,16.40169447327934,2,0,17.16657190517977,65+,8.0,35518762.525,28532999.999999963,13279000.000000015,284150100.2,0
6.621405651764134,10,10.723251890363157,0,65,2,0,0,2,1,0,3.9318256327243257,4,0,7.1316985104669115,65+,8.0,45398.29659299996,1250.0000000000005,50.0,363186.3727439997,0
8.73568594451502,12,10.792243293398966,0,32,1,0,0,2,1,0,11.6172944892629,3,0,10.60214452626967,30-39,0.75,48641.03206399999,40219.999999999985,111000.00000000004,36480.77404799999,1
8.922791623969637,4,10.31779779558084,1,70,2,0,1,2,1,0,8.137688184977605,5,0,8.922791623969637,65+,8.0,30265.531061999973,7500.0000000000055,3420.0000000000027,242124.24849599978,0
10.819798284210286,9,14.741755985038507,1,76,3,1,0,1,2,0,14.240778946963175,4,0,16.440831183884026,65+,8.0,2525010.019999995,13809000.0,1529999.9999999988,20200080.15999996,0
8.131824785007195,14,11.367598443988374,1,63,3,0,0,2,1,0,12.357079818283598,4,0,11.256754979390998,60-64,6.0,86472.94589200003,77399.99999999996,232599.9999999998,518837.67535200017,0
9.453364978883542,10,12.156049496587327,1,50,3,0,2,1,1,0,12.744905382854366,4,0,12.569503218732468,50-59,4.0,190240.48095999993,287650.0,342800.0000000002,760961.9238399997,0
7.244941546337007,5,9.930047914868677,0,68,3,1,0,2,3,0,0.0,4,0,7.244941546337007,65+,8.0,20537.32464900002,1399.9999999999995,0.0,164298.59719200016,0
8.289288323000317,12,11.175229004346514,1,49,3,0,2,1,1,0,11.951186847493476,4,0,10.16512078063086,40-49,2.0,71340.18036100005,25979.999999999945,155000.00000000012,142680.3607220001,0
2.4849066497880004,5,10.030126736355644,0,44,1,0,2,1,4,0,9.21054035197885,2,1,2.4849066497880004,40-49,2.0,22699.14829700001,11.0,10001.000000000005,45398.29659400002,0
12.220966184120163,11,13.51059125943167,1,65,2,1,0,1,2,0,10.69650269224425,4,0,14.520092610465133,65+,8.0,737181.8637299995,2022999.9999999981,44200.00000000001,5897454.909839996,0
8.839421607620602,9,12.308574737108612,1,63,1,0,1,1,1,0,5.442417710521793,4,0,14.369338773020315,60-64,6.0,221586.92385000005,1739899.9999999963,229.99999999999994,1329521.5431000004,1
9.210440366976515,8,10.674462827538376,1,48,1,1,3,2,1,0,0.0,4,0,9.210440366976515,40-49,2.0,43236.47294599996,9999.99999999999,0.0,86472.94589199992,0
5.14166355650266,8,9.383539618396709,1,64,0,0,0,2,3,0,0.0,4,0,5.14166355650266,60-64,6.0,11890.03006000001,170.00000000000009,0.0,71340.18036000006,0
6.580639137284949,8,10.35288797609956,0,43,2,0,1,2,1,0,6.803505257608338,4,0,7.438971592395862,40-49,2.0,31346.442886000004,1700.0,899.9999999999998,62692.88577200001,0
0.0,12,10.897601753215405,0,72,1,0,1,2,3,0,11.29254060496562,5,0,9.295692039075686,65+,8.0,54045.59118200007,10889.99999999999,80220.00000000001,432364.72945600055,0
5.707110264748875,8,11.73915841150484,1,43,2,0,2,1,1,0,12.06220804876586,2,1,5.707110264748875,40-49,2.0,125385.7715399999,299.9999999999999,173200.00000000017,250771.5430799998,0
8.294299608857235,13,11.59073968241829,0,34,1,1,0,2,1,0,11.849404844423074,3,0,11.362114203075018,30-39,0.75,108091.18236000005,86000.00000000001,139999.9999999999,81068.38677000004,1
8.517393171418904,11,11.355019808159389,1,58,2,0,0,1,1,0,11.528710227525677,2,0,8.517393171418904,50-59,4.0,85392.03406799996,5000.000000000003,101590.00000000006,341568.13627199986,0
9.35018926709258,11,10.623170750425082,1,63,2,0,0,1,1,0,0.0,5,0,10.442929787247998,60-64,6.0,41074.649299000004,34300.00000000003,0.0,246447.895794,0
8.612685172875459,10,11.09644927542817,1,60,3,0,0,2,3,0,12.20772627752683,5,0,12.519060557144618,60-64,6.0,65935.62124200001,273499.9999999999,200329.99999999994,395613.727452,0
11.277215789596893,13,12.423643576356817,1,49,3,1,2,1,1,0,13.389333939650964,4,0,13.874723360102744,40-49,2.0,248609.71944000028,1060999.9999999986,653000.0000000001,497219.43888000055,1
10.66897865021924,8,12.462027667884662,1,57,2,1,2,1,2,0,13.30635187740947,5,0,13.798365416422785,50-59,4.0,258337.92584999983,983000.0000000006,600999.9999999997,1033351.7033999993,0
0.6931471805599453,8,10.121094683881877,0,41,1,0,2,2,1,0,9.581972891547895,2,1,0.6931471805599453,40-49,2.0,24860.97194400006,1.0,14500.000000000004,49721.94388800012,0
8.268988209506656,8,10.897601753215405,0,40,2,0,3,1,1,0,8.933400396056303,5,0,11.3373928113354,40-49,2.0,54045.59118200007,83900.00000000003,7579.999999999994,108091.18236400014,0
11.695255355062796,14,10.835727530509162,0,67,3,1,0,2,3,0,0.0,5,0,15.2845365468312,65+,8.0,50802.85571100001,4344999.999999999,0.0,406422.8456880001,1
5.442417710521793,14,10.623170750425082,1,63,2,0,0,2,2,0,12.370319331596598,1,1,11.054549966205157,60-64,6.0,41074.649299000004,63229.99999999998,235700.00000000015,246447.895794,0
7.403061091090091,2,11.549918073413814,1,33,2,0,3,1,1,0,11.853894717697292,5,0,12.214244167517736,30-39,0.75,103767.53506999994,201640.00000000006,140630.00000000003,77825.65130249996,1
5.638354669333745,11,9.98133877479715,0,68,2,0,0,2,3,0,9.61587214452889,5,1,6.274762021241939,65+,8.0,21618.236473000004,530.0,14999.99999999999,172945.89178400004,0
10.691967639914864,12,12.757004250263083,1,58,3,0,0,1,1,0,0.0,5,0,15.604599965748736,50-59,4.0,346972.69538999954,5984000.000000004,0.0,1387890.7815599982,1
7.601402334583733,12,10.897601753215405,1,50,3,1,0,2,1,0,12.206077645517674,4,0,10.968215530759236,50-59,4.0,54045.59118200007,58000.00000000003,199999.99999999997,216182.36472800028,0
10.214678610538815,13,11.805849271474132,1,54,3,1,1,1,1,0,4.51085950651685,4,0,14.019512879210929,50-59,4.0,134033.06612999988,1226300.0000000007,89.99999999999997,536132.2645199995,1
12.230770136157428,12,12.645045684334336,1,49,3,1,1,1,1,0,13.583579761650238,2,0,14.23960178456,40-49,2.0,310221.6933900007,1528199.9999999974,793000.0000000003,620443.3867800015,1
10.389026137075234,12,12.303684773907628,1,44,3,0,2,1,1,0,12.587931300962664,4,0,13.563840209208331,40-49,2.0,220506.01201999988,777499.9999999991,293000.0000000001,441012.02403999976,1
12.812029342152709,13,12.725356131972566,1,41,3,0,1,1,1,0,13.49254805258237,4,0,14.524826811666395,40-49,2.0,336163.5771500001,2032599.999999998,724000.0000000005,672327.1543000002,1
8.699681400989514,12,12.273831948190525,1,57,3,0,0,2,1,1,12.12541016250223,5,0,14.174932425651066,50-59,4.0,214020.5410800005,1432499.9999999988,184499.99999999997,856082.164320002,1
11.156264806643742,13,13.858725036945792,1,53,3,1,0,1,1,0,13.997832948091215,4,0,15.7599912572715,50-59,4.0,1044160.8216000001,6990000.000000002,1200000.0000000005,4176643.2864000006,1
8.071218539969863,8,10.699154876036824,0,21,0,0,0,1,1,0,9.862717639992916,2,0,8.071218539969863,Under 30,0.25,44317.38476999999,3199.9999999999986,19199.99999999998,11079.346192499997,0
0.0,7,9.69367212060944,0,37,2,0,0,2,4,1,0.0,1,0,0.0,30-39,0.75,16213.677355,0.0,0.0,12160.25801625,0
7.378383712996715,4,10.792243293398966,1,68,2,0,0,1,3,0,8.294299608857235,4,0,11.860768522363712,65+,8.0,48641.03206399999,141599.9999999999,4000.0000000000014,389128.25651199993,0
13.369225017834632,12,15.846343272099071,1,65,3,1,0,1,2,0,14.68638584489304,1,0,15.182367480098616,65+,8.0,7620428.356699984,3923000.0,2388999.9999999986,60963426.85359987,0
16.222545842396755,12,13.277131097857144,1,78,2,1,0,1,2,0,14.883663982790228,5,0,17.967353306852555,65+,8.0,583692.3847699993,63551000.00000006,2910000.000000001,4669539.078159994,1
9.870499376709148,12,11.934326696707894,1,40,3,1,2,1,1,0,12.35017731849889,5,0,12.195269501134888,40-49,2.0,152408.56712999992,197849.99999999985,231000.0000000001,304817.13425999985,0
13.899760709610884,13,14.369550277686788,1,42,3,1,1,1,1,0,15.216693777883304,1,0,15.451376357017326,40-49,2.0,1740268.0361000004,5133899.999999995,4060000.0,3480536.0722000008,1
10.463131911491969,12,12.60958109112215,1,61,3,0,0,1,3,0,12.19602736016897,1,0,11.418625774449596,60-64,6.0,299412.5751500002,90999.99999999991,198000.00000000006,1796475.4509000015,0
8.665785595466064,9,10.936821754744528,1,42,2,0,0,2,1,0,6.154858094016418,5,0,8.665785595466064,40-49,2.0,56207.41482999999,5799.999999999996,470.0,112414.82965999997,0
9.259225769705994,9,12.161715204458655,1,54,3,0,0,1,3,0,12.748399843328054,3,0,13.370005961597958,50-59,4.0,191321.39279000013,640500.0000000003,343999.99999999977,765285.5711600005,0
10.203629181337648,12,12.423643576356817,1,37,3,0,1,1,2,0,14.18431237326354,5,0,12.535379989788607,30-39,0.75,248609.71944000028,278000.0000000002,1445999.999999999,186457.28958000022,1
6.55250788703459,8,10.31779779558084,0,29,1,0,3,2,1,0,8.45553053102413,2,1,6.55250788703459,Under 30,0.25,30265.531061999973,700.0,4700.000000000002,7566.382765499993,0
9.66147968357552,12,12.2378385168098,1,47,2,0,0,1,1,0,12.85840043573314,3,0,14.29620743510127,40-49,2.0,206454.1583200005,1617199.9999999993,384000.00000000006,412908.316640001,1
8.517393171418904,2,10.204473075038807,1,74,1,1,1,1,3,0,10.275085591132717,4,0,8.517393171418904,65+,8.0,27022.79559099997,5000.000000000003,29000.000000000047,216182.36472799975,0
8.853808274977197,12,11.610542128340578,1,58,2,1,1,2,1,0,11.814517839013352,5,0,13.079457964073546,50-59,4.0,110253.00601000008,479000.00000000035,135200.00000000003,441012.02404000034,1
16.21974939501905,12,15.143217525341528,1,75,3,1,0,1,3,1,0.0,5,0,16.884028547733916,65+,8.0,3772382.2645000014,21509999.99999999,0.0,30179058.11600001,0
5.993961427306569,2,10.35288797609956,0,67,2,0,0,1,3,0,0.0,4,0,5.993961427306569,65+,8.0,31346.442886000004,400.00000000000006,0.0,250771.54308800003,0
10.463131911491969,12,11.90554792375787,1,43,3,1,2,1,1,0,12.44588057164006,3,0,13.586098651497313,40-49,2.0,148084.91984000005,794999.9999999998,254200.00000000017,296169.8396800001,1
11.884495917930655,14,12.184062387617733,1,94,2,1,1,2,3,0,9.472781556562168,3,0,14.915788458730091,65+,8.0,195645.04007999995,3004999.9999999986,12999.999999999995,1565160.3206399996,1
10.820797764563748,9,10.699154876036824,1,73,2,1,0,2,3,0,0.0,4,0,13.169344286811368,65+,8.0,44317.38476999999,524050.00000000023,0.0,354539.0781599999,1
8.071218539969863,8,11.560280761065794,0,20,2,1,0,1,2,0,7.696667081526462,1,0,9.38437770918244,Under 30,0.25,104848.44688999999,11899.999999999998,2200.0,26212.111722499998,0
14.583315666567332,13,14.338001938359346,0,46,3,0,2,1,2,0,10.308985993422082,5,0,16.13283952391377,40-49,2.0,1686222.4449000014,10148530.000000004,29999.99999999999,3372444.889800003,1
8.533263371593732,8,11.190266672490848,0,35,2,0,3,1,1,0,9.928228944424577,5,0,8.533263371593732,30-39,0.75,72421.09218400005,5079.999999999998,20500.00000000003,54315.819138000035,0
12.707456838931174,12,12.857680640569662,1,46,3,1,3,1,2,0,13.910821646859096,5,0,13.972686086890684,40-49,2.0,383723.69738999987,1170199.9999999998,1100000.0000000016,767447.3947799997,1
8.294299608857235,8,11.234068703381135,1,27,2,0,0,1,1,0,5.017279836814924,3,0,8.294299608857235,Under 30,0.25,75663.82765499984,4000.0000000000014,150.0,18915.95691374996,0
10.381304329495126,12,12.651990134355827,1,55,3,1,1,1,1,0,12.646908114973671,2,0,14.748953741853596,50-59,4.0,312383.5170300002,2543249.999999995,310800.0000000002,1249534.068120001,1
7.378383712996715,8,10.386788464403516,1,56,1,0,0,2,1,0,11.405351390085748,4,0,9.358846580275406,50-59,4.0,32427.35470899998,11599.999999999993,89799.99999999994,129709.41883599992,0
13.130333531178522,12,14.951106139427749,1,70,2,1,0,1,2,0,0.0,5,0,16.278853114986294,65+,8.0,3113026.052100004,11744000.0,0.0,24904208.416800033,0
7.824445930877619,8,11.159961747859198,1,55,2,0,1,1,1,0,11.78296023574194,2,0,7.824445930877619,50-59,4.0,70259.268537,2500.0000000000005,131000.0000000002,281037.074148,0
8.846640813100485,8,11.962300367785083,1,48,2,0,1,1,1,0,12.43181681231066,5,0,12.685255887910383,40-49,2.0,156732.2144299997,322949.99999999965,250649.9999999996,313464.4288599994,1
0.6931471805599453,8,11.190266672490848,0,30,1,0,2,1,3,0,7.313886831633462,4,1,0.6931471805599453,30-39,0.75,72421.09218400005,1.0,1499.9999999999998,54315.819138000035,0
13.112517061141457,11,14.400133683760268,1,62,3,1,0,1,3,0,13.457407451830088,3,0,15.921241120223726,60-64,6.0,1794313.6273000003,8213099.999999995,698999.9999999995,10765881.763800003,0
5.860786223465865,12,10.64914561257346,0,43,3,0,0,2,1,0,10.463131911491969,5,0,5.860786223465865,40-49,2.0,42155.561122000014,349.9999999999999,35000.00000000007,84311.12224400003,0
7.696667081526462,12,11.380020821211884,0,27,2,0,0,2,1,0,10.373522431293592,4,1,11.01206667357142,Under 30,0.25,87553.85771500022,60599.999999999985,31999.999999999993,21888.464428750056,1
5.017279836814924,9,9.470543987306163,0,56,1,0,1,2,3,0,0.0,5,0,8.756367559802975,50-59,4.0,12970.941883999983,6349.999999999999,0.0,51883.767535999934,0
8.977398978181862,10,11.496429917961311,1,29,1,0,1,1,1,0,12.261322851009153,2,0,9.541225601728613,Under 30,0.25,98362.9759519998,13921.000000000011,211359.99999999983,24590.74398799995,0
8.006700845440367,9,11.549918073413814,0,35,3,0,1,1,4,0,11.902742105301057,4,0,8.343077871169383,30-39,0.75,103767.53506999994,4200.000000000004,147670.00000000003,77825.65130249996,0
6.7464121285733745,2,9.875983398597374,0,43,2,1,2,1,1,0,0.0,5,0,6.7464121285733745,40-49,2.0,19456.412826000007,850.0000000000002,0.0,38912.825652000014,0
13.122365377402328,13,14.278578554215343,1,58,0,1,0,1,2,0,10.491301994830229,5,0,14.8013277256213,50-59,4.0,1588940.3807999992,2680000.000000006,35999.99999999998,6355761.523199997,0
11.006274448725538,8,11.128709656194046,1,59,2,0,1,2,1,0,11.695255355062796,5,0,11.006274448725538,50-59,4.0,68097.44488999996,60250.000000000015,120000.00000000025,272389.7795599998,0
9.39274525863144,13,11.639529406064158,0,27,2,1,0,1,1,0,11.156264806643742,2,0,10.085850775128716,Under 30,0.25,113495.74147999997,23999.999999999945,70000.00000000001,28373.935369999992,0
13.796328757914972,12,13.231668803461035,1,69,2,1,0,1,2,0,13.118357364036902,2,0,14.33266073948437,65+,8.0,557750.5009999993,1677239.9999999986,497999.9999999996,4462004.007999995,0
9.764857469366598,9,10.897601753215405,0,32,3,0,0,2,1,0,6.825460036255307,2,0,9.9480306152868,30-39,0.75,54045.59118200007,20910.000000000015,920.0,40534.193386500054,0
0.0,2,9.818828007928497,1,61,1,0,0,2,3,0,0.0,4,0,6.90875477931522,60-64,6.0,18375.50100200004,999.9999999999999,0.0,110253.00601200025,0
11.225256725762891,14,14.050320063607716,1,53,3,1,0,1,1,0,13.34550852871726,4,0,16.079874542034222,50-59,4.0,1264666.8336999975,9625000.000000017,625000.0000000014,5058667.33479999,1
10.466839210553566,14,11.92720927582913,1,76,3,1,0,1,2,0,12.614735967230027,3,0,12.628496471574028,65+,8.0,151327.65530999997,305130.0000000002,300959.9999999997,1210621.2424799998,0
11.456365695436428,11,10.85678052964002,0,31,3,1,0,1,2,0,10.275085591132717,5,0,11.870606902224589,30-39,0.75,51883.76753500001,143000.00000000035,29000.000000000047,38912.82565125001,1
9.472781556562168,10,9.6246836542707,1,67,2,0,0,2,3,0,0.0,5,0,11.719947764402807,65+,8.0,15132.765531000001,123000.00000000009,0.0,121062.12424800001,1
11.104972264124868,14,13.387478976032252,1,61,3,1,0,1,2,0,0.0,2,0,14.936047730152804,60-64,6.0,651789.8296599996,3066500.0000000075,0.0,3910738.9779599975,0
9.417435838868784,9,11.42822238555616,1,73,2,1,0,1,3,0,0.0,5,0,14.26995692309358,65+,8.0,91877.50500999982,1575300.0000000019,0.0,735020.0400799986,1
7.496097345175956,10,10.74678187553037,0,24,1,0,0,2,1,0,5.303304908059076,5,1,7.496097345175956,Under 30,0.25,46479.20841700003,1800.0,200.0,11619.802104250008,0
12.840586501574554,14,13.90326677090306,1,55,3,1,0,2,2,0,12.049424683420916,5,0,15.342288557495818,50-59,4.0,1091720.9419000023,4603320.000000001,171000.0000000004,4366883.767600009,1
13.742940940397675,13,13.125446791134548,1,39,2,0,2,1,2,0,14.77715737382215,3,1,13.744015630372484,30-39,0.75,501543.0861699996,931000.0000000007,2616000.000000002,376157.3146274997,1
4.61512051684126,3,11.190266672490848,1,57,1,1,0,1,1,0,11.430749650507869,2,0,4.61512051684126,50-59,4.0,72421.09218400005,100.00000000000003,92110.00000000009,289684.3687360002,0
9.90358754753646,12,11.485380194730258,1,49,2,0,2,1,1,0,11.33261388681514,2,0,12.301391916202268,40-49,2.0,97282.06412800006,220001.00000000023,83500.00000000016,194564.1282560001,1
15.073403488532016,12,15.645987764900308,1,64,3,1,0,1,2,1,0.0,5,0,16.281913821077353,60-64,6.0,6236861.222400009,11779999.999999981,0.0,37421167.33440005,0
7.0909098220799835,11,11.175229004346514,1,61,2,0,0,2,2,1,12.085039960478053,4,1,10.348205424565991,60-64,6.0,71340.18036100005,31199.999999999927,177200.00000000017,428041.08216600027,0
9.61587214452889,14,11.629960039799675,1,64,3,1,0,1,3,0,9.99884318585288,2,0,14.619752233457,60-64,6.0,112414.82966000008,2235000.000000001,21999.999999999993,674488.9779600005,1
10.38532711001602,8,12.397210427038146,1,74,3,1,0,1,3,0,9.90353755128617,3,0,14.23906506191948,65+,8.0,242124.2485000002,1527379.9999999993,20000.000000000015,1936993.9880000015,0
12.206077645517674,6,9.6246836542707,1,70,1,1,0,2,3,0,0.0,5,0,12.216027926866138,65+,8.0,15132.765531000001,202000.0000000001,0.0,121062.12424800001,1
7.766840537085513,8,10.769770904774589,0,26,2,0,1,1,1,0,0.0,4,0,7.766840537085513,Under 30,0.25,47560.12024000005,2360.0000000000005,0.0,11890.030060000012,0
5.993961427306569,2,9.470543987306163,0,73,2,0,0,2,3,0,6.2166061010848646,5,0,5.993961427306569,65+,8.0,12970.941883999983,400.00000000000006,499.9999999999999,103767.53507199987,0
4.61512051684126,8,10.451325058234776,0,25,1,0,0,1,1,0,10.043292972227004,5,0,4.61512051684126,Under 30,0.25,34589.17835700002,100.00000000000003,22999.999999999996,8647.294589250005,0
6.2166061010848646,8,10.511947979456522,1,53,2,0,0,1,1,0,0.0,1,0,6.2166061010848646,50-59,4.0,36751.00200399998,499.9999999999999,0.0,147004.00801599992,0
11.082157933374816,9,11.47420700963637,1,64,3,1,0,2,3,0,9.61587214452889,4,0,14.90642697590649,60-64,6.0,96201.15230500007,2976999.999999999,14999.99999999999,577206.9138300004,1
7.601402334583733,12,10.85678052964002,0,44,3,0,0,2,1,0,7.601402334583733,5,1,8.006700845440367,40-49,2.0,51883.76753500001,2999.9999999999995,2000.0,103767.53507000003,0
9.259225769705994,8,11.507358877993518,0,33,2,1,1,1,1,0,9.798182590890704,4,0,10.829748417047592,30-39,0.75,99443.88777600005,50499.99999999994,17999.999999999993,74582.91583200003,0
16.37328043529466,14,17.104159214508716,1,85,3,1,0,1,2,0,0.0,3,0,17.693294044267347,65+,8.0,26806613.225999996,48317000.00000004,0.0,214452905.80799997,0
2.3978952727983707,8,9.75820678716859,1,66,1,0,0,2,3,0,0.0,4,0,2.3978952727983707,65+,8.0,17294.589178000006,10.000000000000002,0.0,138356.71342400005,0
6.415096959171596,4,9.818828007928497,0,61,1,0,0,1,1,0,7.969357742016346,1,1,6.415096959171596,60-64,6.0,18375.50100200004,610.0000000000002,2889.999999999999,110253.00601200025,0
14.823103813341898,14,15.709767756294276,1,60,3,1,1,1,2,0,13.561909087824318,4,0,17.027804811731052,60-64,6.0,6647607.7154,24835999.99999999,775999.9999999994,39885646.2924,0
10.985309671896765,13,12.55008419699409,1,38,3,1,1,1,1,0,12.95039048795861,2,0,14.576784034643172,30-39,0.75,282117.9859699999,2140999.999999998,420999.9999999998,211588.48947749994,1
15.111141700411906,9,15.781899317874226,1,53,2,1,0,1,2,1,0.0,1,0,16.0403504104182,50-59,4.0,7144827.154300003,9251999.999999996,0.0,28579308.617200013,0
10.275085591132717,13,10.74678187553037,0,26,3,0,0,2,1,0,11.034905792929417,4,0,10.5506169722625,Under 30,0.25,46479.20841700003,38200.0,62000.00000000008,11619.802104250008,1
7.467942332285852,9,10.204473075038807,0,29,0,0,0,2,1,0,3.4339872044851463,5,1,8.281723990411392,Under 30,0.25,27022.79559099997,3950.000000000003,30.0,6755.698897749992,0
9.660842578559068,10,11.159961747859198,0,31,1,0,1,2,1,0,11.080618310893968,5,0,10.588879740723009,30-39,0.75,70259.268537,39690.000000000095,64900.00000000002,52694.45140275,0
9.61587214452889,12,9.98133877479715,0,24,2,0,0,2,1,0,10.203629181337648,2,0,9.61587214452889,Under 30,0.25,21618.236473000004,14999.99999999999,26999.999999999978,5404.559118250001,1
10.459984195277682,13,12.17852223565681,1,54,3,1,2,1,1,0,12.98241371741132,3,0,13.43701498049519,50-59,4.0,194564.12826000006,684890.0000000001,434700.0000000001,778256.5130400002,0
6.2166061010848646,9,8.084480867798195,0,31,2,0,3,2,1,0,6.2166061010848646,4,0,6.2166061010848646,30-39,0.75,3242.7354709000024,499.9999999999999,499.9999999999999,2432.0516031750017,0
13.174957725054906,10,11.313670742713573,1,85,2,1,0,1,3,0,0.0,2,0,14.250535115562965,65+,8.0,81933.11623199997,1545000.0000000005,0.0,655464.9298559998,1
10.922352923113982,13,12.167348992793892,1,44,3,1,2,1,1,0,9.198369000194964,5,0,14.605421860841682,40-49,2.0,192402.30460999985,2203199.9999999995,9880.000000000007,384804.6092199997,1
12.644330802262578,8,11.883406949070103,1,60,3,1,0,1,3,0,0.0,4,0,15.149195232316444,60-64,6.0,144842.18437000012,3795000.0000000005,0.0,869053.1062200007,1
7.783640596221253,12,11.234068703381135,0,27,2,1,0,2,1,0,9.105090961257083,4,0,8.394121193826242,Under 30,0.25,75663.82765499984,4419.999999999996,8999.999999999984,18915.95691374996,0
11.437134538982278,13,12.365461861933738,1,50,3,1,2,1,1,0,12.04355959836804,5,0,13.802122334324018,50-59,4.0,234557.86573000002,986699.9999999992,170000.00000000012,938231.4629200001,1
11.8350162104899,8,11.518169685974078,1,67,3,0,0,1,3,0,11.643962499267984,5,0,12.179733803647622,65+,8.0,100524.79959999991,194800.0000000001,113999.99999999996,804198.3967999993,0
11.352768449837727,12,11.83759773667864,1,74,2,1,0,1,3,0,11.904974309480185,5,0,14.678063325468262,65+,8.0,138356.7134300002,2369200.0000000005,148000.0000000004,1106853.7074400017,1
9.510519035757246,14,13.252762549097463,1,77,3,0,0,1,3,0,13.442998001373551,2,0,17.08862836356827,65+,8.0,569640.531059999,26393500.000000026,688999.9999999993,4557124.248479992,1
9.036106025364846,9,11.59073968241829,0,61,2,0,1,2,1,0,11.042137528235768,2,1,10.322230781590136,60-64,6.0,108091.18236000005,30400.000000000025,62450.00000000001,648547.0941600003,0
7.438971592395862,8,11.175229004346514,0,31,2,0,1,1,1,0,8.105005537547246,5,1,8.45553053102413,30-39,0.75,71340.18036100005,4700.000000000002,3309.999999999999,53505.135270750034,0
8.556606193773073,9,10.64914561257346,1,55,3,0,0,2,1,0,12.417147664184917,5,0,11.241129864948206,50-59,4.0,42155.561122000014,76199.99999999994,247000.00000000052,168622.24448800005,0
11.023551435004949,9,11.451478997511789,1,27,3,1,0,1,1,0,10.837637848711047,3,0,11.428467189677397,Under 30,0.25,94039.3286570002,91900.00000000019,50899.9999999999,23509.83216425005,1
8.612685172875459,8,11.159961747859198,0,56,3,1,0,2,1,0,7.601402334583733,3,0,8.665785595466064,50-59,4.0,70259.268537,5799.999999999996,2000.0,281037.074148,0
0.6931471805599453,8,10.623170750425082,0,38,1,0,6,1,1,0,8.160803920954665,4,0,0.6931471805599453,30-39,0.75,41074.649299000004,1.0,3499.9999999999977,30805.98697425,0
11.373674891823535,12,11.485380194730258,1,54,2,0,0,1,3,0,11.852969885168331,2,1,12.727841176689148,50-59,4.0,97282.06412800006,337000.0000000006,140500.00000000003,389128.2565120002,0
11.461642696843066,12,14.543033629794753,1,76,2,0,0,1,2,0,0.0,2,0,16.911314430481113,65+,8.0,2069946.142300001,22104999.99999999,0.0,16559569.138400009,1
11.184435286790633,14,12.379191996605552,1,61,3,0,1,1,3,0,0.0,5,0,15.631637546295131,60-64,6.0,237800.60120000003,6147999.999999995,0.0,1426803.6072000002,1
12.891694078557842,13,13.23360490903136,1,69,3,0,1,1,1,0,13.451668563394817,4,0,16.232941131777753,65+,8.0,558831.4128299996,11217000.000000002,695000.0000000013,4470651.302639997,1
9.952325334619427,14,13.71454875169496,1,75,1,0,0,1,2,0,12.733758336210744,1,0,15.08414715683074,65+,8.0,903966.5581199991,3555999.9999999977,339000.00000000023,7231732.464959993,0
9.210440366976515,11,11.773059697378924,1,46,1,0,0,1,1,0,12.259618151783464,2,0,12.873904582205109,40-49,2.0,129709.41884000013,390000.00000000105,210999.99999999956,259418.83768000026,1
10.896757843893464,11,9.052540104625432,0,34,1,0,0,2,1,0,8.974744612722734,3,0,11.324195417595108,30-39,0.75,8539.203406800001,82800.0000000001,7900.000000000007,6404.402555100001,1
14.360303311255672,14,15.254292314396848,1,56,3,1,4,1,2,0,16.019931512485478,4,0,17.371551265233492,50-59,4.0,4215556.112200001,35024250.00000001,9064999.999999994,16862224.448800005,1
9.770013301136158,14,12.379191996605552,1,47,3,0,1,1,1,0,12.853178505386332,1,0,12.568981617474362,40-49,2.0,237800.60120000003,287499.9999999999,381999.99999999953,475601.20240000007,0
8.517393171418904,12,9.26803702884847,1,67,1,1,0,1,3,0,11.775297421715829,4,0,9.852246888342531,65+,8.0,10592.935872000005,18999.999999999985,130000.00000000032,84743.48697600004,0
9.99884318585288,13,11.079920226254767,1,55,2,0,0,2,2,0,13.051513783274212,3,0,10.859018228147889,50-59,4.0,64854.70941899998,52000.00000000013,465799.99999999965,259418.8376759999,0
10.275085591132717,13,12.101761584557648,1,72,3,1,0,1,2,0,10.404293143019792,2,0,16.096769966399044,65+,8.0,180188.0010000002,9789000.000000017,32999.99999999999,1441504.0080000015,1
5.638354669333745,1,11.079920226254767,0,84,0,0,0,1,1,0,0.0,3,0,8.571870752706934,65+,8.0,64854.70941899998,5280.000000000004,0.0,518837.6753519998,0
8.650149418664864,8,10.623170750425082,1,63,0,0,0,2,4,0,11.344518647594766,5,0,8.910720661951359,60-64,6.0,41074.649299000004,7410.000000000001,84499.99999999994,246447.895794,0
8.699681400989514,6,11.485380194730258,1,56,2,0,3,1,1,0,12.668236246916225,5,0,8.699681400989514,50-59,4.0,97282.06412800006,6000.000000000005,317500.00000000064,389128.2565120002,0
7.783640596221253,8,9.550580764956187,1,67,2,0,0,2,3,0,0.0,3,0,7.783640596221253,65+,8.0,14051.853706999998,2399.999999999999,0.0,112414.82965599999,0
14.297937324492327,13,15.368078744853362,1,63,3,0,0,1,4,0,0.0,5,1,16.484126759169204,60-64,6.0,4723584.669300001,14420000.00000002,0.0,28341508.015800007,0
10.63106031411106,12,11.773059697378924,1,57,3,1,0,2,2,0,12.04355959836804,5,0,13.856077479956298,50-59,4.0,129709.41884000013,1041400.0000000001,170000.00000000012,518837.6753600005,1
10.898607948952096,8,10.96525919124549,1,82,2,1,0,2,3,1,10.94183661241081,2,0,12.791358964949923,65+,8.0,57828.782565000045,359099.9999999999,56490.0,462630.26052000036,0
14.339055546554926,12,12.778576674022425,0,61,3,1,0,1,3,0,0.0,5,0,16.43676761280825,60-64,6.0,354539.07816000003,13752999.999999993,0.0,2127234.46896,1
11.034905792929417,12,11.620298215285262,1,45,3,0,2,1,1,0,12.291337080838684,4,0,11.373674891823535,40-49,2.0,111333.91784000008,86999.99999999994,217799.9999999998,222667.83568000016,0
8.699681400989514,8,11.228338104633284,1,77,3,1,0,1,3,0,0.0,2,0,11.472113887062386,65+,8.0,75231.46292599996,95999.99999999996,0.0,601851.7034079997,0
9.024131268455037,12,10.386788464403516,1,35,3,1,0,2,1,0,11.955371600519852,1,0,9.401043372798052,30-39,0.75,32427.35470899998,12099.999999999989,155650.00000000006,24320.516031749987,0
6.2166061010848646,8,10.204473075038807,0,40,2,0,0,2,1,0,0.0,5,0,10.25769445336048,40-49,2.0,27022.79559099997,28500.0,0.0,54045.59118199994,0
10.221977646629885,8,12.022518854887831,1,58,3,1,2,1,1,0,0.0,4,0,14.10631350541557,50-59,4.0,166460.42083999992,1337500.0000000005,0.0,665841.6833599997,1
10.16972890675306,10,11.262239213240829,1,30,2,0,1,1,1,0,12.677016457665433,5,0,10.16972890675306,30-39,0.75,77825.65130300017,26099.999999999967,320300.0000000001,58369.238477250125,0
5.5254529391317835,8,10.386788464403516,0,57,2,0,1,2,1,0,8.732465848349879,2,1,5.5254529391317835,50-59,4.0,32427.35470899998,249.9999999999999,6200.000000000005,129709.41883599992,0
6.836259277277067,10,9.6246836542707,0,68,2,0,0,2,3,0,0.0,2,0,6.836259277277067,65+,8.0,15132.765531000001,930.0000000000001,0.0,121062.12424800001,0
10.064798252418376,10,12.253423172919684,1,46,2,1,0,1,1,0,12.246259238225438,1,0,11.205054290550551,40-49,2.0,209696.89378999965,73499.99999999997,208199.9999999999,419393.7875799993,0
8.263848131368906,8,10.699154876036824,1,39,2,1,0,2,1,0,11.452123952509568,5,0,10.067772421843932,30-39,0.75,44317.38476999999,23570.000000000015,94100.00000000022,33238.03857749999,0
9.61587214452889,12,12.494952327211651,1,63,3,1,0,1,2,0,13.666431495715551,2,0,14.65492067746782,60-64,6.0,266985.2204399994,2314999.9999999963,861499.9999999985,1601911.3226399967,1
8.045908742270779,8,11.439918298765717,1,63,1,1,0,1,3,0,12.804362293825438,4,0,12.372099664480334,60-64,6.0,92958.41683399999,236119.99999999988,363800.0000000001,557750.501004,0
4.61512051684126,9,10.897601753215405,0,31,2,0,4,2,1,0,7.0909098220799835,4,0,8.497194544909547,30-39,0.75,54045.59118200007,4899.999999999998,1200.0,40534.193386500054,0
14.06627005452127,13,11.773059697378924,1,82,1,1,0,1,3,0,12.628070334272698,4,0,14.899009547231756,65+,8.0,129709.41884000013,2955000.0000000075,304999.99999999977,1037675.350720001,1
11.277215789596893,14,11.580689440046534,1,66,3,1,0,2,3,0,11.775297421715829,4,0,15.28626118037747,65+,8.0,107010.27053999992,4352500.000000003,130000.00000000032,856082.1643199994,1
9.788693794534046,9,11.128709656194046,0,41,2,0,2,1,1,0,8.160803920954665,4,0,9.788693794534046,40-49,2.0,68097.44488999996,17829.99999999999,3499.9999999999977,136194.8897799999,0
12.483708170000067,14,14.577422426746017,0,80,3,1,0,1,2,0,0.0,2,0,16.6056322381601,65+,8.0,2142367.2345000007,16283000.000000026,0.0,17138937.876000006,0
0.6931471805599453,6,9.288237848223762,0,64,2,0,0,2,3,1,0.0,3,0,0.6931471805599453,60-64,6.0,10809.118235999998,1.0,0.0,64854.70941599999,0
10.604131561522696,13,11.59073968241829,1,44,2,0,2,2,2,0,12.45293662970407,2,0,10.604131561522696,40-49,2.0,108091.18236000005,40299.99999999997,255999.99999999985,216182.3647200001,0
16.715887705703885,12,16.403727539393355,1,70,3,1,0,1,2,1,15.68515672002762,2,0,17.637411921813364,65+,8.0,13306024.549000004,45690999.99999997,6486000.000000015,106448196.39200003,0
7.576097340623111,8,9.288237848223762,0,27,1,0,0,1,1,0,8.699681400989514,2,1,7.576097340623111,Under 30,0.25,10809.118235999998,1949.9999999999993,6000.000000000005,2702.2795589999996,0
0.6931471805599453,13,9.98133877479715,0,38,3,0,0,2,2,0,0.0,5,0,0.6931471805599453,30-39,0.75,21618.236473000004,1.0,0.0,16213.677354750003,0
10.373522431293592,12,11.485380194730258,1,68,2,1,0,1,1,0,7.783640596221253,5,0,13.543046764514129,65+,8.0,97282.06412800006,761500.0000000009,2399.999999999999,778256.5130240005,0
4.795790545596741,8,10.674462827538376,0,49,2,0,2,2,1,1,11.02843338315608,3,1,4.795790545596741,40-49,2.0,43236.47294599996,120.00000000000003,61600.000000000124,86472.94589199992,0
10.5713425658087,12,10.596503161315889,0,31,3,1,0,2,1,0,0.0,2,0,10.5713425658087,30-39,0.75,39993.7374750001,39000.000000000065,0.0,29995.303106250078,1
9.380167531188448,12,12.223070387959124,1,79,0,1,0,1,3,0,12.487488878546143,5,0,13.47562389883124,65+,8.0,203427.60520999998,711849.9999999994,264999.99999999953,1627420.8416799998,0
8.294299608857235,9,10.16365262239305,0,72,3,1,0,2,3,0,6.55250788703459,4,0,12.025755079404917,65+,8.0,25941.88376800001,167000.0000000001,700.0,207535.07014400008,0
15.104467961753176,12,0.0,1,57,3,1,0,1,2,0,14.53821702620254,2,0,17.873139284539686,50-59,4.0,0.0,57837000.00000004,2060000.0000000019,0.0,1
10.740756721857226,14,11.658397725704075,1,51,3,1,5,1,1,1,10.933124826700707,4,0,14.839327817996582,50-59,4.0,115657.56512999976,2783800.000000001,56000.000000000044,462630.260519999,1
8.026496938945412,10,10.482095840823945,0,48,2,0,0,2,1,0,11.430315297524093,4,1,9.74455043597491,40-49,2.0,35670.09018000006,17060.000000000007,92070.00000000007,71340.18036000011,0
5.638354669333745,9,10.95586961402582,0,48,3,0,0,2,1,0,11.072729150773492,5,0,10.83192422295384,40-49,2.0,57288.326653000004,50610.00000000001,64390.00000000002,114576.65330600001,0
9.888424674859085,13,10.699154876036824,1,68,3,0,0,2,1,0,11.502885230075814,5,0,12.158462035413253,65+,8.0,44317.38476999999,190700.0000000003,99000.00000000004,354539.0781599999,0
6.90875477931522,9,10.121094683881877,0,40,3,0,0,2,1,0,0.0,4,0,6.90875477931522,40-49,2.0,24860.97194400006,999.9999999999999,0.0,49721.94388800012,0
10.308985993422082,12,12.59136571261931,1,52,2,1,0,1,1,0,12.962196972666591,5,0,13.729953758926651,50-59,4.0,294008.0160300001,917999.9999999986,425999.9999999994,1176032.0641200005,0
9.239996256883693,12,10.792243293398966,0,44,1,1,1,1,1,0,0.0,2,0,9.239996256883693,40-49,2.0,48641.03206399999,10299.999999999993,0.0,97282.06412799998,0
10.779393694214807,12,10.482095840823945,1,59,3,0,0,2,3,0,7.170888478512505,3,0,10.968560292962923,50-59,4.0,35670.09018000006,58020.000000000015,1299.9999999999995,142680.36072000023,0
8.006700845440367,8,10.31779779558084,1,87,2,0,0,2,3,0,8.434028950155469,4,0,10.270939218446076,65+,8.0,30265.531061999973,28879.999999999985,4600.0,242124.24849599978,0
7.00397413672268,10,10.030126736355644,1,70,1,0,0,1,3,0,7.244941546337007,3,0,7.00397413672268,65+,8.0,22699.14829700001,1099.9999999999998,1399.9999999999995,181593.18637600009,0
10.192456296870509,14,12.232589186385791,1,46,3,1,3,1,1,0,12.379189468444444,2,0,13.843807399219358,40-49,2.0,205373.24649000014,1028699.9999999994,237800.00000000044,410746.4929800003,1
6.68586094706836,9,10.204473075038807,0,57,3,0,0,1,3,0,12.08391066125752,5,1,6.68586094706836,50-59,4.0,27022.79559099997,800.0000000000003,176999.99999999977,108091.18236399988,0
6.2166061010848646,4,9.69367212060944,0,64,2,0,0,2,3,0,0.0,2,0,6.2166061010848646,60-64,6.0,16213.677355,499.9999999999999,0.0,97282.06413,0
12.409017571151187,3,13.131891483766944,1,42,1,1,3,1,2,0,12.54040330489666,4,0,12.409017571151187,40-49,2.0,504785.82164000015,244999.99999999997,279399.9999999999,1009571.6432800003,0
10.602393121706738,12,12.332672181245634,1,58,3,1,1,1,1,0,0.0,4,0,13.192320317361231,50-59,4.0,226991.48297000016,536229.9999999998,0.0,907965.9318800006,0
11.982935344196433,9,10.74678187553037,1,56,3,1,0,1,2,0,12.175618592671356,5,0,12.971542813248435,50-59,4.0,46479.20841700003,429999.9999999995,194000.00000000006,185916.83366800012,1
12.491255347155263,14,13.334700853838951,1,41,3,0,2,1,1,0,13.480039220276565,4,0,14.669926311652166,40-49,2.0,618281.5631299996,2349999.999999999,714999.9999999995,1236563.1262599991,1
9.417435838868784,13,12.283882237332367,1,40,2,1,2,1,1,0,12.472279517715116,4,0,11.886562731847148,40-49,2.0,216182.3647299995,145299.99999999994,261000.00000000012,432364.729459999,0
5.602118820879701,5,10.204473075038807,0,35,2,0,2,1,1,0,0.0,2,0,5.602118820879701,30-39,0.75,27022.79559099997,270.00000000000006,0.0,20267.096693249976,0
10.896757843893464,13,12.308574737108612,1,52,3,0,2,1,3,0,0.0,5,0,10.896757843893464,50-59,4.0,221586.92385000005,54000.00000000001,0.0,886347.6954000002,0
13.361381852676738,13,14.87539434294548,1,60,3,1,0,1,3,0,0.0,1,0,16.81672781147534,60-64,6.0,2886034.569100002,20110000.00000002,0.0,17316207.41460001,1
13.25339339419516,12,13.593562118868876,1,53,3,0,0,2,2,0,0.0,1,0,14.493544608328255,50-59,4.0,800955.6613199996,1969999.9999999993,0.0,3203822.6452799984,0
9.169622538697624,9,11.010928456106528,1,44,1,0,2,1,1,0,10.42111995751504,2,1,9.169622538697624,40-49,2.0,60531.06212399997,9600.0,33560.000000000015,121062.12424799993,0
11.31448672129398,13,12.440885314014931,1,71,3,1,0,1,1,0,13.272507757002964,5,0,12.00762780434872,65+,8.0,252933.36672999966,163999.99999999988,581000.0000000008,2023466.9338399973,0
9.546884034617923,10,11.175229004346514,0,28,2,0,0,2,1,0,6.836259277277067,2,1,9.546884034617923,Under 30,0.25,71340.18036100005,13999.999999999969,930.0000000000001,17835.045090250012,0
11.31448672129398,13,12.24825522743948,1,55,3,1,1,1,1,0,10.203629181337648,3,0,14.292986822395912,50-59,4.0,208615.98196000018,1611999.999999999,26999.999999999978,834463.9278400007,1
9.90353755128617,8,10.511947979456522,0,54,2,1,0,2,3,0,0.0,2,0,12.239512257194662,50-59,4.0,36751.00200399998,206799.99999999997,0.0,147004.00801599992,1
0.6931471805599453,9,11.09644927542817,1,44,3,1,0,2,1,0,8.862341963516347,4,0,8.517593111437565,40-49,2.0,65935.62124200001,5001.000000000002,7059.999999999997,131871.24248400002,0
10.66897865021924,12,13.670173129169129,1,66,1,0,0,1,2,0,14.010255457801716,1,0,14.05688766308519,65+,8.0,864729.4589200018,1273000.0000000007,1215000.0000000012,6917835.671360014,0
12.598692269202934,12,12.167348992793892,1,40,3,1,5,1,1,0,12.413090879946887,4,0,13.905187628832834,40-49,2.0,192402.30460999985,1093820.0,245999.99999999983,384804.6092199997,1
11.703554089007538,14,13.988626544885074,1,60,3,1,0,1,1,0,13.104201443434462,2,0,15.564188711493692,60-64,6.0,1189003.006000001,5747000.000000004,491000.0000000004,7134018.036000006,0
13.15192412139156,8,14.785313942513437,1,62,2,1,0,1,2,0,12.445093483000798,5,0,15.534699513568947,60-64,6.0,2637424.8496999983,5580000.0,254000.0000000002,15824549.09819999,0
11.51293546492023,13,12.90714114498904,1,55,3,1,1,1,1,0,11.407576060361786,3,0,15.060817513635763,50-59,4.0,403180.1102200007,3473999.999999993,90000.00000000001,1612720.4408800027,1
0.0,2,9.98133877479715,1,51,2,0,3,1,2,0,11.477308649967686,1,1,0.0,50-59,4.0,21618.236473000004,0.0,96500.00000000003,86472.94589200002,0
13.305353044296352,12,12.893645697209092,1,60,2,1,2,1,3,0,0.0,3,0,13.419353495280223,60-64,6.0,397775.55109999946,672899.9999999993,0.0,2386653.306599997,0
10.891186902297498,13,10.674462827538376,1,76,3,1,0,2,3,0,10.885584751364703,5,0,11.221248757912162,65+,8.0,43236.47294599996,74700.00000000004,53399.99999999986,345891.78356799966,0
4.2626798770413155,4,9.875983398597374,1,58,2,0,0,1,4,1,0.0,2,0,4.2626798770413155,50-59,4.0,19456.412826000007,70.0,0.0,77825.65130400003,0
8.537191877922927,11,11.712956250852091,0,39,3,1,2,1,1,0,9.820160289946374,2,0,9.48804786328076,30-39,0.75,122143.03607000002,13200.000000000013,18399.999999999993,91607.27705250001,0
10.933124826700707,12,11.496429917961311,1,24,3,1,0,1,1,0,12.758522821680684,4,0,10.933124826700707,Under 30,0.25,98362.9759519998,56000.000000000044,347499.99999999953,24590.74398799995,1
8.0774471493312,9,11.079920226254767,1,48,3,1,1,2,1,0,9.04793908261736,5,1,8.394121193826242,40-49,2.0,64854.70941899998,4419.999999999996,8500.000000000005,129709.41883799995,0
12.999067423500716,13,11.47420700963637,0,38,3,1,0,2,1,0,0.0,5,0,13.331653004749947,30-39,0.75,96201.15230500007,616399.9999999992,0.0,72150.86422875006,1
7.601402334583733,7,10.835727530509162,0,55,2,0,0,1,1,0,6.133398042996649,1,0,7.601402334583733,50-59,4.0,50802.85571100001,2000.0,460.00000000000006,203211.42284400004,0
8.862341963516347,11,10.41957729248823,0,32,1,1,0,2,1,0,0.0,5,0,8.862341963516347,30-39,0.75,33508.26653300001,7059.999999999997,0.0,25131.199899750005,0
9.94755228369823,8,11.342280932513091,1,31,3,0,0,2,1,0,7.0909098220799835,5,0,9.94755228369823,30-39,0.75,84311.12224399998,20900.000000000015,1200.0,63233.34168299999,0
12.301387370778713,8,11.386174616718284,1,82,3,1,0,1,3,0,0.0,5,0,13.396353643404217,65+,8.0,88094.31362699995,657600.0000000002,0.0,704754.5090159996,0
8.771990436532242,10,12.17852223565681,1,72,2,0,0,1,3,0,11.995357787034976,4,1,8.771990436532242,65+,8.0,194564.12826000006,6450.000000000003,162000.00000000012,1556513.0260800004,0
11.50892748368293,13,12.595035429071013,0,40,3,1,1,1,1,0,0.0,2,0,13.446764478712726,40-49,2.0,295088.92786000005,691600.0000000005,0.0,590177.8557200001,1
7.215975002651466,10,11.549918073413814,1,64,1,1,0,2,1,0,0.0,5,0,7.215975002651466,60-64,6.0,103767.53506999994,1359.9999999999998,0.0,622605.2104199997,0
9.210440366976515,8,7.679169891098901,1,63,3,1,0,2,3,1,0.0,1,0,10.463131911491969,60-64,6.0,2161.8236473000006,35000.00000000007,0.0,12970.941883800004,1
8.699681400989514,14,10.936821754744528,0,80,1,1,0,2,3,0,0.0,3,0,13.599840262182784,65+,8.0,56207.41482999999,805999.9999999997,0.0,449659.3186399999,1
9.742790491838836,12,12.273831948190525,1,48,1,1,0,2,1,0,13.762110836088922,5,0,11.802837549096656,40-49,2.0,214020.5410800005,133630.00000000035,947999.9999999993,428041.082160001,0
8.853808274977197,9,10.897601753215405,0,29,2,0,0,2,1,0,10.293026510094034,4,0,9.071193240566023,Under 30,0.25,54045.59118200007,8699.999999999989,29525.000000000022,13511.397795500017,0
12.694655727828804,8,12.016004213152664,1,44,3,1,0,1,2,0,0.0,5,0,12.694655727828804,40-49,2.0,165379.50901999997,326000.0000000006,0.0,330759.01803999994,0
11.156264806643742,12,11.773059697378924,1,28,2,1,0,1,1,0,12.753329518587048,4,0,11.904974309480185,Under 30,0.25,129709.41884000013,148000.0000000004,345700.0,32427.354710000032,1
10.165890277802454,14,14.901273782096638,1,65,3,0,0,1,3,0,14.557448378884017,5,0,16.895078383409622,65+,8.0,2961698.3967999984,21748999.999999996,2100000.0000000047,23693587.174399987,0
11.002116507732016,13,13.216043513791256,1,60,3,1,0,1,2,0,10.819798284210286,2,0,15.475641774827944,60-64,6.0,549103.2064100002,5260000.000000003,50000.000000000015,3294619.2384600015,1
7.507141079727608,5,10.897601753215405,1,65,2,0,1,1,1,0,11.454247073019191,3,1,7.507141079727608,65+,8.0,54045.59118200007,1820.0000000000007,94299.99999999987,432364.72945600055,0
10.064798252418376,9,11.781358436450864,1,67,3,1,0,1,3,0,10.819798284210286,4,0,10.477316144080852,65+,8.0,130790.33066000005,35499.99999999999,50000.000000000015,1046322.6452800004,0
10.764181004307874,13,11.721766808769676,1,49,3,1,2,1,1,0,12.041026997153349,3,0,13.712143609385986,40-49,2.0,123223.9479000001,901795.0000000005,169570.00000000006,246447.8958000002,1
7.719129840906732,8,10.030126736355644,0,32,1,0,3,1,2,0,7.581209826196346,3,1,7.719129840906732,30-39,0.75,22699.14829700001,2250.0000000000005,1960.0,17024.36122275001,0
12.479913113434042,9,12.150351505528926,1,44,3,1,0,2,4,0,12.19197879213173,4,0,12.863595239117188,40-49,2.0,189159.5691400001,386000.0000000004,197200.00000000006,378319.1382800002,1
7.244941546337007,7,10.569104881654322,0,38,2,0,6,2,1,0,7.601402334583733,1,1,9.105090961257083,30-39,0.75,38912.825651000036,8999.999999999984,2000.0,29184.619238250027,0
8.699681400989514,12,12.59136571261931,1,59,3,1,0,1,2,0,13.161586013632684,4,0,13.342303402904738,50-59,4.0,294008.0160300001,622999.9999999998,520000.0,1176032.0641200005,0
10.72328941021858,14,13.571733175978553,1,79,3,1,0,1,3,0,11.736556897251162,2,0,16.155815334283623,65+,8.0,783661.0721400004,10384400.000000006,125060.00000000004,6269288.577120003,1
8.527341522468053,12,11.079920226254767,0,53,1,1,1,2,1,0,10.373522431293592,4,0,10.634676867382668,50-59,4.0,64854.70941899998,41550.0,31999.999999999993,259418.8376759999,0
12.736233140152532,12,14.298781248939571,1,57,3,1,1,1,2,0,12.049424683420916,5,0,14.869767185504264,50-59,4.0,1621367.735499997,2869839.9999999986,171000.0000000004,6485470.941999988,0
8.188966863648876,8,10.792243293398966,0,23,2,0,0,1,2,0,9.417435838868784,4,0,8.188966863648876,Under 30,0.25,48641.03206399999,3600.000000000002,12299.999999999982,12160.258015999998,0
10.034559673629849,14,11.53944687502236,0,45,3,1,0,2,1,0,0.0,4,0,12.105152257898368,40-49,2.0,102686.62324999995,180799.99999999985,0.0,205373.2464999999,0
6.478509642208569,8,11.010928456106528,1,52,3,0,3,2,1,0,11.74006900564972,3,0,12.61370540258891,50-59,4.0,60531.06212399997,300650.0000000002,125500.00000000006,242124.24849599987,1
8.556606193773073,11,11.128709656194046,1,43,3,1,0,2,1,0,11.856522261533735,4,0,11.857939686169177,40-49,2.0,68097.44488999996,141200.00000000023,140999.99999999968,136194.8897799999,1
9.036106025364846,12,11.462907572501242,1,39,3,0,4,1,1,0,0.0,4,0,11.516927446349529,30-39,0.75,95120.24048100002,100400.00000000025,0.0,71340.18036075,1
7.0909098220799835,3,10.076644749570695,1,36,2,0,2,1,1,0,3.4339872044851463,3,0,7.0909098220799835,30-39,0.75,23780.060119999976,1200.0,30.0,17835.04508999998,0
7.650168700845001,8,9.69367212060944,1,94,1,1,0,2,3,0,0.0,4,0,7.650168700845001,65+,8.0,16213.677355,2100.0000000000005,0.0,129709.41884,0
10.96993815439584,14,14.117179555871813,1,74,2,1,0,1,3,0,12.60418075718477,4,0,14.013624259830156,65+,8.0,1352112.6002000018,1219100.000000001,297800.0000000001,10816900.801600015,0
15.45411904194833,12,16.215997409447038,1,80,2,1,0,1,2,0,0.0,3,0,19.598190472417357,65+,8.0,11028543.33700001,324628000.00000054,0.0,88228346.69600008,1
11.51293546492023,13,12.392736165137526,1,60,3,1,0,1,1,0,13.215855541983634,5,0,14.731801689838347,60-64,6.0,241043.33667000016,2499999.9999999953,549000.0000000005,1446260.020020001,1
13.021439671201302,14,12.423643576356817,0,45,3,1,1,1,2,0,9.852246888342531,5,0,14.11138473332364,40-49,2.0,248609.71944000028,1344299.9999999972,18999.999999999985,497219.43888000055,1
9.39274525863144,14,12.989449596486995,1,60,3,0,1,1,2,0,12.948012371209098,2,0,14.91811519990718,60-64,6.0,437769.2885799993,3012000.000000008,420000.0,2626615.731479996,1
10.165890277802454,10,9.818828007928497,1,65,2,0,0,2,3,0,11.661354090741,5,1,10.203629181337648,65+,8.0,18375.50100200004,26999.999999999978,116000.0000000001,147004.00801600033,0
7.937731775260109,12,11.549918073413814,1,62,2,0,0,2,1,0,11.775297421715829,5,1,12.463814705589051,60-64,6.0,103767.53506999994,258799.99999999968,130000.00000000032,622605.2104199997,0
9.55400099583723,8,11.686049021222916,1,46,2,1,1,1,1,0,12.09921656763201,3,0,12.160557363077048,40-49,2.0,118900.30059999996,191099.9999999999,179729.99999999994,237800.60119999992,0
9.305741456739437,12,11.773059697378924,1,43,1,0,2,1,1,0,12.348010479804223,2,0,10.714439990727769,40-49,2.0,129709.41884000013,44999.999999999985,230500.0,259418.83768000026,0
10.404596118238738,12,11.28963784015293,1,70,2,1,0,1,3,0,10.043292972227004,4,0,12.16008629699347,65+,8.0,79987.47494999996,191009.99999999997,22999.999999999996,639899.7995999997,0
6.93828448401696,9,9.75820678716859,0,74,3,1,0,2,3,0,7.438971592395862,5,1,6.93828448401696,65+,8.0,17294.589178000006,1030.0000000000002,1700.0,138356.71342400005,0
5.831882477283517,8,10.030126736355644,0,55,2,0,0,2,4,0,0.0,4,1,12.129952650615497,50-59,4.0,22699.14829700001,185339.99999999985,0.0,90796.59318800004,1
11.51991100914394,14,9.818828007928497,1,75,2,0,0,1,2,0,13.130333531178522,5,0,11.51991100914394,65+,8.0,18375.50100200004,100699.99999999988,504000.00000000023,147004.00801600033,0
14.784014540936012,14,14.14017632477386,1,46,3,1,2,1,2,0,13.854732232655556,1,0,15.265718479349363,40-49,2.0,1383567.134299997,4263999.999999989,1040000.0000000009,2767134.268599994,1
8.676075516476429,12,10.974561423798535,1,80,2,0,0,1,1,0,10.579005242826248,5,1,8.676075516476429,65+,8.0,58369.23847699994,5859.999999999997,39300.00000000004,466953.9078159995,0
8.294299608857235,13,12.060739842420068,1,41,2,1,2,1,1,0,10.356821765848482,3,0,10.691967639914864,40-49,2.0,172945.89178,43999.99999999997,31470.000000000025,345891.78356,0
7.972810784121404,10,11.53944687502236,1,63,2,1,0,2,3,0,0.0,4,0,14.404907592192073,60-64,6.0,102686.62324999995,1802900.0000000028,0.0,616119.7394999997,1
0.0,1,9.16041709112295,0,80,1,0,1,2,2,0,0.0,3,0,0.0,65+,8.0,9512.024048099993,0.0,0.0,76096.19238479994,0
9.825580063659602,8,11.797752121925637,1,49,3,0,0,2,1,0,11.326607934898927,5,1,13.335054087628247,40-49,2.0,132952.15431000016,618500.0,83000.0,265904.3086200003,1
11.914389245098882,13,10.569104881654322,1,63,2,1,0,2,3,0,11.827743504053696,5,0,12.343226842865814,60-64,6.0,38912.825651000036,229400.0000000001,137000.00000000015,233476.9539060002,0
12.08391066125752,11,10.87739942351305,1,67,3,1,0,1,3,0,0.0,4,0,14.296701994647355,65+,8.0,52964.67935899999,1618000.000000001,0.0,423717.4348719999,1
8.93075873555827,13,11.99620170679576,1,31,3,1,0,2,1,0,13.440091026807504,5,0,12.273081550255949,30-39,0.75,162136.77355000027,213860.00000000006,687000.0000000012,121602.5801625002,1
5.25227342804663,8,10.814221753204103,0,84,2,0,0,2,3,0,8.006700845440367,5,0,9.010791269515602,65+,8.0,49721.943887999936,8190.0,2999.9999999999995,397775.5511039995,0
7.00397413672268,10,11.159961747859198,1,76,0,0,0,2,1,0,9.746892220313054,5,0,7.00397413672268,65+,8.0,70259.268537,1099.9999999999998,17100.000000000004,562074.148296,0
11.977294499661248,11,11.730500418141489,1,29,1,1,0,1,2,0,11.521895117095363,5,0,12.095705171506136,Under 30,0.25,124304.8597200003,179100.00000000006,100899.99999999997,31076.214930000075,1
4.795790545596741,5,9.98133877479715,0,68,1,0,0,2,3,0,0.0,4,0,4.795790545596741,65+,8.0,21618.236473000004,120.00000000000003,0.0,172945.89178400004,0
10.518700218288163,9,12.1035595972642,1,59,3,1,2,1,1,0,12.548246454396082,4,0,10.66897865021924,50-59,4.0,180512.27455,42999.99999999994,281599.9999999999,722049.0982,0
14.05452824583604,14,15.17702355267654,1,68,3,1,0,1,2,0,12.429220196836384,4,0,16.749420671063582,65+,8.0,3902091.6833999986,18801000.000000022,250000.00000000023,31216733.46719999,0
6.55250788703459,12,10.91740401772286,0,54,2,1,0,2,2,0,6.90875477931522,2,0,6.55250788703459,50-59,4.0,55126.503006,700.0,999.9999999999999,220506.012024,0
13.767696467280093,13,14.178495161915649,1,37,3,1,1,1,1,0,14.014362236381237,5,0,15.247330474498272,30-39,0.75,1437612.7255000016,4186309.999999996,1220000.0000000026,1078209.5441250012,1
11.377117196515812,8,11.47420700963637,1,56,2,0,1,1,1,1,11.687727151613768,5,0,11.395278670032656,50-59,4.0,96201.15230500007,88899.99999999996,119099.99999999991,384804.6092200003,0
10.25135885791871,8,12.022518854887831,1,41,2,1,2,1,1,0,12.555323599726982,3,0,13.286132225428384,40-49,2.0,166460.42083999992,588970.0000000001,283600.0000000002,332920.84167999984,1
8.83651926920248,12,10.482095840823945,1,69,3,0,1,1,2,0,11.302216779257382,5,0,8.83651926920248,65+,8.0,35670.09018000006,6880.0,81000.00000000007,285360.72144000046,0
9.39274525863144,13,8.87277005774236,1,73,1,0,0,2,2,0,10.950824090522444,4,0,9.39274525863144,65+,8.0,7134.018036099997,11999.999999999978,56999.99999999994,57072.14428879997,0
5.802118375377063,7,9.818828007928497,0,47,1,0,1,2,1,0,5.484796933490655,3,1,6.274762021241939,40-49,2.0,18375.50100200004,530.0,239.99999999999994,36751.00200400008,0
8.665785595466064,14,15.264496482175565,1,58,3,1,0,2,2,0,14.67628900274106,4,0,14.743255835327949,50-59,4.0,4258792.585200007,2528800.0000000056,2364999.9999999944,17035170.34080003,0
8.268988209506656,9,10.936821754744528,0,68,2,0,0,2,3,0,0.0,4,0,8.268988209506656,65+,8.0,56207.41482999999,3899.9999999999973,0.0,449659.3186399999,0
7.824445930877619,8,11.99620170679576,1,57,3,0,0,1,2,0,11.918397239722838,5,0,11.104972264124868,50-59,4.0,162136.77355000027,66500.00000000006,150000.00000000006,648547.0942000011,0
5.303304908059076,7,11.046019206267973,0,43,1,0,3,1,1,0,8.14351740579748,3,0,5.303304908059076,40-49,2.0,62692.88577200012,200.0,3439.999999999999,125385.77154400024,0
9.91348738711446,10,11.392290774522229,1,57,3,1,1,1,1,0,10.085850775128716,4,0,13.305019878098312,50-59,4.0,88634.76953900007,600200.0,23999.999999999945,354539.0781560003,1
8.216358332386156,3,10.814221753204103,0,24,1,0,0,1,1,0,7.313886831633462,5,1,8.216358332386156,Under 30,0.25,49721.943887999936,3699.999999999998,1499.9999999999998,12430.485971999984,0
12.765691290604371,13,15.325180807695787,1,65,3,1,0,1,3,0,0.0,4,0,17.898457092091725,65+,8.0,4525237.349699989,59319999.99999993,0.0,36201898.79759991,1
14.75746942645048,12,15.689415712902816,1,75,3,1,0,1,3,0,0.0,4,0,16.44948362746283,65+,8.0,6513682.740499999,13929000.000000006,0.0,52109461.923999995,0
12.951577428900473,12,13.668922348707468,1,67,3,0,0,1,3,0,0.0,4,0,14.439040207692525,65+,8.0,863648.5470900005,1865500.0000000044,0.0,6909188.376720004,0
12.295003429279529,13,11.773059697378924,1,62,3,1,0,1,1,0,0.0,5,0,15.333228059656271,60-64,6.0,129709.41884000013,4561799.999999989,0.0,778256.5130400008,1
14.127544453236872,12,14.801574457252649,1,56,3,0,2,1,2,0,14.151983508870948,5,0,16.408239765096596,50-59,4.0,2680661.322599998,13366199.999999983,1400000.0000000033,10722645.290399993,1
8.412054873292933,8,11.649008066953392,1,73,3,1,0,1,3,0,9.787009914477434,3,0,13.737009411474498,65+,8.0,114576.65330999994,924500.0000000007,17800.00000000001,916613.2264799995,1
9.395241931033524,12,11.30306069379871,1,66,3,1,0,2,1,0,8.699681400989514,5,0,12.47621809635459,65+,8.0,81068.38677399996,262029.99999999997,6000.000000000005,648547.0941919996,0
18.556382288842126,13,17.16667956923597,1,66,3,1,0,1,2,0,0.0,2,0,19.28361720012792,65+,8.0,28536072.14400001,237011020.00000012,0.0,228288577.15200007,1
12.103491596905933,12,12.2378385168098,1,68,3,1,0,1,3,0,8.006700845440367,1,0,14.845308887711054,65+,8.0,206454.1583200005,2800500.0000000023,2999.9999999999995,1651633.266560004,1
4.2626798770413155,7,9.24741970815207,0,61,2,0,0,2,3,0,0.0,5,0,4.2626798770413155,60-64,6.0,10376.753506999996,70.0,0.0,62260.52104199998,0
9.814710982145282,7,10.204473075038807,1,80,2,0,0,2,3,0,10.827766295132466,2,0,9.814710982145282,65+,8.0,27022.79559099997,18300.0,50400.00000000003,216182.36472799975,0
11.39640288460621,13,12.048161133447072,1,57,2,1,1,1,2,0,12.90917263218775,4,0,11.8995542787321,50-59,4.0,170784.0681400001,147200.00000000038,404000.0000000003,683136.2725600004,0
12.316723641882955,12,13.265957816512048,1,53,3,1,1,1,1,0,9.39274525863144,5,0,15.419614469877343,50-59,4.0,577206.9138300001,4973400.000000001,11999.999999999978,2308827.6553200004,1
5.993961427306569,2,10.569104881654322,0,33,2,1,2,1,1,0,0.0,5,0,5.993961427306569,30-39,0.75,38912.825651000036,400.00000000000006,0.0,29184.619238250027,0
7.972810784121404,8,11.010928456106528,0,51,0,0,0,2,1,0,0.0,1,0,13.71336819183732,50-59,4.0,60531.06212399997,902899.9999999995,0.0,242124.24849599987,1
5.303304908059076,8,9.75820678716859,1,76,2,0,1,1,2,0,10.085850775128716,5,0,5.303304908059076,65+,8.0,17294.589178000006,200.0,23999.999999999945,138356.71342400005,0
8.969669103793757,14,12.885460133287795,1,78,3,1,0,2,2,0,13.22672519452875,5,0,15.7044513341338,65+,8.0,394532.81562999927,6612359.999999995,555000.0000000002,3156262.525039994,1
12.694655727828804,14,13.492839338260476,1,79,3,0,0,1,1,0,0.0,5,0,16.511893021647875,65+,8.0,724210.921839999,14825999.99999999,0.0,5793687.374719992,1
7.601402334583733,4,10.511947979456522,0,57,1,1,5,1,1,0,9.933094897288786,2,0,7.601402334583733,50-59,4.0,36751.00200399998,2000.0,20600.0,147004.00801599992,0
5.942799375126701,9,10.569104881654322,0,65,1,0,0,2,3,0,0.0,1,0,5.942799375126701,65+,8.0,38912.825651000036,380.0000000000001,0.0,311302.6052080003,0
12.325858119412691,13,13.33119822895841,1,41,3,1,3,1,2,0,14.01763555904754,3,0,14.637688832478128,40-49,2.0,616119.7394800001,2275449.999999998,1224000.0000000005,1232239.4789600002,1
11.866472522167614,14,12.388241794252275,1,84,0,1,0,2,3,0,0.0,1,0,14.628399299461703,65+,8.0,239962.42485000013,2254409.9999999995,0.0,1919699.398800001,1
3.044522437723423,4,8.59518316934863,1,79,2,0,0,2,3,0,7.313886831633462,4,0,3.044522437723423,65+,8.0,5404.559118200003,20.0,1499.9999999999998,43236.47294560002,0
14.700930038712512,12,13.492839338260476,1,73,3,1,0,2,3,0,15.509105962262408,2,0,16.538252373503862,65+,8.0,724210.921839999,15222000.000000015,5439000.000000004,5793687.374719992,1
9.31659049181884,12,11.53944687502236,1,48,2,1,0,2,1,0,0.0,3,1,13.724623680916247,40-49,2.0,102686.62324999995,913120.0000000002,0.0,205373.2464999999,1
7.8636512654486515,10,10.482095840823945,0,54,1,0,0,2,1,0,0.0,5,0,7.8636512654486515,50-59,4.0,35670.09018000006,2599.9999999999995,0.0,142680.36072000023,0
11.19822841866684,9,12.091511325881504,1,54,3,1,0,1,1,0,11.326607934898927,5,0,13.724054043245165,50-59,4.0,178350.45089999962,912599.9999999992,83000.0,713401.8035999985,1
11.695255355062796,13,13.241312062529548,1,68,3,1,0,1,3,0,12.682930853382516,5,0,15.324022773047329,65+,8.0,563155.060120001,4520000.000000005,322199.99999999977,4505240.480960008,1
9.239996256883693,8,11.59073968241829,1,42,3,0,1,1,1,0,12.577639650232571,2,1,12.010063844310778,40-49,2.0,108091.18236000005,164400.0000000001,289999.99999999936,216182.3647200001,0
9.087155271405804,11,11.92720927582913,1,38,3,1,0,1,1,0,11.827743504053696,5,0,13.285911477124705,30-39,0.75,151327.65530999997,588840.0000000015,137000.00000000015,113495.74148249999,1
12.00488014728596,14,10.31779779558084,1,53,2,0,1,1,1,0,11.356283350762888,5,0,13.16838972575103,50-59,4.0,30265.531061999973,523550.0000000003,85500.00000000006,121062.12424799989,1
14.224237673270569,13,14.743466848767318,1,62,1,1,0,1,2,0,12.647551406590283,1,0,16.251918338652313,60-64,6.0,2529333.6673000013,11431899.999999993,310999.99999999936,15176002.003800008,0
11.407576060361786,13,11.175229004346514,1,81,2,1,0,2,3,0,11.289794413577894,3,0,12.73670383776449,65+,8.0,71340.18036100005,339999.99999999994,80000.0,570721.4428880004,0
9.376786579611847,8,11.764691512444722,1,38,3,0,3,1,1,1,12.553205710188037,4,1,12.289084786224238,30-39,0.75,128628.50701000007,217310.00000000015,283000.0000000001,96471.38025750006,1
5.916202062607435,9,10.769770904774589,0,51,3,1,2,2,1,0,10.915106645867503,4,0,11.059912670497306,50-59,4.0,47560.12024000005,63570.00000000004,55000.00000000004,190240.4809600002,0
8.909370405197466,9,10.835727530509162,0,71,1,1,0,1,1,0,7.2868764117507,5,0,8.909370405197466,65+,8.0,50802.85571100001,7399.999999999995,1460.0000000000002,406422.8456880001,0
6.90875477931522,8,10.482095840823945,1,67,2,0,2,1,3,0,11.464795582766676,5,1,6.90875477931522,65+,8.0,35670.09018000006,999.9999999999999,95300.00000000023,285360.72144000046,0
12.375566443977602,13,13.14676951854616,1,66,3,1,0,1,1,0,9.928228944424577,3,0,14.795242083693807,65+,8.0,512352.20440999954,2663739.9999999986,20500.00000000003,4098817.6352799963,0
11.289794413577894,8,11.028627743384128,1,53,1,0,2,1,2,0,0.0,5,0,11.35476174365251,50-59,4.0,61611.973947999984,85370.00000000006,0.0,246447.89579199994,0
11.792078770667636,13,10.897601753215405,1,63,3,0,1,1,2,0,12.449022745701502,4,0,11.792078770667636,60-64,6.0,54045.59118200007,132200.0000000003,255000.0000000001,324273.54709200043,0
11.468984026707243,12,12.060739842420068,1,28,2,1,0,1,1,0,13.468787359304866,3,0,11.741661349996177,Under 30,0.25,172945.89178,125699.99999999991,706999.9999999994,43236.472945,1
7.193685818395112,7,11.59073968241829,1,37,2,1,0,1,1,0,9.862196698118249,4,0,11.52614766513935,30-39,0.75,108091.18236000005,101329.99999999999,19190.000000000022,81068.38677000004,1
14.142654420277244,14,14.760416400457633,1,62,0,1,0,1,2,0,0.0,2,1,15.860101951641438,60-64,6.0,2572570.1403,7725999.999999996,0.0,15435420.8418,0
7.650168700845001,8,10.569104881654322,1,66,2,1,0,2,1,0,8.853808274977197,3,0,8.188966863648876,65+,8.0,38912.825651000036,3600.000000000002,6999.999999999998,311302.6052080003,0
3.4657359027997265,8,9.470543987306163,0,63,3,0,0,2,3,0,0.0,4,0,3.4657359027997265,60-64,6.0,12970.941883999983,31.0,0.0,77825.6513039999,0
14.827111833279051,11,17.687680506820975,1,75,2,1,0,2,2,0,0.0,4,0,19.426117243715783,65+,8.0,48046530.56100003,273310000.0000004,0.0,384372244.4880002,0
8.216358332386156,8,10.674462827538376,1,65,2,0,0,2,3,0,11.896833207128452,5,0,10.073272520325904,65+,8.0,43236.47294599996,23700.00000000001,146800.0000000001,345891.78356799966,0
10.4193305681139,13,12.370059551652831,0,71,3,1,0,2,3,0,13.385282872318248,3,0,15.360836738173456,65+,8.0,235638.7775599998,4689499.999999992,650359.9999999998,1885110.2204799985,1
10.150386692204734,12,10.281431375093115,0,22,3,0,0,2,1,0,8.343077871169383,4,0,10.152727608571611,Under 30,0.25,29184.61923800001,25659.99999999998,4200.000000000004,7296.154809500003,1
9.90353755128617,9,11.234068703381135,0,32,1,0,0,1,2,0,0.0,4,0,9.90353755128617,30-39,0.75,75663.82765499984,20000.000000000015,0.0,56747.87074124988,0
11.141876276228,14,13.040001763028696,1,72,2,0,0,1,1,0,12.154784614286667,3,0,16.25358770772409,65+,8.0,460468.4368700005,11451000.000000002,189999.9999999999,3683747.494960004,1
8.160803920954665,8,10.030126736355644,1,87,3,0,0,2,3,0,0.0,5,0,8.160803920954665,65+,8.0,22699.14829700001,3499.9999999999977,0.0,181593.18637600009,0
10.308985993422082,10,11.686049021222916,1,64,2,1,0,1,1,0,12.238060533986513,5,0,12.429220196836384,60-64,6.0,118900.30059999996,250000.00000000023,206500.00000000032,713401.8035999998,0
8.476579508530941,9,11.805849271474132,1,52,3,1,2,1,1,0,12.87439164181032,5,0,11.112462823634855,50-59,4.0,134033.06612999988,67000.0,390189.99999999936,536132.2645199995,0
10.404293143019792,13,11.046019206267973,1,74,2,1,0,1,3,0,9.305741456739437,4,0,12.06105265381003,65+,8.0,62692.88577200012,172999.9999999999,11000.000000000011,501543.08617600094,0
16.303329712290292,12,13.835687391217062,1,74,3,1,0,1,1,0,11.51293546492023,2,0,17.345833838129963,65+,8.0,1020380.7614999996,34135000.00000002,100000.00000000004,8163046.091999996,1
11.082157933374816,12,12.44939597018852,1,53,1,1,1,1,1,1,12.45488784222084,2,0,11.082157933374816,50-59,4.0,255095.1903799998,64999.999999999956,256500.0000000002,1020380.7615199992,0
6.2166061010848646,9,10.243692364956797,0,52,3,0,0,1,1,0,0.0,2,0,6.2166061010848646,50-59,4.0,28103.707415000037,499.9999999999999,0.0,112414.82966000015,0
13.138238695062618,13,13.984253363804084,1,74,3,1,0,1,2,0,12.914110901635024,5,0,14.463137746508512,65+,8.0,1183814.6293000022,1911000.0000000016,406000.0,9470517.034400018,0
11.98854454800156,12,13.979494069068627,1,71,3,1,0,1,1,0,14.163347259450244,2,0,15.182341989084325,65+,8.0,1178193.8877999985,3922900.0,1416000.0000000033,9425551.102399988,0
9.90353755128617,8,11.028627743384128,1,64,1,0,0,1,2,0,11.324195417595108,4,0,12.624786269856632,60-64,6.0,61611.973947999984,303999.99999999965,82800.0000000001,369671.8436879999,0
9.61587214452889,8,10.482095840823945,1,54,1,1,0,2,1,0,10.981573952417513,4,0,10.839600519357369,50-59,4.0,35670.09018000006,50999.999999999985,58780.00000000005,142680.36072000023,0
7.601402334583733,8,10.511947979456522,0,66,2,0,0,1,3,0,7.244941546337007,5,0,7.601402334583733,65+,8.0,36751.00200399998,2000.0,1399.9999999999995,294008.01603199984,0
10.609081944147828,13,12.060739842420068,1,53,3,0,1,1,1,0,13.246351123968212,3,0,12.856053940969854,50-59,4.0,172945.89178,383099.9999999999,566000.0000000005,691783.56712,0
7.313886831633462,8,11.74774208708152,1,66,3,0,1,1,1,0,12.05943285488939,4,0,7.601402334583733,65+,8.0,126466.68337000003,2000.0,172720.00000000003,1011733.4669600002,0
11.720110351488872,12,10.87739942351305,1,53,3,1,2,2,1,0,0.0,4,0,13.62073699573707,50-59,4.0,52964.67935899999,823019.9999999994,0.0,211858.71743599995,1
12.206077645517674,9,12.318283507600151,1,69,3,1,0,1,2,0,11.695255355062796,4,0,14.006131744018864,65+,8.0,223748.7474899998,1210000.0000000012,120000.00000000025,1789989.9799199984,0
10.62135173563291,12,10.281431375093115,0,24,3,0,0,2,4,0,12.613871694544752,2,0,10.62135173563291,Under 30,0.25,29184.61923800001,40999.99999999999,300699.99999999994,7296.154809500003,1
9.867912187022208,13,11.773059697378924,0,51,3,1,4,1,1,0,0.0,5,0,9.867912187022208,50-59,4.0,129709.41884000013,19300.0,0.0,518837.6753600005,0
14.782494784382012,12,15.61071074408129,1,74,3,1,0,1,2,0,14.243481173243287,2,0,15.604265685340188,65+,8.0,6020678.857699997,5982000.000000003,1534139.9999999977,48165430.861599974,0
8.294299608857235,12,11.010928456106528,1,63,2,0,0,2,1,0,12.10625783509458,4,0,12.225880174775122,60-64,6.0,60531.06212399997,203999.99999999985,181000.00000000006,363186.3727439998,0
10.239995502805316,8,11.159961747859198,0,27,3,1,0,1,1,0,0.0,2,0,10.239995502805316,Under 30,0.25,70259.268537,28000.00000000002,0.0,17564.81713425,1
6.660575149839686,8,9.98133877479715,0,52,2,0,0,1,1,0,7.901377353792616,2,0,6.660575149839686,50-59,4.0,21618.236473000004,780.0000000000001,2700.0000000000005,86472.94589200002,0
10.165890277802454,9,11.404411999129266,1,64,3,1,0,1,1,0,9.546884034617923,5,0,13.263864675787632,60-64,6.0,89715.68136300004,575999.9999999998,13999.999999999969,538294.0881780002,1
11.736077016252436,13,12.766306616236962,1,43,3,1,2,1,2,0,13.214032390746006,2,0,13.22672519452875,40-49,2.0,350215.43085999996,555000.0000000002,548000.0,700430.8617199999,0
9.10731047165664,12,9.383539618396709,0,22,3,0,0,2,1,0,0.0,4,0,9.10731047165664,Under 30,0.25,11890.03006000001,9020.000000000018,0.0,2972.5075150000025,1
11.652696102959752,9,11.010928456106528,1,74,3,1,0,1,3,0,0.0,4,0,13.266465452978318,65+,8.0,60531.06212399997,577500.0000000001,0.0,484248.49699199974,1
8.650149418664864,8,11.234068703381135,1,56,3,0,4,1,1,0,12.83609630336993,5,0,9.662116382947598,50-59,4.0,75663.82765499984,15710.000000000013,375529.9999999997,302655.31061999936,0
17.210388044426274,12,14.996915661077972,1,79,3,1,0,1,3,0,0.0,2,0,18.765072970207243,65+,8.0,3258949.1482999995,141113200.00000012,0.0,26071593.186399996,1
4.948759890378168,7,11.159961747859198,1,65,3,0,2,1,1,0,11.706030338921243,5,0,11.520308145793951,65+,8.0,70259.268537,100739.99999999999,121300.00000000003,562074.148296,0
9.232199706329077,11,7.861414385181101,0,35,2,0,2,2,1,0,11.693169865968985,5,1,9.518633568332074,30-39,0.75,2594.1883768,13610.000000000007,119750.00000000015,1945.6412825999998,1
10.39973746484973,8,10.91740401772286,0,35,3,0,3,2,4,0,0.0,4,0,10.53078869085856,30-39,0.75,55126.503006,37450.00000000006,0.0,41344.877254499996,0
14.285514812209817,12,12.546245434332969,1,69,3,1,0,1,3,0,12.431617311859128,1,0,15.4474926303749,65+,8.0,281037.07415000035,5113999.999999995,250599.99999999997,2248296.593200003,1
5.484796933490655,6,9.236949422635218,0,64,3,0,0,2,3,0,0.0,4,0,5.484796933490655,60-64,6.0,10268.662325000007,239.99999999999994,0.0,61611.97395000004,0
7.00397413672268,9,10.769770904774589,0,73,3,0,0,2,2,0,10.388410581979008,4,0,7.00397413672268,65+,8.0,47560.12024000005,1099.9999999999998,32479.99999999999,380480.9619200004,0
7.099201743553092,9,10.31779779558084,0,75,3,0,0,2,1,0,7.901377353792616,5,0,7.444833273892193,65+,8.0,30265.531061999973,1709.9999999999998,2700.0000000000005,242124.24849599978,0
7.669028288589683,10,10.99291025098136,0,33,3,0,0,2,1,0,9.69959500581403,5,1,9.556833658307776,30-39,0.75,59450.15030100008,14139.999999999987,16310.000000000004,44587.61272575006,0
10.545367754151744,12,18.0650839975069,1,88,2,1,0,2,3,0,0.0,4,0,21.25597310241848,65+,8.0,70075513.527,1703537999.9999993,0.0,560604108.216,1
9.888424674859085,12,12.41490993166092,1,39,2,1,2,1,1,0,12.94182662689562,2,0,13.472599033558158,30-39,0.75,246447.89579000062,709700.0000000003,417410.0000000003,184835.92184250045,1
13.332625923631754,12,13.142541190701596,1,61,3,1,0,1,2,0,0.0,4,0,14.28363805337103,60-64,6.0,510190.38076000084,1597000.0000000005,0.0,3061142.284560005,0
10.463131911491969,14,10.87739942351305,0,31,3,1,2,1,4,0,0.0,1,0,11.862179945241476,30-39,0.75,52964.67935899999,141800.00000000003,0.0,39723.50951924999,1
9.414994033976548,12,10.623170750425082,0,23,3,1,2,1,1,0,8.999742789830492,4,0,9.75678407334392,Under 30,0.25,41074.649299000004,17270.000000000025,8100.000000000006,10268.662324750001,1
8.853808274977197,7,11.789588872889585,0,31,3,0,0,1,1,0,10.007892611890918,2,0,11.19822841866684,30-39,0.75,131871.2424800002,73000.00000000003,22200.000000000004,98903.43186000014,0
7.650168700845001,8,10.511947979456522,0,66,2,0,0,2,1,0,4.110873864173311,5,0,11.539577132967588,65+,8.0,36751.00200399998,102699.99999999994,60.00000000000001,294008.01603199984,0
12.813119851828636,14,14.616021955945245,1,47,3,1,2,1,1,1,12.154784614286667,2,0,14.6838711757199,40-49,2.0,2226678.3566999985,2382999.999999998,189999.9999999999,4453356.713399997,0
11.350418300109132,12,12.189572015326258,1,57,3,0,0,1,1,0,0.0,5,0,13.845070331079134,50-59,4.0,196725.95189999993,1030000.0,0.0,786903.8075999997,1
7.601402334583733,8,11.079920226254767,0,31,0,0,0,1,2,1,0.0,2,0,8.160803920954665,30-39,0.75,64854.70941899998,3499.9999999999977,0.0,48641.03206424999,0
10.714439990727769,10,12.150351505528926,1,44,1,0,0,1,1,0,8.279189777195004,5,0,12.884108726347916,40-49,2.0,189159.5691400001,394000.0000000002,3940.0000000000014,378319.1382800002,1
12.181170135912962,10,12.258564547947534,1,40,3,1,0,1,1,0,12.350826455602125,4,0,12.97868005646438,40-49,2.0,210777.8056099999,433080.00000000105,231149.9999999999,421555.6112199998,1
10.66897865021924,13,11.367598443988374,1,41,3,1,1,2,1,0,10.691967639914864,2,0,12.899222326086994,40-49,2.0,86472.94589200003,399999.9999999999,43999.99999999997,172945.89178400006,1
7.244941546337007,9,10.243692364956797,0,38,2,1,0,2,1,0,9.39274525863144,2,0,10.474495347310452,30-39,0.75,28103.707415000037,35399.99999999996,11999.999999999978,21077.780561250027,1
8.2482674474469,8,9.98133877479715,0,49,3,0,0,1,3,0,0.0,5,0,8.2482674474469,40-49,2.0,21618.236473000004,3819.9999999999977,0.0,43236.47294600001,0
6.90875477931522,8,11.404411999129266,0,52,2,0,3,1,1,0,9.210440366976515,4,1,6.90875477931522,50-59,4.0,89715.68136300004,999.9999999999999,9999.99999999999,358862.72545200016,0
6.2166061010848646,8,11.09644927542817,0,35,3,0,2,1,2,0,10.273360024718905,2,1,6.2166061010848646,30-39,0.75,65935.62124200001,499.9999999999999,28950.000000000004,49451.7159315,0
8.922791623969637,11,11.629960039799675,1,31,3,0,0,1,1,0,11.246365410473755,2,0,10.75579427616868,30-39,0.75,112414.82966000008,46899.99999999996,76599.99999999993,84311.12224500006,0
9.77286620732769,13,11.610542128340578,1,67,2,1,0,2,3,0,11.542493975902508,4,0,13.033643632894629,65+,8.0,110253.00601000008,457550.00000000064,103000.00000000001,882024.0480800007,0
8.294299608857235,8,7.679169891098901,1,56,2,0,0,2,1,0,0.0,5,0,8.294299608857235,50-59,4.0,2161.8236473000006,4000.0000000000014,0.0,8647.294589200003,0
10.12667110305036,13,12.651990134355827,1,38,3,1,1,2,1,0,11.362114203075018,4,0,13.279368835614244,30-39,0.75,312383.5170300002,585000.0000000014,86000.00000000001,234287.63777250017,1
5.442417710521793,4,10.281431375093115,0,40,0,1,2,2,1,0,8.665785595466064,4,1,5.442417710521793,40-49,2.0,29184.61923800001,229.99999999999994,5799.999999999996,58369.23847600002,0
9.210440366976515,9,12.20050103062022,1,38,3,1,3,1,1,0,12.432574551254016,4,0,12.154784614286667,30-39,0.75,198887.77554999987,189999.9999999999,250839.99999999945,149165.8316624999,1
13.58231793342203,12,15.249150916136555,1,64,3,1,0,1,2,0,15.720598861308844,1,0,16.16992889454706,60-64,6.0,4193937.87579999,10531999.999999989,6719999.999999991,25163627.25479994,0
4.795790545596741,8,11.549918073413814,1,57,1,0,1,1,1,0,10.090008612393838,2,1,12.055952996835728,50-59,4.0,103767.53506999994,172120.0,24100.000000000022,415070.14027999976,0
8.81001204797317,12,10.87739942351305,0,50,1,0,4,1,1,0,9.314790473332646,4,1,8.81001204797317,50-59,4.0,52964.67935899999,6700.0,11099.99999999999,211858.71743599995,0
11.635151947212842,12,13.03293461120971,1,59,3,0,1,1,2,0,0.0,3,0,13.662360543970586,50-59,4.0,457225.7013999998,857999.9999999999,0.0,1828902.8055999991,0
5.303304908059076,8,9.930047914868677,1,88,0,0,1,2,3,0,11.289794413577894,3,1,5.303304908059076,65+,8.0,20537.32464900002,200.0,80000.0,164298.59719200016,0
0.6931471805599453,9,10.386788464403516,0,39,3,0,2,2,1,0,10.936689829317784,5,1,8.294549515143679,30-39,0.75,32427.35470899998,4001.0,56199.99999999996,24320.516031749987,0
11.429554725537322,14,12.14462086116848,1,32,1,1,0,2,1,0,12.916079401363945,4,0,12.928781055513184,30-39,0.75,188078.65731000004,412000.0000000001,406800.0000000005,141058.99298250003,1
4.61512051684126,12,11.528864869228295,1,41,2,0,0,1,4,0,13.466209786431603,1,1,4.61512051684126,40-49,2.0,101605.71141999982,100.00000000000003,705180.0000000001,203211.42283999964,0
9.883335864325277,13,12.232589186385791,1,40,1,0,2,1,1,0,13.20302312543853,4,1,11.457423325808625,40-49,2.0,205373.24649000014,94600.00000000016,541999.9999999995,410746.4929800003,0
12.206077645517674,9,11.112709551691127,1,74,1,0,0,1,3,0,0.0,5,0,13.138238695062618,65+,8.0,67016.53306600003,508000.0,0.0,536132.2645280003,0
7.696667081526462,8,10.936821754744528,1,74,2,1,0,2,3,0,9.210440366976515,4,0,12.618847637882144,65+,8.0,56207.41482999999,302199.9999999999,9999.99999999999,449659.3186399999,0
16.276892748022266,14,15.640774895551251,1,67,3,1,0,1,2,0,13.224921770781943,4,0,19.529345671771324,65+,8.0,6204433.867699991,303031000.0,554000.0,49635470.94159993,1
11.951251361125228,13,15.07810579187094,1,57,3,1,4,1,2,1,14.833635956991309,5,0,15.909789109821263,50-59,4.0,3534581.663299992,8119580.0000000065,2768000.000000001,14138326.653199969,0
12.3461866998197,14,14.561145371053444,1,61,3,1,2,1,2,0,0.0,5,0,16.400645651830093,60-64,6.0,2107778.056099999,13265079.999999981,0.0,12646668.336599994,1
9.15915233520675,12,13.227785310406071,1,45,3,1,2,1,1,0,13.122365377402328,4,0,12.547891278953442,40-49,2.0,555588.67735,281500.0000000002,499999.99999999977,1111177.3547,0
11.400887146781374,12,11.789588872889585,1,67,3,1,1,1,2,0,0.0,5,0,11.400887146781374,65+,8.0,131871.2424800002,89400.00000000007,0.0,1054969.9398400015,0
11.034905792929417,13,13.415281215273463,1,79,3,1,0,1,2,0,0.0,5,0,16.29305693729494,65+,8.0,670165.3306599997,11912000.000000013,0.0,5361322.645279998,1
7.0909098220799835,9,10.897601753215405,0,43,3,0,0,2,1,0,10.463131911491969,4,1,7.0909098220799835,40-49,2.0,54045.59118200007,1200.0,35000.00000000007,108091.18236400014,0
8.716207971151853,11,9.69367212060944,0,74,2,1,0,2,3,0,0.0,5,0,8.716207971151853,65+,8.0,16213.677355,6100.000000000004,0.0,129709.41884,0
10.951700883620386,8,11.59073968241829,1,60,1,1,0,1,1,0,10.691967639914864,2,0,12.1131401368243,60-64,6.0,108091.18236000005,182249.99999999994,43999.99999999997,648547.0941600003,0
12.283038316285214,12,11.686049021222916,1,57,3,1,2,1,2,0,10.819798284210286,1,0,14.313859267752385,50-59,4.0,118900.30059999996,1646000.0000000044,50000.000000000015,475601.20239999983,1
2.3978952727983707,3,9.550580764956187,0,57,3,0,0,1,3,0,0.0,5,0,8.074337694089515,50-59,4.0,14051.853706999998,3210.0000000000023,0.0,56207.41482799999,0
10.915106645867503,14,14.02434459802124,1,71,3,0,0,1,1,0,0.0,4,0,17.274505069814026,65+,8.0,1232239.4790000012,31784999.999999978,0.0,9857915.83200001,1
6.68586094706836,13,11.686049021222916,1,43,1,1,0,2,1,0,12.111767460549332,5,0,12.703207983522068,40-49,2.0,118900.30059999996,328800.00000000023,182000.00000000003,237800.60119999992,1
8.434028950155469,7,11.342280932513091,1,60,2,0,1,1,1,0,12.016732516077072,3,0,8.434028950155469,60-64,6.0,84311.12224399998,4600.0,165499.99999999988,505866.73346399993,0
8.77971129020447,12,10.623170750425082,0,25,3,1,0,2,1,0,10.203629181337648,4,0,10.184937747111393,Under 30,0.25,41074.649299000004,26500.00000000005,26999.999999999978,10268.662324750001,1
9.249657234353132,12,11.079920226254767,0,35,2,0,1,2,1,0,11.156264806643742,3,1,11.214532906153606,30-39,0.75,64854.70941899998,74200.00000000001,70000.00000000001,48641.03206424999,1
8.412054873292933,8,11.639529406064158,1,52,1,1,0,1,2,1,13.520469474288642,3,0,10.43708198835482,50-59,4.0,113495.74147999997,34099.99999999997,744499.9999999994,453982.9659199999,0
9.61587214452889,10,11.730500418141489,1,27,2,0,1,1,1,0,12.54254845357358,4,0,12.144734331596096,Under 30,0.25,124304.8597200003,188100.00000000003,280000.0,31076.214930000075,1
10.604131561522696,14,12.019266839080483,0,34,3,0,0,2,1,0,12.912138519270698,5,0,12.145797025305598,30-39,0.75,165919.96492999987,188299.99999999994,405200.0,124439.9736974999,1
9.04793908261736,9,11.046019206267973,1,43,2,0,0,2,1,0,11.751950239425476,2,0,10.36410350510914,40-49,2.0,62692.88577200012,31699.999999999996,126999.99999999991,125385.77154400024,0
9.39274525863144,12,11.063113369269184,0,38,2,1,3,2,1,0,10.8107577211892,5,0,9.39274525863144,30-39,0.75,63773.79759499985,11999.999999999978,49549.99999999998,47830.34819624989,0
8.157943507105037,12,11.175229004346514,1,58,1,0,8,1,1,0,0.0,3,0,12.076311280270572,50-59,4.0,71340.18036100005,175660.00000000012,0.0,285360.7214440002,0
10.203629181337648,13,13.03293461120971,1,58,3,0,0,1,3,0,13.831188021794556,2,0,12.35017731849889,50-59,4.0,457225.7013999998,231000.0000000001,1015800.0000000023,1828902.8055999991,0
6.2166061010848646,8,10.451325058234776,0,36,3,0,3,2,2,0,5.198497031265826,1,0,7.696667081526462,30-39,0.75,34589.17835700002,2200.0,180.00000000000006,25941.883767750012,0
9.200391041122517,10,10.31779779558084,1,51,2,0,2,2,2,0,8.006700845440367,2,0,12.261512082776054,50-59,4.0,30265.531061999973,211399.99999999985,2999.9999999999995,121062.12424799989,1
6.293419278846481,-1,9.818828007928497,0,83,3,0,0,2,3,0,0.0,5,0,6.293419278846481,65+,8.0,18375.50100200004,539.9999999999998,0.0,147004.00801600033,0
9.305741456739437,12,11.316305758236654,0,49,3,1,0,2,1,0,0.0,2,0,11.440365524765756,40-49,2.0,82149.298597,93000.00000000007,0.0,164298.597194,0
9.305741456739437,8,9.6246836542707,0,89,1,0,0,2,3,0,6.90875477931522,5,0,9.305741456739437,65+,8.0,15132.765531000001,11000.000000000011,999.9999999999999,121062.12424800001,0
11.51293546492023,14,13.473245671692403,1,58,3,1,0,1,2,0,0.0,3,0,16.99147892357485,50-59,4.0,710159.068139999,23949999.999999963,0.0,2840636.272559996,1
13.854732232655556,13,0.0,1,46,0,1,3,1,1,0,14.038654909278163,2,0,14.144815024531075,40-49,2.0,0.0,1389999.9999999988,1249999.999999999,0.0,1
9.99884318585288,8,11.59073968241829,0,34,1,0,2,1,1,0,0.0,2,1,9.99884318585288,30-39,0.75,108091.18236000005,21999.999999999993,0.0,81068.38677000004,0
8.188966863648876,8,11.063113369269184,0,40,2,0,1,2,1,0,9.240966565517944,4,1,10.42231110741318,40-49,2.0,63773.79759499985,33599.99999999995,10310.000000000002,127547.5951899997,0
8.517393171418904,8,9.288237848223762,1,76,3,1,0,2,3,0,0.0,4,0,8.517393171418904,65+,8.0,10809.118235999998,5000.000000000003,0.0,86472.94588799999,0
12.611541086966117,13,11.47420700963637,1,62,3,1,1,1,1,0,10.518700218288163,3,0,12.611541086966117,60-64,6.0,96201.15230500007,300000.0000000003,36999.99999999994,577206.9138300004,0
14.457628093588625,14,15.05019701176901,1,51,3,1,2,1,2,0,14.60737166446128,1,0,16.132047963190786,50-59,4.0,3437299.599200003,10140500.0,2207499.9999999944,13749198.396800011,0
13.774689605110144,14,12.308574737108612,1,76,2,0,0,1,1,0,10.66897865021924,3,0,15.83281083612035,65+,8.0,221586.92385000005,7517999.9999999935,42999.99999999994,1772695.3908000004,1
5.916202062607435,12,10.41957729248823,1,63,3,0,0,2,1,0,11.715874472198903,5,1,5.916202062607435,60-64,6.0,33508.26653300001,369.99999999999994,122499.99999999974,201049.59919800004,0
8.523374050491318,8,9.383539618396709,1,56,3,0,0,2,3,0,0.0,2,0,8.523374050491318,50-59,4.0,11890.03006000001,5029.999999999998,0.0,47560.12024000004,0
9.90353755128617,12,7.39164192630316,0,55,1,0,2,1,1,0,0.0,4,0,9.90353755128617,50-59,4.0,1621.3677354999998,20000.000000000015,0.0,6485.470941999999,1
9.680406499268877,9,10.974561423798535,1,70,3,1,0,1,3,0,11.731265497840116,5,0,13.097252727448511,65+,8.0,58369.23847699994,487599.99999999953,124400.00000000006,466953.9078159995,1
10.900454637442037,12,11.159961747859198,1,51,2,0,1,1,1,0,12.267031329188796,4,0,10.900454637442037,50-59,4.0,70259.268537,54200.0,212570.00000000003,281037.074148,0
14.59621109361718,14,12.620353152316724,1,75,0,1,1,1,2,0,10.305647203635566,5,0,14.999076858697435,65+,8.0,302655.3106200002,3265999.999999997,29899.999999999996,2421242.4849600014,1
12.449022745701502,13,15.087238272859652,1,65,3,1,0,1,2,0,0.0,4,0,16.55441328719049,65+,8.0,3567009.0179999988,15470000.000000011,0.0,28536072.14399999,0
8.294299608857235,12,12.655444358205663,1,51,2,0,0,1,1,0,12.421188057397057,3,0,11.552155793461898,50-59,4.0,313464.42886000016,104000.00000000003,248000.00000000064,1253857.7154400006,0
9.61587214452889,13,13.421712096046615,1,66,3,1,0,1,1,0,13.488395803228675,2,0,16.39352807690556,65+,8.0,674488.9779599992,13171000.000000011,720999.9999999993,5395911.823679994,1
5.25227342804663,7,10.85678052964002,1,78,1,0,0,1,3,0,0.0,5,0,5.25227342804663,65+,8.0,51883.76753500001,190.0,0.0,415070.1402800001,0
9.798182590890704,9,9.6246836542707,1,68,2,1,0,1,3,0,12.106810165667412,2,0,9.798182590890704,65+,8.0,15132.765531000001,17999.999999999993,181099.99999999962,121062.12424800001,0
8.682877107057168,10,11.620298215285262,0,52,3,1,0,1,1,0,10.494075844768336,5,0,11.313266479778829,50-59,4.0,111333.91784000008,81899.99999999996,36099.99999999998,445335.6713600003,0
6.175867270105761,8,10.030126736355644,1,35,1,0,0,2,3,0,10.915106645867503,2,1,6.274762021241939,30-39,0.75,22699.14829700001,530.0,55000.00000000004,17024.36122275001,0
0.6931471805599453,8,9.16041709112295,0,53,2,0,0,2,1,0,7.00397413672268,2,0,0.6931471805599453,50-59,4.0,9512.024048099993,1.0,1099.9999999999998,38048.09619239997,0
7.313886831633462,2,9.69367212060944,0,39,1,0,1,2,1,0,0.0,1,0,7.313886831633462,30-39,0.75,16213.677355,1499.9999999999998,0.0,12160.25801625,0
13.901881813453178,12,15.821934310465307,1,59,3,1,0,1,2,0,0.0,3,0,16.470387874794664,50-59,4.0,7436673.346699999,14223239.999999993,0.0,29746693.386799995,0
11.690242855114947,12,12.59136571261931,1,81,3,1,0,1,2,0,14.547878932446617,5,0,15.710037333387053,65+,8.0,294008.0160300001,6649399.999999995,2080000.0000000016,2352064.128240001,1
8.852378886511985,9,11.610542128340578,0,30,2,0,2,1,1,0,11.701071692055445,4,0,10.171642709679686,30-39,0.75,110253.00601000008,26150.000000000007,120699.99999999997,82689.75450750007,0
9.855924135604518,12,11.92720927582913,0,28,3,1,0,1,1,0,11.662732438836994,2,0,11.354293090669742,Under 30,0.25,151327.65530999997,85329.99999999996,116159.9999999999,37831.91382749999,1
6.2166061010848646,14,11.09644927542817,0,49,2,0,0,2,1,0,10.05195066017375,5,0,12.37581963951765,40-49,2.0,65935.62124200001,237000.00000000003,23199.999999999996,131871.24248400002,1
8.550821372396221,8,10.814221753204103,1,66,2,0,1,1,1,0,11.192733974822708,4,0,8.550821372396221,65+,8.0,49721.943887999936,5170.0,72599.99999999999,397775.5511039995,0
9.90353755128617,14,11.92720927582913,1,47,3,0,3,1,1,0,12.746362892345706,1,0,13.134293924552235,40-49,2.0,151327.65530999997,506000.00000000023,343299.99999999994,302655.31061999995,1
8.268988209506656,8,11.079920226254767,1,62,2,1,0,1,1,0,12.708062347258762,5,0,8.895766604056085,60-64,6.0,64854.70941899998,7299.999999999996,330399.99999999994,389128.2565139999,0
8.006700845440367,8,10.723251890363157,0,38,2,0,2,1,2,0,0.0,4,1,8.006700845440367,30-39,0.75,45398.29659299996,2999.9999999999995,0.0,34048.722444749976,0
7.650168700845001,9,10.31779779558084,1,75,2,0,0,2,1,0,6.90875477931522,4,0,7.650168700845001,65+,8.0,30265.531061999973,2100.0000000000005,999.9999999999999,242124.24849599978,0
7.415175109613295,6,12.222007128890564,0,44,2,1,4,2,2,0,9.222367752188902,5,0,9.13356731317027,40-49,2.0,203211.4228499997,9260.000000000005,10120.000000000004,406422.8456999994,0
16.87139680141899,12,18.591520584474992,1,52,3,1,0,1,2,0,0.0,3,0,18.98781108960033,50-59,4.0,118630072.64999992,176320000.0000002,0.0,474520290.59999967,0
7.0909098220799835,5,8.931602548935768,0,52,2,0,0,2,2,0,6.803505257608338,2,0,7.0909098220799835,50-59,4.0,7566.382765499997,1200.0,899.9999999999998,30265.531061999987,0
7.313886831633462,12,9.383539618396709,0,72,3,1,0,2,3,0,0.0,5,0,7.313886831633462,65+,8.0,11890.03006000001,1499.9999999999998,0.0,95120.24048000008,0
8.294299608857235,10,11.845379821066128,1,64,2,0,0,1,1,0,13.06479994037709,5,0,13.762110836088922,60-64,6.0,139437.6252500001,947999.9999999993,472029.9999999999,836625.7515000006,1
8.716207971151853,7,9.383539618396709,0,48,2,0,3,1,1,0,0.0,5,0,9.401043372798052,40-49,2.0,11890.03006000001,12099.999999999989,0.0,23780.06012000002,0
0.0,9,9.930047914868677,0,33,3,0,0,2,4,0,0.0,2,0,0.0,30-39,0.75,20537.32464900002,0.0,0.0,15402.993486750016,0
6.246106765481563,6,10.030126736355644,0,21,3,0,2,1,2,0,10.043727641450571,5,0,6.246106765481563,Under 30,0.25,22699.14829700001,515.0,23009.99999999994,5674.787074250003,0
10.308985993422082,12,11.380020821211884,1,69,3,1,0,1,1,0,0.0,5,0,13.535797977912118,65+,8.0,87553.85771500022,756000.0,0.0,700430.8617200018,1
7.560601162768557,9,12.035422182721987,1,45,2,0,2,1,4,0,12.431218191515056,5,1,7.560601162768557,40-49,2.0,168622.2444899999,1920.0000000000007,250499.9999999998,337244.4889799998,0
8.216358332386156,8,11.079920226254767,1,77,3,1,0,2,1,0,11.982935344196433,4,0,12.846612510860464,65+,8.0,64854.70941899998,379500.0000000001,159999.99999999997,518837.6753519998,0
11.37940550085183,8,10.16365262239305,1,68,2,0,1,2,2,0,10.130662964963708,3,0,12.02874460037869,65+,8.0,25941.88376800001,167499.99999999997,25099.999999999993,207535.07014400008,0
10.518700218288163,12,11.875916329276292,0,31,2,0,0,1,1,0,11.282266241614357,3,0,12.345838935721968,30-39,0.75,143761.27255000002,230000.0000000001,79400.00000000009,107820.95441250002,1
1.9459101490553132,8,11.09644927542817,0,35,0,0,2,1,1,0,9.305741456739437,5,0,1.9459101490553132,30-39,0.75,65935.62124200001,5.999999999999999,11000.000000000011,49451.7159315,0
5.802118375377063,11,10.16365262239305,0,48,3,0,2,1,1,0,11.25416768929685,3,0,5.802118375377063,40-49,2.0,25941.88376800001,330.0,77200.00000000004,51883.76753600002,0
7.826443135456014,12,10.281431375093115,0,31,2,0,0,2,1,0,11.309596795779068,3,1,9.66179808393482,30-39,0.75,29184.61923800001,15704.999999999989,81600.0,21888.464428500007,0
7.824445930877619,8,10.35288797609956,0,22,2,0,0,2,1,0,10.055822298839407,5,0,9.4343635363174,Under 30,0.25,31346.442886000004,12510.000000000007,23290.0,7836.610721500001,1
12.524530013005734,13,14.4239443193151,1,58,3,1,0,1,1,1,14.151268968443643,5,0,15.640704964464884,50-59,4.0,1837550.1001999967,6203999.999999996,1398999.9999999967,7350200.400799987,0
10.7706090484022,9,10.728002388735412,1,77,3,0,0,2,3,0,5.564520407322694,2,0,13.330679138375084,65+,8.0,45614.47895800003,615800.0000000002,260.00000000000006,364915.83166400023,1
10.12667110305036,13,12.86329861828133,0,76,3,1,0,1,2,0,9.210440366976515,3,0,16.27723395758446,65+,8.0,385885.5210400002,11725000.000000006,9999.99999999999,3087084.1683200016,1
10.354595018522993,13,12.156049496587327,1,68,3,0,0,1,3,0,12.537176929007302,2,1,14.54083495438704,65+,8.0,190240.48095999993,2065400.0000000033,278499.9999999999,1521923.8476799994,1
10.640675541671662,8,10.723251890363157,0,68,2,1,0,2,3,0,0.0,5,0,10.640675541671662,65+,8.0,45398.29659299996,41799.99999999997,0.0,363186.3727439997,0
11.790564777297387,14,12.20592107089332,1,63,2,1,2,1,1,0,8.987321812850125,4,0,14.51334722567122,60-64,6.0,199968.68737000017,2009399.9999999988,8000.0000000000055,1199812.124220001,1
10.87806606028079,13,11.773059697378924,1,44,3,0,4,1,1,0,12.779594156325745,5,0,11.8995542787321,40-49,2.0,129709.41884000013,147200.00000000038,354900.0000000004,259418.83768000026,0
10.725489582719506,12,12.150351505528926,1,49,3,1,1,1,1,0,12.012493964400264,2,0,13.137253960339487,40-49,2.0,189159.5691400001,507499.9999999997,164800.00000000006,378319.1382800002,1
10.344995251991222,12,11.128709656194046,1,63,3,0,0,1,1,0,0.0,1,0,14.83041545999586,60-64,6.0,68097.44488999996,2759100.0000000023,0.0,408584.66933999973,1
0.0,5,9.69367212060944,0,67,1,0,0,2,3,0,8.987321812850125,1,1,3.9318256327243257,65+,8.0,16213.677355,50.0,8000.0000000000055,129709.41884,0
7.438971592395862,8,11.92720927582913,0,33,3,1,0,1,1,0,9.792611856190192,3,0,7.438971592395862,30-39,0.75,151327.65530999997,1700.0,17900.0,113495.74148249999,0
9.798182590890704,13,12.60958109112215,1,61,3,1,0,1,3,0,0.0,3,0,15.929112072092934,60-64,6.0,299412.5751500002,8278000.000000006,0.0,1796475.4509000015,1
10.596409707779776,13,12.342150883607491,1,56,3,1,1,1,1,0,11.858293728629643,3,0,14.602599254863136,50-59,4.0,229153.30660999956,2196990.0000000014,141249.99999999985,916613.2264399983,1
8.434028950155469,14,9.6246836542707,0,72,2,0,0,1,3,0,0.0,4,0,13.3238353880913,65+,8.0,15132.765531000001,611600.0000000005,0.0,121062.12424800001,1
10.30229722897745,12,11.845379821066128,1,67,2,0,0,2,1,0,13.081543466215235,1,0,13.08112671358731,65+,8.0,139437.6252500001,479799.99999999977,479999.99999999924,1115501.0020000008,0
6.947937068614969,10,9.69367212060944,0,52,0,0,2,2,3,0,10.610808804651954,4,0,7.518064181233078,50-59,4.0,16213.677355,1840.0000000000007,40569.99999999997,64854.70942,0
14.74649323274768,9,15.327923965832705,1,78,3,1,0,2,3,0,0.0,5,0,18.174290328512143,65+,8.0,4537667.835700004,78161699.99999997,0.0,36301342.685600035,1
10.239995502805316,14,11.59073968241829,0,30,3,1,0,2,1,0,0.0,3,0,12.6410997921206,30-39,0.75,108091.18236000005,309000.00000000006,0.0,81068.38677000004,1
7.687538766201629,9,10.723251890363157,0,51,2,0,0,1,4,0,7.659642954564682,5,0,10.093322479806597,50-59,4.0,45398.29659299996,24179.999999999996,2119.9999999999995,181593.18637199985,0
7.664346632098617,10,10.64914561257346,1,61,3,0,0,2,1,0,11.620891583095712,5,0,9.748644966730458,60-64,6.0,42155.561122000014,17129.999999999993,111399.99999999994,252933.36673200008,0
10.463131911491969,14,9.818828007928497,1,69,1,1,2,1,1,0,10.59665973278358,5,0,10.463131911491969,65+,8.0,18375.50100200004,35000.00000000007,40000.00000000007,147004.00801600033,0
10.714439990727769,12,12.857680640569662,1,75,3,1,0,1,2,0,13.429113984242598,3,0,13.919871474189012,65+,8.0,383723.69738999987,1110000.0000000002,679499.9999999995,3069789.579119999,0
10.933124826700707,8,12.423643576356817,1,65,3,0,0,1,1,0,10.085850775128716,5,0,14.087064010681004,65+,8.0,248609.71944000028,1312000.0000000019,23999.999999999945,1988877.7555200022,0
7.937731775260109,6,10.569104881654322,1,65,2,1,0,1,3,0,6.90875477931522,4,0,7.937731775260109,65+,8.0,38912.825651000036,2800.000000000001,999.9999999999999,311302.6052080003,0
10.373522431293592,14,11.404411999129266,1,69,3,0,1,1,1,0,12.685410698175234,4,0,10.714439990727769,65+,8.0,89715.68136300004,44999.999999999985,323000.0000000003,717725.4509040003,0
11.277215789596893,12,11.813881383532228,1,32,3,1,3,1,1,0,12.703816069256568,4,0,12.118339189722551,30-39,0.75,135113.97795999993,183199.99999999965,329000.0000000003,101335.48346999995,1
8.366602832783736,6,11.248253152234346,1,60,1,1,0,2,1,0,9.906034306802704,1,0,11.515930943990057,60-64,6.0,76744.73947899997,100300.00000000001,20050.000000000004,460468.4368739998,0
6.431331081933479,9,8.084480867798195,0,51,1,0,0,2,3,0,0.0,3,0,6.431331081933479,50-59,4.0,3242.7354709000024,620.0,0.0,12970.94188360001,0
11.995357787034976,12,11.404411999129266,1,52,3,0,0,2,4,0,0.0,5,0,14.191890771518905,50-59,4.0,89715.68136300004,1457000.0000000002,0.0,358862.72545200016,1
7.313886831633462,3,9.6246836542707,0,57,2,0,0,2,2,0,11.218567827096358,4,0,8.922791623969637,50-59,4.0,15132.765531000001,7500.0000000000055,74500.00000000001,60531.062124000004,0
13.74830287778897,14,14.844973756944004,1,89,2,1,0,1,3,0,11.251573687764475,4,0,14.530713218398152,65+,8.0,2799561.6231999984,2044599.9999999984,76999.99999999983,22396492.985599987,0
14.947477348703712,13,15.160263388129438,1,64,3,1,0,1,2,1,0.0,5,0,16.78087387769253,60-64,6.0,3837236.9739000024,19401750.000000007,0.0,23023421.843400016,0
11.856947699918951,12,12.627470596661317,0,57,3,0,1,1,2,0,9.13140538388804,3,0,14.257860961952831,50-59,4.0,304817.13427000016,1556359.9999999998,9240.0,1219268.5370800006,1
11.316922746420394,8,12.332672181245634,1,35,3,1,2,1,1,0,12.742568940017076,5,0,13.573720485805207,30-39,0.75,226991.48297000016,785219.9999999993,342000.0000000002,170243.61222750013,1
9.680406499268877,13,12.526827418238932,1,47,3,1,3,1,1,0,13.204866440535003,1,0,9.680406499268877,40-49,2.0,275632.5150300001,16000.00000000003,543000.0000000001,551265.0300600003,0
8.006700845440367,12,11.485380194730258,0,40,3,0,1,1,1,0,5.303304908059076,3,0,8.006700845440367,40-49,2.0,97282.06412800006,2999.9999999999995,200.0,194564.1282560001,0
10.66897865021924,10,12.17852223565681,1,51,2,1,1,1,4,0,12.263402433573614,4,1,12.441148720271016,50-59,4.0,194564.12826000006,253000.0000000001,211800.0,778256.5130400002,0
8.716207971151853,8,11.234068703381135,0,40,3,0,0,1,1,0,10.085850775128716,4,0,8.716207971151853,40-49,2.0,75663.82765499984,6100.000000000004,23999.999999999945,151327.65530999968,0
11.979178318844294,9,11.975999125353797,1,52,2,1,2,1,1,0,11.082157933374816,4,0,13.24352027075228,50-59,4.0,158894.03808000014,564399.9999999992,64999.999999999956,635576.1523200006,0
6.608000625296087,12,9.69367212060944,1,67,1,0,0,2,3,0,11.958578766789342,5,0,6.608000625296087,65+,8.0,16213.677355,739.9999999999998,156150.00000000012,129709.41884,0
11.050905878263569,8,11.667700038278326,1,67,3,1,0,1,1,0,9.61587214452889,5,0,13.64981128240538,65+,8.0,116738.47695000008,847300.0000000006,14999.99999999999,933907.8156000007,0
6.7580945044277305,5,9.6246836542707,0,49,1,0,0,2,3,0,0.0,1,0,6.7580945044277305,40-49,2.0,15132.765531000001,859.9999999999998,0.0,30265.531062000002,0
13.949342780334993,13,14.092167141073084,1,46,3,1,1,1,1,0,0.0,2,0,15.293107305676394,40-49,2.0,1318712.4248000006,4382399.999999998,0.0,2637424.8496000012,1
10.51328029770086,9,10.897601753215405,1,73,3,1,0,1,3,0,10.332050506334692,2,0,12.566543874451872,65+,8.0,54045.59118200007,286799.99999999994,30699.99999999998,432364.72945600055,0
8.071218539969863,5,10.076644749570695,0,25,2,1,3,1,4,0,10.463131911491969,5,0,8.071218539969863,Under 30,0.25,23780.060119999976,3199.9999999999986,35000.00000000007,5945.015029999994,0
10.308985993422082,12,13.465606225930554,1,69,3,1,0,1,2,0,0.0,5,0,15.848908292032746,65+,8.0,704754.5090200005,7639999.9999999935,0.0,5638036.072160004,1
15.787784535590683,13,18.023992030383894,1,60,3,1,0,2,2,0,0.0,4,0,17.280339831149547,60-64,6.0,67254333.6670001,31970999.999999955,0.0,403526002.0020006,0
6.90875477931522,10,10.91740401772286,1,73,1,0,1,2,3,0,0.0,4,0,6.90875477931522,65+,8.0,55126.503006,999.9999999999999,0.0,441012.024048,0
16.503358119776173,12,14.852282884803955,1,79,3,1,0,1,2,0,13.428377879293798,1,0,17.580053939177393,65+,8.0,2820098.9478999986,43143999.99999998,678999.9999999995,22560791.58319999,1
6.2166061010848646,8,11.712956250852091,1,45,2,0,0,1,1,0,12.031725210748633,3,1,11.320565693461432,40-49,2.0,122143.03607000002,82500.00000000001,167999.9999999999,244286.07214000003,0
3.713572066704308,8,10.723251890363157,1,47,1,0,2,1,1,0,11.434974734252892,4,0,3.713572066704308,40-49,2.0,45398.29659299996,40.00000000000001,92500.00000000007,90796.59318599993,0
7.340186835320115,10,11.159961747859198,0,54,3,0,0,1,2,0,11.177466714598282,4,0,7.787796878181171,50-59,4.0,70259.268537,2409.999999999999,71500.00000000001,281037.074148,0
7.193685818395112,9,11.316305758236654,1,35,2,0,2,1,1,0,10.134638955251866,3,0,11.564863051756848,30-39,0.75,82149.298597,105330.00000000001,25199.999999999996,61611.97394775,1
7.897668150726906,8,11.41638805747596,0,53,3,0,1,1,3,0,7.601402334583733,3,1,13.12773094619834,50-59,4.0,90796.59318599998,502690.0000000007,2000.0,363186.37274399993,1
15.14019570333917,11,14.429809435565296,1,56,3,1,0,2,2,0,0.0,4,0,16.33005699376956,50-59,4.0,1848359.2183999992,12360999.999999993,0.0,7393436.873599997,1
7.170888478512505,9,11.404411999129266,0,29,3,0,3,1,1,0,10.90285024541336,4,0,7.170888478512505,Under 30,0.25,89715.68136300004,1299.9999999999995,54329.99999999999,22428.92034075001,0
11.849404844423074,14,13.094809883705356,1,41,3,0,2,1,1,0,13.017005083966255,5,0,12.259618151783464,40-49,2.0,486410.3206399997,210999.99999999956,449999.99999999994,972820.6412799994,0
8.434028950155469,8,11.159961747859198,1,44,3,0,5,1,1,0,11.19822841866684,1,1,9.717218213494077,40-49,2.0,70259.268537,16600.000000000007,73000.00000000003,140518.537074,0
8.778171881033469,12,12.253423172919684,0,66,3,0,0,1,3,0,10.077482875583607,2,0,9.975389521825209,65+,8.0,209696.89378999965,21490.00000000006,23799.999999999996,1677575.1503199972,0
13.507627138738266,12,13.720153005096863,1,63,0,1,0,1,1,0,0.0,2,0,16.983892810687095,60-64,6.0,909046.8436899998,23769000.000000037,0.0,5454281.062139999,1
8.352554369474591,12,10.31779779558084,1,52,1,0,2,1,1,0,12.66001358269538,3,1,8.352554369474591,50-59,4.0,30265.531061999973,4240.000000000001,314900.0000000001,121062.12424799989,0
7.824445930877619,11,9.98133877479715,0,56,2,0,1,2,2,0,7.824445930877619,3,0,7.824445930877619,50-59,4.0,21618.236473000004,2500.0000000000005,2500.0000000000005,86472.94589200002,0
6.35088571671474,8,11.560280761065794,0,37,2,0,6,1,4,1,10.672692588705145,1,1,6.35088571671474,30-39,0.75,104848.44688999999,572.0000000000002,43160.00000000009,78636.33516749999,0
10.34177474101152,13,12.486822231693765,1,47,3,0,3,1,1,0,13.487007879880162,2,0,11.669937760751914,40-49,2.0,264823.3967899999,116999.99999999991,719999.9999999995,529646.7935799998,0
9.259225769705994,14,11.773059697378924,1,71,3,1,0,1,3,0,12.19602736016897,4,0,9.259225769705994,65+,8.0,129709.41884000013,10500.000000000005,198000.00000000006,1037675.350720001,0
9.23024103368252,12,11.30306069379871,1,71,3,1,0,1,3,0,0.0,5,0,12.056417678159836,65+,8.0,81068.38677399996,172200.00000000012,0.0,648547.0941919996,0
12.175618592671356,14,13.382491442193844,1,36,3,1,1,1,1,0,16.331512127295913,2,0,17.239844903798623,30-39,0.75,648547.0941900001,30702200.000000037,12378999.999999987,486410.32064250007,1
6.2166061010848646,11,10.451325058234776,0,71,2,0,0,2,3,0,8.517393171418904,4,1,6.2166061010848646,65+,8.0,34589.17835700002,499.9999999999999,5000.000000000003,276713.42685600015,0
6.734591659972948,7,10.076644749570695,1,67,1,1,0,2,3,0,0.0,4,0,6.734591659972948,65+,8.0,23780.060119999976,840.0000000000002,0.0,190240.4809599998,0
6.398594934535208,4,11.234068703381135,1,40,3,1,0,1,1,0,11.661354090741,5,0,6.398594934535208,40-49,2.0,75663.82765499984,600.0,116000.0000000001,151327.65530999968,0
3.9318256327243257,7,11.20508155522288,0,43,3,0,3,1,2,1,10.923255026881002,5,1,3.9318256327243257,40-49,2.0,73502.00400800005,50.0,55450.000000000015,147004.0080160001,0
8.612685172875459,12,11.276032359350232,0,34,2,0,2,1,1,0,0.0,4,0,8.612685172875459,30-39,0.75,78906.56312599996,5500.000000000004,0.0,59179.92234449997,0
10.146472946063875,14,13.112431449146433,0,51,3,0,0,2,2,0,11.51493344762302,3,0,11.356283350762888,50-59,4.0,495057.61523000046,85500.00000000006,100199.99999999991,1980230.4609200018,0
10.463131911491969,12,11.773059697378924,1,40,3,1,1,1,1,0,11.827743504053696,5,0,13.258642740896052,40-49,2.0,129709.41884000013,573000.0000000001,137000.00000000015,259418.83768000026,1
12.109016442313738,7,12.419286288567474,1,32,3,1,0,1,2,0,13.02805489573287,5,0,12.137263685701864,30-39,0.75,247528.8076200001,186699.99999999983,455000.0,185646.60571500007,1
8.732465848349879,8,10.769770904774589,0,38,2,1,0,2,1,1,8.210939733379021,4,0,9.169622538697624,30-39,0.75,47560.12024000005,9600.0,3680.0000000000005,35670.090180000036,0
7.0909098220799835,14,11.441080401447914,1,79,2,1,0,2,3,0,4.110873864173311,5,1,13.355379632796453,65+,8.0,93066.50801599998,631200.0000000015,60.00000000000001,744532.0641279998,0
9.425532393502772,10,13.047019320498675,1,60,3,0,0,1,2,0,12.460718739865236,5,0,15.13470338289448,60-64,6.0,463711.17233999935,3740400.000000008,258000.00000000015,2782267.034039996,1
9.787009914477434,12,11.934326696707894,1,54,3,0,0,2,1,0,12.342790829935485,4,0,13.61437430970479,50-59,4.0,152408.56712999992,817799.9999999994,229300.00000000035,609634.2685199997,1
6.398594934535208,12,11.99620170679576,1,62,2,1,0,1,2,0,0.0,5,0,14.16165090740107,60-64,6.0,162136.77355000027,1413600.000000001,0.0,972820.6413000016,1
8.02322468471667,9,11.485380194730258,1,74,3,0,0,1,2,0,11.107675333752876,1,0,8.802522498284421,65+,8.0,97282.06412800006,6650.000000000002,66680.00000000001,778256.5130240005,0
12.098493002763464,11,10.837852888043004,1,92,1,1,0,1,3,0,0.0,5,0,13.033752904360025,65+,8.0,50910.94689400005,457600.000000001,0.0,407287.5751520004,1
7.170888478512505,10,10.85678052964002,1,77,3,0,0,2,3,0,10.42231110741318,5,0,8.24301946898925,65+,8.0,51883.76753500001,3800.000000000003,33599.99999999995,415070.1402800001,0
9.061956366209923,13,11.355019808159389,1,69,2,0,0,2,1,0,12.518621705612018,3,1,9.92431906211606,65+,8.0,85392.03406799996,20419.999999999985,273380.0000000001,683136.2725439997,0
12.637208749244536,12,16.145133597345904,1,82,3,0,0,1,2,0,0.0,5,0,17.797578166948586,65+,8.0,10274066.884000018,53627799.99999993,0.0,82192535.07200015,0
12.280256686219182,14,12.379191996605552,1,51,1,0,2,2,2,0,13.122365377402328,2,0,13.15270051743911,50-59,4.0,237800.60120000003,515400.0000000002,499999.99999999977,951202.4048000001,0
8.517393171418904,13,11.92720927582913,1,51,3,1,0,1,1,0,12.354496960983983,5,0,12.269052139516225,50-59,4.0,151327.65530999997,213000.00000000052,231999.99999999956,605310.6212399999,0
9.261128538808288,12,11.756252709710797,1,38,3,0,1,1,1,0,12.837347081942964,2,0,11.576097427792176,30-39,0.75,127547.59519000025,106519.99999999993,376000.0000000003,95660.69639250019,1
14.81981253346144,9,14.975121008023244,1,68,3,1,0,1,2,0,0.0,3,0,15.507449876072164,65+,8.0,3188689.8798000007,5429999.999999998,0.0,25509519.038400006,0
12.611541086966117,12,14.388012330009506,1,63,3,0,0,1,2,0,13.054086677976365,2,0,16.42558042423569,60-64,6.0,1772695.3908,13600000.00000001,466999.99999999994,10636172.3448,1
12.70836496398791,13,12.14462086116848,1,43,2,0,3,1,2,0,0.0,5,0,15.670010213544767,40-49,2.0,188078.65731000004,6388499.999999983,0.0,376157.3146200001,1
0.6931471805599453,8,10.451325058234776,0,38,2,0,4,2,1,0,0.0,5,0,0.6931471805599453,30-39,0.75,34589.17835700002,1.0,0.0,25941.883767750012,0
14.250535115562965,14,13.3605866409496,1,69,3,1,0,1,2,0,0.0,2,0,14.999076858697435,65+,8.0,634495.2404799999,3265999.999999997,0.0,5075961.923839999,0
12.398761113062513,12,11.764691512444722,1,63,3,1,0,1,3,0,10.859018228147889,4,0,13.85136117564284,60-64,6.0,128628.50701000007,1036499.9999999984,52000.00000000013,771771.0420600005,1
10.30865261563529,12,12.085432314014094,1,81,3,1,0,1,3,0,13.71015115341694,2,0,14.975528653440431,65+,8.0,177269.53908000005,3189989.9999999944,899999.9999999979,1418156.3126400004,1
9.510519035757246,10,11.99620170679576,1,52,3,1,0,1,1,0,12.384223015005311,2,0,13.512377735048796,50-59,4.0,162136.77355000027,738500.0000000002,238999.99999999962,648547.0942000011,1
3.9318256327243257,6,9.6246836542707,0,45,0,0,2,2,2,0,0.0,2,0,9.396902923027392,40-49,2.0,15132.765531000001,12050.000000000004,0.0,30265.531062000002,0
6.803505257608338,3,9.6246836542707,1,78,2,0,0,2,3,0,0.0,3,0,6.803505257608338,65+,8.0,15132.765531000001,899.9999999999998,0.0,121062.12424800001,0
8.006700845440367,9,9.930047914868677,1,76,1,0,1,2,3,0,9.61587214452889,1,0,8.006700845440367,65+,8.0,20537.32464900002,2999.9999999999995,14999.99999999999,164298.59719200016,0
7.601402334583733,7,10.623170750425082,1,73,2,0,0,2,1,0,9.510519035757246,5,0,10.203629181337648,65+,8.0,41074.649299000004,26999.999999999978,13500.000000000004,328597.19439200003,0
11.002116507732016,11,11.912820634128884,1,64,3,1,0,1,2,0,11.184435286790633,5,0,15.111880485079116,60-64,6.0,149165.83166000003,3655999.999999998,72000.00000000009,894994.9899600002,1
11.798111925972618,8,10.569104881654322,1,76,2,1,0,2,3,0,0.0,5,0,11.815257205114566,65+,8.0,38912.825651000036,135299.99999999988,0.0,311302.6052080003,0
11.225936485607264,14,12.383727132769591,1,55,3,0,1,1,1,0,11.326607934898927,4,0,15.261547269460646,50-59,4.0,238881.5130300001,4246250.999999997,83000.0,955526.0521200004,1
7.550135342488429,8,11.367598443988374,1,33,2,0,2,2,1,0,8.006700845440367,4,0,7.550135342488429,30-39,0.75,86472.94589200003,1899.9999999999993,2999.9999999999995,64854.70941900002,0
8.839421607620602,10,11.789588872889585,1,57,2,1,0,1,1,0,11.731265497840116,4,0,12.375397611328344,50-59,4.0,131871.2424800002,236900.00000000015,124400.00000000006,527484.9699200008,0
9.39274525863144,6,10.74678187553037,1,70,3,0,0,1,3,1,0.0,4,0,9.39274525863144,65+,8.0,46479.20841700003,11999.999999999978,0.0,371833.66733600025,0
10.957817003758691,13,11.73915841150484,1,37,2,0,0,2,1,0,11.60824473564232,1,0,12.786613679689,30-39,0.75,125385.7715399999,357399.9999999995,109999.99999999971,94039.32865499993,1
6.111467339502679,6,8.117260745855429,1,67,1,0,0,2,3,0,0.0,4,0,6.111467339502679,65+,8.0,3350.8266532999974,450.0000000000001,0.0,26806.61322639998,0
10.474495347310452,9,11.639529406064158,0,46,3,1,0,1,1,0,9.401043372798052,2,0,10.491301994830229,40-49,2.0,113495.74147999997,35999.99999999998,12099.999999999989,226991.48295999994,0
11.154835234271214,13,13.479315484531796,1,42,3,0,0,1,1,1,14.02301322589993,1,0,15.269907627827129,40-49,2.0,714482.71543,4281900.0000000065,1230599.9999999995,1428965.43086,1
7.244941546337007,5,9.610295874443542,0,85,0,0,0,2,3,0,0.0,5,0,9.34145634983372,65+,8.0,14916.583166000004,11400.000000000005,0.0,119332.66532800003,0
8.853808274977197,13,11.695098780943722,1,50,1,0,0,2,1,0,12.409017571151187,3,0,12.456835254920373,50-59,4.0,119981.21241999997,257000.00000000058,244999.99999999997,479924.84967999987,0
9.305741456739437,12,10.74678187553037,0,79,2,0,0,2,3,0,9.39274525863144,4,0,9.305741456739437,65+,8.0,46479.20841700003,11000.000000000011,11999.999999999978,371833.66733600025,0
12.01974909141692,9,11.73915841150484,1,61,3,1,0,1,1,0,0.0,4,0,12.27700164151788,60-64,6.0,125385.7715399999,214700.00000000035,0.0,752314.6292399995,0
4.61512051684126,8,11.704067376563522,1,56,2,0,2,1,1,0,11.304066895725716,4,0,6.398594934535208,50-59,4.0,121062.12424999992,600.0,81150.00000000013,484248.4969999997,0
9.648659816955297,13,11.507358877993518,1,50,3,0,0,1,1,1,11.728044909070784,2,0,10.768506042432708,50-59,4.0,99443.88777600005,47500.000000000015,123999.99999999984,397775.5511040002,0
9.220389707829185,12,9.69367212060944,0,21,2,1,0,2,1,0,8.006700845440367,4,0,9.220389707829185,Under 30,0.25,16213.677355,10100.000000000004,2999.9999999999995,4053.41933875,1
12.636558767583637,12,12.899065751096176,1,43,3,1,0,1,1,0,12.206077645517674,4,0,14.121229729495871,40-49,2.0,399937.3747499996,1357599.9999999995,199999.99999999997,799874.7494999992,1
6.710523109452428,8,10.674462827538376,1,25,2,0,0,2,2,0,12.468440756144114,1,0,6.710523109452428,Under 30,0.25,43236.47294599996,819.9999999999997,259999.9999999998,10809.11823649999,0
13.478821697881893,12,13.913119058332606,1,58,3,1,0,1,2,0,14.731801689838347,5,0,16.459422584446216,50-59,4.0,1102530.0600999997,14068129.999999981,2499999.9999999953,4410120.240399999,1
4.795790545596741,3,9.75820678716859,0,74,1,1,0,2,3,0,0.0,5,0,4.795790545596741,65+,8.0,17294.589178000006,120.00000000000003,0.0,138356.71342400005,0
17.429534479801806,14,13.60696712871672,1,60,3,1,0,1,2,0,0.0,2,0,17.796968222610133,60-64,6.0,811764.7795600006,53595099.99999999,0.0,4870588.677360004,1
9.30118605527576,7,10.482095840823945,1,80,3,1,0,1,3,0,4.875197323201151,5,0,10.914197158028326,65+,8.0,35670.09018000006,54949.99999999997,129.99999999999994,285360.72144000046,0
13.403626391713884,8,14.388012330009506,1,61,3,1,1,1,1,0,13.15192412139156,4,0,15.942837211520102,60-64,6.0,1772695.3908,8392399.999999998,514999.9999999992,10636172.3448,0
8.338305731356565,13,12.189572015326258,1,42,3,1,0,1,1,0,11.964644189595829,4,0,10.550093288660156,40-49,2.0,196725.95189999993,38179.999999999956,157100.00000000012,393451.90379999985,0
9.980494888896912,12,12.4016647590165,1,27,3,1,0,1,1,0,12.733758336210744,2,0,11.915727028992151,Under 30,0.25,243205.16031999962,149599.99999999997,339000.00000000023,60801.290079999904,1
12.61619688301906,12,13.127599640220463,1,37,3,0,1,1,1,0,13.224921770781943,3,0,15.379407232746852,30-39,0.75,502623.9979999989,4777400.000000004,554000.0,376967.9984999992,1
8.00836557031292,11,11.439918298765717,1,68,2,0,0,1,3,0,12.712893259942282,5,0,13.52650227314818,65+,8.0,92958.41683399999,749005.0000000009,332000.0,743667.3346719999,1
9.94755228369823,14,12.920456888161272,1,51,3,1,2,1,1,0,13.94557432030227,1,0,14.283575434042053,50-59,4.0,408584.66934000026,1596900.0000000035,1138899.9999999993,1634338.677360001,0
10.308985993422082,13,15.55913394480726,1,60,3,1,2,1,2,0,0.0,2,0,17.776895011966886,60-64,6.0,5718023.547099992,52530000.000000045,0.0,34308141.28259995,1
13.24987845826512,13,15.324105346279088,1,80,1,1,0,2,2,0,0.0,3,0,15.749275971649594,65+,8.0,4520373.246500005,6915500.000000002,0.0,36162985.97200004,0
6.236369590203704,8,9.69367212060944,1,67,1,0,1,2,3,0,0.0,1,0,6.523562306149512,65+,8.0,16213.677355,679.9999999999998,0.0,129709.41884,0
10.82637646843851,12,11.704067376563522,1,74,3,1,0,1,3,0,0.0,4,0,14.796213928053078,65+,8.0,121062.12424999992,2666330.0000000005,0.0,968496.9939999994,1
7.378383712996715,11,10.35288797609956,1,63,2,0,0,2,3,0,0.0,5,0,9.12706745278236,60-64,6.0,31346.442886000004,9199.999999999984,0.0,188078.65731600003,0
9.472781556562168,8,0.0,1,57,2,0,0,2,2,0,10.778977123006351,2,0,10.66897865021924,50-59,4.0,0.0,42999.99999999994,48000.00000000004,0.0,0
11.8515453936489,13,13.339931894816434,1,47,3,1,1,1,2,0,13.885503862184809,4,0,13.181200048848504,40-49,2.0,621524.2985999995,530299.9999999999,1072500.000000002,1243048.597199999,0
11.107975224295076,13,11.756252709710797,1,66,3,1,1,1,3,0,9.441531454869692,2,0,12.784653174819365,65+,8.0,127547.59519000025,356700.00000000035,12599.99999999998,1020380.761520002,0
10.819798284210286,12,0.0,1,67,3,1,0,1,2,0,0.0,5,1,15.285686632949895,65+,8.0,0.0,4349999.999999989,0.0,0.0,1
9.433563920090563,8,11.028627743384128,1,64,2,0,0,2,1,0,11.449250570799508,5,0,11.701071692055445,60-64,6.0,61611.973947999984,120699.99999999997,93829.99999999994,369671.8436879999,0
8.94910546953925,12,10.91740401772286,0,29,3,1,2,1,1,0,11.234546649377918,5,0,8.94910546953925,Under 30,0.25,55126.503006,7699.999999999995,75700.0,13781.6257515,0
9.680406499268877,13,11.845379821066128,0,42,2,1,3,2,1,0,11.710718387248724,4,0,10.373522431293592,40-49,2.0,139437.6252500001,31999.999999999993,121870.00000000009,278875.2505000002,0
4.624972813284271,8,10.91740401772286,0,55,2,1,0,1,2,0,6.154858094016418,3,1,4.624972813284271,50-59,4.0,55126.503006,100.99999999999996,470.0,220506.012024,0
12.933623668263472,14,11.797752121925637,1,68,3,1,0,1,2,0,11.60824473564232,5,0,14.100690252077351,65+,8.0,132952.15431000016,1329999.9999999974,109999.99999999971,1063617.2344800013,1
5.739792912179234,13,11.853101811967846,0,31,3,0,0,1,1,1,10.428245666832275,4,1,10.17774238167388,30-39,0.75,140518.53706999996,26310.000000000047,33799.999999999985,105388.90280249997,0
7.601402334583733,13,10.296137022304844,1,65,2,0,0,2,1,0,0.0,5,0,12.926350926565435,65+,8.0,29616.983967999975,410999.9999999997,0.0,236935.8717439998,1
9.75272280064639,12,11.600689921732425,0,63,3,0,0,1,2,0,9.268703615273097,3,0,9.75272280064639,60-64,6.0,109172.09419000008,17199.999999999993,10599.99999999999,655032.5651400004,0
5.303304908059076,10,9.875983398597374,0,62,1,0,0,2,2,0,0.0,4,0,5.5254529391317835,60-64,6.0,19456.412826000007,249.9999999999999,0.0,116738.47695600004,0
7.048386408721883,11,10.792243293398966,0,29,3,0,0,2,1,0,9.741615472609585,4,0,9.625821815359837,Under 30,0.25,48641.03206399999,15150.00000000002,17010.000000000033,12160.258015999998,1
0.6931471805599453,9,11.439918298765717,0,37,2,0,3,1,1,0,9.467382808295852,4,1,7.31455283232408,30-39,0.75,92958.41683399999,1500.9999999999995,12930.000000000007,69718.8126255,0
10.308985993422082,10,10.891583792576986,1,83,3,1,0,2,3,0,0.0,5,0,11.127277689932466,65+,8.0,53721.317634999985,67999.99999999999,0.0,429770.5410799999,0
8.071218539969863,8,9.818828007928497,0,28,2,0,0,2,2,0,5.993961427306569,2,0,8.071218539969863,Under 30,0.25,18375.50100200004,3199.9999999999986,400.00000000000006,4593.87525050001,0
9.686636660844938,13,12.546245434332969,1,43,3,0,1,1,1,0,12.263402433573614,5,0,12.78296967746187,40-49,2.0,281037.07415000035,356099.99999999977,211800.0,562074.1483000007,0
8.006700845440367,11,11.756252709710797,1,50,1,0,2,1,1,0,12.491255347155263,5,0,10.404293143019792,50-59,4.0,127547.59519000025,32999.99999999999,265999.99999999936,510190.380760001,0
6.111467339502679,8,9.930047914868677,1,59,2,0,0,2,1,0,0.0,5,0,6.111467339502679,50-59,4.0,20537.32464900002,450.0000000000001,0.0,82149.29859600008,0
12.820044034203148,13,14.616021955945245,1,52,3,1,1,1,2,0,13.71015115341694,4,0,15.782839814222704,50-59,4.0,2226678.3566999985,7151549.999999998,899999.9999999979,8906713.426799994,0
10.691967639914864,11,11.704067376563522,0,25,3,1,0,1,1,0,8.699681400989514,4,0,12.966880811009805,Under 30,0.25,121062.12424999992,428000.000000001,6000.000000000005,30265.53106249998,1
15.937915918819488,12,16.601365786846902,1,70,2,1,0,2,2,0,0.0,4,0,18.87230526359467,65+,8.0,16213677.355000015,157086199.99999988,0.0,129709418.84000012,1
6.508769136971682,9,11.09644927542817,0,41,2,0,0,2,1,0,6.2166061010848646,2,0,6.508769136971682,40-49,2.0,65935.62124200001,670.0000000000001,499.9999999999999,131871.24248400002,0
8.11701408773731,8,11.962300367785083,1,48,3,0,1,1,2,0,12.974329617683695,4,0,9.817439347910677,40-49,2.0,156732.2144299997,18350.000000000036,431199.9999999991,313464.4288599994,0
13.151555121997196,13,14.083936648231209,1,58,3,1,1,1,1,0,14.835440685218115,4,0,16.755032785482435,50-59,4.0,1307903.3066000012,18906809.99999999,2772999.9999999953,5231613.226400005,1
11.245059091624617,8,12.167348992793892,1,54,2,0,3,1,2,0,13.06685278163674,1,0,11.270866642542863,50-59,4.0,192402.30460999985,78499.9999999999,473000.00000000006,769609.2184399994,0
12.604852121186608,11,10.451325058234776,1,68,3,1,0,2,3,0,0.0,3,0,14.084774808833686,65+,8.0,34589.17835700002,1309000.0000000002,0.0,276713.42685600015,1
10.76004951120163,8,10.814221753204103,0,41,3,0,0,1,1,0,10.221977646629885,2,1,10.7706090484022,40-49,2.0,49721.943887999936,47600.00000000003,27499.99999999998,99443.88777599987,0
9.005895898094458,11,12.035422182721987,1,33,3,0,0,1,1,0,13.57120848554519,2,0,11.399207904060908,30-39,0.75,168622.2444899999,89250.0,783249.9999999999,126466.68336749992,0
10.012386799492118,8,10.792243293398966,1,65,1,0,1,2,1,0,11.459535236710686,4,0,10.130662964963708,65+,8.0,48641.03206399999,25099.999999999993,94800.00000000009,389128.25651199993,0
10.757924157061597,12,11.380020821211884,1,30,2,0,1,1,4,0,12.587931300962664,5,0,10.975088291957388,30-39,0.75,87553.85771500022,58399.999999999985,293000.0000000001,65665.39328625017,0
11.35675107214979,13,12.184062387617733,1,47,3,1,2,1,1,0,12.220966184120163,4,0,13.18165251962944,40-49,2.0,195645.04007999995,530539.9999999997,202999.99999999956,391290.0801599999,1
11.902267966193309,14,13.20216819275296,1,54,3,1,0,1,2,0,9.305741456739437,3,0,14.083704718591765,50-59,4.0,541536.82365,1307599.9999999988,11000.000000000011,2166147.2946,0
9.105090961257083,8,12.060739842420068,1,64,2,1,0,1,2,0,13.45883704259595,5,0,9.105090961257083,60-64,6.0,172945.89178,8999.999999999984,700000.0000000006,1037675.35068,0
11.51293546492023,9,0.0,1,89,3,1,0,1,2,0,0.0,5,1,17.988311971053466,65+,8.0,0.0,64897000.00000007,0.0,0.0,1
8.804024902413179,12,11.756252709710797,1,53,2,1,4,2,1,0,9.210440366976515,4,0,8.804024902413179,50-59,4.0,127547.59519000025,6659.999999999996,9999.99999999999,510190.380760001,0
10.799595985047786,12,12.009446852348589,1,56,3,1,1,1,1,0,11.951186847493476,2,0,10.799595985047786,50-59,4.0,164298.59719000035,49000.00000000002,155000.00000000012,657194.3887600014,0
6.90875477931522,8,10.74678187553037,1,58,3,0,0,2,1,0,10.2653838414975,3,0,12.721888795877376,50-59,4.0,46479.20841700003,335000.0000000004,28719.999999999993,185916.83366800012,1
5.993961427306569,9,9.182887610990472,0,23,2,0,0,2,1,0,9.90353755128617,5,1,5.993961427306569,Under 30,0.25,9728.206412799984,400.00000000000006,20000.000000000015,2432.051603199996,0
6.634633357861686,8,10.35288797609956,0,32,2,0,3,2,1,0,0.0,5,0,6.634633357861686,30-39,0.75,31346.442886000004,760.0000000000002,0.0,23509.832164500003,0
8.909370405197466,13,11.610542128340578,1,50,3,0,1,1,1,0,11.863237206610364,2,0,12.003962581340351,50-59,4.0,110253.00601000008,163399.9999999997,141949.99999999994,441012.02404000034,0
14.55267510240978,13,15.564789001302763,1,58,3,1,0,1,2,0,0.0,4,0,17.153555160127482,50-59,4.0,5750450.901799991,28164000.00000004,0.0,23001803.607199963,1
10.34177474101152,12,12.96949885609716,1,71,3,1,1,1,3,0,13.060490101343552,3,0,15.967854103839276,65+,8.0,429121.99399000005,8605000.000000007,469999.9999999998,3432975.9519200004,1
10.357774570341576,13,12.303684773907628,1,60,3,1,0,1,2,0,14.22430412061672,3,0,12.167856627501678,60-64,6.0,220506.01201999988,192499.99999999997,1505000.000000001,1323036.0721199992,0
0.6931471805599453,8,10.31779779558084,0,40,3,0,3,1,1,0,0.0,4,0,0.6931471805599453,40-49,2.0,30265.531061999973,1.0,0.0,60531.062123999945,0
5.673323267171493,10,9.6246836542707,1,82,1,0,0,2,3,0,7.555381944240273,4,0,7.490529402060711,65+,8.0,15132.765531000001,1789.9999999999993,1910.0000000000002,121062.12424800001,0
7.824445930877619,9,11.190266672490848,1,51,3,0,1,2,1,0,12.427218202181711,5,1,7.824445930877619,50-59,4.0,72421.09218400005,2500.0000000000005,249500.0000000002,289684.3687360002,0
9.39274525863144,13,12.342150883607491,1,82,3,1,0,1,3,0,0.0,5,0,14.67501969910938,65+,8.0,229153.30660999956,2362000.000000001,0.0,1833226.4528799965,1
7.518064181233078,9,11.528864869228295,1,35,1,0,1,1,1,0,12.536458540752228,2,0,11.101054885563546,30-39,0.75,101605.71141999982,66239.99999999997,278300.0000000006,76204.28356499986,0
13.104201443434462,12,16.39311086228643,1,59,3,1,1,1,2,0,11.6172944892629,2,0,15.799542052353194,50-59,4.0,13165506.011999983,7272000.000000005,111000.00000000004,52662024.04799993,0
10.085850775128716,12,14.591450706378096,1,66,3,0,0,1,3,0,0.0,1,0,16.20188526865048,65+,8.0,2172632.7654999997,10874000.000000006,0.0,17381062.123999998,0
10.626217806887722,13,12.133060100630724,0,34,2,0,0,2,1,0,9.61587214452889,1,0,10.626217806887722,30-39,0.75,185916.83366999976,41200.0,14999.99999999999,139437.62525249983,0
12.765691290604371,10,13.23360490903136,1,62,0,1,0,1,2,0,13.369225017834632,1,0,13.579789490265188,60-64,6.0,558831.4128299996,790000.0000000003,639999.9999999986,3352988.4769799975,0
7.732369222284388,12,11.276032359350232,0,35,2,0,1,1,1,0,11.338583982516496,4,0,9.733944008101387,30-39,0.75,78906.56312599996,16879.999999999975,84000.00000000017,59179.92234449997,0
3.713572066704308,6,9.383539618396709,0,37,1,0,2,2,1,0,6.523562306149512,5,0,3.713572066704308,30-39,0.75,11890.03006000001,40.00000000000001,679.9999999999998,8917.522545000007,0
3.9318256327243257,6,10.121094683881877,1,76,2,0,0,1,3,0,0.0,5,0,3.9318256327243257,65+,8.0,24860.97194400006,50.0,0.0,198887.77555200047,0
12.301387370778713,14,12.097553606596383,1,77,3,1,0,1,2,0,0.0,5,0,15.317363482435562,65+,8.0,179431.3627299997,4490000.000000003,0.0,1435450.9018399976,1
7.601402334583733,8,10.936821754744528,1,44,3,0,2,1,1,0,12.18332077348399,4,1,7.601402334583733,40-49,2.0,56207.41482999999,2000.0,195500.00000000006,112414.82965999997,0
7.890208213109961,8,11.380020821211884,1,50,3,1,3,1,1,0,11.974272987992675,4,0,11.955500084854576,50-59,4.0,87553.85771500022,155669.99999999994,158620.00000000012,350215.4308600009,0
10.085850775128716,13,12.486822231693765,1,40,2,1,3,1,1,0,12.955129822091816,4,0,10.819798284210286,40-49,2.0,264823.3967899999,50000.000000000015,423000.00000000076,529646.7935799998,0
10.26851253764627,13,13.121127138635972,1,57,3,1,0,2,1,0,11.93164237875414,5,0,14.155484513547862,50-59,4.0,499381.26252999925,1404909.9999999993,151999.99999999977,1997525.050119997,0
11.678448377988165,12,11.890841876391685,1,61,2,0,1,2,2,0,0.0,2,0,11.678448377988165,60-64,6.0,145923.09619000013,118000.00000000009,0.0,875538.5771400008,0
7.02197642307216,8,10.030126736355644,1,82,3,0,2,2,3,0,7.678326356506886,2,0,7.02197642307216,65+,8.0,22699.14829700001,1120.0,2160.000000000001,181593.18637600009,0
10.933124826700707,12,13.051670481673254,1,46,2,0,2,1,1,1,13.721750276446835,4,0,14.080947788339609,40-49,2.0,465872.99598999997,1304000.0000000026,910500.0000000001,931745.9919799999,1
11.669937760751914,12,12.5876824797662,1,33,3,0,0,2,1,0,11.891368749982083,2,0,12.739054008205294,30-39,0.75,292927.1042099997,340800.0000000002,145999.9999999997,219695.32815749978,1
9.472781556562168,13,12.383727132769591,1,41,2,0,3,1,2,0,12.426295937033297,5,0,9.729193687429404,40-49,2.0,238881.5130300001,16800.000000000033,249270.00000000038,477763.0260600002,0
13.14197186821018,12,13.009010078095203,1,51,3,1,2,1,2,0,14.049396997262388,2,0,13.41488521925536,50-59,4.0,446416.5831699998,669900.0000000015,1263500.0000000002,1785666.3326799993,0
6.803505257608338,8,10.511947979456522,0,41,2,0,1,2,4,0,0.0,5,0,6.803505257608338,40-49,2.0,36751.00200399998,899.9999999999998,0.0,73502.00400799996,0
6.803505257608338,8,11.451478997511789,1,57,2,0,0,1,1,0,11.890683588496984,5,0,6.803505257608338,50-59,4.0,94039.3286570002,899.9999999999998,145899.99999999994,376157.3146280008,0
9.39274525863144,13,12.474501794120156,1,53,3,1,1,1,2,0,12.81584093453868,4,1,11.472113887062386,50-59,4.0,261580.66132000062,95999.99999999996,368000.00000000023,1046322.6452800025,0
10.819798284210286,8,10.204473075038807,0,40,1,1,0,2,1,0,0.0,2,0,10.819798284210286,40-49,2.0,27022.79559099997,50000.000000000015,0.0,54045.59118199994,0
5.8888779583328805,8,10.897601753215405,0,30,0,0,0,2,1,0,0.0,3,0,9.921376585371869,30-39,0.75,54045.59118200007,20360.000000000015,0.0,40534.193386500054,0
12.411870628505058,8,12.59136571261931,1,45,3,1,2,1,2,0,13.314636915215106,3,0,13.072544784583393,40-49,2.0,294008.0160300001,475699.9999999996,605999.9999999994,588016.0320600002,0
8.294299608857235,12,11.329377681719818,1,70,1,1,0,1,3,0,0.0,4,0,14.283011683558112,65+,8.0,83230.21042100004,1596000.0000000012,0.0,665841.6833680003,1
12.53105411543589,11,14.99996242366865,0,62,2,1,0,1,1,0,0.0,4,0,18.854590772029567,60-64,6.0,3268893.537100001,154327999.9999999,0.0,19613361.222600006,1
4.110873864173311,9,10.451325058234776,0,32,1,0,1,2,1,0,7.696667081526462,3,0,4.110873864173311,30-39,0.75,34589.17835700002,60.00000000000001,2200.0,25941.883767750012,0
12.456835254920373,12,16.056638656046122,1,63,3,1,0,1,2,0,17.178382859940395,3,0,17.34019323460396,60-64,6.0,9403932.865699995,33943000.00000004,28872000.000000037,56423597.19419997,0
8.748463629942055,9,12.258564547947534,0,43,3,1,0,1,1,0,9.328212292571072,4,0,12.338420212709783,40-49,2.0,210777.8056099999,228300.00000000003,11250.000000000002,421555.6112199998,0
10.91328684226798,12,11.875916329276292,1,56,3,1,2,1,2,0,13.513054553109397,2,0,13.964706985726394,50-59,4.0,143761.27255000002,1160900.000000001,739000.0000000005,575045.0902000001,1
12.807655372286902,8,15.35888327972568,1,80,3,1,0,1,3,0,12.611541086966117,3,0,17.0066040429469,65+,8.0,4680348.196399988,24315000.00000004,300000.0000000003,37442785.5711999,0
4.110873864173311,9,10.31779779558084,0,29,2,0,0,2,1,0,0.0,2,0,4.110873864173311,Under 30,0.25,30265.531061999973,60.00000000000001,0.0,7566.382765499993,0
7.438971592395862,11,10.814221753204103,1,50,2,1,0,2,1,0,10.106469212026385,5,0,12.01794023839946,50-59,4.0,49721.943887999936,165699.99999999974,24499.99999999998,198887.77555199974,0
9.024131268455037,12,10.35288797609956,0,23,2,0,0,2,1,0,6.3473892096560105,5,0,9.024131268455037,Under 30,0.25,31346.442886000004,8300.000000000007,570.0000000000001,7836.610721500001,1
5.8888779583328805,6,8.266751042186463,0,51,2,0,0,1,1,0,0.0,5,0,5.8888779583328805,50-59,4.0,3891.2825651000003,359.99999999999983,0.0,15565.130260400001,0
12.273735966890268,12,12.60958109112215,1,46,3,1,2,1,1,1,12.230233409397009,2,0,14.020083538688642,40-49,2.0,299412.5751500002,1227000.0000000005,204889.99999999983,598825.1503000004,1
7.804251383528112,13,10.674462827538376,1,38,1,1,2,2,1,0,12.179733803647622,5,0,10.65610574858806,30-39,0.75,43236.47294599996,42450.0,194800.0000000001,32427.354709499967,1
6.8885724595653635,9,10.281431375093115,0,41,3,1,0,2,1,0,10.879762701339295,2,1,10.202888193567093,40-49,2.0,29184.61923800001,26980.000000000022,53090.000000000044,58369.23847600002,0
11.652696102959752,12,12.772460464301396,1,53,3,1,0,1,1,0,12.285581364503273,5,0,14.097150161414628,50-59,4.0,352377.2545099998,1325300.0000000033,216550.00000000017,1409509.0180399993,0
11.81303746480054,12,13.067781267650616,1,82,3,1,0,1,3,0,10.714439990727769,1,0,16.31981133659164,65+,8.0,473439.3787600011,12235000.000000019,44999.999999999985,3787515.030080009,1
12.54254845357358,14,12.991915683347502,1,49,3,1,2,1,1,0,0.0,3,0,14.83832149279892,40-49,2.0,438850.2004000002,2780999.999999998,0.0,877700.4008000004,1
10.308985993422082,12,11.248253152234346,1,78,2,1,0,2,1,1,0.0,1,0,12.345838935721968,65+,8.0,76744.73947899997,230000.0000000001,0.0,613957.9158319997,0
8.853808274977197,10,11.30306069379871,1,59,2,1,2,1,3,0,9.60918360377546,3,0,13.578522867254332,50-59,4.0,81068.38677399996,789000.0000000007,14899.999999999993,324273.5470959998,1
10.82617776399085,9,10.74678187553037,1,67,3,1,1,2,3,0,10.595659257474392,1,0,11.762290216087433,65+,8.0,46479.20841700003,128320.00000000001,39959.9999999999,371833.66733600025,0
14.933598950037204,13,15.612504466248197,1,55,2,0,0,1,3,0,0.0,4,0,17.044613942580895,50-59,4.0,6031487.976000013,25257000.000000026,0.0,24125951.90400005,1
10.262594536666144,9,12.283882237332367,1,54,3,1,2,1,1,0,11.7636919653883,2,0,11.942373991160348,50-59,4.0,216182.3647299995,153640.0000000003,128500.00000000026,864729.458919998,0
8.042699496897637,12,11.853101811967846,1,50,2,0,1,1,1,0,12.718899265966332,1,0,12.241975360209508,50-59,4.0,140518.53706999996,207309.9999999999,334000.0000000002,562074.1482799998,0
10.404293143019792,12,11.90554792375787,1,54,3,1,3,1,1,0,11.713504338035014,2,0,13.798365416422785,50-59,4.0,148084.91984000005,983000.0000000006,122209.99999999994,592339.6793600002,1
11.277595459541718,12,11.955379969271414,1,42,2,1,1,2,1,0,11.964007453736912,4,0,12.42533266568958,40-49,2.0,155651.30261,249030.00000000003,156999.99999999994,311302.60522,0
3.4657359027997265,9,10.16365262239305,0,80,1,0,0,2,3,0,5.303304908059076,4,0,3.4657359027997265,65+,8.0,25941.88376800001,31.0,200.0,207535.07014400008,0
8.105005537547246,10,9.930047914868677,0,64,3,0,0,2,2,0,9.798182590890704,3,0,10.88389796784759,60-64,6.0,20537.32464900002,53310.00000000003,17999.999999999993,123223.94789400013,0
6.90875477931522,8,11.560280761065794,0,65,2,1,0,1,1,0,0.0,2,0,6.90875477931522,65+,8.0,104848.44688999999,999.9999999999999,0.0,838787.5751199999,0
13.023649611968253,8,12.899065751096176,1,69,3,1,0,1,2,0,0.0,5,0,15.960037463423486,65+,8.0,399937.3747499996,8538000.000000004,0.0,3199498.997999997,1
6.042632833682381,8,11.316305758236654,1,46,3,0,1,1,3,0,11.948667563962664,3,0,6.042632833682381,40-49,2.0,82149.298597,419.9999999999999,154609.9999999998,164298.597194,0
13.246351123968212,13,14.596413493470822,1,65,3,1,0,1,2,1,10.819798284210286,3,0,15.327115330605388,65+,8.0,2183441.8837999995,4534000.0,50000.000000000015,17467535.070399996,0
15.681387677870642,12,16.494522698181623,1,80,3,1,1,1,2,0,0.0,3,0,17.644838696852688,65+,8.0,14570691.383000018,46031599.99999997,0.0,116565531.06400014,0
5.860786223465865,9,8.420865018678889,0,34,2,0,0,1,2,0,0.0,4,0,5.860786223465865,30-39,0.75,4539.829659300003,349.9999999999999,0.0,3404.8722444750024,0
5.484796933490655,5,11.560280761065794,0,32,2,0,2,1,1,0,11.026808713825016,4,0,5.484796933490655,30-39,0.75,104848.44688999999,239.99999999999994,61500.00000000001,78636.33516749999,0
9.39274525863144,12,11.74774208708152,1,64,3,1,0,1,3,0,7.244941546337007,4,0,14.477167587428587,60-64,6.0,126466.68337000003,1937999.9999999995,1399.9999999999995,758800.1002200001,1
4.875197323201151,7,11.404411999129266,1,53,2,0,0,2,1,0,11.330215832884798,2,0,9.760252084449377,50-59,4.0,89715.68136300004,17330.000000000025,83300.00000000006,358862.72545200016,0
12.073689165230697,13,14.388012330009506,1,65,3,0,0,1,2,0,15.59906999866596,2,0,17.401808991154645,65+,8.0,1772695.3908,36100200.00000002,5951000.000000004,14181563.1264,1
8.101980731853192,8,11.028627743384128,1,42,3,0,2,1,1,0,12.78195821696729,1,0,8.101980731853192,40-49,2.0,61611.973947999984,3299.999999999998,355740.0000000001,123223.94789599997,0
8.497194544909547,9,8.84200277886267,0,19,1,0,0,2,1,0,9.177920480720072,3,1,8.594339400592892,Under 30,0.25,6917.835671299999,5400.000000000005,9680.000000000005,1729.4589178249998,1
14.62087017605842,14,13.167647063248406,1,57,3,0,3,1,3,0,12.657151449598697,4,0,16.25868342615271,50-59,4.0,523161.32265000016,11509500.000000007,314000.0000000005,2092645.2906000006,1
4.795790545596741,3,8.917215726651094,1,69,0,0,0,2,3,0,0.0,4,0,4.795790545596741,65+,8.0,7458.291583200003,120.00000000000003,0.0,59666.33266560002,0
8.31898612539206,12,11.629960039799675,1,41,3,0,2,1,1,1,12.605187634239536,4,0,10.36410350510914,40-49,2.0,112414.82966000008,31699.999999999996,298099.99999999994,224829.65932000015,0
4.795790545596741,8,9.818828007928497,0,21,1,0,2,2,1,0,4.61512051684126,2,0,4.795790545596741,Under 30,0.25,18375.50100200004,120.00000000000003,100.00000000000003,4593.87525050001,0
5.771441123130016,8,10.64914561257346,0,47,2,0,0,2,1,1,9.143238568435446,2,1,11.646765559941278,40-49,2.0,42155.561122000014,114319.99999999993,9349.999999999996,84311.12224400003,1
4.61512051684126,9,10.792243293398966,0,36,1,0,0,2,1,0,9.546884034617923,5,0,4.61512051684126,30-39,0.75,48641.03206399999,100.00000000000003,13999.999999999969,36480.77404799999,0
1.0986122886681098,8,10.121094683881877,0,58,1,0,0,2,3,0,7.696667081526462,4,0,1.0986122886681098,50-59,4.0,24860.97194400006,2.0000000000000004,2200.0,99443.88777600024,0
7.00397413672268,9,10.41957729248823,0,44,2,0,0,2,2,0,10.474495347310452,5,1,8.03947991910045,40-49,2.0,33508.26653300001,3100.0000000000005,35399.99999999996,67016.53306600002,0
7.280008252884188,5,11.560280761065794,0,38,3,0,2,1,3,0,10.335302435967074,5,0,7.280008252884188,30-39,0.75,104848.44688999999,1450.0,30800.0,78636.33516749999,0
10.463131911491969,12,12.466203023190976,1,39,2,1,1,1,1,0,13.499430382731967,4,0,11.580593459194764,30-39,0.75,259418.8376800001,107000.00000000003,729000.0000000003,194564.12826000008,0
8.517393171418904,12,0.0,0,62,2,0,1,2,2,0,12.754254745839695,5,1,8.517393171418904,60-64,6.0,0.0,5000.000000000003,346020.0,0.0,0
5.802118375377063,8,10.243692364956797,0,40,3,0,0,2,1,0,0.0,5,0,5.802118375377063,40-49,2.0,28103.707415000037,330.0,0.0,56207.414830000074,0
8.114025442356757,13,10.569104881654322,0,67,3,0,0,2,1,0,9.262078567380597,3,0,8.114025442356757,65+,8.0,38912.825651000036,3340.0000000000023,10529.999999999993,311302.6052080003,0
13.030250281476574,12,15.664872443291278,1,68,3,1,0,1,2,0,0.0,4,0,15.963545007823068,65+,8.0,6355761.523000006,8568000.000000011,0.0,50846092.184000045,0
8.517393171418904,8,9.98133877479715,1,86,1,1,0,2,3,0,4.2626798770413155,5,0,12.230770136157428,65+,8.0,21618.236473000004,205000.0,70.0,172945.89178400004,1
13.197472705176985,14,15.230944956010122,1,65,3,1,0,1,3,0,14.45736497045232,1,0,17.20257524185714,65+,8.0,4118274.0481000016,29578999.99999998,1899999.9999999993,32946192.384800013,0
11.002116507732016,9,11.42822238555616,1,73,3,0,0,1,2,0,0.0,3,0,13.39239204133378,65+,8.0,91877.50500999982,654999.9999999995,0.0,735020.0400799986,0
9.116139576577355,8,11.712956250852091,1,30,1,0,1,1,1,0,11.770671388994348,4,0,10.278527816830314,30-39,0.75,122143.03607000002,29099.999999999985,129400.00000000012,91607.27705250001,0
10.638280388314705,12,11.20508155522288,0,38,3,1,0,2,1,0,10.579005242826248,2,0,11.12285622984002,30-39,0.75,73502.00400800005,67699.99999999997,39300.00000000004,55126.503006000035,1
12.206077645517674,13,13.192138037004634,0,78,3,1,0,2,2,0,0.0,2,0,16.496532155171714,65+,8.0,536132.2645300002,14600000.00000001,0.0,4289058.116240001,1
1.9459101490553132,9,9.930047914868677,0,60,2,0,0,2,3,0,8.412054873292933,3,0,1.9459101490553132,60-64,6.0,20537.32464900002,5.999999999999999,4499.999999999999,123223.94789400013,0
12.512457475937662,14,12.337422763109329,0,34,3,1,0,1,1,0,11.600029337681995,5,0,12.654600435941708,30-39,0.75,228072.39479000002,313199.9999999998,109099.99999999983,171054.2960925,1
10.110542371500753,8,12.365461861933738,1,43,2,1,3,1,2,0,13.060490101343552,2,0,10.110542371500753,40-49,2.0,234557.86573000002,24599.999999999993,469999.9999999998,469115.73146000004,0
10.413042369168672,9,11.649008066953392,1,45,1,0,3,1,2,0,12.40697467786825,3,0,12.406115416616345,40-49,2.0,114576.65330999994,244290.00000000015,244500.00000000012,229153.30661999987,1
0.6931471805599453,9,9.470543987306163,0,24,2,0,0,1,4,0,8.105005537547246,2,1,11.635160796652894,Under 30,0.25,12970.941883999983,113000.99999999994,3309.999999999999,3242.735470999996,1
15.270164490078686,13,16.297554354362,1,41,3,1,1,1,3,1,14.842627202965202,2,0,17.06172917814529,40-49,2.0,11965693.88799998,25692999.999999996,2793000.0000000014,23931387.77599996,1
14.715672314412528,12,12.498992721632195,1,71,1,0,0,2,3,0,13.64115836129498,1,0,15.800091956058294,65+,8.0,268066.1322599998,7276000.000000005,840000.0000000019,2144529.0580799985,1
10.839600519357369,13,12.873054768060085,1,71,3,1,0,1,1,0,0.0,3,0,15.456641110891743,65+,8.0,389668.71242000087,5160999.9999999935,0.0,3117349.699360007,1
16.19112592117129,14,16.4053509162909,1,55,3,1,3,1,2,0,15.079637567595793,4,0,18.16553854050708,50-59,4.0,13327642.786000006,77480630.00000009,3539999.9999999986,53310571.14400002,1
10.933124826700707,12,13.025817159065012,1,49,3,1,0,1,1,0,13.1499804899607,2,0,14.526498147811566,40-49,2.0,453982.9659300001,2036000.000000001,513999.9999999996,907965.9318600002,1
8.006700845440367,9,10.16365262239305,0,39,0,0,3,2,1,0,9.70509758756311,5,0,8.962007209588313,30-39,0.75,25941.88376800001,7799.999999999997,16400.00000000001,19456.412826000007,0
10.047631185616188,12,12.002846208646966,1,52,3,0,1,1,1,0,12.209571517333051,2,0,13.53645913408674,50-59,4.0,163217.68536999988,756500.0000000009,200699.9999999997,652870.7414799995,1
9.430359045942868,8,12.121364124132038,0,41,2,1,1,1,1,0,6.846943139585379,3,0,10.459124004835836,40-49,2.0,183755.01001999993,34859.99999999999,939.9999999999997,367510.02003999986,0
9.105090961257083,8,12.58027506386054,1,59,2,1,0,2,1,0,10.915106645867503,1,0,14.009596805265678,50-59,4.0,290765.2805600006,1214199.9999999993,55000.00000000004,1163061.1222400025,1
4.795790545596741,5,10.076644749570695,1,40,3,0,1,1,4,1,0.0,5,0,4.795790545596741,40-49,2.0,23780.060119999976,120.00000000000003,0.0,47560.12023999995,0
8.216358332386156,9,11.773059697378924,1,41,2,0,2,1,1,0,12.657151449598697,1,0,8.216358332386156,40-49,2.0,129709.41884000013,3699.999999999998,314000.0000000005,259418.83768000026,0
6.698268054115413,8,10.723251890363157,0,52,1,0,0,1,1,1,10.36599440101149,2,0,6.698268054115413,50-59,4.0,45398.29659299996,810.0000000000002,31760.0,181593.18637199985,0
14.962913328262085,12,15.037538618616676,1,68,2,1,0,1,2,0,0.0,5,0,18.270439092242977,65+,8.0,3394063.1263,86050000.00000037,0.0,27152505.0104,1
8.434028950155469,12,11.989512759998888,1,46,3,0,2,1,4,0,12.653961664405363,4,0,9.798182590890704,40-49,2.0,161055.86172000002,17999.999999999993,312999.99999999936,322111.72344000003,0
7.313886831633462,12,10.451325058234776,0,28,1,0,2,2,1,0,10.150777225678416,2,1,7.313886831633462,Under 30,0.25,34589.17835700002,1499.9999999999998,25610.0,8647.294589250005,0
6.7464121285733745,14,12.19886927342878,1,70,3,0,2,1,3,0,10.584081267024454,5,0,13.532950014730028,65+,8.0,198563.50199999983,753849.9999999995,39500.00000000001,1588508.0159999987,0
9.148571345578551,9,11.079920226254767,0,48,3,0,0,2,1,0,0.0,3,0,10.807725945886109,40-49,2.0,64854.70941899998,49400.0,0.0,129709.41883799995,0
9.852246888342531,13,11.485380194730258,0,34,1,0,0,1,1,0,0.0,1,0,10.51328029770086,30-39,0.75,97282.06412800006,36799.99999999992,0.0,72961.54809600004,0
9.210440366976515,1,9.818828007928497,1,52,3,1,0,2,1,0,0.0,2,0,9.210440366976515,50-59,4.0,18375.50100200004,9999.99999999999,0.0,73502.00400800016,0
11.51293546492023,14,13.988626544885074,1,63,3,1,0,1,1,0,0.0,3,0,16.125567765052597,60-64,6.0,1189003.006000001,10074999.999999985,0.0,7134018.036000006,1
10.488520429241628,13,11.92720927582913,1,47,2,0,0,2,1,0,12.978495316450784,5,0,12.650441108746572,40-49,2.0,151327.65530999997,311899.9999999992,433000.00000000093,302655.31061999995,1
11.185823192802378,9,12.303684773907628,0,55,2,1,2,1,1,0,11.226589153242802,4,0,13.752678313641464,50-59,4.0,220506.01201999988,939100.0000000023,75099.99999999999,882024.0480799995,1
8.853808274977197,9,11.730500418141489,1,61,2,0,0,1,1,0,5.14166355650266,5,0,14.105191381581442,60-64,6.0,124304.8597200003,1335999.9999999995,170.00000000000009,745829.1583200018,1
5.017279836814924,1,11.570537163972045,0,49,2,0,1,1,1,0,9.91051281747288,5,1,5.017279836814924,40-49,2.0,105929.35871999999,150.0,20139.999999999964,211858.71743999998,0
9.741027444837728,12,10.936821754744528,0,75,3,1,0,2,3,0,0.0,5,0,13.613395597831598,65+,8.0,56207.41482999999,816999.9999999993,0.0,449659.3186399999,1
10.55323128448846,13,12.17852223565681,1,49,1,0,2,1,1,0,13.279710656944143,3,0,10.785207543360087,40-49,2.0,194564.12826000006,48299.99999999997,585199.9999999992,389128.2565200001,0
19.063502587818313,14,19.11723257301343,1,79,3,1,0,1,2,1,0.0,4,0,19.81840454200356,65+,8.0,200682089.17999995,404598000.0000003,0.0,1605456713.4399996,0
10.783135046711443,14,12.59869172789388,1,60,3,0,1,1,1,0,11.95697646939348,4,0,13.203392060382884,60-64,6.0,296169.8396799999,542199.9999999998,155899.99999999985,1777019.0380799994,0
10.53318894803824,11,10.482095840823945,1,67,0,1,0,1,3,0,7.00397413672268,5,0,10.558699193753036,65+,8.0,35670.09018000006,38509.99999999998,1099.9999999999998,285360.72144000046,0
4.61512051684126,8,9.98133877479715,0,42,3,0,1,2,1,0,0.0,1,0,4.61512051684126,40-49,2.0,21618.236473000004,100.00000000000003,0.0,43236.47294600001,0
8.517393171418904,14,11.805849271474132,0,38,3,1,0,2,1,0,13.060490101343552,2,0,13.933294482509153,30-39,0.75,134033.06612999988,1125000.0000000014,469999.9999999998,100524.7995974999,1
8.81001204797317,8,11.355019808159389,1,72,1,0,0,1,3,0,5.993961427306569,4,1,9.259225769705994,65+,8.0,85392.03406799996,10500.000000000005,400.00000000000006,683136.2725439997,0
10.915106645867503,13,12.121364124132038,1,34,3,1,0,2,1,0,11.89478753335453,5,0,11.884495917930655,30-39,0.75,183755.01001999993,145000.00000000012,146500.00000000006,137816.25751499995,1
5.081404364984463,10,10.386788464403516,0,63,1,0,0,2,1,0,9.39274525863144,4,0,8.333510708982942,60-64,6.0,32427.35470899998,4160.000000000004,11999.999999999978,194564.1282539999,0
10.65492722584759,12,12.920456888161272,0,30,2,1,0,1,1,0,9.967447781495006,4,1,13.20560281623769,30-39,0.75,408584.66934000026,543400.0000000002,21320.000000000015,306438.5020050002,1
8.682877107057168,4,11.329377681719818,0,33,0,0,3,1,1,0,10.611547975828367,4,0,8.682877107057168,30-39,0.75,83230.21042100004,5899.999999999995,40599.99999999993,62422.65781575003,0
17.544931991397867,12,14.762934235456225,1,72,3,0,0,1,2,0,0.0,3,0,18.876236763542053,65+,8.0,2579055.611200006,157705000.00000006,0.0,20632444.88960005,1
7.496097345175956,8,9.930047914868677,1,54,2,0,0,2,1,0,0.0,3,0,7.496097345175956,50-59,4.0,20537.32464900002,1800.0,0.0,82149.29859600008,0
4.61512051684126,11,10.386788464403516,0,42,2,0,3,1,1,0,9.741027444837728,3,0,4.61512051684126,40-49,2.0,32427.35470899998,100.00000000000003,16999.99999999999,64854.70941799996,0
10.043292972227004,13,12.028991330674025,1,40,3,0,3,1,1,0,12.910903801827052,4,0,10.62135173563291,40-49,2.0,167541.33267,40999.99999999999,404700.0000000001,335082.66534,0
5.303304908059076,12,10.623170750425082,0,32,1,0,0,2,2,0,9.711176264112805,1,0,6.55250788703459,30-39,0.75,41074.649299000004,700.0,16499.999999999993,30805.98697425,0
12.556733038263904,12,13.45636118096816,1,51,3,1,3,1,1,0,13.005831808336865,2,0,15.385999928203216,50-59,4.0,698269.0380800016,4808999.999999991,445000.0000000005,2793076.1523200064,1
5.942799375126701,9,9.470543987306163,0,37,2,1,0,2,3,0,3.4339872044851463,5,0,5.942799375126701,30-39,0.75,12970.941883999983,380.0000000000001,30.0,9728.206412999987,0
8.81001204797317,11,10.74678187553037,0,53,2,0,0,2,4,0,0.0,5,0,10.909637269778615,50-59,4.0,46479.20841700003,54699.999999999956,0.0,185916.83366800012,0
6.90875477931522,8,10.814221753204103,1,47,2,0,1,1,1,0,0.0,4,0,6.90875477931522,40-49,2.0,49721.943887999936,999.9999999999999,0.0,99443.88777599987,0
10.736418414365376,1,11.667700038278326,1,88,1,0,1,2,3,0,0.0,1,0,13.530492932718326,65+,8.0,116738.47695000008,751999.9999999997,0.0,933907.8156000007,0
11.87346991271338,13,12.56529356217316,1,47,3,1,2,1,1,0,12.577639650232571,2,0,13.98222004479889,40-49,2.0,286441.6332700001,1181410.0000000002,289999.99999999936,572883.2665400002,1
11.936237039973754,8,11.77139165310814,1,84,3,1,0,1,3,0,0.0,4,0,13.407092594466636,65+,8.0,129493.2364699998,664700.0000000016,0.0,1035945.8917599984,0
0.0,8,9.470543987306163,0,31,1,0,1,2,1,0,0.0,5,0,0.0,30-39,0.75,12970.941883999983,0.0,0.0,9728.206412999987,0
8.81001204797317,12,12.066970356293536,1,28,2,1,0,1,1,0,13.030250281476574,3,0,12.548246454396082,Under 30,0.25,174026.80361000024,281599.9999999999,455999.99999999977,43506.70090250006,1
14.086301525522051,14,15.67838616034746,1,50,3,1,2,1,2,1,14.418733578042035,3,0,16.418348454647052,50-59,4.0,6442234.468899998,13502000.000000007,1828000.000000001,25768937.87559999,0
5.707110264748875,2,9.550580764956187,0,86,2,1,0,2,3,0,0.0,5,0,5.707110264748875,65+,8.0,14051.853706999998,299.9999999999999,0.0,112414.82965599999,0
9.305741456739437,9,10.769770904774589,1,89,2,1,0,2,3,0,10.085850775128716,4,0,9.648659816955297,65+,8.0,47560.12024000005,15500.000000000036,23999.999999999945,380480.9619200004,0
8.294299608857235,8,10.814221753204103,0,25,3,0,0,2,1,1,9.211439767419485,2,1,9.76428295481558,Under 30,0.25,49721.943887999936,17400.000000000015,10010.000000000011,12430.485971999984,1
10.404293143019792,8,9.6246836542707,0,87,1,0,0,2,3,0,0.0,3,0,11.38510345703214,65+,8.0,15132.765531000001,87999.9999999998,0.0,121062.12424800001,0
7.313886831633462,9,9.875983398597374,1,81,3,1,1,2,3,0,0.0,4,0,10.184937747111393,65+,8.0,19456.412826000007,26500.00000000005,0.0,155651.30260800006,0
4.61512051684126,6,10.814221753204103,0,44,2,0,4,1,1,0,8.24301946898925,5,0,4.61512051684126,40-49,2.0,49721.943887999936,100.00000000000003,3800.000000000003,99443.88777599987,0
11.131679686740132,12,11.451478997511789,1,34,2,1,0,2,1,0,12.300932724054114,4,0,11.237185138527495,30-39,0.75,94039.3286570002,75900.00000000001,219900.00000000015,70529.49649275014,1
12.409017571151187,14,13.506182735141644,1,69,3,0,0,1,2,0,0.0,5,0,15.790147124089746,65+,8.0,733939.1282599996,7204000.000000003,0.0,5871513.0260799965,1
8.699681400989514,13,11.649008066953392,1,40,2,1,2,1,1,0,13.279026897402565,2,0,11.170449240431308,40-49,2.0,114576.65330999994,70999.99999999994,584800.0000000005,229153.30661999987,0
8.434028950155469,9,11.704067376563522,1,50,3,1,0,2,1,0,12.148978347281837,5,0,9.883335864325277,50-59,4.0,121062.12424999992,19600.000000000036,188900.00000000023,484248.4969999997,0
15.77137117931546,8,16.33479269645206,1,62,3,1,0,1,2,0,0.0,4,0,17.38408507723058,60-64,6.0,12419676.853999987,35466000.0,0.0,74518061.12399992,0
7.0909098220799835,9,10.85678052964002,0,46,1,0,2,1,4,0,6.133398042996649,1,0,7.1316985104669115,40-49,2.0,51883.76753500001,1250.0000000000005,460.00000000000006,103767.53507000003,0
10.308985993422082,14,13.79349621102639,1,65,3,1,0,1,2,0,0.0,1,0,17.75996204997359,65+,8.0,978225.2003999997,51647999.99999999,0.0,7825801.603199998,1
13.191331448583757,13,14.5085016631951,1,62,3,1,2,1,1,0,14.653840180801057,4,0,15.52020428508858,60-64,6.0,1999686.8737000015,5499700.000000002,2312500.000000001,11998121.24220001,0
8.517393171418904,9,10.030126736355644,1,43,1,0,0,2,1,0,8.77971129020447,4,1,9.99884318585288,40-49,2.0,22699.14829700001,21999.999999999993,6500.000000000003,45398.29659400002,0
5.8888779583328805,1,10.31779779558084,0,38,2,0,3,2,1,0,7.313886831633462,5,0,5.8888779583328805,30-39,0.75,30265.531061999973,359.99999999999983,1499.9999999999998,22699.14829649998,0
12.154784614286667,12,10.91740401772286,1,73,3,1,0,1,3,0,0.0,2,0,13.986097701709772,65+,8.0,55126.503006,1185999.9999999993,0.0,441012.024048,1
13.369225017834632,9,12.14462086116848,1,73,2,1,0,2,3,0,12.45293662970407,4,0,13.946539697563276,65+,8.0,188078.65731000004,1140000.0000000002,255999.99999999985,1504629.2584800003,0
5.983936280687191,10,10.35288797609956,0,26,2,0,1,1,4,0,9.130322663990151,5,1,5.983936280687191,Under 30,0.25,31346.442886000004,396.0000000000001,9229.999999999998,7836.610721500001,0
9.711176264112805,12,11.773059697378924,1,64,3,1,1,1,1,0,12.821260987319455,3,0,12.439170488085749,60-64,6.0,129709.41884000013,252499.99999999994,369999.9999999991,778256.5130400008,0
9.387733135533384,11,11.853101811967846,1,43,3,0,0,1,1,0,12.469209688250697,3,0,10.614990235380386,40-49,2.0,140518.53706999996,40740.000000000015,260199.99999999985,281037.0741399999,0
9.825580063659602,8,10.792243293398966,0,25,1,1,2,1,4,0,0.0,5,0,9.825580063659602,Under 30,0.25,48641.03206399999,18500.0,0.0,12160.258015999998,1
6.660575149839686,12,10.623170750425082,0,33,1,0,0,2,1,0,11.13504147662283,4,1,6.660575149839686,30-39,0.75,41074.649299000004,780.0000000000001,68530.00000000006,30805.98697425,0
8.03947991910045,11,11.439918298765717,1,73,2,1,0,1,3,0,10.703266939811954,4,0,11.397525836740476,65+,8.0,92958.41683399999,89099.99999999999,44499.99999999997,743667.3346719999,0
5.707110264748875,6,8.987165257038846,0,50,0,0,1,1,1,0,7.244941546337007,5,0,5.707110264748875,50-59,4.0,7998.747494999993,299.9999999999999,1399.9999999999995,31994.989979999973,0
14.220976332738882,12,15.201918827421364,1,79,0,1,0,2,3,0,13.429849547739444,4,0,16.090724556937104,65+,8.0,4000454.6593000023,9729999.999999989,680000.0000000003,32003637.27440002,0
9.268703615273097,4,10.569104881654322,1,79,0,0,1,2,3,0,9.05963375455148,5,0,9.268703615273097,65+,8.0,38912.825651000036,10599.99999999999,8600.00000000001,311302.6052080003,0
5.993961427306569,9,10.386788464403516,0,29,2,0,0,2,1,0,9.99884318585288,1,0,5.993961427306569,Under 30,0.25,32427.35470899998,400.00000000000006,21999.999999999993,8106.838677249995,0
13.195615697878251,12,11.063113369269184,0,38,3,0,0,2,2,0,0.0,2,0,13.26212705890841,30-39,0.75,63773.79759499985,575000.0000000001,0.0,47830.34819624989,1
0.0,8,9.930047914868677,1,48,1,0,0,2,4,0,0.0,5,0,0.0,40-49,2.0,20537.32464900002,0.0,0.0,41074.64929800004,0
4.61512051684126,6,9.98133877479715,0,66,1,0,0,2,1,0,7.048386408721883,5,0,4.61512051684126,65+,8.0,21618.236473000004,100.00000000000003,1150.0000000000002,172945.89178400004,0
9.419060402624668,13,11.079920226254767,1,41,2,0,1,2,1,0,12.928149789877502,5,0,12.31457272758764,40-49,2.0,64854.70941899998,222919.99999999994,411739.99999999994,129709.41883799995,1
11.64220658798198,10,11.42822238555616,1,72,3,1,0,1,3,0,11.798111925972618,4,0,14.97075551117928,65+,8.0,91877.50500999982,3174800.000000005,133000.00000000012,735020.0400799986,1
13.407543823396258,12,13.90326677090306,1,76,3,0,0,1,2,0,0.0,5,0,17.83356787000213,65+,8.0,1091720.9419000023,55592999.99999998,0.0,8733767.535200018,1
10.819798284210286,13,12.073162291050108,1,70,3,1,0,1,3,0,0.0,2,0,16.620324488016823,65+,8.0,175107.7154300003,16523999.99999998,0.0,1400861.7234400024,1
12.392556361841775,13,14.058830746545782,1,56,2,0,0,1,3,0,13.85952840031839,5,0,15.91805821050344,50-59,4.0,1275475.9518999993,8186999.9999999935,1044999.9999999995,5101903.807599997,1
12.414390842349803,13,17.35152318955752,1,72,2,1,0,1,2,0,0.0,1,0,17.96131348344931,65+,8.0,34329759.51899998,63168320.000000045,0.0,274638076.15199983,0
10.942013616092948,9,10.121094683881877,1,71,0,0,0,2,3,0,0.0,4,0,12.676391849976817,65+,8.0,24860.97194400006,320099.9999999998,0.0,198887.77555200047,1
12.211065162153217,9,13.28082795342121,1,51,3,1,0,1,2,0,11.918397239722838,2,0,13.671641342278315,50-59,4.0,585854.2084200003,865999.9999999988,150000.00000000006,2343416.833680001,0
12.6410997921206,13,15.311593155037595,1,65,3,1,0,1,3,0,0.0,4,0,17.50156103930549,65+,8.0,4464165.831700004,39887000.00000005,0.0,35713326.65360003,1
12.25486757159303,12,12.283882237332367,1,55,1,1,1,1,2,1,11.097425172408933,1,0,12.25486757159303,50-59,4.0,216182.3647299995,210000.0,66000.00000000012,864729.458919998,0
10.477316144080852,12,11.507358877993518,1,70,2,0,0,1,3,0,0.0,3,0,13.89108267202464,65+,8.0,99443.88777600005,1078499.9999999984,0.0,795551.1022080004,1
16.173719649295794,12,16.55984910922224,1,61,2,0,0,1,1,0,0.0,2,1,19.045238548395865,60-64,6.0,15554321.141999979,186741999.99999967,0.0,93325926.85199988,1
14.565175586134307,14,16.534549121407547,1,85,3,1,0,1,3,0,0.0,5,0,17.77197697984147,65+,8.0,15165733.342000004,52272290.00000001,0.0,121325866.73600003,0
9.680406499268877,13,11.860764630434472,0,32,3,1,0,1,1,0,0.0,2,0,12.100717685412471,30-39,0.75,141599.4489000001,180000.00000000003,0.0,106199.58667500009,1
8.612685172875459,13,11.342280932513091,1,37,2,1,3,1,1,0,12.314931534737134,5,0,8.612685172875459,30-39,0.75,84311.12224399998,5500.000000000004,223000.00000000003,63233.34168299999,0
7.479299637782834,9,10.623170750425082,0,44,0,0,0,1,3,1,0.0,2,0,7.479299637782834,40-49,2.0,41074.649299000004,1770.0000000000005,0.0,82149.29859800001,0
6.68586094706836,9,10.95586961402582,1,51,3,0,3,1,1,0,12.788291058675023,4,1,6.68586094706836,50-59,4.0,57288.326653000004,800.0000000000003,357999.9999999991,229153.30661200001,0
14.152697539094763,12,12.692673583390023,1,52,3,0,0,1,2,0,14.603968372873895,2,0,15.640221288596312,50-59,4.0,325354.4589199998,6200999.999999984,2199999.9999999995,1301417.835679999,1
7.67368812926773,10,10.897601753215405,1,50,2,0,0,1,1,0,10.66897865021924,3,0,8.802522498284421,50-59,4.0,54045.59118200007,6650.000000000002,42999.99999999994,216182.36472800028,0
4.663439094112067,12,9.930047914868677,1,83,1,0,0,2,3,0,8.962007209588313,2,0,9.401456476451632,65+,8.0,20537.32464900002,12104.999999999987,7799.999999999997,164298.59719200016,0
6.90875477931522,13,12.692673583390023,1,37,1,1,1,1,1,0,13.478639641880966,5,0,12.570719231334277,30-39,0.75,325354.4589199998,287999.9999999999,714000.0000000006,244015.84418999983,1
10.789339695269716,12,11.82975461608208,1,71,3,1,0,2,1,0,0.0,4,0,13.855501166979357,65+,8.0,137275.80160000015,1040800.0000000008,0.0,1098206.4128000012,0
0.0,8,7.9022209664185965,0,25,1,1,0,2,4,1,0.0,5,0,0.0,Under 30,0.25,2702.2795591000004,0.0,0.0,675.5698897750001,0
12.220966184120163,12,12.84349604282837,1,68,3,0,1,1,3,0,13.710262258232229,5,0,14.794964240312334,65+,8.0,378319.1382800003,2663000.0,900100.000000001,3026553.1062400024,0
9.99884318585288,8,12.486822231693765,1,62,3,1,0,1,1,0,0.0,1,0,15.30210286654152,60-64,6.0,264823.3967899999,4422000.000000003,0.0,1588940.3807399995,1
12.415932356015515,12,12.522898154395811,1,54,3,1,2,1,1,0,12.34366266577172,1,0,14.71025114452168,50-59,4.0,274551.6032099994,2446700.0000000014,229500.00000000038,1098206.4128399976,1
9.082620630373812,11,12.323102772577544,1,48,1,1,2,1,1,0,11.51443432606658,4,0,13.244228735697844,40-49,2.0,224829.65931999942,564799.999999999,100149.9999999999,449659.31863999885,1
10.695370855832223,12,11.367598443988374,1,62,2,1,0,2,3,0,11.31448672129398,5,0,10.695370855832223,60-64,6.0,86472.94589200003,44150.00000000004,81999.99999999985,518837.67535200017,0
10.203629181337648,12,13.20017019377173,1,37,2,1,1,1,1,0,12.36308066783498,2,0,13.537119853422675,30-39,0.75,540455.9118199999,756999.9999999993,233999.9999999999,405341.9338649999,1
11.951186847493476,13,13.34340411493854,1,46,3,1,3,1,1,0,14.241791505386114,2,0,14.864582751334884,40-49,2.0,623686.1222399999,2855000.0000000033,1531550.000000001,1247372.2444799999,1
5.771441123130016,6,9.930047914868677,0,33,0,0,1,2,4,0,0.0,3,0,5.771441123130016,30-39,0.75,20537.32464900002,320.0,0.0,15402.993486750016,0
8.824824939175638,8,11.056310728985563,1,78,1,0,1,2,3,0,12.960787532474235,2,0,12.02455676409265,65+,8.0,63341.432865999894,166800.0,425399.9999999993,506731.46292799915,0
11.503793898837728,10,12.64852393750623,1,52,2,1,0,1,1,0,13.42246945133505,5,0,13.591230110628626,50-59,4.0,311302.60521,799090.0000000002,674999.9999999998,1245210.42084,0
6.478509642208569,8,10.899599718958571,0,64,3,0,0,1,3,0,9.433563920090563,4,0,10.362525022649812,60-64,6.0,54153.682364999884,31650.000000000022,12500.0,324922.0941899993,0
7.473637108496206,8,10.076644749570695,1,67,2,1,0,2,3,0,0.0,3,0,7.473637108496206,65+,8.0,23780.060119999976,1759.9999999999995,0.0,190240.4809599998,0
12.85840043573314,14,15.6850751474718,1,57,3,1,1,1,2,0,15.531108846082864,2,0,16.757314542263156,50-59,4.0,6485470.94189999,18949999.999999993,5559999.999999999,25941883.76759996,0
12.206077645517674,12,11.248253152234346,1,80,3,1,0,1,3,0,0.0,3,0,14.33668306760846,65+,8.0,76744.73947899997,1683999.9999999986,0.0,613957.9158319997,1
0.6931471805599453,6,9.288237848223762,0,76,2,0,0,2,3,0,0.0,5,0,0.6931471805599453,65+,8.0,10809.118235999998,1.0,0.0,86472.94588799999,0
6.042632833682381,12,11.485380194730258,0,43,2,0,1,1,1,0,12.114894417443708,5,0,11.153690103100145,40-49,2.0,97282.06412800006,69820.00000000003,182569.99999999988,194564.1282560001,0
11.225256725762891,9,14.225493500074244,1,76,1,1,0,2,3,0,0.0,3,0,16.530205368010318,65+,8.0,1506791.0821999984,15100000.000000026,0.0,12054328.657599987,1
6.55250788703459,5,11.316305758236654,0,44,3,0,0,1,1,0,0.0,2,0,6.55250788703459,40-49,2.0,82149.298597,700.0,0.0,164298.597194,0
11.211833885608511,12,13.21012050630853,1,57,2,0,0,1,1,0,10.66897865021924,5,0,15.897872954790522,50-59,4.0,545860.4709400003,8023400.000000006,42999.99999999994,2183441.883760001,1
6.68586094706836,12,11.907006703345852,1,34,2,0,0,1,2,0,12.837347081942964,2,0,7.8713112033234065,30-39,0.75,148301.10220000008,2620.0000000000005,376000.0000000003,111225.82665000006,0
10.12667110305036,13,12.051951387445092,1,69,3,0,0,1,3,0,0.0,1,0,14.394929533419807,65+,8.0,171432.61523000002,1784999.9999999965,0.0,1371460.9218400002,1
9.06773940337716,9,10.569104881654322,0,54,2,0,0,2,1,0,11.13343507403426,5,0,9.06773940337716,50-59,4.0,38912.825651000036,8670.0,68420.00000000003,155651.30260400014,0
11.964007453736912,13,11.860764630434472,1,48,3,1,0,1,1,0,0.0,4,0,14.156971046828328,40-49,2.0,141599.4489000001,1407000.000000001,0.0,283198.8978000002,1
7.650168700845001,11,11.063113369269184,1,61,2,0,1,2,1,0,11.72400453218338,5,0,12.6118743636455,60-64,6.0,63773.79759499985,300100.0000000002,123500.00000000022,382642.78556999913,0
8.131824785007195,13,8.777473893219948,0,45,3,0,0,2,1,0,0.0,5,0,9.169622538697624,40-49,2.0,6485.470941899995,9600.0,0.0,12970.94188379999,0
8.732465848349879,10,11.99620170679576,0,64,2,1,1,2,3,0,0.0,4,0,10.007892611890918,60-64,6.0,162136.77355000027,22200.000000000004,0.0,972820.6413000016,0
10.239995502805316,13,11.079920226254767,0,45,2,1,1,1,1,0,5.303304908059076,3,0,12.144202560946876,40-49,2.0,64854.70941899998,188000.00000000012,200.0,129709.41883799995,1
12.940268194985762,14,14.278578554215343,1,42,3,1,2,1,1,1,14.424189125967262,1,0,14.12963566134949,40-49,2.0,1588940.3807999992,1369059.9999999995,1837999.9999999988,3177880.7615999985,0
4.394449154672439,9,10.451325058234776,1,38,0,0,2,2,1,0,6.814542897259958,4,0,11.398983791824564,30-39,0.75,34589.17835700002,89230.00000000013,909.9999999999999,25941.883767750012,1
6.90875477931522,5,9.6246836542707,0,58,1,0,0,2,4,1,7.601402334583733,5,0,6.90875477931522,50-59,4.0,15132.765531000001,999.9999999999999,2000.0,60531.062124000004,0
8.131824785007195,12,11.355019808159389,0,30,3,1,0,1,1,0,10.75579427616868,2,0,8.131824785007195,30-39,0.75,85392.03406799996,3399.999999999999,46899.99999999996,64044.02555099997,0
9.966509298952284,13,11.721766808769676,0,38,3,1,2,2,1,0,0.0,5,0,12.619839862232691,30-39,0.75,123223.9479000001,302499.9999999995,0.0,92417.96092500008,1
0.6931471805599453,8,9.383539618396709,0,46,0,1,0,2,3,0,0.0,5,0,0.6931471805599453,40-49,2.0,11890.03006000001,1.0,0.0,23780.06012000002,0
8.612685172875459,8,11.316305758236654,1,53,2,0,1,1,2,0,8.24301946898925,2,1,8.612685172875459,50-59,4.0,82149.298597,5500.000000000004,3800.000000000003,328597.194388,0
10.214678610538815,13,13.01384099455312,1,56,3,0,1,1,1,0,13.592743185885782,1,0,15.257074285908892,50-59,4.0,448578.4068099997,4227300.000000004,800299.9999999994,1794313.627239999,1
6.68586094706836,2,11.560280761065794,1,71,2,0,1,1,3,0,13.572165574841936,5,0,6.68586094706836,65+,8.0,104848.44688999999,800.0000000000003,784000.0000000002,838787.5751199999,0
8.15507488781144,5,10.076644749570695,0,25,1,0,0,1,1,0,4.875197323201151,2,0,8.15507488781144,Under 30,0.25,23780.060119999976,3480.000000000002,129.99999999999994,5945.015029999994,0
5.5254529391317835,4,10.674462827538376,1,64,3,1,0,1,1,0,11.627601456538116,5,0,5.5254529391317835,60-64,6.0,43236.47294599996,249.9999999999999,112150.00000000006,259418.83767599973,0
4.2626798770413155,8,10.64914561257346,0,53,1,0,0,2,1,0,9.798182590890704,4,0,4.2626798770413155,50-59,4.0,42155.561122000014,70.0,17999.999999999993,168622.24448800005,0
12.180759965737863,8,13.60028708541075,1,58,3,1,0,1,2,0,12.994532278619134,5,0,14.230266373481294,50-59,4.0,806360.2204400001,1513999.9999999995,440000.0000000002,3225440.8817600003,0
11.540550359582348,13,12.808608877654882,1,55,1,0,1,1,2,0,13.467371932904973,1,0,14.442411626950262,50-59,4.0,365348.19639000023,1871800.0000000002,706000.0000000014,1461392.785560001,1
12.224408511383016,12,11.781358436450864,1,50,2,0,1,1,1,0,9.90353755128617,4,0,13.24405166651114,50-59,4.0,130790.33066000005,564700.0000000002,20000.000000000015,523161.3226400002,1
13.721200977393528,12,14.200800904078733,1,54,2,1,2,1,2,0,13.997832948091215,1,0,14.571633007169066,50-59,4.0,1470040.0802000035,2130000.0,1200000.0000000005,5880160.320800014,0
10.725489582719506,12,0.0,1,34,3,0,1,2,2,0,9.012011377036412,5,0,11.19822841866684,30-39,0.75,0.0,73000.00000000003,8200.000000000007,0.0,1
7.0909098220799835,8,10.723251890363157,0,31,2,0,2,2,1,0,10.929726261557809,2,1,7.0909098220799835,30-39,0.75,45398.29659299996,1200.0,55810.0,34048.722444749976,0
8.244334047856094,9,11.712956250852091,1,79,1,1,0,2,3,0,10.896757843893464,4,0,8.39072252736229,65+,8.0,122143.03607000002,4405.000000000004,54000.00000000001,977144.2885600001,0
10.465984899076616,12,12.379191996605552,1,45,1,1,1,1,1,0,13.26212705890841,3,0,12.687266554396556,40-49,2.0,237800.60120000003,323599.9999999999,575000.0000000001,475601.20240000007,0
13.725586944527592,12,14.805598606077885,1,47,3,1,1,1,1,0,0.0,4,0,15.996831676357576,40-49,2.0,2691470.4409,8858000.000000013,0.0,5382940.8818,1
10.768506042432708,14,12.327898923543565,1,71,3,1,0,1,3,0,12.122696471358964,2,0,13.317109100286022,65+,8.0,225910.5711400001,607500.0000000005,184000.00000000015,1807284.5691200008,0
12.09626335986454,10,10.386788464403516,1,57,3,0,1,1,1,0,10.86477077032911,3,0,12.673576277384964,50-59,4.0,32427.35470899998,319200.0,52299.999999999956,129709.41883599992,1
8.853808274977197,12,12.920456888161272,1,60,3,1,0,2,2,1,12.611541086966117,2,0,13.619496890582589,60-64,6.0,408584.66934000026,821999.9999999998,300000.0000000003,2451508.0160400015,0
13.122365377402328,12,14.49215253344101,1,63,3,1,0,1,2,0,0.0,2,0,15.40678470343667,60-64,6.0,1967259.5189999985,4910000.000000002,0.0,11803557.11399999,0
8.343077871169383,8,11.28963784015293,1,61,3,0,2,1,1,0,12.41333475165532,5,0,8.343077871169383,60-64,6.0,79987.47494999996,4200.000000000004,246059.99999999988,479924.8496999998,0
5.771441123130016,10,10.974561423798535,0,29,2,0,1,1,1,0,9.76428295481558,4,1,9.919410113079945,Under 30,0.25,58369.23847699994,20320.00000000003,17400.000000000015,14592.309619249985,1
11.767575435251748,14,12.51895339047802,0,30,1,1,0,2,1,0,12.641358657450596,3,1,12.502470376049184,30-39,0.75,273470.6913800001,268999.99999999953,309080.00000000023,205103.01853500007,1
5.5254529391317835,11,10.281431375093115,1,50,2,0,0,2,2,0,10.043292972227004,5,0,7.919719760924575,50-59,4.0,29184.61923800001,2750.0000000000005,22999.999999999996,116738.47695200004,0
11.561725152903833,14,13.167647063248406,1,83,2,1,0,1,2,0,12.577639650232571,5,0,16.079874542034222,65+,8.0,523161.32265000016,9625000.000000017,289999.99999999936,4185290.5812000013,1
7.601402334583733,11,11.773059697378924,1,23,1,0,0,1,1,0,8.630700432209832,1,0,7.601402334583733,Under 30,0.25,129709.41884000013,2000.0,5599.999999999995,32427.354710000032,0
10.59665973278358,8,11.730500418141489,1,58,3,1,2,1,2,0,12.345838935721968,4,0,12.506180941677355,50-59,4.0,124304.8597200003,269999.9999999996,230000.0000000001,497219.4388800012,0
14.17597899749153,13,14.31202646752966,1,50,3,1,2,1,2,0,14.038654909278163,5,0,16.222816051786356,50-59,4.0,1642985.971900003,11104000.00000001,1249999.999999999,6571943.887600012,1
9.770013301136158,13,12.17852223565681,1,37,3,1,3,1,1,0,12.574185427296197,5,0,13.06790930353846,30-39,0.75,194564.12826000006,473500.0000000011,289000.0000000004,145923.09619500005,1
9.75272280064639,12,11.485380194730258,0,35,2,1,0,1,1,0,10.239995502805316,2,0,9.809231816610408,30-39,0.75,97282.06412800006,18200.00000000001,28000.00000000002,72961.54809600004,0
10.83370091325064,9,9.69367212060944,0,21,2,0,0,2,4,0,0.0,5,0,11.046132675457146,Under 30,0.25,16213.677355,62700.000000000015,0.0,4053.41933875,1
9.39274525863144,11,11.380020821211884,1,39,2,0,3,1,1,0,12.307775981852645,3,0,9.39274525863144,30-39,0.75,87553.85771500022,11999.999999999978,221410.00000000006,65665.39328625017,0
11.569315250157509,11,12.70587505492555,1,59,2,1,0,1,2,0,0.0,5,0,11.949895700065218,50-59,4.0,329678.10621000006,154799.99999999985,0.0,1318712.4248400002,0
5.303304908059076,11,10.451325058234776,0,48,0,0,0,2,3,0,9.825580063659602,4,0,7.438971592395862,40-49,2.0,34589.17835700002,1700.0,18500.0,69178.35671400004,0
7.170888478512505,7,9.75820678716859,0,58,2,0,0,2,1,0,8.366602832783736,1,0,10.214678610538815,50-59,4.0,17294.589178000006,27299.99999999993,4299.999999999997,69178.35671200002,0
4.61512051684126,8,9.550580764956187,0,60,3,1,0,2,3,0,0.0,2,0,4.61512051684126,60-64,6.0,14051.853706999998,100.00000000000003,0.0,84311.12224199998,0
8.006700845440367,10,11.234068703381135,0,44,2,0,0,2,1,0,10.616216747823795,3,0,12.456835254920373,40-49,2.0,75663.82765499984,257000.00000000058,40789.999999999985,151327.65530999968,1
8.665785595466064,13,11.59073968241829,1,53,0,0,1,1,1,0,12.853178505386332,2,0,12.143138170555757,50-59,4.0,108091.18236000005,187800.00000000044,381999.99999999953,432364.7294400002,0
11.561725152903833,13,12.356202576168052,1,32,3,1,0,1,1,0,13.432786403100184,5,0,12.94323910384853,30-39,0.75,232396.04207999996,418000.00000000023,682000.0000000003,174297.03155999997,1
5.484796933490655,2,10.596503161315889,0,38,2,0,3,1,2,0,0.0,1,0,6.293419278846481,30-39,0.75,39993.7374750001,539.9999999999998,0.0,29995.303106250078,0
14.960593179214912,12,17.074697182894305,1,69,2,1,1,1,3,0,0.0,4,0,17.657126141901184,65+,8.0,26028356.71300001,46600699.999999925,0.0,208226853.7040001,0
10.463131911491969,11,11.934326696707894,1,41,2,1,0,2,1,0,11.95761769646754,4,0,12.433212202169727,40-49,2.0,152408.56712999992,250999.99999999942,156000.00000000026,304817.13425999985,0
9.937937287265354,12,11.676916614849558,1,26,3,1,1,1,2,0,11.798111925972618,2,0,11.097425172408933,Under 30,0.25,117819.38877999998,66000.00000000012,133000.00000000012,29454.847194999995,1
14.75551820708067,13,17.185441845046384,1,57,3,1,2,1,3,0,0.0,3,0,14.75551820708067,50-59,4.0,29076528.05600004,2560000.0000000014,0.0,116306112.22400016,0
11.992266613576142,12,12.028991330674025,1,51,3,1,2,1,1,0,9.61587214452889,2,0,14.15661561789651,50-59,4.0,167541.33267,1406499.9999999998,14999.99999999999,670165.33068,1
9.04793908261736,8,11.496429917961311,1,45,3,0,7,1,2,0,12.611541086966117,5,0,10.4193305681139,40-49,2.0,98362.9759519998,33499.99999999992,300000.0000000003,196725.9519039996,0
4.61512051684126,4,10.674462827538376,0,45,2,0,10,1,2,0,0.0,1,1,4.61512051684126,40-49,2.0,43236.47294599996,100.00000000000003,0.0,86472.94589199992,0
11.362114203075018,13,14.444323470658862,1,73,3,1,0,2,1,0,0.0,3,0,17.20807077985325,65+,8.0,1875382.0140000004,29741999.99999998,0.0,15003056.112000003,1
5.198497031265826,5,9.08980721551555,1,61,2,0,0,2,1,0,0.0,3,0,5.198497031265826,60-64,6.0,8863.476953899999,180.00000000000006,0.0,53180.8617234,0
7.550135342488429,10,10.723251890363157,0,47,2,1,0,1,1,0,8.071218539969863,3,0,7.550135342488429,40-49,2.0,45398.29659299996,1899.9999999999993,3199.9999999999986,90796.59318599993,0
7.313886831633462,9,10.243692364956797,1,43,1,0,3,2,2,0,10.069044362997351,4,0,7.313886831633462,40-49,2.0,28103.707415000037,1499.9999999999998,23599.999999999975,56207.414830000074,0
7.313886831633462,2,10.41957729248823,1,60,1,0,2,2,1,0,11.156264806643742,2,0,7.313886831633462,60-64,6.0,33508.26653300001,1499.9999999999998,70000.00000000001,201049.59919800004,0
14.961016292533516,14,14.379439104173835,1,83,0,1,0,1,2,0,14.187074804051692,5,0,16.565599996445965,65+,8.0,1757562.6252999976,15644030.0,1450000.0000000002,14060501.002399981,1
10.65728288404746,12,12.17852223565681,1,40,3,0,1,1,1,0,12.871337193291367,4,0,13.8580919638123,40-49,2.0,194564.12826000006,1043499.9999999973,389000.00000000035,389128.2565200001,1
9.239996256883693,12,10.076644749570695,0,43,3,1,0,2,2,0,11.05407540279458,5,0,11.146214615088311,40-49,2.0,23780.060119999976,69299.9999999999,63199.99999999995,47560.12023999995,1
13.95091606833254,9,0.0,1,59,3,0,0,1,2,0,13.0543007873571,5,0,14.372265686684402,50-59,4.0,0.0,1744999.9999999988,467099.9999999997,0.0,1
9.798182590890704,12,11.90554792375787,1,52,2,0,2,1,2,0,12.273735966890268,3,0,12.782688818818986,50-59,4.0,148084.91984000005,355999.99999999994,214000.00000000017,592339.6793600002,0
8.434028950155469,9,10.451325058234776,1,84,3,0,0,2,3,0,9.012011377036412,2,0,8.434028950155469,65+,8.0,34589.17835700002,4600.0,8200.000000000007,276713.42685600015,0
8.350193650720067,12,12.837765383303417,1,66,3,1,1,1,2,0,11.918397239722838,5,0,11.421150030586032,65+,8.0,376157.31463,91229.99999999993,150000.00000000006,3009258.51704,0
10.929547069355774,12,11.704067376563522,1,75,3,1,0,1,3,0,12.491255347155263,5,0,14.558305154196182,65+,8.0,121062.12424999992,2101799.9999999986,265999.99999999936,968496.9939999994,1
12.983103608918752,12,12.022518854887831,1,78,3,1,0,2,3,0,0.0,3,0,15.461280592509777,65+,8.0,166460.42083999992,5184999.999999998,0.0,1331683.3667199994,1
10.081675578048475,9,13.26969613214558,1,58,3,1,1,1,2,0,14.205524238561358,3,0,11.18304545181826,50-59,4.0,579368.7374700004,71899.99999999984,1476999.9999999995,2317474.9498800016,0
10.165890277802454,12,13.58950532324966,1,66,3,1,1,1,2,0,0.0,4,0,16.822479512885565,65+,8.0,797712.9258499998,20226000.0,0.0,6381703.406799998,1
8.839421607620602,8,10.451325058234776,1,61,2,1,0,1,1,0,11.091346218718432,5,0,8.839421607620602,60-64,6.0,34589.17835700002,6900.000000000005,65599.99999999994,207535.0701420001,0
9.617204500998056,6,11.30306069379871,0,37,1,0,0,2,1,0,6.2166061010848646,5,1,9.617204500998056,30-39,0.75,81068.38677399996,15020.000000000031,499.9999999999999,60801.290080499966,0
12.853178505386332,13,13.30453002573392,1,46,3,1,1,1,1,0,12.700771936142122,4,0,15.458383439908191,40-49,2.0,599906.0621199997,5170000.000000002,328000.0000000002,1199812.1242399993,1
7.601402334583733,10,11.028627743384128,1,35,2,0,4,1,1,0,12.6459424009624,4,0,11.097425172408933,30-39,0.75,61611.973947999984,66000.00000000012,310500.00000000006,46208.980460999985,1
12.167856627501678,12,12.410514338077766,1,67,2,1,0,1,2,0,10.101354320665545,4,0,15.622569228617715,65+,8.0,245366.9839699999,6092499.999999984,24374.99999999999,1962935.8717599993,1
13.771559715366624,8,14.57641283599154,1,67,2,1,2,1,3,0,11.110969193687714,4,0,14.544507873810469,65+,8.0,2140205.4108,2073000.0000000016,66900.00000000001,17121643.2864,0
10.714439990727769,12,12.121364124132038,1,50,3,1,0,1,1,0,11.289794413577894,5,0,15.11174371427586,50-59,4.0,183755.01001999993,3655500.000000006,80000.0,735020.0400799997,1
12.429220196836384,12,12.097553606596383,1,80,3,1,0,2,3,0,0.0,2,0,14.962913328262085,65+,8.0,179431.3627299997,3150000.000000005,0.0,1435450.9018399976,1
10.085850775128716,9,11.53944687502236,1,48,1,0,0,1,1,0,12.580738282084807,3,0,12.225880174775122,40-49,2.0,102686.62324999995,203999.99999999985,290899.9999999993,205373.2464999999,0
10.066923561388052,13,12.769388274006692,1,34,3,1,1,1,1,0,13.405285639912268,2,0,11.29415981663893,30-39,0.75,351296.3426899997,80350.00000000003,663499.9999999997,263472.25701749977,0
9.32375833901174,12,10.243692364956797,1,68,3,1,0,2,1,0,0.0,5,0,9.34145634983372,65+,8.0,28103.707415000037,11400.000000000005,0.0,224829.6593200003,0
12.232232473915769,14,12.293832522398864,1,56,2,1,0,1,1,0,10.691967639914864,1,0,13.752891260604631,50-59,4.0,218344.18837999986,939299.9999999999,43999.99999999997,873376.7535199994,1
12.138869243416009,13,14.222619936784795,1,58,1,1,0,1,2,0,9.116139576577355,5,0,16.5368718389113,50-59,4.0,1502467.4348999974,15200999.999999987,9099.999999999995,6009869.73959999,1
2.4849066497880004,8,10.674462827538376,0,20,1,0,0,1,1,0,0.0,2,0,2.4849066497880004,Under 30,0.25,43236.47294599996,11.0,0.0,10809.11823649999,0
0.6931471805599453,11,11.580689440046534,0,25,2,0,2,1,1,0,9.883335864325277,4,1,0.6931471805599453,Under 30,0.25,107010.27053999992,1.0,19600.000000000036,26752.56763499998,0
14.837961845378985,13,14.70424615143954,1,75,3,1,0,1,3,0,0.0,2,0,17.248852425231885,65+,8.0,2432051.6031999956,30979999.999999966,0.0,19456412.825599965,1
5.707110264748875,8,10.64914561257346,0,28,2,0,0,2,1,0,6.154858094016418,2,0,5.707110264748875,Under 30,0.25,42155.561122000014,299.9999999999999,470.0,10538.890280500003,0
8.052296499538647,8,10.31779779558084,0,59,1,0,1,2,3,0,8.31898612539206,5,0,8.052296499538647,50-59,4.0,30265.531061999973,3140.0000000000014,4100.000000000004,121062.12424799989,0
7.682943169878292,8,10.076644749570695,1,63,2,0,0,2,2,0,6.803505257608338,4,0,7.890208213109961,60-64,6.0,23780.060119999976,2670.0000000000005,899.9999999999998,142680.36071999985,0
11.6204426533367,9,12.035422182721987,1,54,3,0,2,1,1,0,0.0,1,0,13.600894295756472,50-59,4.0,168622.2444899999,806849.9999999994,0.0,674488.9779599996,1
13.096021455450709,12,7.456141922718476,1,76,3,1,0,1,2,0,0.0,2,0,15.970871047063218,65+,8.0,1729.4589178000006,8631000.000000004,0.0,13835.671342400005,1
5.303304908059076,9,11.30306069379871,0,54,1,0,0,2,1,0,10.258746494416974,5,1,10.315630315397533,50-59,4.0,81068.38677399996,30199.99999999999,28529.999999999978,324273.5470959998,0
12.30592250537653,12,12.641555290644998,1,63,3,0,1,1,1,0,10.518700218288163,2,0,15.578699241701448,60-64,6.0,309140.7815599997,5830999.999999999,36999.99999999994,1854844.689359998,1
5.707110264748875,12,11.721766808769676,0,46,2,0,0,1,1,0,13.028933628481129,4,0,8.922791623969637,40-49,2.0,123223.9479000001,7500.0000000000055,455400.00000000105,246447.8958000002,0
14.200773639026796,12,15.992559806406367,1,58,3,1,0,1,2,1,13.864301674514206,5,0,15.700456893755666,50-59,4.0,8820240.480999999,6586000.000000002,1050000.0000000007,35280961.923999995,0
7.783640596221253,10,10.897601753215405,0,45,1,1,1,2,1,0,0.0,4,0,11.629828113199304,40-49,2.0,54045.59118200007,112399.99999999994,0.0,108091.18236400014,1
12.323860125621126,13,13.308127145933922,1,41,3,0,2,1,2,1,13.73755009757506,3,0,13.610944619216111,40-49,2.0,602067.8857700004,814999.9999999993,925000.0000000007,1204135.7715400008,0
11.649211809228197,14,12.823293389443144,0,38,3,1,0,1,1,0,10.165890277802454,2,0,14.457838542260706,30-39,0.75,370752.75551000005,1900899.9999999995,25999.999999999985,278064.56663250003,1
11.23850177707664,13,11.73915841150484,1,68,3,1,0,2,3,0,10.085850775128716,3,0,11.446796346169297,65+,8.0,125385.7715399999,93600.00000000004,23999.999999999945,1003086.1723199992,0
5.017279836814924,9,8.945785322718192,0,19,1,0,0,2,4,0,10.40731877238916,2,0,5.017279836814924,Under 30,0.25,7674.473947900002,150.0,33100.00000000005,1918.6184869750005,0
8.867990898182093,8,10.35288797609956,0,31,2,0,2,2,2,0,7.601402334583733,5,0,8.867990898182093,30-39,0.75,31346.442886000004,7099.999999999995,2000.0,23509.832164500003,0
8.682877107057168,14,14.27175259341547,1,68,3,1,0,1,2,0,13.815511557963774,5,0,16.3638536374351,65+,8.0,1578131.2625000002,12785900.000000017,999999.9999999997,12625050.100000001,1
5.351858133476067,9,10.31779779558084,0,40,3,0,0,2,1,0,7.601402334583733,5,1,5.351858133476067,40-49,2.0,30265.531061999973,210.00000000000003,2000.0,60531.062123999945,0
15.798303662272447,8,15.595332786444873,1,80,2,1,0,1,2,0,0.0,4,0,16.133476851470277,65+,8.0,5928801.352700004,10155000.000000019,0.0,47430410.821600035,0
8.748463629942055,9,12.342150883607491,1,61,1,1,0,1,1,0,11.898194668458824,1,0,8.748463629942055,60-64,6.0,229153.30660999956,6299.999999999997,147000.00000000015,1374919.8396599973,0
7.00397413672268,12,9.236949422635218,0,45,2,0,0,2,2,0,9.69898173460629,3,1,7.00397413672268,40-49,2.0,10268.662325000007,1099.9999999999998,16300.00000000001,20537.324650000013,0
7.170888478512505,4,9.98133877479715,0,49,3,0,4,2,4,0,6.2166061010848646,5,0,7.170888478512505,40-49,2.0,21618.236473000004,1299.9999999999995,499.9999999999999,43236.47294600001,0
9.844851577051172,12,11.367598443988374,0,27,1,0,1,1,1,0,10.465414952351203,1,1,10.875421105875668,Under 30,0.25,86472.94589200003,52859.99999999997,35080.00000000001,21618.236473000008,1
17.04171946990702,5,15.95255447641654,1,68,2,1,1,2,2,0,15.704094363113787,2,0,17.930376459735253,65+,8.0,8474348.697399985,61244000.00000003,6609999.999999996,67794789.57919988,0
0.0,5,9.470543987306163,0,63,2,0,1,2,3,0,5.707110264748875,3,0,6.066108090103747,60-64,6.0,12970.941883999983,429.99999999999983,299.9999999999999,77825.6513039999,0
9.928228944424577,12,14.561145371053444,1,73,3,1,0,1,2,0,14.508658238524095,1,0,17.04078590215788,65+,8.0,2107778.056099999,25160499.99999997,2000000.0000000016,16862224.448799994,1
10.239995502805316,6,10.030126736355644,1,81,3,1,1,2,3,0,7.783640596221253,5,0,10.239995502805316,65+,8.0,22699.14829700001,28000.00000000002,2399.999999999999,181593.18637600009,0
6.398594934535208,6,11.234068703381135,0,57,2,0,1,1,2,0,11.49273296168228,5,0,6.398594934535208,50-59,4.0,75663.82765499984,600.0,98000.00000000003,302655.31061999936,0
13.990724414798802,12,0.0,0,66,1,0,0,2,3,0,14.190517145872716,3,0,16.65992569175528,65+,8.0,0.0,17191500.000000004,1454999.9999999988,0.0,1
11.330215832884798,13,12.318283507600151,1,61,3,1,1,1,1,0,12.432734002105624,5,0,13.136859794773024,60-64,6.0,223748.7474899998,507299.99999999994,250880.00000000006,1342492.484939999,0
10.308985993422082,13,12.28886975581316,1,50,3,1,0,1,1,0,12.449022745701502,4,0,14.422555584429787,50-59,4.0,217263.27654999957,1835000.0,255000.0000000001,869053.1061999983,1
12.211065162153217,13,12.857680640569662,1,63,3,1,0,1,3,0,9.305741456739437,1,0,15.524069742392772,60-64,6.0,383723.69738999987,5520999.999999996,11000.000000000011,2302342.184339999,1
15.549111289666016,14,16.567464237287357,1,55,3,1,0,1,2,0,0.0,1,0,17.418587022875705,50-59,4.0,15673221.443000028,36710999.99999996,0.0,62692885.77200011,0
10.34177474101152,12,12.874440766134532,1,58,3,1,2,1,1,0,13.108266481420335,2,0,14.999382996674376,50-59,4.0,390209.16834,3267000.0000000005,492999.99999999965,1560836.67336,1
6.236369590203704,13,10.121094683881877,0,37,3,0,0,2,1,0,9.295692039075686,1,0,6.236369590203704,30-39,0.75,24860.97194400006,510.0,10889.99999999999,18645.728958000043,0
8.922791623969637,13,11.805849271474132,1,63,3,1,1,1,1,0,12.111767460549332,3,0,14.362938662610556,60-64,6.0,134033.06612999988,1728800.0000000019,182000.00000000003,804198.3967799993,1
12.748399843328054,14,13.9189841725334,1,78,3,1,0,1,2,0,14.231223642393775,5,0,16.341159279078756,65+,8.0,1109015.5311000003,12498999.999999996,1515449.9999999993,8872124.248800002,1
12.994532278619134,13,14.328340033178227,1,81,3,1,0,1,3,0,0.0,2,0,16.921441668599144,65+,8.0,1670008.767499997,22330000.00000002,0.0,13360070.139999976,1
13.15192412139156,12,15.436613831666566,1,50,2,0,3,1,2,1,0.0,4,0,14.633659544934773,50-59,4.0,5058667.334699996,2266299.999999998,0.0,20234669.338799983,0
8.754791763700032,7,11.09644927542817,1,27,1,0,1,1,1,0,12.274249851118787,3,0,10.786035340845324,Under 30,0.25,65935.62124200001,48339.999999999905,214109.99999999945,16483.905310500002,1
7.0909098220799835,8,9.818828007928497,1,68,3,1,2,2,3,0,7.601402334583733,3,0,7.0909098220799835,65+,8.0,18375.50100200004,1200.0,2000.0,147004.00801600033,0
10.92775337907558,13,11.329377681719818,1,58,3,0,0,1,2,0,13.106357971528936,2,0,11.12285622984002,50-59,4.0,83230.21042100004,67699.99999999997,492060.0000000012,332920.84168400016,0
10.498222246109226,10,11.853101811967846,1,48,3,0,0,1,1,0,12.776772491986527,5,0,13.719276051101284,40-49,2.0,140518.53706999996,908249.9999999997,353899.9999999998,281037.0741399999,1
13.838739661122574,12,12.462027667884662,1,63,0,1,0,1,3,0,9.61587214452889,5,0,14.614593538674184,60-64,6.0,258337.92584999983,2223499.9999999953,14999.99999999999,1550027.555099999,1
6.68586094706836,11,8.59518316934863,0,28,2,0,0,2,1,0,5.707110264748875,3,0,6.68586094706836,Under 30,0.25,5404.559118200003,800.0000000000003,299.9999999999999,1351.1397795500006,0
6.90875477931522,10,10.076644749570695,0,71,1,1,0,2,3,0,0.0,5,0,6.90875477931522,65+,8.0,23780.060119999976,999.9999999999999,0.0,190240.4809599998,0
9.105090961257083,8,11.59073968241829,1,59,3,1,1,1,1,0,9.071193240566023,3,0,11.082157933374816,50-59,4.0,108091.18236000005,64999.999999999956,8699.999999999989,432364.7294400002,0
7.496097345175956,8,11.42822238555616,0,54,2,0,2,1,1,0,7.650168700845001,2,0,10.158168529848494,50-59,4.0,91877.50500999982,25800.0,2100.0000000000005,367510.0200399993,0
10.196194479235656,9,11.30306069379871,1,35,2,0,1,1,1,0,12.008237370904832,4,0,11.050905878263569,30-39,0.75,81068.38677399996,63000.00000000006,164100.00000000006,60801.290080499966,1
11.461642696843066,12,11.329377681719818,1,58,1,0,0,1,3,0,13.081543466215235,4,0,14.343193888767017,50-59,4.0,83230.21042100004,1695000.0000000028,479999.99999999924,332920.84168400016,1
7.601402334583733,9,10.41957729248823,1,56,2,0,0,2,1,0,7.0909098220799835,2,0,11.571203807011967,50-59,4.0,33508.26653300001,105999.99999999983,1200.0,134033.06613200004,0
9.717218213494077,10,10.204473075038807,0,23,2,0,0,2,1,0,10.34177474101152,4,0,9.717218213494077,Under 30,0.25,27022.79559099997,16600.000000000007,31000.000000000015,6755.698897749992,1
10.5713425658087,8,9.550580764956187,1,77,2,1,1,1,2,0,12.314034275355535,4,0,10.5713425658087,65+,8.0,14051.853706999998,39000.000000000065,222800.00000000015,112414.82965599999,0
11.932300052847731,14,11.962300367785083,1,76,3,0,0,1,2,0,12.379189468444444,5,0,13.88232866636735,65+,8.0,156732.2144299997,1069100.0000000002,237800.00000000044,1253857.7154399976,0
13.631228280212676,14,13.70457451677768,1,74,3,1,0,1,2,0,15.646490900602007,3,0,17.540642405858016,65+,8.0,894994.9899799982,41476700.00000007,6239999.999999996,7159959.919839986,1
7.1785454837637,9,10.451325058234776,0,27,0,0,0,2,1,0,9.200391041122517,2,0,7.1785454837637,Under 30,0.25,34589.17835700002,1310.0000000000002,9900.00000000002,8647.294589250005,0
9.169622538697624,8,11.686049021222916,0,30,3,0,0,2,1,0,0.0,2,0,9.169622538697624,30-39,0.75,118900.30059999996,9600.0,0.0,89175.22544999997,0
10.87806606028079,12,11.169150043732946,1,75,3,1,0,1,3,0,0.0,3,0,12.863595239117188,65+,8.0,70907.81563100006,386000.0000000004,0.0,567262.5250480005,0
10.373522431293592,8,10.87739942351305,1,54,3,1,0,2,1,0,12.345838935721968,4,0,13.184400648021263,50-59,4.0,52964.67935899999,532000.0000000002,230000.0000000001,211858.71743599995,1
9.210440366976515,9,11.046019206267973,0,72,1,0,1,2,3,0,6.803505257608338,4,1,9.581972891547895,65+,8.0,62692.88577200012,14500.000000000004,899.9999999999998,501543.08617600094,0
10.12667110305036,12,12.620353152316724,0,39,3,0,0,1,1,0,12.971542813248435,3,0,13.060490101343552,30-39,0.75,302655.3106200002,469999.9999999998,429999.9999999995,226991.48296500015,1
11.849404844423074,12,12.857680640569662,1,40,3,0,2,1,4,0,12.37581963951765,2,0,13.45883704259595,40-49,2.0,383723.69738999987,700000.0000000006,237000.00000000003,767447.3947799997,0
9.169622538697624,12,11.234068703381135,0,32,3,1,0,1,1,0,10.515993929932415,2,0,9.169622538697624,30-39,0.75,75663.82765499984,9600.0,36899.99999999999,56747.87074124988,0
11.082311765329091,12,12.689345803522986,1,45,3,0,2,1,2,0,13.498057700804251,2,0,12.959870329924552,40-49,2.0,324273.54709000007,425009.9999999997,727999.9999999986,648547.0941800001,0
7.8636512654486515,9,9.930047914868677,1,57,2,0,0,2,4,0,0.0,4,0,7.8636512654486515,50-59,4.0,20537.32464900002,2599.9999999999995,0.0,82149.29859600008,0
7.601402334583733,7,10.540934738927314,0,78,3,1,0,2,2,0,9.741027444837728,4,1,7.601402334583733,65+,8.0,37831.91382800001,2000.0,16999.99999999999,302655.3106240001,0
9.305741456739437,8,11.0664974142841,1,74,2,1,1,2,3,0,11.415323661400771,4,0,13.188152990599754,65+,8.0,63989.97996000015,533999.9999999997,90699.99999999983,511919.8396800012,1
5.017279836814924,8,9.550580764956187,0,58,1,0,0,2,3,0,8.183397369998433,2,0,5.017279836814924,50-59,4.0,14051.853706999998,150.0,3580.0000000000014,56207.41482799999,0
9.417435838868784,13,11.528864869228295,0,35,2,1,0,2,1,0,7.696667081526462,2,0,9.417435838868784,30-39,0.75,101605.71141999982,12299.999999999982,2200.0,76204.28356499986,0
10.379752786950895,14,12.507024863496335,1,60,3,0,0,1,1,0,12.706850963741102,5,0,13.600088370051434,60-64,6.0,270227.95590999984,806200.0000000003,330000.0000000001,1621367.7354599992,0
7.244941546337007,12,9.818828007928497,0,80,2,1,0,2,3,0,6.2166061010848646,5,0,7.244941546337007,65+,8.0,18375.50100200004,1399.9999999999995,499.9999999999999,147004.00801600033,0
7.696667081526462,7,10.897601753215405,1,34,3,0,1,1,2,1,13.617060838751888,5,0,7.696667081526462,30-39,0.75,54045.59118200007,2200.0,820000.0000000005,40534.193386500054,0
10.367253014814716,14,11.150688243680236,1,76,3,1,0,1,3,0,0.0,3,0,11.710143844404854,65+,8.0,69610.72144299996,121799.99999999996,0.0,556885.7715439997,0
7.313886831633462,12,11.813881383532228,1,35,2,1,2,1,1,0,12.60552303476121,5,0,11.16903981679311,30-39,0.75,135113.97795999993,70900.00000000006,298200.0000000002,101335.48346999995,0
4.624972813284271,7,11.28963784015293,1,43,2,0,3,1,1,0,11.47180134148028,1,1,4.624972813284271,40-49,2.0,79987.47494999996,100.99999999999996,95970.00000000007,159974.94989999992,0
10.308985993422082,13,10.121094683881877,1,76,3,1,0,2,3,0,0.0,3,0,10.348205424565991,65+,8.0,24860.97194400006,31199.999999999927,0.0,198887.77555200047,0
10.134638955251866,12,10.723251890363157,0,26,3,1,0,2,2,1,9.62185381861855,5,0,10.367253014814716,Under 30,0.25,45398.29659299996,31799.999999999993,15090.0,11349.57414824999,1
9.770013301136158,13,12.332672181245634,1,33,3,0,1,1,1,0,13.592680707440826,4,0,10.221977646629885,30-39,0.75,226991.48297000016,27499.99999999998,800249.9999999999,170243.61222750013,0
9.90353755128617,11,12.091511325881504,1,56,3,0,0,1,1,0,12.535379989788607,5,0,14.026582337760486,50-59,4.0,178350.45089999962,1234999.9999999995,278000.0000000002,713401.8035999985,1
15.063404836456913,12,18.75204207497493,1,66,3,1,0,1,1,0,16.73057498265135,3,0,19.36769077336488,65+,8.0,139286297.59999985,257799000.00000066,18450000.000000007,1114290380.7999988,0
10.742918838113225,12,11.730500418141489,1,40,2,1,2,1,1,0,11.870606902224589,5,0,13.044728269135987,40-49,2.0,124304.8597200003,462649.99999999965,143000.00000000035,248609.7194400006,1
7.824845691026856,9,11.248253152234346,1,32,3,0,3,1,1,0,12.178192583415596,4,1,9.259320994197804,30-39,0.75,76744.73947899997,10500.999999999993,194500.0,57558.55460924997,0
4.61512051684126,8,10.723251890363157,1,52,3,0,1,1,1,0,11.051699201695522,5,0,4.61512051684126,50-59,4.0,45398.29659299996,100.00000000000003,63049.99999999999,181593.18637199985,0
15.76142084987672,8,12.82037368723624,1,65,3,1,0,1,3,0,0.0,1,0,16.349207451286784,65+,8.0,369671.84368999966,12600000.000000015,0.0,2957374.7495199973,1
7.8636512654486515,12,8.59518316934863,0,49,2,0,2,1,1,0,0.0,5,0,7.8636512654486515,40-49,2.0,5404.559118200003,2599.9999999999995,0.0,10809.118236400005,0
7.170888478512505,9,8.777473893219948,0,39,3,0,0,1,1,0,8.517393171418904,1,1,7.170888478512505,30-39,0.75,6485.470941899995,1299.9999999999995,5000.000000000003,4864.103206424996,0
4.189654742026425,8,9.930047914868677,1,41,2,0,2,2,3,0,11.239816684367907,5,0,4.189654742026425,40-49,2.0,20537.32464900002,64.99999999999997,76099.99999999996,41074.64929800004,0
9.68911789777328,8,12.138857187204596,1,55,3,1,0,1,1,0,11.898194668458824,5,0,13.331231112426837,50-59,4.0,186997.74549000023,616140.0,147000.00000000015,747990.9819600009,0
11.034905792929417,8,10.40331726083212,1,78,3,0,0,2,3,0,11.274680966120778,3,1,13.263864675787632,65+,8.0,32967.810621000026,575999.9999999998,78799.99999999996,263742.4849680002,1
9.90353755128617,8,0.0,1,52,3,0,1,2,4,0,13.629182184591333,5,0,13.572165574841936,50-59,4.0,0.0,784000.0000000002,830000.0000000005,0.0,0
9.2213792190914,8,11.962300367785083,0,26,3,1,0,1,1,0,10.344995251991222,1,0,9.629774129311745,Under 30,0.25,156732.2144299997,15210.000000000027,31099.999999999996,39183.053607499925,0
11.661354090741,14,12.28886975581316,1,44,2,0,2,1,1,0,8.006700845440367,2,0,13.689948468775134,40-49,2.0,217263.27654999957,881999.9999999999,2999.9999999999995,434526.55309999915,1
7.074116816197362,5,12.379191996605552,1,47,2,1,2,1,1,0,13.173438548004617,2,0,10.3475642139384,40-49,2.0,237800.60120000003,31179.999999999967,526200.0000000006,475601.20240000007,0
9.770013301136158,13,12.121364124132038,1,74,3,1,0,1,3,0,12.25486757159303,4,0,13.689267965948035,65+,8.0,183755.01001999993,881399.9999999988,210000.0,1470040.0801599994,0
11.555994532928862,12,12.620353152316724,1,46,3,1,2,1,1,0,13.156186859365985,4,0,13.386880706978143,40-49,2.0,302655.3106200002,651400.0000000005,517200.000000001,605310.6212400004,1
10.203629181337648,12,10.511947979456522,1,56,0,0,1,1,1,0,12.684481476888676,5,0,10.757924157061597,50-59,4.0,36751.00200399998,46999.99999999999,322700.0,147004.00801599992,0
11.167628403875849,14,13.730797682957562,1,41,3,1,3,1,1,0,13.76316513133229,4,0,12.973401545524444,40-49,2.0,918775.0501000007,430800.00000000035,949000.0000000002,1837550.1002000014,0
9.239996256883693,8,10.99291025098136,0,33,2,0,3,2,1,0,7.170888478512505,5,0,11.007103966325696,30-39,0.75,59450.15030100008,60300.000000000044,1299.9999999999995,44587.61272575006,1
3.044522437723423,8,11.063113369269184,0,46,1,0,1,2,1,0,9.599066156080047,1,1,9.91447694733573,40-49,2.0,63773.79759499985,20220.000000000015,14749.999999999973,127547.5951899997,0
0.0,10,10.076644749570695,1,64,2,0,0,1,3,0,0.0,2,0,0.0,60-64,6.0,23780.060119999976,0.0,0.0,142680.36071999985,0
5.442417710521793,8,10.451325058234776,0,29,2,0,0,1,1,0,9.62911649414402,1,1,5.442417710521793,Under 30,0.25,34589.17835700002,229.99999999999994,15200.000000000004,8647.294589250005,0
8.648396877031582,8,10.511947979456522,0,41,1,1,5,2,4,1,0.0,5,0,8.648396877031582,40-49,2.0,36751.00200399998,5699.999999999998,0.0,73502.00400799996,0
8.006700845440367,8,10.386788464403516,0,28,1,1,1,1,2,0,8.984818995876008,1,0,8.006700845440367,Under 30,0.25,32427.35470899998,2999.9999999999995,7979.999999999994,8106.838677249995,0
9.798182590890704,14,12.016004213152664,0,34,3,0,0,2,1,0,0.0,2,0,12.031725210748633,30-39,0.75,165379.50901999997,167999.9999999999,0.0,124034.63176499997,1
9.674765972907856,12,11.42822238555616,1,43,2,1,1,1,1,0,0.0,5,0,10.817996698327851,40-49,2.0,91877.50500999982,49909.99999999995,0.0,183755.01001999964,0
3.4339872044851463,4,11.079920226254767,0,49,1,0,0,2,4,0,0.0,2,0,3.4339872044851463,40-49,2.0,64854.70941899998,30.0,0.0,129709.41883799995,0
9.575052927597383,14,10.540934738927314,0,60,3,0,0,2,3,0,9.810878720803466,3,0,11.837910547573127,60-64,6.0,37831.91382800001,138399.99999999977,18230.00000000001,226991.48296800005,0
6.55250788703459,8,10.204473075038807,0,65,1,0,2,2,3,0,10.874285408908944,2,0,6.55250788703459,65+,8.0,27022.79559099997,700.0,52800.000000000015,216182.36472799975,0
15.68140315379158,13,16.428598454439907,1,70,3,1,0,1,2,0,0.0,2,0,17.233751896005575,65+,8.0,13641107.214000016,30515700.000000052,0.0,109128857.71200013,0
6.089044875446846,8,8.084480867798195,0,31,3,0,0,2,1,1,0.0,2,0,7.80016307039296,30-39,0.75,3242.7354709000024,2440.0000000000005,0.0,2432.0516031750017,1
7.601402334583733,12,11.28963784015293,1,51,3,0,1,2,1,0,10.229223792606836,4,0,12.138869243416009,50-59,4.0,79987.47494999996,187000.00000000012,27700.000000000065,319949.89979999984,0
9.61587214452889,12,12.24306043554586,0,42,2,0,2,1,1,0,5.739792912179234,1,0,9.61587214452889,40-49,2.0,207535.0701400004,14999.99999999999,309.99999999999994,415070.1402800008,0
4.624972813284271,7,10.569104881654322,0,68,2,1,0,1,3,0,9.200391041122517,5,0,4.624972813284271,65+,8.0,38912.825651000036,100.99999999999996,9900.00000000002,311302.6052080003,0
10.62135173563291,8,10.853023553314864,1,83,2,1,0,2,3,0,0.0,2,0,11.170449240431308,65+,8.0,51689.20340700007,70999.99999999994,0.0,413513.62725600053,0
10.859018228147889,14,12.572812368411256,1,64,2,1,0,1,1,0,9.798182590890704,4,0,14.28363805337103,60-64,6.0,288603.4569100001,1597000.0000000005,17999.999999999993,1731620.7414600006,0
14.128129847234714,14,14.27175259341547,1,70,0,1,0,1,2,0,0.0,5,0,16.124773405046014,65+,8.0,1578131.2625000002,10066999.999999993,0.0,12625050.100000001,0
8.24301946898925,8,10.386788464403516,0,68,0,1,0,2,3,0,0.0,5,0,8.24301946898925,65+,8.0,32427.35470899998,3800.000000000003,0.0,259418.83767199985,0
13.94214408995452,13,14.12442797925874,1,61,3,1,1,1,2,0,0.0,5,0,16.068380163809596,60-64,6.0,1361948.897799999,9515000.000000002,0.0,8171693.386799994,1
8.074337694089515,10,10.569104881654322,0,32,2,0,0,1,2,0,9.210440366976515,2,0,8.191740021277457,30-39,0.75,38912.825651000036,3609.9999999999986,9999.99999999999,29184.619238250027,0
10.714439990727769,8,12.466203023190976,1,54,3,1,0,1,2,0,0.0,4,0,13.54763241999736,50-59,4.0,259418.8376800001,764999.999999999,0.0,1037675.3507200005,0
13.342303402904738,13,11.781358436450864,1,84,3,1,0,1,3,0,12.154784614286667,4,0,14.524039332930691,65+,8.0,130790.33066000005,2030999.9999999984,189999.9999999999,1046322.6452800004,1
12.910236419965942,12,15.871554688184135,1,47,3,1,3,2,2,0,0.0,3,0,14.723942893363956,40-49,2.0,7814992.484999997,2480429.9999999986,0.0,15629984.969999993,0
10.32551474894327,12,16.099389818550065,1,66,3,1,0,1,1,0,0.0,4,0,17.777018743125428,65+,8.0,9814679.358699987,52536499.99999996,0.0,78517434.8695999,0
12.571066392083605,14,13.43286757376298,1,66,3,1,0,1,2,0,13.808486950076148,5,0,15.442415234434003,65+,8.0,682055.3607200003,5088099.999999993,992999.9999999998,5456442.885760003,0
7.346655163176539,12,10.16365262239305,0,29,2,0,0,2,1,0,10.587871447425917,5,0,10.58281467449521,Under 30,0.25,25941.88376800001,39450.00000000002,39650.00000000001,6485.470942000003,1
5.602118820879701,4,9.875983398597374,1,74,1,1,0,2,3,0,0.0,4,0,7.7279755421055585,65+,8.0,19456.412826000007,2270.0,0.0,155651.30260800006,0
7.852050207265889,12,11.451478997511789,0,52,2,0,0,1,1,1,7.804251383528112,4,0,7.852050207265889,50-59,4.0,94039.3286570002,2569.999999999999,2449.999999999999,376157.3146280008,0
10.854199034612414,11,10.936821754744528,1,54,2,0,0,2,1,1,11.127277689932466,5,0,12.820585085099475,50-59,4.0,56207.41482999999,369749.9999999994,67999.99999999999,224829.65931999995,1
9.303921785597714,8,10.897601753215405,1,49,1,0,1,2,1,0,11.16238878613362,3,0,12.072432675582776,40-49,2.0,54045.59118200007,174980.00000000017,70430.00000000017,108091.18236400014,1
6.957497370876951,8,10.511947979456522,0,37,1,0,3,1,1,0,10.50783084142058,1,0,9.743964132018151,30-39,0.75,36751.00200399998,17049.999999999993,36600.00000000002,27563.251502999985,0
10.298935994257638,9,10.99291025098136,1,34,2,0,2,1,1,0,12.915341667991576,5,0,10.813780332606648,30-39,0.75,59450.15030100008,49700.00000000002,406499.9999999999,44587.61272575006,1
11.695255355062796,12,11.912820634128884,1,58,3,1,0,1,1,0,0.0,5,0,13.49116588426581,50-59,4.0,149165.83166000003,722999.9999999999,0.0,596663.3266400001,1
9.680406499268877,13,11.159961747859198,1,73,3,1,0,1,1,0,12.994532278619134,4,0,12.025755079404917,65+,8.0,70259.268537,167000.0000000001,440000.0000000002,562074.148296,0
9.259225769705994,12,12.286379105987118,1,64,3,1,2,1,3,0,13.002680788738946,3,1,14.265630944164467,60-64,6.0,216722.82064000014,1568499.9999999993,443599.99999999994,1300336.9238400008,1
9.91348738711446,8,11.912820634128884,1,55,3,1,1,1,1,0,12.83878221803552,4,0,13.039418629549315,50-59,4.0,149165.83166000003,460199.99999999953,376540.0,596663.3266400001,0
11.808657548960143,12,13.699731897730944,1,55,3,1,2,1,2,0,13.574713343675166,5,0,14.969371790446086,50-59,4.0,890671.3426899977,3170410.0000000023,786000.0000000003,3562685.370759991,0
8.071218539969863,6,10.897601753215405,1,62,1,0,0,1,3,0,9.952325334619427,1,0,8.071218539969863,60-64,6.0,54045.59118200007,3199.9999999999986,20999.99999999998,324273.54709200043,0
11.991647230585656,12,13.89331644915111,0,26,3,1,0,2,1,0,0.0,4,0,14.558138616476908,Under 30,0.25,1080911.8236000005,2101450.0000000014,0.0,270227.9559000001,1
11.583393248239856,13,12.641555290644998,1,62,2,0,0,1,2,0,12.337105293891872,5,0,13.54015355220296,60-64,6.0,309140.7815599997,759300.0000000005,228000.00000000003,1854844.689359998,0
15.606102846301647,13,18.378800877520376,1,80,3,1,0,1,2,1,10.778977123006351,5,0,19.83663827322671,65+,8.0,95898496.99399996,412042999.9999995,48000.00000000004,767187975.9519997,0
6.236369590203704,8,11.560280761065794,0,41,1,0,1,1,1,0,7.824445930877619,5,0,6.236369590203704,40-49,2.0,104848.44688999999,510.0,2500.0000000000005,209696.89377999998,0
5.831882477283517,8,11.159961747859198,0,30,1,0,1,1,4,0,5.707110264748875,4,1,5.831882477283517,30-39,0.75,70259.268537,340.00000000000006,299.9999999999999,52694.45140275,0
13.94126264510366,14,15.630266919658398,1,53,3,1,2,1,2,0,13.457407451830088,2,0,17.071258224160314,50-59,4.0,6139579.1582999965,25939000.000000034,698999.9999999995,24558316.633199986,1
6.2166061010848646,8,10.540934738927314,0,22,1,1,2,1,1,0,0.0,2,0,6.2166061010848646,Under 30,0.25,37831.91382800001,499.9999999999999,0.0,9457.978457000003,0
16.204273438942487,14,13.870047844031516,1,72,3,1,1,1,2,0,12.015220809132838,2,0,17.221363784341122,65+,8.0,1056050.8516999993,30139999.999999963,165249.99999999985,8448406.813599994,1
13.522482219667571,10,14.050320063607716,0,43,3,1,2,1,2,0,10.62135173563291,5,0,14.262757839473378,40-49,2.0,1264666.8336999975,1564000.0000000002,40999.99999999999,2529333.667399995,0
10.40731877238916,12,12.979523979460671,1,67,2,1,0,1,3,0,10.518700218288163,4,0,15.416636219159916,65+,8.0,433445.64127999893,4958609.999999995,36999.99999999994,3467565.1302399915,1
11.326607934898927,12,11.975999125353797,1,38,2,1,2,1,1,0,13.035390545126388,4,0,12.206077645517674,30-39,0.75,158894.03808000014,199999.99999999997,458350.00000000023,119170.52856000011,1
3.4339872044851463,12,10.204473075038807,0,67,1,0,0,1,3,0,0.0,3,0,3.4339872044851463,65+,8.0,27022.79559099997,30.0,0.0,216182.36472799975,0
5.303304908059076,4,9.550580764956187,0,69,3,0,0,2,3,0,0.0,5,0,5.303304908059076,65+,8.0,14051.853706999998,200.0,0.0,112414.82965599999,0
11.794345471549745,11,14.155680500138043,1,62,2,1,1,1,2,0,13.384729180332174,2,0,15.390874696996832,60-64,6.0,1405185.370699999,4832500.000000003,649999.9999999995,8431112.224199994,0
0.0,8,10.204473075038807,0,42,1,0,0,1,1,0,0.0,2,0,0.0,40-49,2.0,27022.79559099997,0.0,0.0,54045.59118199994,0
11.814517839013352,12,11.969173203349216,1,51,3,1,3,1,4,0,11.976665770490769,5,0,11.814517839013352,50-59,4.0,157813.12625000012,135200.00000000003,159000.00000000026,631252.5050000005,0
7.855932199718614,12,10.835727530509162,1,61,3,1,1,1,3,0,0.0,4,0,10.391484575362098,60-64,6.0,50802.85571100001,32580.00000000001,0.0,304817.13426600007,0
8.35490952835879,8,10.723251890363157,0,58,2,0,1,2,1,0,7.438971592395862,2,0,8.35490952835879,50-59,4.0,45398.29659299996,4250.000000000002,1700.0,181593.18637199985,0
9.210440366976515,12,9.98133877479715,0,29,2,0,0,2,1,0,10.526775414924009,4,0,9.568084743872936,Under 30,0.25,21618.236473000004,14300.000000000002,37299.999999999985,5404.559118250001,1
10.463131911491969,9,12.641555290644998,1,79,3,1,0,1,3,0,9.39274525863144,2,0,14.882976461514442,65+,8.0,309140.7815599997,2907999.9999999986,11999.999999999978,2473126.2524799975,1
6.90875477931522,10,10.16365262239305,1,84,0,0,0,2,3,0,0.0,5,0,10.239995502805316,65+,8.0,25941.88376800001,28000.00000000002,0.0,207535.07014400008,0
12.169880541506782,12,14.388012330009506,1,61,3,1,0,1,2,0,15.056779436051206,3,0,16.88188259280411,60-64,6.0,1772695.3908,21463890.000000015,3460000.0000000005,10636172.3448,1
6.398594934535208,8,10.540934738927314,0,27,2,0,0,2,1,0,5.442417710521793,2,0,6.398594934535208,Under 30,0.25,37831.91382800001,600.0,229.99999999999994,9457.978457000003,0
13.02805489573287,12,12.90714114498904,1,53,3,0,0,1,2,0,13.910821646859096,5,0,15.470304363250651,50-59,4.0,403180.1102200007,5231999.999999997,1100000.0000000016,1612720.4408800027,1
11.345701365855424,12,6.50901550104779,1,76,3,1,0,1,2,0,0.0,4,0,12.365641477767022,65+,8.0,670.1653306599998,234600.0,0.0,5361.322645279998,1
0.6931471805599453,8,10.99291025098136,1,32,2,0,2,1,1,0,11.967187086434018,5,1,0.6931471805599453,30-39,0.75,59450.15030100008,1.0,157500.00000000006,44587.61272575006,0
4.2626798770413155,7,10.699154876036824,1,74,2,0,1,1,3,0,11.10045084755119,4,0,4.2626798770413155,65+,8.0,44317.38476999999,70.0,66200.00000000001,354539.0781599999,0
8.965845494750937,12,11.496429917961311,1,55,3,0,1,2,1,0,12.552498749066196,5,0,10.429132820900398,50-59,4.0,98362.9759519998,33830.00000000001,282800.00000000006,393451.9038079992,0
9.99884318585288,8,11.883406949070103,1,80,3,1,1,1,3,0,11.60824473564232,5,0,12.283038316285214,65+,8.0,144842.18437000012,215999.99999999985,109999.99999999971,1158737.474960001,0
9.62251624577579,11,11.686049021222916,1,48,3,0,0,1,1,0,10.985309671896765,4,0,12.095705171506136,40-49,2.0,118900.30059999996,179100.00000000006,59000.00000000007,237800.60119999992,0
9.99884318585288,14,13.03293461120971,1,57,3,1,0,1,1,0,14.198730738788145,5,0,15.255819744244944,50-59,4.0,457225.7013999998,4221999.99999999,1467000.0,1828902.8055999991,1
10.920546270529568,12,13.334700853838951,1,54,3,0,1,1,1,0,14.736192036387353,2,1,15.421803730884251,50-59,4.0,618281.5631299996,4984299.999999989,2510999.9999999995,2473126.2525199982,1
11.050985238934048,12,11.112709551691127,1,44,1,1,2,2,1,0,0.0,5,0,11.050985238934048,40-49,2.0,67016.53306600003,63005.0,0.0,134033.06613200007,0
14.261606282281033,8,16.493780583186936,1,55,3,1,4,1,1,0,15.512959530871257,3,0,17.501741532951588,50-59,4.0,14559882.264999984,39894200.00000005,5460000.000000014,58239529.059999935,0
11.98294159413784,13,13.219972784794315,1,55,3,1,1,1,1,0,12.948012371209098,5,0,13.986098544879027,50-59,4.0,551265.0300599996,1186001.0000000007,420000.0,2205060.120239998,0
12.088420226343088,14,14.155680500138043,1,52,3,1,4,1,1,0,12.807655372286902,3,0,15.607928310476336,50-59,4.0,1405185.370699999,6003949.99999999,364999.99999999977,5620741.482799996,1
7.259116128097101,13,11.190266672490848,0,51,3,0,0,2,1,0,12.051761119434516,3,1,9.54831148472113,50-59,4.0,72421.09218400005,14019.999999999989,171400.00000000032,289684.3687360002,0
10.645448706505872,12,12.507024863496335,1,78,3,1,0,1,3,0,0.0,4,0,15.088636500933696,65+,8.0,270227.95590999984,3572000.0000000033,0.0,2161823.6472799988,1
11.81303746480054,12,12.662317215651642,1,58,2,1,0,1,1,0,12.429220196836384,4,0,13.340696979437066,50-59,4.0,315626.2525100001,622000.0,250000.00000000023,1262505.0100400003,0
13.984832146818697,12,10.623170750425082,1,70,3,1,0,1,3,0,0.0,4,0,14.32142474032354,65+,8.0,41074.649299000004,1658500.0000000007,0.0,328597.19439200003,1
12.16707710702318,14,14.55600397401592,1,46,3,1,3,1,1,0,14.187074804051692,5,0,14.474558408671037,40-49,2.0,2096968.937900002,1932950.0000000051,1450000.0000000002,4193937.875800004,0
5.303304908059076,4,9.550580764956187,1,30,2,0,0,2,1,0,0.0,3,0,5.303304908059076,30-39,0.75,14051.853706999998,200.0,0.0,10538.890280249998,0
9.48044384215367,8,11.560280761065794,0,30,2,1,2,1,1,0,8.0774471493312,2,1,9.48044384215367,30-39,0.75,104848.44688999999,13099.999999999998,3220.0000000000014,78636.33516749999,0
9.105090961257083,9,11.560280761065794,1,64,2,0,1,1,2,0,12.033509321931891,1,0,9.105090961257083,60-64,6.0,104848.44688999999,8999.999999999984,168299.99999999977,629090.6813399999,0
5.993961427306569,8,9.69367212060944,0,21,2,0,0,2,4,0,3.9318256327243257,1,1,5.993961427306569,Under 30,0.25,16213.677355,400.00000000000006,50.0,4053.41933875,0
8.722742874329398,12,12.478625495596154,1,64,3,1,2,1,1,0,12.506180941677355,5,0,13.197732411228294,60-64,6.0,262661.5731500002,539139.9999999997,269999.9999999996,1575969.438900001,0
9.923878242183862,10,11.658397725704075,1,39,3,1,2,1,2,0,12.657151449598697,1,0,13.065606765184238,30-39,0.75,115657.56512999976,472411.00000000023,314000.0000000005,86743.17384749981,1
9.911009193934976,10,11.600689921732425,1,45,1,1,1,1,1,0,12.876465396508989,5,0,9.911009193934976,40-49,2.0,109172.09419000008,20150.000000000047,390999.99999999977,218344.18838000015,0
11.678448377988165,12,12.65888669142232,1,66,3,1,0,1,2,0,12.524530013005734,4,0,14.28426403109039,65+,8.0,314545.3406799999,1598000.0000000002,275000.0000000002,2516362.7254399993,0
10.043292972227004,12,10.85678052964002,0,37,1,1,0,2,1,0,0.0,3,0,12.107913912447533,30-39,0.75,51883.76753500001,181300.00000000003,0.0,38912.82565125001,1
6.311734809152915,8,11.20508155522288,1,57,2,0,3,1,1,0,12.30592250537653,5,1,6.311734809152915,50-59,4.0,73502.00400800005,550.0000000000002,221000.00000000006,294008.0160320002,0
10.344995251991222,12,11.969173203349216,1,64,3,1,0,1,1,0,10.896757843893464,4,0,13.765375539884076,60-64,6.0,157813.12625000012,951099.9999999997,54000.00000000001,946878.7575000008,1
8.612685172875459,12,11.485380194730258,1,43,3,0,0,1,1,0,13.08408190302818,2,0,12.326079872504838,40-49,2.0,97282.06412800006,225500.0000000001,481219.9999999997,194564.1282560001,1
12.056998226329709,12,12.53074130337499,1,30,3,1,0,1,1,1,13.77593882321012,3,0,13.894599888241048,30-39,0.75,276713.4268499998,1082300.0000000002,961200.0000000019,207535.07013749986,1
9.68352643191322,8,11.30306069379871,1,54,3,0,0,1,1,0,11.139264209905594,5,0,11.098182449881282,50-59,4.0,81068.38677399996,66049.99999999999,68819.99999999999,324273.5470959998,0
13.482414017264976,13,14.867875513171883,1,54,3,1,1,1,1,0,0.0,3,0,16.125260025428467,50-59,4.0,2864416.3327000015,10071900.000000015,0.0,11457665.330800006,0
9.546884034617923,8,11.30306069379871,1,56,3,0,0,1,1,1,8.987321812850125,1,0,12.914110901635024,50-59,4.0,81068.38677399996,406000.0,8000.0000000000055,324273.5470959998,1
11.211833885608511,12,10.35288797609956,1,57,2,0,0,2,1,0,0.0,5,0,11.211833885608511,50-59,4.0,31346.442886000004,73999.99999999983,0.0,125385.77154400002,0
13.390864159490157,14,13.942106569283686,1,72,1,1,0,1,2,1,0.0,2,0,16.002460419618032,65+,8.0,1134957.4147999994,8907999.999999993,0.0,9079659.318399996,0
7.901377353792616,13,11.439918298765717,0,34,1,0,0,2,1,0,9.39274525863144,5,0,10.192456296870509,30-39,0.75,92958.41683399999,26700.0,11999.999999999978,69718.8126255,0
10.55323128448846,8,10.936821754744528,1,67,1,1,0,1,3,0,12.357767455032214,5,0,10.55323128448846,65+,8.0,56207.41482999999,38299.99999999997,232759.99999999985,449659.3186399999,0
10.597908920973804,8,10.623170750425082,1,51,3,0,2,1,1,0,11.48247656671073,2,1,10.737504756974277,50-59,4.0,41074.649299000004,46050.00000000004,96999.99999999999,164298.59719600002,0
9.531771484474335,12,10.540934738927314,1,44,3,0,0,2,4,0,12.3885233606495,2,0,9.531771484474335,40-49,2.0,37831.91382800001,13789.999999999967,240030.0000000003,75663.82765600002,0
12.765691290604371,14,13.744816588981047,1,68,3,1,0,1,2,0,8.699681400989514,4,0,17.120564115770776,65+,8.0,931745.9919799991,27250000.00000005,6000.000000000005,7453967.935839993,1
5.860786223465865,11,11.580689440046534,0,51,2,1,1,1,1,0,10.933124826700707,3,0,9.24483841238375,50-59,4.0,107010.27053999992,10349.999999999998,56000.000000000044,428041.0821599997,0
6.55250788703459,9,9.75820678716859,0,57,1,0,0,2,1,0,0.0,5,0,6.55250788703459,50-59,4.0,17294.589178000006,700.0,0.0,69178.35671200002,0
7.313886831633462,9,10.540934738927314,1,45,3,0,0,2,2,0,0.0,4,0,7.313886831633462,40-49,2.0,37831.91382800001,1499.9999999999998,0.0,75663.82765600002,0
14.580978865220017,14,14.864094791632152,1,60,3,1,0,1,2,0,0.0,5,0,18.80216732461733,60-64,6.0,2853607.2144000004,146446000.00000018,0.0,17121643.2864,1
9.90353755128617,13,11.934326696707894,1,81,2,1,0,1,3,0,12.380030154325455,3,0,12.688501881189456,65+,8.0,152408.56712999992,323999.9999999999,237999.99999999956,1219268.5370399994,0
5.993961427306569,11,10.723251890363157,1,67,3,1,0,2,3,0,11.74006900564972,5,0,9.798182590890704,65+,8.0,45398.29659299996,17999.999999999993,125500.00000000006,363186.3727439997,0
9.86011021256656,8,10.482095840823945,1,27,1,0,2,2,1,0,12.250572667806054,3,1,9.86011021256656,Under 30,0.25,35670.09018000006,19150.00000000002,209099.9999999999,8917.522545000014,1
10.971657815702502,11,10.076644749570695,1,37,3,1,2,2,1,1,9.472781556562168,4,0,10.971657815702502,30-39,0.75,23780.060119999976,58199.999999999956,12999.999999999995,17835.04508999998,1
6.218600119691729,2,10.723251890363157,0,39,2,0,2,1,1,0,6.660575149839686,4,1,6.218600119691729,30-39,0.75,45398.29659299996,500.99999999999983,780.0000000000001,34048.722444749976,0
8.006700845440367,4,10.030126736355644,0,59,1,0,1,2,1,0,4.61512051684126,5,0,9.105090961257083,50-59,4.0,22699.14829700001,8999.999999999984,100.00000000000003,90796.59318800004,0
6.2166061010848646,8,10.386788464403516,0,39,3,0,4,1,1,0,0.0,1,0,6.2166061010848646,30-39,0.75,32427.35470899998,499.9999999999999,0.0,24320.516031749987,0
8.343077871169383,7,10.569104881654322,1,59,3,1,1,1,3,0,12.346708119309138,5,0,8.343077871169383,50-59,4.0,38912.825651000036,4200.000000000004,230200.0000000002,155651.30260400014,0
10.15622874028928,8,10.35288797609956,1,65,2,0,0,2,1,0,10.880892198268548,5,1,10.15622874028928,65+,8.0,31346.442886000004,25749.999999999945,53150.00000000003,250771.54308800003,0
8.556606193773073,9,10.99291025098136,0,33,3,1,0,2,1,0,9.179984251961285,5,0,10.025749432069084,30-39,0.75,59450.15030100008,22600.00000000001,9700.000000000013,44587.61272575006,0
0.6931471805599453,8,10.64914561257346,0,32,2,0,0,1,1,0,0.0,4,0,0.6931471805599453,30-39,0.75,42155.561122000014,1.0,0.0,31616.67084150001,0
11.39302644219128,12,9.908771563528584,1,83,3,0,0,1,3,0,0.0,5,0,12.07083122020422,65+,8.0,20104.959920000012,174699.9999999999,0.0,160839.6793600001,1
7.00397413672268,8,10.540934738927314,0,57,3,1,0,2,1,0,6.398594934535208,4,0,10.84155934547194,50-59,4.0,37831.91382800001,51099.999999999935,600.0,151327.65531200005,0
11.7068543948059,12,12.232589186385791,1,41,3,1,2,1,1,0,12.570719231334277,3,0,12.11396283906348,40-49,2.0,205373.24649000014,182400.00000000017,287999.9999999999,410746.4929800003,0
9.90358754753646,12,10.897601753215405,1,43,2,0,3,1,1,0,12.117246896289505,2,0,9.90358754753646,40-49,2.0,54045.59118200007,20000.99999999998,183000.00000000047,108091.18236400014,0
10.329767847024875,8,13.34686432046938,1,64,2,1,0,1,2,0,10.32551474894327,4,1,14.659501958031322,60-64,6.0,625847.945890001,2325630.0000000014,30499.99999999998,3755087.675340006,0
12.754196944209095,13,11.518169685974078,1,63,1,1,0,2,3,0,11.855741820757956,5,0,14.216968314018718,60-64,6.0,100524.79959999991,1493999.9999999995,140890.0,603148.7975999995,1
8.517393171418904,13,11.41638805747596,1,70,3,1,0,1,3,0,9.97119292889014,2,0,13.208542908506082,65+,8.0,90796.59318599998,544999.9999999997,21399.99999999998,726372.7454879999,0
0.6931471805599453,7,10.511947979456522,0,37,2,0,1,1,1,0,8.517393171418904,4,1,6.400257445308821,30-39,0.75,36751.00200399998,600.9999999999999,5000.000000000003,27563.251502999985,0
7.601402334583733,13,12.232589186385791,1,67,3,1,0,1,1,1,6.274762021241939,3,0,15.822650322261175,65+,8.0,205373.24649000014,7441999.999999993,530.0,1642985.971920001,1
10.007892611890918,8,12.379191996605552,1,71,2,1,0,1,1,0,0.0,2,0,14.614458607212416,65+,8.0,237800.60120000003,2223199.9999999986,0.0,1902404.8096000003,1
8.748463629942055,12,12.849194048905238,1,67,2,1,0,1,3,0,8.699681400989514,2,0,12.03706802344148,65+,8.0,380480.96192000003,168900.00000000015,6000.000000000005,3043847.6953600002,0
10.236417809461043,12,11.367598443988374,0,33,3,0,0,2,1,0,9.546884034617923,2,0,10.734242182303689,30-39,0.75,86472.94589200003,45899.99999999998,13999.999999999969,64854.70941900002,0
3.9318256327243257,10,10.030126736355644,1,61,3,0,0,1,3,0,10.614007941153416,4,0,3.9318256327243257,60-64,6.0,22699.14829700001,50.0,40699.99999999989,136194.88978200007,0
17.29665836611911,13,18.22536380108041,1,68,3,1,0,1,2,0,0.0,2,0,17.998003365973485,65+,8.0,82257389.7799999,65528999.99999991,0.0,658059118.2399992,0
0.0,7,10.569104881654322,0,26,1,0,4,2,2,1,0.0,3,0,0.0,Under 30,0.25,38912.825651000036,0.0,0.0,9728.206412750009,0
10.463131911491969,9,11.883406949070103,1,74,3,1,0,2,3,0,8.24301946898925,1,0,13.844098986633012,65+,8.0,144842.18437000012,1028999.9999999997,3800.000000000003,1158737.474960001,0
7.313886831633462,1,10.87739942351305,1,69,1,0,1,2,1,0,12.361155747659474,2,0,7.313886831633462,65+,8.0,52964.67935899999,1499.9999999999998,233550.00000000017,423717.4348719999,0
10.819798284210286,4,11.079920226254767,1,62,2,0,0,1,2,0,10.645448706505872,2,0,10.819798284210286,60-64,6.0,64854.70941899998,50000.000000000015,41999.99999999999,389128.2565139999,0
5.993961427306569,9,9.6246836542707,0,67,2,1,0,2,3,0,6.90875477931522,5,1,5.993961427306569,65+,8.0,15132.765531000001,400.00000000000006,999.9999999999999,121062.12424800001,0
11.314608663591038,10,10.511947979456522,1,86,1,0,0,2,3,0,0.0,3,0,11.744124483710356,65+,8.0,36751.00200399998,126010.0000000002,0.0,294008.01603199984,0
15.418870235297272,14,15.861825634231275,1,63,2,1,1,1,2,0,15.955576839107596,5,0,17.48619297063894,60-64,6.0,7739328.657299984,39278699.99999995,8499999.999999998,46435971.943799905,0
8.699681400989514,13,11.367598443988374,1,69,3,1,0,1,3,0,12.793862088206213,4,0,13.841179279371246,65+,8.0,86472.94589200003,1026000.0000000001,360000.0000000001,691783.5671360003,1
7.601402334583733,8,10.451325058234776,0,68,2,0,0,2,2,0,10.310983929553371,3,1,7.601402334583733,65+,8.0,34589.17835700002,2000.0,30059.999999999993,276713.42685600015,0
9.490317840042412,12,11.649008066953392,1,46,2,1,1,1,1,0,12.109016442313738,4,0,12.546931674663233,40-49,2.0,114576.65330999994,281230.0000000002,181500.00000000006,229153.30661999987,1
8.423102268016642,12,10.792243293398966,0,25,3,1,0,2,1,0,8.006700845440367,2,0,9.11063052782717,Under 30,0.25,48641.03206399999,9050.0,2999.9999999999995,12160.258015999998,0
0.0,10,7.774438037411996,0,45,0,1,0,2,3,0,0.0,5,0,0.0,40-49,2.0,2378.006011999999,0.0,0.0,4756.012023999998,0
10.491301994830229,10,11.82975461608208,1,42,3,0,5,2,1,0,12.425212191503038,5,0,11.577785809317154,40-49,2.0,137275.80160000015,106699.99999999993,249000.00000000006,274551.6032000003,0
9.764857469366598,12,11.560280761065794,1,49,3,1,1,2,1,0,12.60216395655763,5,0,9.764857469366598,40-49,2.0,104848.44688999999,17409.999999999993,297199.9999999999,209696.89377999998,0
8.594339400592892,13,11.128709656194046,1,52,3,0,0,2,1,0,10.168962358863777,4,0,12.917553237361911,50-59,4.0,68097.44488999996,407399.9999999991,26080.000000000015,272389.7795599998,1
9.928228944424577,12,12.379191996605552,1,60,2,1,4,1,3,0,9.472781556562168,2,0,13.892935380426104,60-64,6.0,237800.60120000003,1080500.0,12999.999999999995,1426803.6072000002,0
12.959846800844964,13,14.77086581229458,1,92,0,1,0,2,3,1,0.0,5,0,17.934954170494947,65+,8.0,2599592.9359000055,61524999.999999896,0.0,20796743.487200044,1
8.006700845440367,8,12.035422182721987,0,18,1,1,0,1,1,0,0.0,4,0,10.090008612393838,Under 30,0.25,168622.2444899999,24100.000000000022,0.0,42155.561122499974,0
5.993961427306569,10,10.974561423798535,1,71,2,0,0,1,3,0,12.128116509451258,5,0,5.993961427306569,65+,8.0,58369.23847699994,400.00000000000006,185000.00000000006,466953.9078159995,0
8.987321812850125,13,10.669450401930089,1,64,2,0,0,2,2,0,0.0,5,0,13.650637094018627,60-64,6.0,43020.290581000016,847999.9999999995,0.0,258121.7434860001,1
7.67368812926773,8,12.085432314014094,1,62,3,0,1,1,1,0,11.000448478455008,4,0,13.467584374625924,60-64,6.0,177269.53908000005,706149.9999999993,59900.00000000002,1063617.2344800003,0
9.268703615273097,8,10.835727530509162,1,67,3,1,1,1,3,0,10.62135173563291,4,0,14.159526412674156,65+,8.0,50802.85571100001,1410600.0000000005,40999.99999999999,406422.8456880001,1
6.175867270105761,8,10.204473075038807,0,23,3,1,0,2,1,0,6.621405651764134,3,0,6.175867270105761,Under 30,0.25,27022.79559099997,479.99999999999994,749.9999999999998,6755.698897749992,0
12.861001210669146,12,13.348589943692108,0,70,3,1,0,1,2,0,0.0,4,0,15.691151664429723,65+,8.0,626928.8577199999,6524999.999999993,0.0,5015430.861759999,1
11.650955473631058,13,12.474501794120156,1,59,3,1,2,1,2,0,12.07254696717504,5,0,16.074676641278224,50-59,4.0,261580.66132000062,9575100.000000007,175000.00000000012,1046322.6452800025,1
8.476579508530941,9,10.281431375093115,1,77,2,1,0,2,1,0,10.59665973278358,4,0,8.476579508530941,65+,8.0,29184.61923800001,4800.000000000003,40000.00000000007,233476.95390400008,0
13.85952840031839,14,13.575862564073606,1,67,3,1,0,1,2,0,13.03898394237596,1,0,16.71775604332461,65+,8.0,786903.8076199995,18215000.00000003,460000.000000001,6295230.460959996,1
8.294299608857235,12,11.010928456106528,0,23,2,0,0,2,1,0,10.651146592342338,5,0,8.294299608857235,Under 30,0.25,60531.06212399997,4000.0000000000014,42240.00000000003,15132.765530999992,0
8.412054873292933,12,12.12722921174015,0,87,3,1,0,1,3,0,6.621405651764134,2,0,13.442272049582616,65+,8.0,184835.92184000014,688499.9999999997,749.9999999999998,1478687.3747200011,0
11.320565693461432,14,13.121127138635972,0,59,3,0,0,1,2,0,12.123239799036943,2,0,11.8879382384223,50-59,4.0,499381.26252999925,145500.0000000001,184099.99999999988,1997525.050119997,0
11.51293546492023,8,11.496429917961311,1,67,2,1,0,1,3,0,9.692828247710418,5,1,12.703816069256568,65+,8.0,98362.9759519998,329000.0000000003,16199.999999999996,786903.8076159984,0
8.188966863648876,7,10.540934738927314,1,32,2,1,0,1,1,0,12.404927602627597,5,0,8.188966863648876,30-39,0.75,37831.91382800001,3600.000000000002,244000.00000000003,28373.935371000007,0
7.714677473800927,9,11.496429917961311,1,56,3,0,0,1,2,0,12.234178937077944,5,0,12.284148805430942,50-59,4.0,98362.9759519998,216239.99999999985,205700.00000000015,393451.9038079992,0
13.034626646500053,12,12.511016870046026,1,37,1,1,1,1,1,0,11.790564777297387,4,0,14.057672900043292,30-39,0.75,271308.86774000013,1273999.999999997,131999.9999999999,203481.6508050001,1
6.311734809152915,8,11.649008066953392,1,46,0,0,3,1,1,0,12.58262717458807,4,0,6.311734809152915,40-49,2.0,114576.65330999994,550.0000000000002,291450.0000000001,229153.30661999987,0
9.723223876851618,8,11.42822238555616,0,22,2,0,0,1,2,0,8.77971129020447,1,0,9.985113621416073,Under 30,0.25,91877.50500999982,21699.999999999985,6500.000000000003,22969.376252499955,0
7.496097345175956,4,10.076644749570695,1,57,3,0,0,2,3,0,11.612779849672751,5,1,9.989711119284744,50-59,4.0,23780.060119999976,21799.999999999956,110500.00000000001,95120.2404799999,0
12.180759965737863,14,12.2378385168098,1,77,2,1,0,1,3,0,0.0,4,0,15.433908409985882,65+,8.0,206454.1583200005,5045000.0,0.0,1651633.266560004,1
11.599112335481124,8,12.576550677614923,1,65,3,1,0,1,3,0,9.472781556562168,4,0,14.087825914899266,65+,8.0,289684.3687399998,1313000.0,12999.999999999995,2317474.949919998,0
11.127277689932466,12,12.784655702984017,0,40,3,1,1,1,1,0,8.987321812850125,4,0,12.945628585536271,40-49,2.0,356700.9017999998,418999.9999999998,8000.0000000000055,713401.8035999996,0
10.803669227477098,8,10.974561423798535,1,85,2,1,0,1,3,0,6.90875477931522,4,0,10.803669227477098,65+,8.0,58369.23847699994,49200.00000000002,999.9999999999999,466953.9078159995,0
11.60824473564232,12,13.87921753793605,1,42,3,1,0,1,2,0,13.329379172803591,5,0,11.775297421715829,40-49,2.0,1065779.0581000003,130000.00000000032,614999.9999999988,2131558.1162000005,0
6.883462586413092,10,11.41638805747596,0,32,2,0,2,1,1,0,10.14960516741016,2,1,6.883462586413092,30-39,0.75,90796.59318599998,974.9999999999995,25580.00000000001,68097.44488949998,0
10.53078869085856,12,10.897601753215405,1,45,2,0,1,1,1,0,10.003378135350925,4,0,12.377716565381329,40-49,2.0,54045.59118200007,237449.99999999997,22100.000000000033,108091.18236400014,1
8.899867211223587,12,11.59073968241829,1,60,3,1,1,1,2,0,13.31133113254472,5,0,14.714586359564494,60-64,6.0,108091.18236000005,2457329.9999999986,603999.9999999992,648547.0941600003,1
11.561725152903833,14,11.883406949070103,1,61,3,1,0,1,4,0,11.775297421715829,3,0,13.832368658314383,60-64,6.0,144842.18437000012,1017000.0000000006,130000.00000000032,869053.1062200007,1
10.736418414365376,13,10.076644749570695,1,73,3,1,0,1,2,0,0.0,5,0,12.413090879946887,65+,8.0,23780.060119999976,245999.99999999983,0.0,190240.4809599998,1
13.104201443434462,14,14.821535192449597,1,43,3,1,4,1,2,0,14.50915811331587,5,0,14.93555845361667,40-49,2.0,2734706.913800002,3065000.000000001,2000999.9999999986,5469413.827600004,0
4.189654742026425,10,9.98133877479715,0,58,2,0,0,1,3,0,9.952325334619427,5,0,4.189654742026425,50-59,4.0,21618.236473000004,64.99999999999997,20999.99999999998,86472.94589200002,0
19.405228080068586,9,15.77278071494253,1,80,3,1,4,1,2,1,0.0,2,0,19.941396728511215,65+,8.0,7079972.444899998,457550000.0000001,0.0,56639779.55919998,1
11.87743662540826,8,12.17852223565681,1,49,1,1,3,1,1,0,13.144126826131089,1,0,13.340664824630965,40-49,2.0,194564.12826000006,621980.0,510999.9999999999,389128.2565200001,1
6.90875477931522,12,11.730500418141489,0,31,1,0,0,1,1,0,11.80560254159177,3,0,10.2328272702548,30-39,0.75,124304.8597200003,27799.999999999975,133999.9999999999,93228.64479000022,0
11.156264806643742,13,12.753884131943826,1,74,1,1,0,2,3,0,0.0,5,0,14.760116989651124,65+,8.0,345891.78357000026,2571799.9999999986,0.0,2767134.268560002,0
14.212305522096926,12,14.441437467320547,1,57,3,1,2,1,2,0,0.0,3,0,16.83335411534437,50-59,4.0,1869977.454900001,20447150.000000015,0.0,7479909.819600004,1
10.16203685698089,9,11.797752121925637,1,52,3,1,0,1,1,0,11.760027701079096,4,0,12.582455604446343,50-59,4.0,132952.15431000016,291399.99999999965,128030.00000000003,531808.6172400006,0
11.002116507732016,12,12.44514969600265,1,66,3,1,0,1,1,0,12.679199517372098,2,0,15.363073279446224,65+,8.0,254014.2785600001,4700000.000000012,320999.9999999999,2032114.2284800007,1
6.647688373563329,1,9.6246836542707,1,87,1,0,0,2,3,0,0.0,2,0,6.647688373563329,65+,8.0,15132.765531000001,769.9999999999998,0.0,121062.12424800001,0
8.31898612539206,9,11.620298215285262,1,64,2,1,0,1,2,0,12.040201043277213,5,0,9.220389707829185,60-64,6.0,111333.91784000008,10100.000000000004,169430.0000000001,668003.5070400005,0
10.254179634797,8,11.81548009303808,1,87,3,1,0,1,3,0,0.0,3,0,13.95475149507454,65+,8.0,135330.16031999985,1149399.9999999993,0.0,1082641.2825599988,1
10.725489582719506,13,12.161715204458655,1,76,3,1,0,1,3,0,13.181765605342877,3,0,13.75947022472155,65+,8.0,191321.39279000013,945500.0000000006,530599.9999999998,1530571.142320001,0
4.61512051684126,7,12.507024863496335,0,60,3,0,0,2,1,0,9.741027444837728,5,0,7.783640596221253,60-64,6.0,270227.95590999984,2399.999999999999,16999.99999999999,1621367.7354599992,0
13.601699572468275,12,13.45790796946777,1,67,3,1,0,1,1,0,10.12667110305036,5,0,16.425028801572193,65+,8.0,699349.9499000004,13592499.99999999,25000.000000000004,5594799.599200003,1
3.4657359027997265,11,11.42822238555616,0,51,3,0,0,2,1,0,10.946957041707028,2,1,9.549095714611964,50-59,4.0,91877.50500999982,14030.999999999993,56779.99999999997,367510.0200399993,0
7.8636512654486515,12,11.262239213240829,1,31,3,1,1,1,1,0,10.239995502805316,2,0,9.908524844053396,30-39,0.75,77825.65130300017,20099.999999999996,28000.00000000002,58369.238477250125,0
6.175867270105761,13,10.674462827538376,0,46,3,0,1,2,4,0,11.409241321193344,5,1,6.175867270105761,40-49,2.0,43236.47294599996,479.99999999999994,90149.99999999978,86472.94589199992,0
7.313886831633462,10,10.540934738927314,1,49,1,0,1,2,1,0,12.48067327781818,5,0,7.313886831633462,40-49,2.0,37831.91382800001,1499.9999999999998,263200.0000000004,75663.82765600002,0
8.366602832783736,6,9.69367212060944,0,55,2,0,0,2,3,0,6.976348070447749,1,0,10.698762529141884,50-59,4.0,16213.677355,44300.00000000004,1070.0,64854.70942,0
14.414347608503377,13,14.108427649734772,1,58,3,1,1,1,2,1,13.652992804936396,3,0,16.0723659039313,50-59,4.0,1340330.6613000007,9553000.000000007,850000.0000000005,5361322.645200003,1
10.714439990727769,12,12.453624289743354,1,49,3,0,0,1,2,0,12.98425237148331,4,0,12.37581963951765,40-49,2.0,256176.1022000001,237000.00000000003,435499.99999999994,512352.2044000002,0
11.798111925972618,13,14.668043117930518,1,67,3,1,1,1,2,0,0.0,4,0,17.33623762677637,65+,8.0,2345578.6573000005,33808999.99999996,0.0,18764629.258400004,1
7.741099090035366,14,10.16365262239305,0,76,1,1,0,2,3,0,0.0,4,0,7.741099090035366,65+,8.0,25941.88376800001,2300.0000000000005,0.0,207535.07014400008,0
9.680406499268877,14,12.753884131943826,1,52,3,0,2,1,1,0,13.406038934481533,5,0,11.769124610238766,50-59,4.0,345891.78357000026,129200.0,663999.9999999997,1383567.134280001,0
9.472781556562168,13,11.920040833915293,0,46,1,0,0,2,1,0,12.718300286011257,4,0,12.170450649220747,40-49,2.0,150246.74348999996,192999.9999999995,333800.0000000002,300493.4869799999,0
10.859018228147889,13,14.713095763104883,1,56,2,1,0,1,2,0,12.323860125621126,4,0,15.352808007581976,50-59,4.0,2453669.839700001,4651999.999999998,225000.00000000015,9814679.358800003,0
9.787571522938784,9,11.219680157476482,1,32,3,1,2,1,1,0,12.08232749674707,5,0,11.969153393456148,30-39,0.75,74582.91583199994,157809.9999999999,176719.99999999997,55937.186873999955,1
6.803505257608338,8,9.288237848223762,1,52,3,0,1,1,2,0,0.0,3,0,6.803505257608338,50-59,4.0,10809.118235999998,899.9999999999998,0.0,43236.472943999994,0
6.90875477931522,9,10.74678187553037,0,43,2,0,0,2,4,0,10.819798284210286,1,0,10.62135173563291,40-49,2.0,46479.20841700003,40999.99999999999,50000.000000000015,92958.41683400006,0
7.67368812926773,8,10.41957729248823,1,49,3,1,2,1,1,0,11.525851561856362,4,0,7.67368812926773,40-49,2.0,33508.26653300001,2150.0,101299.99999999996,67016.53306600002,0
13.289911340089663,12,12.70587505492555,1,74,2,1,0,1,2,0,0.0,5,0,15.017641967963812,65+,8.0,329678.10621000006,3327200.000000001,0.0,2637424.8496800005,1
8.699681400989514,8,11.797752121925637,1,53,2,0,1,1,1,0,12.387147592295292,3,0,10.491301994830229,50-59,4.0,132952.15431000016,35999.99999999998,239700.00000000012,531808.6172400006,0
14.01763555904754,13,17.189892890823476,1,70,3,1,0,1,1,0,17.836746666296524,2,0,19.19502074439932,65+,8.0,29206237.47499997,216915999.99999905,55770000.0,233649899.79999977,0
10.041116787524166,8,11.010928456106528,0,32,1,1,1,1,1,0,7.601402334583733,2,0,11.71954118099882,30-39,0.75,60531.06212399997,122950.00000000026,2000.0,45398.29659299998,1
10.66897865021924,8,11.046019206267973,1,84,2,1,0,2,3,0,0.0,4,0,12.479913113434042,65+,8.0,62692.88577200012,263000.0000000002,0.0,501543.08617600094,0
16.56796041013461,12,15.780385313260185,1,74,3,1,0,1,2,0,0.0,5,0,17.223716687537515,65+,8.0,7134018.0361000085,30211000.000000034,0.0,57072144.28880007,0
8.853808274977197,9,10.99291025098136,0,40,2,1,0,2,1,0,9.358846580275406,4,0,8.853808274977197,40-49,2.0,59450.15030100008,6999.999999999998,11599.999999999993,118900.30060200016,0
13.194127605133582,14,15.027938547702956,1,48,0,1,4,1,2,0,14.775856834794997,2,0,15.690108975584442,40-49,2.0,3361635.7715000003,6518199.999999997,2612600.000000004,6723271.5430000005,0
10.12667110305036,8,12.59869172789388,1,52,3,1,3,1,2,0,12.53897064502647,1,0,10.12667110305036,50-59,4.0,296169.8396799999,25000.000000000004,279000.0000000001,1184679.3587199997,0
8.160803920954665,13,10.281431375093115,0,32,2,0,1,1,1,0,5.442417710521793,4,0,8.160803920954665,30-39,0.75,29184.61923800001,3499.9999999999977,229.99999999999994,21888.464428500007,0
9.210440366976515,11,8.931602548935768,1,59,3,0,0,2,2,0,11.381688580803818,2,1,9.210440366976515,50-59,4.0,7566.382765499997,9999.99999999999,87699.99999999999,30265.531061999987,0
12.429220196836384,8,12.486822231693765,0,66,3,0,0,2,1,0,0.0,1,0,13.591117476312084,65+,8.0,264823.3967899999,798999.9999999997,0.0,2118587.1743199993,0
12.296831574998258,13,11.079920226254767,1,30,2,1,0,2,2,0,11.407576060361786,4,0,12.660331092405906,30-39,0.75,64854.70941899998,315000.0000000002,90000.00000000001,48641.03206424999,1
7.0909098220799835,10,10.31779779558084,0,46,1,0,2,2,1,0,7.937731775260109,5,0,7.0909098220799835,40-49,2.0,30265.531061999973,1200.0,2800.000000000001,60531.062123999945,0
11.700242855114809,12,14.178495161915649,1,67,3,1,0,1,3,0,15.208780781082725,5,0,18.893795783985453,65+,8.0,1437612.7255000016,160498600.00000018,4028000.000000003,11500901.804000013,1
9.239996256883693,8,11.92720927582913,1,39,3,0,3,1,1,0,12.903712220160273,3,0,9.239996256883693,30-39,0.75,151327.65530999997,10299.999999999993,401800.00000000023,113495.74148249999,0
10.308985993422082,12,13.997676372797748,1,60,3,1,0,1,2,0,13.304686600863562,2,0,16.059406760654173,60-64,6.0,1199812.1242000032,9430000.000000002,600000.0000000003,7198872.745200019,1
12.775075663798932,12,13.265957816512048,1,72,2,1,0,1,3,0,0.0,2,1,15.444221741924231,65+,8.0,577206.9138300001,5097299.99999999,0.0,4617655.310640001,1
11.45318607621936,9,12.874440766134532,1,42,3,1,2,1,1,0,12.037659911047468,1,0,14.01943132983804,40-49,2.0,390209.16834,1226200.0000000023,169000.00000000012,780418.33668,1
8.987321812850125,12,10.814221753204103,0,50,2,0,0,1,1,0,0.0,5,1,8.987321812850125,50-59,4.0,49721.943887999936,8000.0000000000055,0.0,198887.77555199974,0
13.279368835614244,9,12.949141966951167,1,56,3,1,0,1,1,0,13.459408307148385,5,0,15.040902623306105,50-59,4.0,420474.69939999963,3405500.000000002,700400.0000000014,1681898.7975999985,1
12.25486757159303,12,14.345664806587388,1,80,3,0,0,1,3,0,13.955273369904273,4,0,17.01050348333596,65+,8.0,1699193.3867999988,24410000.00000002,1150000.0000000005,13593547.09439999,1
7.550661243105336,8,10.386788464403516,1,81,3,0,0,1,3,0,0.0,5,0,7.550661243105336,65+,8.0,32427.35470899998,1901.0000000000002,0.0,259418.83767199985,0
10.454523783963513,14,12.410514338077766,1,58,2,1,0,1,1,0,12.037659911047468,3,0,10.454523783963513,50-59,4.0,245366.9839699999,34700.00000000005,169000.00000000012,981467.9358799997,0
9.642187721358466,13,11.443400563205264,1,73,2,1,0,2,3,0,9.90353755128617,4,0,10.529452721013085,65+,8.0,93282.690381,37400.00000000001,20000.000000000015,746261.523048,0
11.264476926102368,14,12.041811943026104,1,60,3,1,2,1,3,1,11.728044909070784,2,0,13.228525371792252,60-64,6.0,169703.15631000017,555999.9999999991,123999.99999999984,1018218.937860001,0
13.92526231798034,13,14.663424174063584,1,59,3,1,0,1,1,0,0.0,4,0,15.705303918566736,50-59,4.0,2334769.539100001,6618000.000000006,0.0,9339078.156400004,0
11.034905792929417,13,13.997676372797748,1,50,3,0,2,1,1,0,13.723396365547096,2,0,14.796465178117211,50-59,4.0,1199812.1242000032,2666999.999999998,912000.0000000005,4799248.496800013,0
12.688501881189456,14,13.311711373223684,1,58,3,1,0,2,1,0,0.0,5,0,15.85139211545707,50-59,4.0,604229.7094199997,7659000.000000002,0.0,2416918.837679999,1
12.483708170000067,12,13.468210190932243,1,66,2,1,0,1,2,0,0.0,5,0,15.531468493567472,65+,8.0,706592.0591199985,5561999.999999993,0.0,5652736.472959988,0
6.90875477931522,9,10.31779779558084,0,26,2,0,0,2,1,0,9.852246888342531,2,0,6.90875477931522,Under 30,0.25,30265.531061999973,999.9999999999999,18999.999999999985,7566.382765499993,0
8.798001694924846,12,10.204473075038807,0,30,0,0,0,2,1,0,11.649211809228197,1,0,8.884748726451182,30-39,0.75,27022.79559099997,7220.000000000003,114600.00000000016,20267.096693249976,0
3.9318256327243257,8,10.030126736355644,0,43,1,0,2,2,2,0,8.0959035329611,4,0,3.9318256327243257,40-49,2.0,22699.14829700001,50.0,3279.9999999999977,45398.29659400002,0
11.277215789596893,13,11.41638805747596,1,83,2,1,0,1,3,0,13.12834743715147,4,0,12.095146671399466,65+,8.0,90796.59318599998,178999.99999999994,502999.9999999999,726372.7454879999,0
12.190659470477538,12,12.5876824797662,1,59,3,1,1,1,1,0,9.210440366976515,4,0,14.760482425489906,50-59,4.0,292927.1042099997,2572739.9999999986,9999.99999999999,1171708.416839999,1
9.588845298501564,12,11.672318944729454,1,75,3,1,0,1,1,0,12.100717685412471,5,0,13.302350544963993,65+,8.0,117278.93286999992,598600.0000000009,180000.00000000003,938231.4629599993,0
11.849404844423074,12,13.33819125313146,1,52,2,1,1,1,2,1,12.611541086966117,5,0,13.372345140303285,50-59,4.0,620443.3867700006,642000.0000000006,300000.0000000003,2481773.5470800023,0
6.447305862541213,9,9.550580764956187,0,29,2,0,2,2,4,0,8.748463629942055,1,1,6.447305862541213,Under 30,0.25,14051.853706999998,629.9999999999998,6299.999999999997,3512.9634267499996,0
8.006700845440367,9,11.853101811967846,1,58,2,0,1,1,1,0,12.413090879946887,2,0,13.023649611968253,50-59,4.0,140518.53706999996,452999.99999999977,245999.99999999983,562074.1482799998,0
6.836259277277067,9,10.623170750425082,0,45,3,0,0,2,3,0,9.952325334619427,4,1,6.836259277277067,40-49,2.0,41074.649299000004,930.0000000000001,20999.99999999998,82149.29859800001,0
11.775297421715829,13,12.419286288567474,1,65,3,1,0,2,2,1,11.951186847493476,5,0,15.507449876072164,65+,8.0,247528.8076200001,5429999.999999998,155000.00000000012,1980230.4609600008,1
9.568084743872936,12,11.989512759998888,1,57,3,0,1,1,1,0,11.992266613576142,4,0,13.0543007873571,50-59,4.0,161055.86172000002,467099.9999999997,161499.99999999985,644223.4468800001,0
12.206077645517674,14,13.339931894816434,0,61,3,0,0,1,1,0,0.0,5,0,14.580978865220017,60-64,6.0,621524.2985999995,2150000.0,0.0,3729145.7915999973,0
9.29660980712836,12,12.546245434332969,0,34,3,1,0,2,1,0,6.398594934535208,2,0,14.322870784170115,30-39,0.75,281037.07415000035,1660899.9999999977,600.0,210777.80561250026,1
8.27664912542186,12,10.936821754744528,1,35,3,0,4,1,1,0,12.16982869741233,3,0,11.274680966120778,30-39,0.75,56207.41482999999,78799.99999999996,192879.99999999983,42155.56112249999,1
10.12667110305036,8,11.404411999129266,1,29,2,1,1,1,1,0,11.775297421715829,4,0,11.31448672129398,Under 30,0.25,89715.68136300004,81999.99999999985,130000.00000000032,22428.92034075001,1
11.356283350762888,12,13.116788745738386,1,60,3,1,1,1,2,0,11.06665398721974,2,0,15.901865770051955,60-64,6.0,497219.4388800003,8055499.999999981,63999.99999999997,2983316.633280002,1
11.724409305273117,10,12.410514338077766,1,72,3,1,0,1,3,0,0.0,2,0,13.744606217927608,65+,8.0,245366.9839699999,931549.9999999995,0.0,1962935.8717599993,0
4.624972813284271,9,10.974561423798535,0,32,2,0,3,2,1,0,10.6782377612977,4,0,4.624972813284271,30-39,0.75,58369.23847699994,100.99999999999996,43399.99999999999,43776.928857749954,0
12.706850963741102,13,11.518169685974078,1,79,3,1,0,2,3,0,0.0,4,0,15.22893382978139,65+,8.0,100524.79959999991,4109999.9999999986,0.0,804198.3967999993,1
5.0238805208462765,8,10.74678187553037,0,37,2,0,0,1,1,0,7.313886831633462,5,0,9.225426009394225,30-39,0.75,46479.20841700003,10151.000000000011,1499.9999999999998,34859.40631275003,0
8.517393171418904,12,10.87739942351305,0,23,3,1,0,2,1,0,10.138599199626192,2,0,10.275085591132717,Under 30,0.25,52964.67935899999,29000.000000000047,25300.000000000015,13241.169839749997,1
12.45293662970407,14,12.899065751096176,1,78,3,1,0,1,3,0,12.847929163278051,4,0,15.769601580803004,65+,8.0,399937.3747499996,7057499.999999987,379999.99999999924,3199498.997999997,1
11.251573687764475,14,12.507024863496335,0,32,3,1,2,1,1,1,12.01974909141692,4,0,12.901719200051184,30-39,0.75,270227.95590999984,401000.00000000064,165999.99999999974,202670.9669324999,1
10.463131911491969,12,12.534639929751958,1,55,3,1,0,1,1,0,11.552155793461898,2,0,14.101441848691769,50-59,4.0,277794.33868000004,1331000.0000000019,104000.00000000003,1111177.3547200002,1
10.63349689782864,13,11.128709656194046,1,73,2,0,0,1,3,0,13.460264592549231,5,0,10.63349689782864,65+,8.0,68097.44488999996,41501.000000000044,700999.9999999988,544779.5591199996,0
10.896757843893464,3,11.010928456106528,1,58,2,1,2,1,1,0,12.30809208600708,4,0,12.429220196836384,50-59,4.0,60531.06212399997,250000.00000000023,221480.0000000004,242124.24849599987,1
6.311734809152915,8,11.620298215285262,1,64,2,0,0,1,1,0,11.161962746590705,4,0,14.55771024923017,60-64,6.0,111333.91784000008,2100550.0000000014,70400.0,668003.5070400005,1
10.199918739620156,10,12.298770781461648,1,52,3,1,0,1,1,0,12.226370248344972,4,0,12.35406583543786,50-59,4.0,219425.10020000007,231899.99999999956,204099.99999999985,877700.4008000003,0
11.112462823634855,13,14.178495161915649,1,76,2,1,1,1,3,0,13.592368256649284,2,0,16.000100205244518,65+,8.0,1437612.7255000016,8887000.000000007,800000.0000000005,11500901.804000013,0
7.593877844605118,12,11.639529406064158,0,40,3,0,2,1,1,0,11.740706247687838,2,1,11.743926068649207,40-49,2.0,113495.74147999997,125985.00000000001,125580.0000000001,226991.48295999994,0
12.879019669789754,13,15.410638350452938,1,72,3,1,0,1,2,0,0.0,3,0,18.49914067045762,65+,8.0,4928957.915799996,108161999.99999999,0.0,39431663.32639997,1
13.86525360133342,12,15.445124519650172,1,58,3,1,1,1,2,0,14.044239283117015,2,0,16.5583486489395,50-59,4.0,5101903.807600004,15530999.999999994,1256999.9999999988,20407615.230400015,0
10.950824090522444,12,11.255270633776112,1,85,2,1,0,1,3,0,11.753287916473692,1,0,11.6262630788088,65+,8.0,77285.19539100007,111999.99999999984,127169.99999999996,618281.5631280006,0
8.294299608857235,13,11.262239213240829,1,34,2,0,0,2,1,0,11.934139242546484,5,0,8.294299608857235,30-39,0.75,77825.65130300017,4000.0000000000014,152380.00000000017,58369.238477250125,0
9.61587214452889,12,11.355019808159389,0,39,3,0,4,1,2,0,7.438971592395862,1,0,9.61587214452889,30-39,0.75,85392.03406799996,14999.99999999999,1700.0,64044.02555099997,0
4.61512051684126,6,9.236949422635218,0,70,2,0,0,2,3,0,0.0,3,0,4.61512051684126,65+,8.0,10268.662325000007,100.00000000000003,0.0,82149.29860000005,0
10.811766273800105,12,12.72213552687928,1,42,3,1,1,1,1,1,12.608202196848836,4,0,14.517419739831052,40-49,2.0,335082.66532999947,2017600.0000000005,299000.00000000006,670165.3306599989,1
9.825580063659602,9,12.56529356217316,1,50,3,1,1,1,1,0,10.87806606028079,3,0,14.725662888342011,50-59,4.0,286441.6332700001,2484699.9999999977,53000.00000000002,1145766.5330800004,1
10.736418414365376,13,12.17852223565681,1,55,3,1,2,1,4,0,12.359227115018935,5,0,12.531776395271262,50-59,4.0,194564.12826000006,276999.9999999998,233099.99999999977,778256.5130400002,0
10.993748398115178,13,10.281431375093115,1,72,3,1,0,2,3,0,0.0,5,0,14.08515670657986,65+,8.0,29184.61923800001,1309500.0000000007,0.0,233476.95390400008,1
5.993961427306569,7,10.835727530509162,0,30,3,0,0,2,1,0,10.938467575959384,5,0,5.993961427306569,30-39,0.75,50802.85571100001,400.00000000000006,56300.00000000012,38102.14178325001,0
9.39274525863144,13,10.769770904774589,0,77,3,1,0,1,3,0,0.0,4,0,11.6262630788088,65+,8.0,47560.12024000005,111999.99999999984,0.0,380480.9619200004,0
16.436913025041644,13,14.912163178235945,1,84,3,1,0,1,3,0,0.0,4,0,17.75629595149302,65+,8.0,2994125.751500004,51459000.00000005,0.0,23953006.01200003,1
13.415034483903348,13,11.629960039799675,1,58,2,0,0,1,1,0,6.2166061010848646,5,0,13.467371932904973,50-59,4.0,112414.82966000008,706000.0000000014,499.9999999999999,449659.3186400003,1
11.302216779257382,13,12.486822231693765,1,58,2,1,0,2,1,0,12.983103608918752,2,0,11.302216779257382,50-59,4.0,264823.3967899999,81000.00000000007,434999.99999999924,1059293.5871599996,0
13.12834743715147,13,12.616775342823493,1,74,2,1,0,1,1,0,0.0,2,0,14.770637698386924,65+,8.0,301574.39880000026,2599000.0000000005,0.0,2412595.190400002,1
10.13344781717726,8,11.276032359350232,1,37,2,0,2,1,3,0,12.28765724080691,5,0,10.862282063937007,30-39,0.75,78906.56312599996,52170.00000000001,217000.00000000012,59179.92234449997,0
7.259116128097101,12,10.243692364956797,0,42,3,0,0,2,1,0,11.814369900170998,3,0,7.259116128097101,40-49,2.0,28103.707415000037,1420.0,135179.99999999994,56207.414830000074,0
11.588042213851857,8,11.580689440046534,1,66,1,1,0,2,3,0,0.0,2,0,13.014334861352134,65+,8.0,107010.27053999992,448800.0000000001,0.0,856082.1643199994,0
11.461642696843066,12,12.47036101733073,0,28,3,0,0,1,2,0,0.0,1,0,13.114333221834064,Under 30,0.25,260499.74950000018,495999.99999999994,0.0,65124.937375000045,1
7.824445930877619,12,11.079920226254767,0,25,3,0,0,2,4,0,10.515993929932415,5,0,10.389026137075234,Under 30,0.25,64854.70941899998,32499.99999999997,36899.99999999999,16213.677354749994,1
9.518266150905006,11,11.367598443988374,1,43,2,0,3,1,1,0,12.329621250524813,2,1,12.286758223441428,40-49,2.0,86472.94589200003,216805.00000000006,226300.0,172945.89178400006,1
9.581972891547895,8,11.046019206267973,1,79,1,1,0,1,3,0,12.149507585033072,3,0,12.119975396053194,65+,8.0,62692.88577200012,183500.00000000006,188999.99999999988,501543.08617600094,0
7.384610383176974,9,10.814221753204103,0,46,1,0,0,2,1,0,0.0,4,0,8.191740021277457,40-49,2.0,49721.943887999936,3609.9999999999986,0.0,99443.88777599987,0
3.4339872044851463,12,10.41957729248823,0,70,2,0,0,1,1,0,9.438352054687252,5,1,4.394449154672439,65+,8.0,33508.26653300001,80.00000000000003,12559.999999999989,268066.1322640001,0
8.962007209588313,9,11.159961747859198,1,58,2,1,0,1,1,0,11.736077016252436,5,0,9.614538010517382,50-59,4.0,70259.268537,14980.000000000004,124999.99999999967,281037.074148,0
6.111467339502679,10,9.69367212060944,0,66,1,0,0,2,3,0,6.90875477931522,5,1,6.111467339502679,65+,8.0,16213.677355,450.0000000000001,999.9999999999999,129709.41884,0
9.680406499268877,13,12.645045684334336,1,49,3,1,2,1,1,0,9.210440366976515,3,0,13.831384891372048,40-49,2.0,310221.6933900007,1015999.9999999997,9999.99999999999,620443.3867800015,1
8.071218539969863,10,11.380020821211884,1,53,3,0,0,2,1,0,12.166296978418426,5,0,9.05963375455148,50-59,4.0,87553.85771500022,8600.00000000001,192200.00000000012,350215.4308600009,0
9.667195436466644,12,10.540934738927314,1,69,3,1,0,2,3,0,8.006700845440367,4,0,12.90741366471858,65+,8.0,37831.91382800001,403289.99999999994,2999.9999999999995,302655.3106240001,1
12.920741563105356,9,11.496429917961311,1,72,2,0,0,1,3,0,0.0,4,0,13.569228872731438,65+,8.0,98362.9759519998,781701.0000000003,0.0,786903.8076159984,0
14.072940360281224,12,14.61115576850123,1,36,1,0,3,1,2,0,11.418625774449596,2,0,14.312400124411749,30-39,0.75,2215869.2385,1643600.0000000028,90999.99999999991,1661901.928875,0
0.6931471805599453,1,11.316305758236654,0,61,1,0,0,1,1,0,0.0,1,0,0.6931471805599453,60-64,6.0,82149.298597,1.0,0.0,492895.791582,0
6.066108090103747,2,9.69367212060944,0,78,2,0,0,1,3,0,0.0,3,0,6.066108090103747,65+,8.0,16213.677355,429.99999999999983,0.0,129709.41884,0
11.81303746480054,14,12.41841254802898,1,74,3,1,0,1,3,0,0.0,5,0,14.731001369987837,65+,8.0,247312.62525000048,2498000.000000002,0.0,1978501.0020000038,1
9.465060106725137,12,11.079920226254767,1,61,3,1,0,1,3,0,4.795790545596741,5,0,13.525025895256016,60-64,6.0,64854.70941899998,747900.0000000014,120.00000000000003,389128.2565139999,1
11.002116507732016,13,12.303684773907628,1,47,3,0,1,1,1,0,12.421188057397057,3,0,12.652042897966872,40-49,2.0,220506.01201999988,312399.99999999994,248000.00000000064,441012.02403999976,0
9.741027444837728,14,12.17852223565681,1,50,3,0,1,1,1,0,12.283038316285214,4,0,13.68198030819624,50-59,4.0,194564.12826000006,874999.9999999984,215999.99999999985,778256.5130400002,1
8.294299608857235,13,11.962300367785083,1,51,2,1,0,1,1,0,10.663147865904188,3,0,12.535379989788607,50-59,4.0,156732.2144299997,278000.0000000002,42750.00000000001,626928.8577199988,0
10.729875458480969,12,12.44939597018852,1,35,3,1,2,1,1,0,13.005831808336865,4,0,13.236943065595105,30-39,0.75,255095.1903799998,560700.0000000008,445000.0000000005,191321.39278499986,1
6.478509642208569,13,10.814221753204103,0,47,1,0,0,2,1,0,11.174665631549477,5,0,9.273409063443166,40-49,2.0,49721.943887999936,10650.000000000005,71300.00000000004,99443.88777599987,0
6.2166061010848646,12,10.204473075038807,0,60,3,0,0,2,1,0,8.160803920954665,3,1,6.2166061010848646,60-64,6.0,27022.79559099997,499.9999999999999,3499.9999999999977,162136.7735459998,0
9.210440366976515,10,10.511947979456522,1,61,3,0,0,2,1,0,0.0,2,0,12.999067423500716,60-64,6.0,36751.00200399998,442000.00000000035,0.0,220506.01202399988,1
4.394449154672439,-1,9.257781501750618,0,90,1,0,0,1,3,0,0.0,5,0,4.394449154672439,65+,8.0,10484.844688999998,80.00000000000003,0.0,83878.75751199998,0
12.712893259942282,12,13.745976008163968,1,59,2,1,0,1,2,1,13.390864159490157,3,0,15.137799855632736,50-59,4.0,932826.9038099998,3751999.9999999944,654000.0000000014,3731307.6152399993,1
5.993961427306569,9,9.875983398597374,0,88,1,1,0,2,3,0,0.0,4,0,5.993961427306569,65+,8.0,19456.412826000007,400.00000000000006,0.0,155651.30260800006,0
9.210440366976515,12,12.561512852534904,1,95,3,1,0,2,3,0,0.0,3,0,15.179048187715992,65+,8.0,285360.7214400002,3910000.000000002,0.0,2282885.771520002,1
7.215975002651466,3,10.482095840823945,0,50,0,1,0,1,1,0,8.497194544909547,5,1,7.215975002651466,50-59,4.0,35670.09018000006,1359.9999999999998,4899.999999999998,142680.36072000023,0
8.517393171418904,14,12.20050103062022,1,61,3,1,0,2,3,0,0.0,2,0,15.643441384243005,60-64,6.0,198887.77554999987,6221000.0,0.0,1193326.6532999992,1
9.741027444837728,8,11.079920226254767,0,32,2,0,1,2,1,0,6.836259277277067,5,0,9.942756341456828,30-39,0.75,64854.70941899998,20800.000000000004,930.0000000000001,48641.03206424999,0
7.824445930877619,8,10.64914561257346,0,40,2,0,3,1,1,0,0.0,5,0,7.824445930877619,40-49,2.0,42155.561122000014,2500.0000000000005,0.0,84311.12224400003,0
12.232719445013917,10,12.24825522743948,1,61,1,1,0,1,1,0,0.0,3,0,13.187028765493949,60-64,6.0,208615.98196000018,533400.0000000006,0.0,1251695.891760001,0
12.1816313763504,12,12.44514969600265,1,59,2,1,1,1,1,0,10.889323003601277,5,0,12.87434038354812,50-59,4.0,254014.2785600001,390170.00000000023,53599.99999999999,1016057.1142400004,0
11.185268261530249,13,12.634537740790057,1,52,3,0,1,1,1,0,12.409017571151187,2,0,12.6636905119143,50-59,4.0,306978.95792000036,316059.99999999994,244999.99999999997,1227915.8316800015,0
3.713572066704308,5,10.835727530509162,0,45,2,0,2,1,2,0,8.476579508530941,5,0,3.713572066704308,40-49,2.0,50802.85571100001,40.00000000000001,4800.000000000003,101605.71142200002,0
14.441064422916169,13,19.003011537228183,1,59,2,1,1,1,2,0,15.607270193858982,2,0,18.003395264705127,50-59,4.0,179020616.23000017,65883280.000000045,6000000.0,716082464.9200007,0
10.043292972227004,11,11.316305758236654,0,64,1,0,0,2,1,0,10.813780332606648,4,0,11.31448672129398,60-64,6.0,82149.298597,81999.99999999985,49700.00000000002,492895.791582,0
12.577639650232571,13,12.979523979460671,1,45,3,1,2,1,1,0,13.312985389904174,4,0,13.157732451741689,40-49,2.0,433445.64127999893,518000.00000000076,604999.9999999998,866891.2825599979,0
8.11102783819368,8,11.112709551691127,1,42,2,0,0,1,2,0,10.65728288404746,4,0,12.222590472005706,40-49,2.0,67016.53306600003,203330.00000000015,42499.999999999956,134033.06613200007,1
8.699681400989514,8,10.243692364956797,1,65,1,0,0,2,2,0,11.684363005162105,3,0,10.085850775128716,65+,8.0,28103.707415000037,23999.999999999945,118700.00000000007,224829.6593200003,0
13.774689605110144,14,14.51389250917311,1,59,3,1,0,1,2,0,14.285514812209817,4,0,16.16478847438836,50-59,4.0,2010495.9920000003,10478000.000000013,1600000.000000004,8041983.968000001,1
13.8924725250259,14,14.971725420068854,1,58,3,1,0,1,2,0,14.626441218624947,5,0,16.661756315879774,50-59,4.0,3177880.761500001,17222999.999999974,2249999.999999997,12711523.046000004,1
5.14166355650266,2,9.98133877479715,1,73,2,0,0,2,3,0,11.918397239722838,1,0,5.14166355650266,65+,8.0,21618.236473000004,170.00000000000009,150000.00000000006,172945.89178400004,0
10.196194479235656,8,11.813881383532228,1,51,2,1,2,1,1,0,12.087463643857756,4,0,13.605531226829669,50-59,4.0,135113.97795999993,810600.0000000009,177630.0,540455.9118399997,1
11.163382173096926,9,12.150351505528926,1,45,2,1,2,1,1,0,12.388398368982116,2,0,13.49599513845402,40-49,2.0,189159.5691400001,726500.0000000013,240000.00000000047,378319.1382800002,1
10.373834872713369,12,12.64852393750623,1,45,3,1,2,1,2,0,13.314636915215106,3,0,12.206127644017728,40-49,2.0,311302.60521,200009.99999999985,605999.9999999994,622605.21042,0
6.90975328164481,12,10.41957729248823,0,24,2,0,0,2,1,0,9.617870014133226,3,0,6.90975328164481,Under 30,0.25,33508.26653300001,1000.9999999999999,15029.999999999998,8377.066633250002,0
11.60186082325361,12,11.53944687502236,0,33,2,1,2,1,1,0,9.883335864325277,5,0,11.80036500801413,30-39,0.75,102686.62324999995,133299.99999999988,19600.000000000036,77014.96743749996,1
11.688062944634108,14,12.534639929751958,1,64,3,1,2,1,1,0,12.025755079404917,1,0,14.7153226599367,60-64,6.0,277794.33868000004,2459139.999999994,167000.0000000001,1666766.0320800003,1
0.6931471805599453,9,10.540934738927314,0,48,0,0,0,2,2,0,7.378383712996715,1,1,0.6931471805599453,40-49,2.0,37831.91382800001,1.0,1600.0000000000011,75663.82765600002,0
11.856522261533735,9,10.31779779558084,0,68,3,0,0,2,3,0,0.0,3,0,13.263864675787632,65+,8.0,30265.531061999973,575999.9999999998,0.0,242124.24849599978,1
11.082157933374816,13,12.009446852348589,1,62,2,1,1,1,1,0,11.87757552297847,3,0,14.635158662720324,60-64,6.0,164298.59719000035,2269699.9999999953,144000.0,985791.5831400021,1
9.975854724662028,14,11.59073968241829,1,62,0,0,0,2,2,0,11.87757552297847,3,0,14.063581621107136,60-64,6.0,108091.18236000005,1281549.999999999,144000.0,648547.0941600003,1
8.434028950155469,9,10.569104881654322,0,71,3,1,0,2,1,0,6.311734809152915,5,0,8.434028950155469,65+,8.0,38912.825651000036,4600.0,550.0000000000002,311302.6052080003,0
11.643962499267984,12,12.035422182721987,0,63,3,1,0,1,2,0,10.043292972227004,5,0,11.643962499267984,60-64,6.0,168622.2444899999,113999.99999999996,22999.999999999996,1011733.4669399994,0
8.0959035329611,12,10.64914561257346,0,29,2,0,2,2,1,0,11.264476926102368,1,0,8.27410200229233,Under 30,0.25,42155.561122000014,3919.999999999997,78000.00000000009,10538.890280500003,0
10.53212287826962,12,13.626743622564442,1,59,3,1,0,1,1,0,10.308985993422082,5,0,16.508616379351103,50-59,4.0,827978.4569099998,14777499.999999987,29999.99999999999,3311913.8276399993,1
7.550135342488429,9,10.74678187553037,0,47,0,0,1,2,1,0,8.630700432209832,5,0,10.72328941021858,40-49,2.0,46479.20841700003,45400.00000000005,5599.999999999995,92958.41683400006,0
9.588845298501564,10,11.262239213240829,0,51,2,0,1,2,1,0,8.343077871169383,4,0,9.588845298501564,50-59,4.0,77825.65130300017,14600.0,4200.000000000004,311302.60521200066,0
6.018593214496234,9,10.451325058234776,1,30,2,0,1,1,1,0,9.94755228369823,5,0,11.476375581972643,30-39,0.75,34589.17835700002,96409.99999999984,20900.000000000015,25941.883767750012,1
11.6172944892629,8,11.686049021222916,1,68,3,0,0,1,3,1,0.0,5,0,14.72819519568944,65+,8.0,118900.30059999996,2490999.999999999,0.0,951202.4047999997,1
10.12667110305036,10,12.486822231693765,1,50,3,0,2,1,1,0,13.54802449947428,4,0,13.753317018540006,50-59,4.0,264823.3967899999,939700.0000000001,765300.0000000013,1059293.5871599996,0
8.160803920954665,13,11.730500418141489,1,33,2,0,2,1,1,0,13.211474381965832,5,0,10.768506042432708,30-39,0.75,124304.8597200003,47500.000000000015,546599.9999999998,93228.64479000022,0
11.31448672129398,12,10.897601753215405,1,69,3,1,1,2,3,0,10.87806606028079,4,0,13.525159593854116,65+,8.0,54045.59118200007,748000.0000000001,53000.00000000002,432364.72945600055,1
11.964007453736912,14,13.114612470684651,1,41,3,1,2,1,1,0,12.782688818818986,5,0,15.067988057145726,40-49,2.0,496138.52704999957,3499000.0000000005,355999.99999999994,992277.0540999991,1
13.548155158479288,12,15.76972260901248,1,59,3,1,0,1,2,0,12.959846800844964,3,0,16.6860424112028,50-59,4.0,7058354.208400004,17646399.99999997,425000.00000000093,28233416.833600014,0
10.181157167204905,9,11.329377681719818,0,21,3,0,0,2,1,0,0.0,4,0,11.423011698301428,Under 30,0.25,83230.21042100004,91400.00000000009,0.0,20807.55260525001,1
9.688498165477789,12,11.128709656194046,0,49,3,0,1,2,2,0,10.524090921620362,2,1,12.90378688119919,40-49,2.0,68097.44488999996,401829.99999999994,37200.000000000015,136194.8897799999,1
8.657129031713755,12,12.917807886490609,1,79,2,0,0,1,2,0,12.138869243416009,4,1,9.491828300264636,65+,8.0,407503.7575199999,13250.0,187000.00000000012,3260030.0601599994,0
8.962007209588313,12,11.53944687502236,1,51,3,0,0,2,1,0,12.522710182912336,1,0,13.59386713090083,50-59,4.0,102686.62324999995,801199.9999999997,274499.99999999994,410746.4929999998,1
10.34306419027306,9,11.175229004346514,1,33,2,1,4,1,1,0,12.727841176689148,5,0,11.863871027302588,30-39,0.75,71340.18036100005,142040.00000000003,337000.0000000006,53505.135270750034,1
8.968396191198256,12,10.85678052964002,1,29,3,1,2,1,1,0,11.944714374881176,4,0,10.923255026881002,Under 30,0.25,51883.76753500001,55450.000000000015,153999.99999999988,12970.941883750003,1
9.169622538697624,8,16.71326487282418,1,87,3,1,0,1,3,0,0.0,4,0,20.25844491583711,65+,8.0,18133376.75400002,628247599.999999,0.0,145067014.03200015,1
13.83531416565213,12,0.0,1,49,3,1,2,1,2,0,0.0,2,0,16.498926546437467,40-49,2.0,0.0,14634999.999999978,0.0,0.0,1
10.84964771801256,13,12.28886975581316,1,39,3,0,3,1,1,0,13.728754784668872,2,0,13.310362121762571,30-39,0.75,217263.27654999957,603415.0000000001,916899.9999999994,162947.45741249967,1
12.37581963951765,12,11.90554792375787,1,42,3,1,0,2,1,0,11.127277689932466,4,0,12.608202196848836,40-49,2.0,148084.91984000005,299000.00000000006,67999.99999999999,296169.8396800001,1
6.660575149839686,8,10.699154876036824,0,61,3,0,0,1,1,0,10.0489289881863,5,0,11.167345882084478,60-64,6.0,44317.38476999999,70780.00000000001,23130.0,265904.3086199999,0
12.611541086966117,13,16.03807664017651,1,61,3,1,0,1,2,0,0.0,2,0,18.2263675864508,60-64,6.0,9230986.973899996,82340000.00000004,0.0,55385921.84339997,1
6.7464121285733745,12,10.74678187553037,1,29,1,0,1,2,1,1,12.428019481065611,1,1,6.7464121285733745,Under 30,0.25,46479.20841700003,850.0000000000002,249699.99999999974,11619.802104250008,0
14.250535115562965,12,12.90714114498904,1,56,3,1,0,1,2,0,11.461642696843066,2,0,15.837852639948684,50-59,4.0,403180.1102200007,7555999.999999996,95000.00000000001,1612720.4408800027,1
4.709530201312334,9,9.383539618396709,0,30,3,0,0,2,2,0,10.373522431293592,3,0,5.739792912179234,30-39,0.75,11890.03006000001,309.99999999999994,31999.999999999993,8917.522545000007,0
10.614007941153416,12,8.760669387895279,0,24,3,0,0,2,1,0,6.018593214496234,2,0,10.813780332606648,Under 30,0.25,6377.379759499998,49700.00000000002,409.99999999999983,1594.3449398749995,1
8.699681400989514,10,11.686049021222916,1,48,0,0,0,2,1,0,11.732871910985468,4,0,12.01974909141692,40-49,2.0,118900.30059999996,165999.99999999974,124600.00000000007,237800.60119999992,0
10.680539205318292,14,12.63805267145564,1,49,3,1,1,1,1,0,11.783723297487764,2,0,14.157326349475303,40-49,2.0,308059.86973999924,1407499.999999999,131099.99999999994,616119.7394799985,1
8.556606193773073,8,11.063113369269184,0,40,1,0,1,1,1,0,11.25416768929685,2,0,11.46374572492597,40-49,2.0,63773.79759499985,95200.00000000007,77200.00000000004,127547.5951899997,0
9.61587214452889,13,11.079920226254767,1,77,3,1,0,2,3,0,0.0,3,0,10.809748150372926,65+,8.0,64854.70941899998,49500.0,0.0,518837.6753519998,0
14.356089722290625,13,15.861825634231275,1,47,3,0,1,1,1,0,15.224055772517731,4,0,16.459200071004563,40-49,2.0,7739328.657299984,14065000.0,4089999.999999997,15478657.314599968,0
8.527341522468053,13,12.121364124132038,1,36,3,0,0,1,1,0,12.850898427033153,4,0,11.4494636972589,30-39,0.75,183755.01001999993,93849.99999999994,381130.00000000035,137816.25751499995,0
8.101980731853192,8,10.897601753215405,0,47,2,1,0,2,2,0,0.0,5,0,8.101980731853192,40-49,2.0,54045.59118200007,3299.999999999998,0.0,108091.18236400014,0
10.712215345197256,12,13.171770772552284,1,55,3,1,3,1,1,0,0.0,2,0,14.860335567656088,50-59,4.0,525323.1462899996,2842899.9999999986,0.0,2101292.5851599984,1
13.060490101343552,9,9.875983398597374,1,88,0,1,0,2,3,0,0.0,3,0,13.06685278163674,65+,8.0,19456.412826000007,473000.00000000006,0.0,155651.30260800006,1
8.756367559802975,13,11.30306069379871,1,31,2,0,1,2,1,0,12.633302506993136,5,0,8.756367559802975,30-39,0.75,81068.38677399996,6349.999999999999,306600.0,60801.290080499966,0
8.014996894348302,12,11.890841876391685,1,62,2,1,2,1,2,0,11.856522261533735,3,0,10.571983369654944,60-64,6.0,145923.09619000013,39025.000000000015,140999.99999999968,875538.5771400008,0
11.156264806643742,12,12.211311892674123,1,66,2,0,0,1,3,0,0.0,4,0,16.118795506002638,65+,8.0,201049.5991999997,10007000.000000004,0.0,1608396.7935999976,1
8.996032669324372,10,11.241186077420563,0,39,3,1,6,1,2,0,6.769641976852503,4,0,12.245634646591958,30-39,0.75,76204.28356699982,208070.00000000015,870.0000000000001,57153.21267524986,1
6.647688373563329,9,9.383539618396709,0,44,3,0,0,2,4,0,5.802118375377063,1,1,6.647688373563329,40-49,2.0,11890.03006000001,769.9999999999998,330.0,23780.06012000002,0
11.127277689932466,13,12.313440904836163,1,61,3,1,1,1,1,0,0.0,4,0,13.138238695062618,60-64,6.0,222667.8356699999,508000.0,0.0,1336007.0140199994,0
13.317931805683791,14,14.305425787551254,1,39,3,1,4,1,1,0,12.891694078557842,5,0,14.847270896023668,30-39,0.75,1632176.8536999992,2806000.0000000014,396999.9999999998,1224132.6402749994,1
9.87822102528824,12,12.232589186385791,1,54,2,1,1,1,1,0,12.570719231334277,2,0,11.874097282798648,50-59,4.0,205373.24649000014,143500.0000000001,287999.9999999999,821492.9859600005,0
14.55506458866523,14,15.190778924223094,1,64,3,1,1,1,2,0,13.83531416565213,1,0,17.57426585030194,60-64,6.0,3956137.2744999966,42894999.99999994,1020000.0000000005,23736823.646999978,1
6.68586094706836,5,8.726188712853201,0,80,0,0,0,2,3,0,0.0,5,0,6.7464121285733745,65+,8.0,6161.1973947999995,850.0000000000002,0.0,49289.579158399996,0
11.635151947212842,11,12.738135820860624,1,73,3,1,0,1,3,0,12.538253544662648,4,0,14.983655439110422,65+,8.0,340487.2244499994,3216020.000000002,278800.00000000035,2723897.795599995,1
5.771441123130016,9,9.875983398597374,1,80,1,0,0,2,3,0,8.216358332386156,2,0,5.771441123130016,65+,8.0,19456.412826000007,320.0,3699.999999999998,155651.30260800006,0
10.106469212026385,12,0.0,1,56,3,0,1,2,2,1,12.668865967876195,2,0,14.20991539279435,50-59,4.0,0.0,1483500.0000000002,317699.9999999992,0.0,1
7.601402334583733,8,10.511947979456522,0,66,2,0,0,2,3,0,6.792344427470809,5,0,7.601402334583733,65+,8.0,36751.00200399998,2000.0,889.9999999999997,294008.01603199984,0
9.179984251961285,8,14.050320063607716,1,76,2,1,0,1,2,0,0.0,4,0,14.092915753752608,65+,8.0,1264666.8336999975,1319700.000000002,0.0,10117334.66959998,0
11.695255355062796,12,0.0,1,56,3,1,2,1,2,0,9.082620630373812,2,0,14.505653731008309,50-59,4.0,0.0,1994000.0000000005,8800.000000000004,0.0,1
9.105090961257083,7,11.764691512444722,1,50,3,0,0,1,2,0,11.726430716744437,2,0,9.105090961257083,50-59,4.0,128628.50701000007,8999.999999999984,123800.00000000009,514514.0280400003,0
12.08954444723597,13,11.560280761065794,1,46,2,1,0,2,1,0,0.0,4,0,13.118357364036902,40-49,2.0,104848.44688999999,497999.9999999996,0.0,209696.89377999998,1
10.601398368945096,12,13.885284284997498,1,64,3,1,2,1,2,0,14.878496014412317,2,0,16.608281186055226,60-64,6.0,1072264.5290999992,16326190.000000006,2895000.0000000014,6433587.174599996,1
7.244941546337007,12,10.792243293398966,0,25,2,0,0,2,1,0,9.800956363888462,2,0,8.987321812850125,Under 30,0.25,48641.03206399999,8000.0000000000055,18050.000000000007,12160.258015999998,0
14.137594781770806,12,13.85975969726927,1,67,3,0,0,1,2,0,0.0,2,0,15.675551690274974,65+,8.0,1045241.7335000003,6423999.999999997,0.0,8361933.868000003,0
13.972515161474428,12,12.569060031831468,1,67,3,0,0,1,3,0,0.0,4,0,17.31413711519686,65+,8.0,287522.54508999985,33069999.999999944,0.0,2300180.360719999,1
13.74830287778897,14,15.027938547702956,1,71,3,1,0,1,2,0,15.981129910564055,4,0,18.155607827396704,65+,8.0,3361635.7715000003,76715000.00000003,8720000.000000006,26893086.172000002,1
12.409017571151187,12,13.334700853838951,0,40,2,0,3,1,2,0,14.325576493240025,5,0,13.71015115341694,40-49,2.0,618281.5631299996,899999.9999999979,1665400.0000000035,1236563.1262599991,0
9.210440366976515,14,0.0,1,70,3,1,0,1,3,0,14.715672314412528,2,0,16.529940432273236,65+,8.0,0.0,15096000.000000022,2459999.999999999,0.0,1
11.83884940627887,14,13.22388667703438,1,40,3,0,2,1,1,0,13.459551072309928,4,0,14.02701139515228,40-49,2.0,553426.8537100005,1235530.0000000019,700499.9999999997,1106853.707420001,1
10.674081767229582,12,13.325921180446723,1,67,3,1,0,1,3,0,4.709530201312334,1,0,12.71054110528028,65+,8.0,612877.0040100004,331219.9999999997,109.99999999999997,4903016.032080003,0
5.707110264748875,2,10.511947979456522,0,35,3,0,4,1,1,0,0.0,5,0,5.707110264748875,30-39,0.75,36751.00200399998,299.9999999999999,0.0,27563.251502999985,0
6.398594934535208,8,10.64914561257346,0,69,3,1,0,2,3,0,0.0,4,0,8.24301946898925,65+,8.0,42155.561122000014,3800.000000000003,0.0,337244.4889760001,0
14.549896126340752,13,12.066970356293536,1,47,3,0,2,2,3,0,0.0,3,0,16.365596226852226,40-49,2.0,174026.80361000024,12808200.0,0.0,348053.6072200005,1
6.878326468291325,9,10.243692364956797,0,31,1,0,3,2,4,0,10.102789129364767,3,1,6.878326468291325,30-39,0.75,28103.707415000037,970.0000000000003,24410.00000000001,21077.780561250027,0
9.305741456739437,13,17.369960485023107,1,88,3,1,0,1,2,0,0.0,4,0,17.182116529363366,65+,8.0,34968578.406999975,28980000.000000004,0.0,279748627.2559998,0
6.042632833682381,8,10.31779779558084,0,43,2,0,0,2,1,0,0.0,1,0,6.042632833682381,40-49,2.0,30265.531061999973,419.9999999999999,0.0,60531.062123999945,0
5.707110264748875,8,9.550580764956187,0,20,2,0,1,2,4,0,0.0,1,0,5.707110264748875,Under 30,0.25,14051.853706999998,299.9999999999999,0.0,3512.9634267499996,0
7.496097345175956,12,12.232589186385791,1,41,3,1,3,1,1,0,12.984229409159887,3,0,12.42440865913169,40-49,2.0,205373.24649000014,248800.00000000017,435489.9999999993,410746.4929800003,0
7.601402334583733,11,11.367598443988374,1,56,3,0,0,1,1,0,12.443911687242986,2,0,7.601402334583733,50-59,4.0,86472.94589200003,2000.0,253699.9999999998,345891.78356800013,0
6.698268054115413,8,10.792243293398966,0,29,1,1,4,1,1,0,9.328212292571072,4,0,6.698268054115413,Under 30,0.25,48641.03206399999,810.0000000000002,11250.000000000002,12160.258015999998,0
7.244941546337007,12,11.92720927582913,0,44,1,0,3,1,1,0,11.51293546492023,4,0,12.325636317135205,40-49,2.0,151327.65530999997,225400.00000000035,100000.00000000004,302655.31061999995,0
10.859018228147889,9,10.35288797609956,0,64,3,1,2,1,3,0,3.713572066704308,5,0,10.859018228147889,60-64,6.0,31346.442886000004,52000.00000000013,40.00000000000001,188078.65731600003,0
11.539577132967588,8,10.792243293398966,1,67,2,0,0,2,3,0,11.489667073393028,2,0,13.66084424522121,65+,8.0,48641.03206399999,856699.9999999995,97700.00000000006,389128.25651199993,1
11.113656123399076,13,11.560280761065794,1,45,3,1,3,1,1,0,12.421188057397057,4,0,13.44456426098797,40-49,2.0,104848.44688999999,690080.0000000003,248000.00000000064,209696.89377999998,1
6.2166061010848646,9,10.16365262239305,0,66,3,0,0,2,1,1,9.200391041122517,5,1,6.2166061010848646,65+,8.0,25941.88376800001,499.9999999999999,9900.00000000002,207535.07014400008,0
10.849356503939038,7,11.079920226254767,1,75,3,1,0,1,3,0,9.472781556562168,2,0,12.198549416880068,65+,8.0,64854.70941899998,198500.00000000006,12999.999999999995,518837.6753519998,0
9.04911472347696,13,11.09644927542817,1,38,3,1,1,1,1,0,12.133238477128485,3,0,10.292518354180867,30-39,0.75,65935.62124200001,29509.999999999985,185950.0000000001,49451.7159315,0
6.78105762593618,8,10.540934738927314,0,63,2,0,0,2,1,0,8.036249942132116,4,1,8.493105395887147,60-64,6.0,37831.91382800001,4879.999999999997,3089.999999999999,226991.48296800005,0
15.85802887524119,12,15.137470384633229,1,66,3,1,0,1,2,1,14.285514812209817,1,0,17.712622970957113,65+,8.0,3750764.028100003,49260000.00000005,1600000.000000004,30006112.224800024,1
12.379609899729042,13,14.108427649734772,1,56,3,1,2,1,3,1,13.842153462620056,2,0,14.60945330061814,50-59,4.0,1340330.6613000007,2212099.9999999986,1027000.0,5361322.645200003,0
9.169622538697624,9,11.42822238555616,1,31,2,1,2,1,2,0,12.80271167900945,1,1,11.772215778919923,30-39,0.75,91877.50500999982,129599.99999999971,363200.0000000001,68908.12875749986,1
0.6931471805599453,3,9.69367212060944,0,19,2,0,0,1,2,1,7.02197642307216,1,1,0.6931471805599453,Under 30,0.25,16213.677355,1.0,1120.0,4053.41933875,0
0.0,1,10.204473075038807,0,63,2,0,0,1,1,0,6.2166061010848646,5,0,6.2166061010848646,60-64,6.0,27022.79559099997,499.9999999999999,499.9999999999999,162136.7735459998,0
13.190023895035274,12,14.535169897126524,1,40,3,1,2,1,2,0,12.948012371209098,4,0,14.22430412061672,40-49,2.0,2053732.464900001,1505000.000000001,420000.0,4107464.929800002,0
8.434028950155469,9,11.079920226254767,0,49,2,1,0,2,1,0,0.0,5,0,8.434028950155469,40-49,2.0,64854.70941899998,4600.0,0.0,129709.41883799995,0
12.388398368982116,10,11.726317803689112,1,73,2,1,0,1,3,0,0.0,4,0,12.448630513463613,65+,8.0,123786.0220399997,254900.0000000001,0.0,990288.1763199976,0
6.55250788703459,8,11.580689440046534,1,40,2,0,1,1,1,0,11.770207606530924,5,1,10.510559281627843,40-49,2.0,107010.27053999992,36699.999999999905,129340.0,214020.54107999985,0
9.53249633228804,13,11.159961747859198,1,50,2,0,0,2,1,0,12.698940998282254,4,0,11.717505780625045,50-59,4.0,70259.268537,122700.00000000029,327400.00000000023,281037.074148,0
13.534474352733596,14,12.796704007940912,1,73,2,1,0,1,3,0,0.0,4,0,16.452136433990578,65+,8.0,361024.5491,13965999.999999996,0.0,2888196.3928,1
10.491301994830229,12,15.852000995085657,1,90,3,1,0,1,3,0,0.0,3,0,17.42280030216352,65+,8.0,7663664.829699996,36865999.999999985,0.0,61309318.63759997,0
15.14576379261087,8,18.07077500717518,1,67,3,1,0,1,2,0,16.118095750958314,5,0,18.92967670089841,65+,8.0,70475450.90199994,166361999.99999973,9999999.999999996,563803607.2159995,0
6.621405651764134,7,10.674462827538376,0,76,3,0,1,1,3,0,0.0,5,0,6.621405651764134,65+,8.0,43236.47294599996,749.9999999999998,0.0,345891.78356799966,0
11.51293546492023,13,14.222619936784795,0,37,3,1,0,1,2,0,13.541075028051122,2,0,14.612116897748976,30-39,0.75,1502467.4348999974,2218000.0000000014,759999.9999999999,1126850.5761749982,1
10.085850775128716,8,11.781358436450864,1,58,3,1,1,1,1,0,12.392556361841775,4,0,13.80202098136326,50-59,4.0,130790.33066000005,986599.9999999997,240999.9999999996,523161.3226400002,1
13.608487618541492,12,11.342280932513091,1,48,2,0,0,2,1,0,0.0,3,0,14.293606977069956,40-49,2.0,84311.12224399998,1613000.0000000002,0.0,168622.24448799997,1
10.40731877238916,13,11.392290774522229,1,90,2,1,1,2,3,0,9.648659816955297,5,0,10.40731877238916,65+,8.0,88634.76953900007,33100.00000000005,15500.000000000036,709078.1563120006,0
15.09786034495228,13,14.200800904078733,1,60,1,1,1,1,2,0,12.154784614286667,4,0,16.692408674877726,60-64,6.0,1470040.0802000035,17759100.000000007,189999.9999999999,8820240.48120002,1
10.70101727068921,12,12.009446852348589,1,76,3,0,0,1,3,0,11.362114203075018,3,0,14.627951188485955,65+,8.0,164298.59719000035,2253399.9999999963,86000.00000000001,1314388.7775200028,1
6.398594934535208,8,10.769770904774589,1,61,1,0,0,2,1,0,9.561771591591862,5,1,6.398594934535208,60-64,6.0,47560.12024000005,600.0,14210.000000000007,285360.7214400003,0
11.51293546492023,9,12.195051453346125,1,56,3,1,2,1,1,0,12.345838935721968,5,0,14.096923772119156,50-59,4.0,197806.86373000027,1325000.0000000007,230000.0000000001,791227.4549200011,1
9.2975267336551,11,11.629960039799675,1,36,2,1,2,1,2,0,11.391898423211194,4,0,11.66057793422889,30-39,0.75,112414.82966000008,115910.00000000001,88599.99999999997,84311.12224500006,1
10.829748417047592,4,11.686049021222916,1,53,2,1,2,1,1,0,12.15583668670316,4,0,11.717505780625045,50-59,4.0,118900.30059999996,122700.00000000029,190200.00000000017,475601.20239999983,0
7.601402334583733,11,12.085432314014094,1,53,2,0,0,1,1,0,8.853808274977197,5,0,7.601402334583733,50-59,4.0,177269.53908000005,2000.0,6999.999999999998,709078.1563200002,0
11.23850177707664,14,13.179967524227235,1,45,3,1,2,1,2,0,13.712370907691596,5,0,12.901719200051184,40-49,2.0,529646.7935899992,401000.00000000064,902000.0000000002,1059293.5871799984,0
7.170888478512505,8,10.769770904774589,1,66,2,0,0,1,1,0,8.25088114470065,2,1,10.902297921958713,65+,8.0,47560.12024000005,54300.000000000044,3830.0000000000014,380480.9619200004,0
5.442417710521793,6,9.6246836542707,1,82,0,1,1,2,3,0,9.746892220313054,1,1,5.442417710521793,65+,8.0,15132.765531000001,229.99999999999994,17100.000000000004,121062.12424800001,0
3.044522437723423,8,10.35288797609956,0,61,3,0,0,2,1,0,0.0,5,0,3.044522437723423,60-64,6.0,31346.442886000004,20.0,0.0,188078.65731600003,0
7.244941546337007,3,10.511947979456522,1,68,2,0,0,2,2,1,14.137159904931943,5,1,13.81691057747944,65+,8.0,36751.00200399998,1001400.0000000002,1379400.0,294008.01603199984,1
12.066816325306588,14,13.497306949363743,1,59,3,1,0,1,1,0,0.0,3,0,16.3995081858682,50-59,4.0,727453.6573099992,13249999.99999999,0.0,2909814.629239997,1
10.308985993422082,6,11.42822238555616,0,43,3,1,0,2,2,0,0.0,1,0,10.819798284210286,40-49,2.0,91877.50500999982,50000.000000000015,0.0,183755.01001999964,0
16.756834215868448,13,17.89517925039979,1,57,3,1,0,2,2,0,0.0,1,0,18.17612075159479,50-59,4.0,59125876.75399995,78304900.0000001,0.0,236503507.0159998,0
10.463131911491969,13,12.569060031831468,1,43,3,1,2,1,1,0,12.75130259456002,2,0,14.397726736476,40-49,2.0,287522.54508999985,1790000.0000000019,344999.9999999997,575045.0901799997,1
8.699681400989514,12,11.028627743384128,0,46,2,0,0,2,1,0,9.77571099759397,2,0,11.6262630788088,40-49,2.0,61611.973947999984,111999.99999999984,17600.00000000001,123223.94789599997,0
6.90875477931522,8,10.121094683881877,0,22,1,0,0,2,1,0,5.739792912179234,4,0,6.90875477931522,Under 30,0.25,24860.97194400006,999.9999999999999,309.99999999999994,6215.242986000015,0
4.406719247264253,7,10.769770904774589,0,55,3,0,1,2,4,0,8.648396877031582,5,0,4.406719247264253,50-59,4.0,47560.12024000005,81.00000000000001,5699.999999999998,190240.4809600002,0
8.648396877031582,8,11.028627743384128,1,67,2,1,0,1,3,0,11.061327409163852,5,0,12.681377821708454,65+,8.0,61611.973947999984,321700.0,63659.99999999984,492895.7915839999,0
6.90875477931522,7,10.569104881654322,1,31,0,0,1,1,1,0,11.944714374881176,1,0,9.952325334619427,30-39,0.75,38912.825651000036,20999.99999999998,153999.99999999988,29184.619238250027,0
10.915106645867503,12,13.685061724568452,1,73,3,1,0,1,1,0,0.0,5,0,16.254111542158643,65+,8.0,877700.4007999991,11457000.000000004,0.0,7021603.206399993,1
8.77971129020447,13,11.99620170679576,0,47,3,1,0,1,1,0,9.012011377036412,2,0,11.648338835562749,40-49,2.0,162136.77355000027,114500.00000000012,8200.000000000007,324273.54710000055,0
9.952325334619427,8,10.31779779558084,1,93,1,0,1,2,3,0,11.78296023574194,2,0,11.174665631549477,65+,8.0,30265.531061999973,71300.00000000004,131000.0000000002,242124.24849599978,0
16.16354700941885,14,16.039246915204878,1,78,3,0,0,1,2,0,0.0,3,0,16.97569742890161,65+,8.0,9241796.092200002,23575000.000000034,0.0,73934368.73760001,0
8.31164394850298,13,11.063113369269184,1,33,1,0,0,2,1,0,10.87806606028079,1,0,10.375707473990891,30-39,0.75,63773.79759499985,32069.999999999927,53000.00000000002,47830.34819624989,0
7.601402334583733,9,10.243692364956797,0,22,2,0,0,2,1,0,9.852246888342531,4,0,7.601402334583733,Under 30,0.25,28103.707415000037,2000.0,18999.999999999985,7025.926853750009,0
6.621405651764134,9,10.16365262239305,1,75,1,1,0,2,3,0,5.707110264748875,5,0,10.15622874028928,65+,8.0,25941.88376800001,25749.999999999945,299.9999999999999,207535.07014400008,0
9.746892220313054,12,11.557183214678306,1,80,2,1,0,1,3,0,11.43281025466844,4,0,10.76004951120163,65+,8.0,104524.17335,47099.99999999999,92299.99999999993,836193.3868,0
13.902606181405073,14,13.33819125313146,1,76,3,1,1,1,1,0,0.0,1,0,16.339317436863723,65+,8.0,620443.3867700006,12476000.000000002,0.0,4963547.0941600045,1
9.852246888342531,9,11.99620170679576,0,41,2,1,1,1,1,0,10.893047333337728,5,0,12.095146671399466,40-49,2.0,162136.77355000027,178999.99999999994,53800.00000000003,324273.54710000055,0
6.2166061010848646,9,10.674462827538376,0,31,1,0,0,2,1,0,0.0,1,0,6.2166061010848646,30-39,0.75,43236.47294599996,499.9999999999999,0.0,32427.354709499967,0
6.091309882077698,12,10.030126736355644,1,61,3,1,0,1,3,0,12.549665896013254,4,0,6.091309882077698,60-64,6.0,22699.14829700001,440.9999999999999,281999.99999999994,136194.88978200007,0
8.33110454805304,12,10.569104881654322,1,48,3,1,0,2,1,0,11.690242855114947,5,0,10.628399837526072,40-49,2.0,38912.825651000036,41289.999999999956,119400.00000000003,77825.65130200007,0
0.6931471805599453,9,10.41957729248823,0,37,2,0,1,2,2,0,9.60245002503719,3,1,0.6931471805599453,30-39,0.75,33508.26653300001,1.0,14800.00000000001,25131.199899750005,0
14.63880886197073,13,16.411818197780786,1,85,3,1,0,1,2,0,0.0,5,0,18.09231557011201,65+,8.0,13414115.730999997,72010000.00000004,0.0,107312925.84799998,0
10.985309671896765,12,10.623170750425082,1,70,2,1,0,2,3,0,7.496097345175956,5,0,13.7736473966179,65+,8.0,41074.649299000004,959000.0000000006,1800.0,328597.19439200003,1
0.6931471805599453,11,10.674462827538376,1,41,1,0,2,2,1,0,9.692828247710418,4,1,8.699848026000312,40-49,2.0,43236.47294599996,6001.0,16199.999999999996,86472.94589199992,0
12.703816069256568,13,12.949141966951167,1,58,3,0,0,2,3,0,7.550135342488429,3,0,15.59502890948938,50-59,4.0,420474.69939999963,5927000.000000001,1899.9999999999993,1681898.7975999985,1
13.698977865303196,14,13.494330760798071,1,51,3,1,1,1,2,0,0.0,4,0,15.671808704579888,50-59,4.0,725291.8336699991,6400000.000000001,0.0,2901167.3346799966,1
14.058457520888082,14,12.946567969094232,1,68,3,1,0,1,1,0,11.461642696843066,4,0,16.37482878262355,65+,8.0,419393.78758000024,12926999.99999998,95000.00000000001,3355150.300640002,1
8.166500319155052,9,10.699154876036824,0,37,2,0,1,2,3,0,7.467942332285852,4,0,10.25839593702714,30-39,0.75,44317.38476999999,28520.00000000001,1750.0000000000002,33238.03857749999,0
6.836259277277067,12,9.6246836542707,1,82,1,0,0,2,3,0,0.0,4,0,6.836259277277067,65+,8.0,15132.765531000001,930.0000000000001,0.0,121062.12424800001,0
11.590821254278314,12,15.220390770919044,1,63,3,1,0,1,2,0,15.59046307836746,2,0,17.637085765028132,60-64,6.0,4075037.5752000036,45676099.99999995,5900000.000000006,24450225.451200023,1
12.08391066125752,14,15.645987764900308,1,58,3,1,0,2,2,0,0.0,2,1,17.47387928264771,50-59,4.0,6236861.222400009,38797999.99999996,0.0,24947444.889600035,1
9.169622538697624,13,11.342280932513091,1,29,2,0,0,1,1,0,12.437783393390324,5,1,11.345701365855424,Under 30,0.25,84311.12224399998,84599.99999999999,252149.9999999999,21077.780560999996,1
0.0,10,8.346773986693254,1,31,2,0,1,2,2,0,0.0,1,0,0.0,30-39,0.75,4215.556112199999,0.0,0.0,3161.667084149999,0
9.952325334619427,13,13.6676700018462,1,75,3,1,0,1,2,0,12.449022745701502,5,0,16.171826068148047,65+,8.0,862567.6352700023,10551999.999999993,255000.0000000001,6900541.082160018,1
12.190964083849376,8,10.35288797609956,0,80,2,1,0,2,3,0,0.0,4,0,13.299674067415213,65+,8.0,31346.442886000004,597000.0000000001,0.0,250771.54308800003,1
12.013706813470414,12,14.550836006297958,1,64,3,1,0,1,2,0,13.235693848424024,5,0,14.975531788240602,60-64,6.0,2086159.8195999982,3189999.9999999995,560000.0000000003,12516958.91759999,0
8.537191877922927,8,10.723251890363157,0,37,0,0,4,1,3,0,10.030164255362632,4,1,9.220389707829185,30-39,0.75,45398.29659299996,10100.000000000004,22700.000000000007,34048.722444749976,0
10.55843949396453,11,11.982778769792814,1,54,2,1,0,1,1,0,12.616528611893465,5,0,11.05881093278828,50-59,4.0,159974.9499,63499.99999999998,301500.0000000007,639899.7996,0
10.545367754151744,8,11.756252709710797,1,82,2,1,0,1,3,0,0.0,5,0,14.331324320256051,65+,8.0,127547.59519000025,1675000.0000000007,0.0,1020380.761520002,1
4.61512051684126,8,9.98133877479715,0,69,2,1,0,2,3,0,0.0,5,0,4.61512051684126,65+,8.0,21618.236473000004,100.00000000000003,0.0,172945.89178400004,0
10.905974329106854,12,12.28886975581316,0,69,1,0,1,1,2,0,11.928347504569842,4,0,11.842236406331557,65+,8.0,217263.27654999957,139000.00000000026,151499.99999999997,1738106.2123999966,0
8.188966863648876,13,11.175229004346514,0,27,2,1,0,2,1,0,9.798182590890704,4,0,10.576457535657257,Under 30,0.25,71340.18036100005,39200.00000000004,17999.999999999993,17835.045090250012,1
7.650168700845001,8,11.234068703381135,1,56,2,0,1,1,1,0,12.043853671041395,5,1,11.430641079947756,50-59,4.0,75663.82765499984,92100.00000000023,170049.99999999974,302655.31061999936,0
7.0909098220799835,9,9.101927216896524,0,26,2,0,2,2,4,0,5.14166355650266,4,1,7.0909098220799835,Under 30,0.25,8971.568136300006,1200.0,170.00000000000009,2242.8920340750014,0
11.829493783451232,8,11.773059697378924,1,54,2,0,2,1,2,0,0.0,1,0,12.92936340877056,50-59,4.0,129709.41884000013,412240.00000000006,0.0,518837.6753600005,0
11.245059091624617,13,12.979523979460671,0,52,3,1,1,1,2,0,0.0,2,0,14.650548283382044,50-59,4.0,433445.64127999893,2304900.0,0.0,1733782.5651199957,1
2.3978952727983707,8,9.818828007928497,1,48,1,0,4,1,1,0,7.741099090035366,4,0,10.596909695290504,40-49,2.0,18375.50100200004,40010.00000000001,2300.0000000000005,36751.00200400008,1
13.853096281403865,12,0.0,1,62,3,1,0,1,2,1,14.386490669521605,4,0,16.503514570111573,60-64,6.0,0.0,14702300.000000022,1770000.0000000016,0.0,1
7.193685818395112,9,10.540934738927314,1,55,2,0,0,1,1,0,11.156264806643742,5,0,10.178502231260229,50-59,4.0,37831.91382800001,26330.000000000036,70000.00000000001,151327.65531200005,0
12.314487491967174,12,8.973561317359966,1,48,2,0,0,1,2,0,14.9240735075185,2,0,16.09153625200604,40-49,2.0,7890.656312600005,9737901.000000006,3029999.999999998,15781.31262520001,1
13.304686600863562,13,13.379152546081029,1,60,3,1,1,1,1,0,13.429849547739444,5,0,15.659229924350877,60-64,6.0,646385.2705400009,6320000.000000006,680000.0000000003,3878311.623240005,1
12.608202196848836,11,11.686049021222916,1,72,3,1,0,1,3,0,13.667011709737965,2,0,12.608202196848836,65+,8.0,118900.30059999996,299000.00000000006,862000.0000000001,951202.4047999997,0
6.825460036255307,6,11.439918298765717,0,33,3,0,1,1,4,0,10.204739634516608,4,0,6.825460036255307,30-39,0.75,92958.41683399999,920.0,27029.999999999993,69718.8126255,0
9.680406499268877,14,11.47420700963637,1,34,2,0,2,1,1,1,11.83138646878959,2,0,11.88518533064729,30-39,0.75,96201.15230500007,145100.00000000006,137500.00000000012,72150.86422875006,1
6.089044875446846,13,9.288237848223762,0,54,3,0,2,1,1,0,7.560601162768557,2,1,6.089044875446846,50-59,4.0,10809.118235999998,440.0,1920.0000000000007,43236.472943999994,0
7.659642954564682,13,12.091511325881504,0,35,2,0,0,2,2,1,9.45727857185611,2,0,7.749753406274437,30-39,0.75,178350.45089999962,2320.0000000000005,12800.0,133762.83817499972,0
5.303304908059076,8,9.470543987306163,1,61,1,0,0,2,3,0,0.0,4,0,7.696667081526462,60-64,6.0,12970.941883999983,2200.0,0.0,77825.6513039999,0
13.422987834701518,12,11.712956250852091,1,34,3,0,1,1,1,0,13.824471290415532,3,0,14.31710429873162,30-39,0.75,122143.03607000002,1651350.0000000005,1009000.0000000001,91607.27705250001,1
10.611547975828367,8,11.219680157476482,1,69,1,1,0,1,3,0,9.259225769705994,5,0,14.72304345168313,65+,8.0,74582.91583199994,2478199.9999999986,10500.000000000005,596663.3266559995,1
11.507922973347435,14,13.631951961404033,1,71,2,1,0,1,2,0,14.06549154204794,2,0,16.49649790801229,65+,8.0,832302.1042100019,14599500.000000026,1284000.0000000012,6658416.833680015,1
8.166500319155052,12,11.028627743384128,1,65,2,1,0,2,1,0,11.555802945530896,5,0,9.050288983827956,65+,8.0,61611.973947999984,8520.000000000002,104380.00000000004,492895.7915839999,0
8.006700845440367,8,11.59073968241829,0,36,1,0,2,1,1,0,11.170449240431308,3,1,11.542493975902508,30-39,0.75,108091.18236000005,103000.00000000001,70999.99999999994,81068.38677000004,1
12.323415584358154,10,12.093267349079325,1,74,3,1,1,1,2,0,0.0,5,0,14.43834310103218,65+,8.0,178663.91533000005,1864199.9999999986,0.0,1429311.3226400004,1
11.754309639974188,8,11.667700038278326,1,71,3,1,0,2,3,0,0.0,5,0,11.754309639974188,65+,8.0,116738.47695000008,127300.00000000001,0.0,933907.8156000007,0
13.215855541983634,14,14.635253309342811,1,67,3,1,0,2,3,0,0.0,5,0,17.26977469217368,65+,8.0,2269914.829699995,31635000.00000003,0.0,18159318.63759996,1
11.434974734252892,12,12.32646249205632,1,61,3,0,2,1,1,0,12.310437165348777,4,0,14.910951489858936,60-64,6.0,225586.29760000057,2990500.000000004,222000.00000000023,1353517.7856000033,1
10.189455656983572,10,11.610542128340578,1,33,2,1,2,1,2,0,12.768544351446794,3,0,10.7433507009603,30-39,0.75,110253.00601000008,46320.00000000012,351000.0000000001,82689.75450750007,0
11.575909653758895,13,13.159348276352128,1,37,3,1,2,1,1,0,12.109016442313738,2,0,12.188422799337028,30-39,0.75,518837.67534999974,196499.99999999997,181500.00000000006,389128.2565124998,0
5.771441123130016,8,9.75820678716859,1,61,3,0,0,1,3,0,10.714439990727769,4,1,5.771441123130016,60-64,6.0,17294.589178000006,320.0,44999.999999999985,103767.53506800003,0
7.601402334583733,13,10.674462827538376,0,43,3,0,0,2,1,0,10.308985993422082,5,0,11.6262630788088,40-49,2.0,43236.47294599996,111999.99999999984,29999.99999999999,86472.94589199992,1
8.699681400989514,12,12.44514969600265,1,35,2,1,0,2,1,0,12.884108726347916,5,0,13.61217085943569,30-39,0.75,254014.2785600001,816000.0000000003,394000.0000000002,190510.70892000006,1
0.6931471805599453,5,10.030126736355644,1,56,1,0,3,2,3,0,8.449128460502108,4,0,0.6931471805599453,50-59,4.0,22699.14829700001,1.0,4669.999999999997,90796.59318800004,0
14.220976332738882,12,13.951585304981757,1,63,3,1,0,1,1,1,13.485645843508928,1,0,15.94147791639854,60-64,6.0,1145766.533100001,8381000.000000001,719020.0000000003,6874599.198600006,1
12.600480176681051,9,10.482095840823945,1,67,3,1,1,2,3,0,9.210440366976515,4,0,12.870565689515162,65+,8.0,35670.09018000006,388699.99999999965,9999.99999999999,285360.72144000046,1
10.567746456002288,12,11.845379821066128,1,56,3,1,0,1,1,0,12.235636302128867,5,0,13.763017596895905,50-59,4.0,139437.6252500001,948860.0000000009,205999.99999999988,557750.5010000004,1
6.647688373563329,7,9.288237848223762,0,59,3,0,0,2,3,0,5.303304908059076,4,1,6.647688373563329,50-59,4.0,10809.118235999998,769.9999999999998,200.0,43236.472943999994,0
11.891368749982083,12,12.269783378614482,1,59,3,1,0,1,1,0,0.0,2,0,14.958586522175736,50-59,4.0,213155.8116199999,3136399.999999999,0.0,852623.2464799996,1
10.691967639914864,12,11.086564666854844,1,85,3,0,0,2,3,0,11.48247656671073,2,0,12.289958727201457,65+,8.0,65287.07414800012,217500.0000000002,96999.99999999999,522296.593184001,0
3.044522437723423,8,11.09644927542817,0,50,1,0,0,1,1,0,10.853232402669228,3,1,10.004282662571022,50-59,4.0,65935.62124200001,22119.999999999985,51700.00000000003,263742.48496800003,0
0.0,7,9.98133877479715,0,35,0,1,0,1,1,0,0.0,1,0,8.071218539969863,30-39,0.75,21618.236473000004,3199.9999999999986,0.0,16213.677354750003,0
13.592368256649284,14,12.85203092281166,1,88,3,1,0,1,3,0,0.0,1,0,14.888805380528378,65+,8.0,381561.87374999945,2925000.0000000023,0.0,3052494.9899999956,0
8.895766604056085,13,10.723251890363157,0,49,3,0,2,2,1,0,9.19023970026918,5,0,8.895766604056085,40-49,2.0,45398.29659299996,7299.999999999996,9799.999999999998,90796.59318599993,0
9.703266755854342,9,9.875983398597374,0,19,2,1,0,2,1,0,0.0,2,0,9.703266755854342,Under 30,0.25,19456.412826000007,16370.000000000005,0.0,4864.103206500002,1
5.484796933490655,9,9.818828007928497,0,76,2,1,0,2,3,0,0.0,5,0,5.484796933490655,65+,8.0,18375.50100200004,239.99999999999994,0.0,147004.00801600033,0
11.160967947884329,13,11.8622901729445,1,75,3,1,0,1,2,0,10.491301994830229,4,0,15.076052052277223,65+,8.0,141815.63125999962,3527329.9999999967,35999.99999999998,1134525.050079997,1
10.50235152577494,9,12.097553606596383,1,55,2,0,1,1,1,0,0.0,4,1,13.125161459119978,50-59,4.0,179431.3627299997,501400.00000000023,0.0,717725.4509199988,0
9.39274525863144,12,11.028627743384128,1,68,3,1,0,2,3,0,5.8888779583328805,3,0,13.415034483903348,65+,8.0,61611.973947999984,669999.9999999998,359.99999999999983,492895.7915839999,1
0.6931471805599453,8,9.930047914868677,0,31,1,0,4,1,4,0,8.716207971151853,1,1,0.6931471805599453,30-39,0.75,20537.32464900002,1.0,6100.000000000004,15402.993486750016,0
12.85294287615046,14,12.744464937390438,1,61,3,1,2,1,1,0,11.728044909070784,3,0,16.400678067239447,60-64,6.0,342649.0481000002,13265509.999999985,123999.99999999984,2055894.288600001,1
13.973369496550454,13,15.64944797541571,1,63,3,1,0,1,1,0,0.0,5,0,17.23376172696195,60-64,6.0,6258479.458900002,30516000.00000001,0.0,37550876.75340001,0
5.707110264748875,7,9.052540104625432,0,28,1,0,1,2,4,0,0.0,2,0,5.707110264748875,Under 30,0.25,8539.203406800001,299.9999999999999,0.0,2134.8008517000003,0
10.16627480445489,12,11.30306069379871,0,27,3,1,0,2,2,0,0.0,4,0,12.03148708857893,Under 30,0.25,81068.38677399996,167960.00000000003,0.0,20267.09669349999,1
9.680406499268877,8,11.20508155522288,0,32,1,0,2,1,1,0,7.678326356506886,5,0,10.591647316585028,30-39,0.75,73502.00400800005,39800.00000000008,2160.000000000001,55126.503006000035,0
8.987321812850125,12,11.507358877993518,1,68,2,1,0,1,3,0,10.5713425658087,4,0,12.460718739865236,65+,8.0,99443.88777600005,258000.00000000015,39000.000000000065,795551.1022080004,0
7.313886831633462,9,11.046019206267973,1,33,3,0,0,1,1,0,12.574185427296197,1,0,11.530775206233024,30-39,0.75,62692.88577200012,101800.00000000003,289000.0000000004,47019.66432900009,1
9.61587214452889,8,11.74774208708152,1,81,1,0,0,1,3,0,6.68586094706836,4,0,9.61587214452889,65+,8.0,126466.68337000003,14999.99999999999,800.0000000000003,1011733.4669600002,0
10.463131911491969,8,10.41957729248823,1,89,2,1,0,1,3,0,11.51293546492023,5,0,10.815790343132422,65+,8.0,33508.26653300001,49799.99999999997,100000.00000000004,268066.1322640001,0
5.707110264748875,3,10.897601753215405,1,48,3,0,3,1,1,0,11.202329530346486,3,0,11.293537353157436,40-49,2.0,54045.59118200007,80300.00000000004,73299.99999999996,108091.18236400014,0
7.359467638255621,13,10.511947979456522,0,56,2,0,0,2,1,0,11.355113089309976,5,0,9.084890521258767,50-59,4.0,36751.00200399998,8820.000000000004,85399.99999999981,147004.00801599992,0
7.867488568699128,13,10.41957729248823,0,29,3,0,0,2,1,0,12.32474861573515,4,0,9.840068404666471,Under 30,0.25,33508.26653300001,18769.999999999967,225200.00000000012,8377.066633250002,1
11.972253562968543,14,16.421441366770612,1,58,3,1,1,1,1,0,15.339390799901627,2,0,18.72380522380105,50-59,4.0,13543825.149999993,135408300.00000006,4589999.999999998,54175300.59999997,1
0.0,1,10.623170750425082,1,64,2,0,1,1,3,0,0.0,2,0,0.0,60-64,6.0,41074.649299000004,0.0,0.0,246447.895794,0
10.385944565501662,10,11.695098780943722,1,76,3,1,0,1,3,0,0.0,2,0,13.487563280400687,65+,8.0,119981.21241999997,720400.0000000002,0.0,959849.6993599997,0
12.055255569732177,13,0.0,1,57,3,1,0,1,2,1,9.852246888342531,1,0,17.590842922737878,50-59,4.0,0.0,43611999.99999998,18999.999999999985,0.0,1
10.130662964963708,11,11.063113369269184,0,23,3,1,0,1,1,0,7.186144304522325,3,0,10.130662964963708,Under 30,0.25,63773.79759499985,25099.999999999993,1319.9999999999998,15943.449398749963,1
10.714439990727769,8,0.0,1,64,2,1,0,1,2,0,0.0,4,0,14.324134359497794,60-64,6.0,0.0,1662999.9999999995,0.0,0.0,1
9.425532393502772,13,10.723251890363157,0,64,3,0,1,2,1,0,0.0,4,0,13.924724539476546,60-64,6.0,45398.29659299996,1115399.9999999998,0.0,272389.7795579998,1
11.278480795900863,8,11.704067376563522,0,35,2,0,7,2,1,1,8.594339400592892,5,0,11.278480795900863,30-39,0.75,121062.12424999992,79099.99999999991,5400.000000000005,90796.59318749994,0
9.575052927597383,8,12.432301604435224,1,61,1,0,0,1,1,0,11.853681370708944,3,0,14.479950088949453,60-64,6.0,250771.54308999993,1943400.0000000037,140600.0000000003,1504629.2585399996,1
6.803505257608338,6,10.204473075038807,0,27,2,0,1,1,4,0,0.0,2,0,6.803505257608338,Under 30,0.25,27022.79559099997,899.9999999999998,0.0,6755.698897749992,0
4.61512051684126,10,11.128709656194046,1,39,2,0,3,1,1,0,12.487488878546143,1,0,9.908524844053396,30-39,0.75,68097.44488999996,20099.999999999996,264999.99999999953,51073.08366749997,0
8.517393171418904,8,10.596503161315889,0,62,2,0,1,1,1,0,0.0,4,0,8.517393171418904,60-64,6.0,39993.7374750001,5000.000000000003,0.0,239962.42485000062,0
8.010027528481734,8,11.570537163972045,0,50,3,1,1,2,1,0,7.00397413672268,5,0,8.869398159883518,50-59,4.0,105929.35871999999,7110.000000000003,1099.9999999999998,423717.43487999996,0
12.004574385508691,8,11.704067376563522,1,39,1,1,0,1,1,0,12.292254928916668,4,0,12.567240979056246,30-39,0.75,121062.12424999992,287000.0000000001,217999.99999999988,90796.59318749994,1
12.520887034998584,14,12.860493574642495,1,67,3,1,0,1,1,0,13.51845266959401,3,0,15.816314789353532,65+,8.0,384804.6092199992,7394999.999999997,742999.9999999998,3078436.873759994,1
0.0,1,10.482095840823945,0,38,2,0,3,1,1,0,0.0,5,0,6.90875477931522,30-39,0.75,35670.09018000006,999.9999999999999,0.0,26752.567635000043,0
14.230926656991397,12,12.002846208646966,1,72,2,0,1,1,2,1,13.771559715366624,5,0,15.244864648008184,65+,8.0,163217.68536999988,4175999.9999999967,956999.9999999998,1305741.482959999,1
5.996452088619021,12,11.629960039799675,1,75,3,0,0,1,1,0,6.55250788703459,2,0,5.996452088619021,65+,8.0,112414.82966000008,401.0,700.0,899318.6372800006,0
8.839421607620602,12,10.897601753215405,1,55,2,0,0,1,3,0,10.99038144825004,4,1,8.839421607620602,50-59,4.0,54045.59118200007,6900.000000000005,59300.000000000095,216182.36472800028,0
5.707110264748875,2,10.204473075038807,1,60,2,0,4,1,1,0,12.178706587466984,3,1,5.707110264748875,60-64,6.0,27022.79559099997,299.9999999999999,194599.99999999983,162136.7735459998,0
14.459468019543394,13,14.958026580065576,1,73,1,1,0,1,3,0,14.346139397261563,5,0,16.069325591586786,65+,8.0,3134644.2885999987,9524000.00000001,1699999.9999999958,25077154.30879999,0
7.550135342488429,8,11.686049021222916,1,63,3,1,0,1,1,0,11.33261388681514,5,0,12.617854428044527,60-64,6.0,118900.30059999996,301899.99999999953,83500.00000000016,713401.8035999998,0
10.448743588106623,13,12.951709356349657,1,40,3,1,3,1,1,0,12.982298689206278,2,0,12.629708330910852,40-49,2.0,421555.6112200006,305499.9999999999,434650.00000000006,843111.2224400012,0
0.0,4,10.99291025098136,0,26,0,0,4,1,1,0,0.0,5,0,0.0,Under 30,0.25,59450.15030100008,0.0,0.0,14862.53757525002,0
14.914523099853708,13,16.550072495689243,1,52,3,0,2,1,2,0,0.0,5,1,15.57529782003054,50-59,4.0,15402993.487000013,5811200.000000005,0.0,61611973.94800005,0
12.570719231334277,14,12.662317215651642,1,74,3,1,0,1,3,0,0.0,3,0,14.776162996180409,65+,8.0,315626.2525100001,2613399.9999999977,0.0,2525010.0200800006,1
9.210440366976515,1,10.91740401772286,0,70,1,0,0,1,3,0,0.0,5,0,9.210440366976515,65+,8.0,55126.503006,9999.99999999999,0.0,441012.024048,0
11.528808656597766,11,11.934326696707894,1,41,3,1,4,1,4,0,12.54254845357358,5,0,11.561725152903833,40-49,2.0,152408.56712999992,104999.99999999997,280000.0,304817.13425999985,0
11.39640288460621,12,12.440885314014931,1,37,2,0,2,1,1,0,13.28567369367297,4,0,11.767575435251748,30-39,0.75,252933.36672999966,129000.0000000001,588700.0000000003,189700.02504749974,0
8.14351740579748,13,11.219680157476482,1,39,3,0,0,2,1,0,11.919729676079625,4,0,10.535849160827809,30-39,0.75,74582.91583199994,37639.99999999997,150200.00000000035,55937.186873999955,0
10.933124826700707,12,11.6093649758401,1,75,3,1,0,1,3,0,10.819798284210286,5,0,13.438634364432907,65+,8.0,110123.29658999978,686000.0,50000.000000000015,880986.3727199982,0
8.839421607620602,8,12.20592107089332,1,52,2,0,2,1,1,0,11.541522639947903,2,1,9.465060106725137,50-59,4.0,199968.68737000017,12900.0,102899.99999999999,799874.7494800007,0
0.0,-1,9.6246836542707,1,83,3,0,1,2,3,0,5.564520407322694,5,0,0.0,65+,8.0,15132.765531000001,0.0,260.00000000000006,121062.12424800001,0
5.673323267171493,11,10.540934738927314,0,22,1,0,0,2,1,0,6.018593214496234,5,0,7.736743682453495,Under 30,0.25,37831.91382800001,2289.999999999999,409.99999999999983,9457.978457000003,0
11.200964361058276,12,10.281431375093115,1,66,2,0,0,2,2,0,0.0,5,0,12.03736401103584,65+,8.0,29184.61923800001,168950.0000000002,0.0,233476.95390400008,0
10.96476135554887,8,10.814221753204103,1,55,3,0,0,2,2,0,8.160803920954665,2,0,12.650120442784765,50-59,4.0,49721.943887999936,311800.00000000064,3499.9999999999977,198887.77555199974,1
14.410494041308816,12,16.034557575344213,1,44,3,1,0,2,2,0,14.279245203127036,4,0,18.771091113355375,40-49,2.0,9198559.619199986,141964999.99999997,1590000.0000000037,18397119.23839997,1
9.952325334619427,9,9.930047914868677,1,88,3,0,1,2,3,0,11.340962076644454,2,0,9.952325334619427,65+,8.0,20537.32464900002,20999.99999999998,84199.99999999999,164298.59719200016,0
0.0,5,9.818828007928497,1,67,2,0,0,2,3,0,9.90353755128617,5,0,6.90875477931522,65+,8.0,18375.50100200004,999.9999999999999,20000.000000000015,147004.00801600033,0
4.110873864173311,8,10.74678187553037,0,57,0,0,2,1,1,0,9.61587214452889,5,0,4.110873864173311,50-59,4.0,46479.20841700003,60.00000000000001,14999.99999999999,185916.83366800012,0
9.61587214452889,8,14.27175259341547,1,66,1,1,0,1,2,0,13.85952840031839,5,0,12.807655372286902,65+,8.0,1578131.2625000002,364999.99999999977,1044999.9999999995,12625050.100000001,0
7.496652438168283,9,10.076644749570695,1,79,1,0,0,1,3,1,8.444837529224097,3,0,10.428275251318173,65+,8.0,23780.060119999976,33800.99999999998,4650.000000000001,190240.4809599998,0
8.701346403039162,8,10.451325058234776,0,47,2,0,0,2,1,0,9.210440366976515,4,0,12.292300799213823,40-49,2.0,34589.17835700002,218009.99999999977,9999.99999999999,69178.35671400004,1
15.927177367974908,12,19.333523005602025,0,64,3,1,0,1,2,0,18.634904641163597,2,0,19.68887827299943,60-64,6.0,249139366.23000002,355444000.0000006,123889999.99999993,1494836197.38,0
11.002116507732016,10,12.92573393238728,1,59,2,1,1,1,1,0,12.460718739865236,2,0,15.665539092548997,50-59,4.0,410746.4929900003,6359999.999999999,258000.00000000015,1642985.9719600012,1
6.948897222313312,10,11.159961747859198,1,31,3,0,4,1,1,0,12.250094315624496,4,0,6.948897222313312,30-39,0.75,70259.268537,1041.0,208999.99999999988,52694.45140275,0
15.239356210682242,14,17.369434860847388,1,70,3,1,0,1,2,0,0.0,5,0,16.72864683781578,65+,8.0,34950202.905999966,18414460.000000026,0.0,279601623.2479997,0
7.02197642307216,5,10.121094683881877,0,42,1,0,4,2,1,0,9.60918360377546,4,0,7.02197642307216,40-49,2.0,24860.97194400006,1120.0,14899.999999999993,49721.94388800012,0
6.580639137284949,7,9.6246836542707,0,25,3,0,0,1,1,0,0.0,4,0,6.580639137284949,Under 30,0.25,15132.765531000001,720.0000000000002,0.0,3783.1913827500002,0
12.524530013005734,13,13.056300109663232,1,57,3,1,1,1,3,0,13.75788250444911,2,0,16.335864866366183,50-59,4.0,468034.81963999994,12433000.000000013,943999.9999999999,1872139.2785599998,1
7.00397413672268,9,10.281431375093115,1,62,2,0,1,2,2,0,11.898194668458824,2,0,7.00397413672268,60-64,6.0,29184.61923800001,1099.9999999999998,147000.00000000015,175107.71542800005,0
4.795790545596741,9,9.550580764956187,1,85,2,0,0,2,3,0,9.15915233520675,4,0,4.795790545596741,65+,8.0,14051.853706999998,120.00000000000003,9500.000000000005,112414.82965599999,0
10.933124826700707,14,13.02104389084568,0,34,3,0,2,1,1,0,12.270928303874424,2,0,12.710480720812354,30-39,0.75,451821.1422799997,331199.99999999977,213399.99999999988,338865.85670999973,0
14.801103820042837,13,14.981877788351476,1,61,3,1,0,1,2,0,0.0,4,0,18.068558293102413,60-64,6.0,3210308.116200001,70319400.00000001,0.0,19261848.697200008,1
13.180634172318978,14,12.085432314014094,1,68,3,1,0,2,1,0,0.0,5,0,14.801700790213175,65+,8.0,177269.53908000005,2680999.999999993,0.0,1418156.3126400004,1
9.956127439860309,8,10.814221753204103,1,23,2,0,0,2,1,0,11.002116507732016,1,0,11.61801494390092,Under 30,0.25,49721.943887999936,111080.00000000016,59999.99999999991,12430.485971999984,1
8.648396877031582,13,11.721766808769676,0,35,1,0,0,1,1,0,11.727238138609684,4,0,10.154285180632154,30-39,0.75,123223.9479000001,25700.00000000002,123900.00000000001,92417.96092500008,0
11.728044909070784,9,11.451478997511789,1,75,3,1,0,1,3,0,0.0,2,0,13.2551462399501,65+,8.0,94039.3286570002,571000.0000000009,0.0,752314.6292560016,0
13.122365377402328,13,12.695990325827466,1,49,3,1,2,1,1,0,0.0,5,0,14.553631582178308,40-49,2.0,326435.3707399998,2091999.9999999998,0.0,652870.7414799996,1
11.771984272428991,9,13.198168194815793,1,54,3,0,1,1,2,0,12.73670383776449,3,0,14.948063941970648,50-59,4.0,539374.9999999997,3103569.9999999995,339999.99999999994,2157499.9999999986,1
9.83953552604361,8,11.159961747859198,1,59,3,1,4,1,4,0,12.984481965722422,4,0,10.580784783666008,50-59,4.0,70259.268537,39370.00000000002,435600.00000000023,281037.074148,0
9.546884034617923,12,14.4121098681318,1,48,2,1,2,1,2,1,14.614818383992796,2,0,15.335898872191862,40-49,2.0,1815931.8637000017,4574000.000000001,2223999.999999999,3631863.7274000035,1
8.665785595466064,12,12.121364124132038,1,43,2,1,0,1,1,0,13.024973235978788,4,0,12.487488878546143,40-49,2.0,183755.01001999993,264999.99999999953,453600.00000000023,367510.02003999986,0
6.846943139585379,10,9.24741970815207,0,64,2,0,0,2,3,0,9.422301633887823,5,0,8.845201135339584,60-64,6.0,10376.753506999996,6940.000000000005,12360.0,62260.52104199998,0
12.025755079404917,12,12.283882237332367,1,57,3,1,1,1,1,0,10.5713425658087,2,0,14.264674159500048,50-59,4.0,216182.3647299995,1567000.0000000012,39000.000000000065,864729.458919998,1
7.244941546337007,8,10.204473075038807,1,48,1,0,0,1,1,0,7.930565854233965,2,1,7.244941546337007,40-49,2.0,27022.79559099997,1399.9999999999995,2780.0000000000005,54045.59118199994,0
12.860221688165131,12,12.002846208646966,1,71,3,0,1,1,3,0,0.0,3,0,13.615474216812432,65+,8.0,163217.68536999988,818700.0000000002,0.0,1305741.482959999,0
5.198497031265826,7,10.64914561257346,0,37,2,0,2,2,1,1,8.988570876215118,5,1,5.198497031265826,30-39,0.75,42155.561122000014,180.00000000000006,8010.0000000000055,31616.67084150001,0
12.866182555987908,12,15.038175358328465,1,75,3,1,0,1,3,0,0.0,5,0,16.97382930123515,65+,8.0,3396224.9499000004,23531000.000000026,0.0,27169799.599200003,0
8.853808274977197,7,11.028627743384128,0,71,2,1,0,2,3,0,0.0,5,0,8.853808274977197,65+,8.0,61611.973947999984,6999.999999999998,0.0,492895.7915839999,0
12.825441415009797,13,12.682656836091438,1,53,3,1,1,1,1,0,12.06105265381003,4,0,15.390885043552649,50-59,4.0,322111.72345000005,4832549.999999997,172999.9999999999,1288446.8938000002,1
12.07254696717504,9,11.845379821066128,1,65,2,1,1,1,3,0,12.165255859329688,5,0,13.824471290415532,65+,8.0,139437.6252500001,1009000.0000000001,191999.99999999997,1115501.0020000008,0
10.463131911491969,9,11.600689921732425,0,43,3,1,2,1,1,0,9.952325334619427,3,0,11.357452244304588,40-49,2.0,109172.09419000008,85600.00000000003,20999.99999999998,218344.18838000015,0
11.825331856826788,8,11.898221933343832,0,33,2,0,3,1,1,0,9.170663554823284,5,0,12.68887218184696,30-39,0.75,147004.00802,324120.0000000002,9609.999999999993,110253.006015,1
5.484796933490655,13,9.69367212060944,0,65,1,0,0,2,3,0,11.61359399043742,5,0,5.484796933490655,65+,8.0,16213.677355,239.99999999999994,110589.99999999997,129709.41884,0
9.741027444837728,13,11.912820634128884,1,49,3,1,0,2,1,0,12.206077645517674,4,0,14.154836575818353,40-49,2.0,149165.83166000003,1404000.0000000007,199999.99999999997,298331.66332000005,1
7.783640596221253,7,11.355019808159389,0,37,2,0,2,1,1,0,7.523481312573497,5,1,7.783640596221253,30-39,0.75,85392.03406799996,2399.999999999999,1849.9999999999993,64044.02555099997,0
11.810070125585671,13,13.763207892396144,1,55,3,0,2,1,4,0,12.563750586299374,4,0,13.170393252627353,50-59,4.0,949040.5811599996,524600.0000000003,286000.00000000023,3796162.3246399984,0
11.949766493586626,9,12.184062387617733,1,68,3,0,0,1,3,0,14.759416845976386,4,0,16.125942880754884,65+,8.0,195645.04007999995,10078779.999999994,2570000.0000000014,1565160.3206399996,1
11.245777778157963,12,11.329377681719818,1,53,3,0,0,2,4,0,9.90353755128617,4,0,13.862924537530676,50-59,4.0,83230.21042100004,1048554.9999999987,20000.000000000015,332920.84168400016,1
9.90353755128617,12,11.99620170679576,1,62,3,0,0,1,1,0,12.087857641588924,4,0,13.31133113254472,60-64,6.0,162136.77355000027,603999.9999999992,177700.00000000012,972820.6413000016,0
8.987321812850125,12,10.64914561257346,0,65,2,0,0,2,2,0,6.398594934535208,4,0,13.186278579318827,65+,8.0,42155.561122000014,532999.9999999988,600.0,337244.4889760001,1
13.726680437153236,12,12.938805982316715,1,66,3,1,0,1,3,0,14.128129847234714,4,0,15.68237765428642,65+,8.0,416151.05210000026,6467999.999999996,1366999.9999999993,3329208.416800002,1
12.623140184369175,14,14.02434459802124,1,35,3,1,2,1,2,0,13.201176406255746,4,0,14.669074885824411,30-39,0.75,1232239.4790000012,2347999.9999999995,541000.0,924179.6092500009,1
8.294299608857235,9,12.627470596661317,1,78,3,1,0,1,3,0,0.0,3,0,14.28113021663838,65+,8.0,304817.13427000016,1593000.0000000005,0.0,2438537.0741600012,0
12.33270970174018,13,12.67929549882185,1,54,3,0,2,1,1,0,13.014780393893403,3,0,14.672900606186316,50-59,4.0,321030.81161999993,2357000.0,448999.99999999994,1284123.2464799997,1
13.780920148390807,12,13.683829439931204,1,51,3,1,2,2,2,0,12.323860125621126,1,0,15.029235950821375,50-59,4.0,876619.4889799992,3365999.999999996,225000.00000000015,3506477.955919997,0
10.22560728293294,14,11.813881383532228,1,78,3,1,0,1,2,0,10.859018228147889,2,0,14.869683553680774,65+,8.0,135113.97795999993,2869600.000000002,52000.00000000013,1080911.8236799994,1
6.734591659972948,3,10.121094683881877,1,69,2,1,0,2,3,0,0.0,2,0,10.710878178453925,65+,8.0,24860.97194400006,44840.00000000002,0.0,198887.77555200047,0
14.548585413259724,11,14.837221782945573,1,66,3,1,1,1,3,0,14.980753240777169,1,0,15.961379967653803,65+,8.0,2777943.3868000014,8549470.000000002,3206700.0000000014,22223547.09440001,0
7.496097345175956,12,10.792243293398966,0,29,0,0,1,2,1,0,9.680406499268877,5,1,8.665785595466064,Under 30,0.25,48641.03206399999,5799.999999999996,16000.00000000003,12160.258015999998,0
4.61512051684126,12,9.930047914868677,0,24,1,0,0,2,3,0,0.0,3,0,4.61512051684126,Under 30,0.25,20537.32464900002,100.00000000000003,0.0,5134.331162250005,0
10.59665973278358,12,13.883266122676138,1,64,3,1,0,1,1,0,13.036807667689546,5,0,15.104771029545422,60-64,6.0,1070102.7054000006,3630099.999999999,458999.99999999977,6420616.232400004,0
13.369849821627524,14,12.784655702984017,0,31,3,1,0,1,1,0,4.61512051684126,4,0,13.81220610426597,30-39,0.75,356700.9017999998,996699.9999999995,100.00000000000003,267525.67634999985,1
7.824445930877619,3,10.623170750425082,1,54,2,0,3,1,3,0,12.175618592671356,5,0,7.824445930877619,50-59,4.0,41074.649299000004,2500.0000000000005,194000.00000000006,164298.59719600002,0
4.110873864173311,6,10.16365262239305,0,33,3,0,2,2,1,0,0.0,1,0,4.110873864173311,30-39,0.75,25941.88376800001,60.00000000000001,0.0,19456.412826000007,0
12.828719569068229,13,14.705134645157148,1,74,3,1,1,1,2,0,16.19163426820315,3,0,17.930584948218023,65+,8.0,2434213.4269000054,61256769.99999996,10763100.0,19473707.415200043,1
3.044522437723423,9,10.64914561257346,0,71,2,0,1,1,1,0,11.082157933374816,3,0,3.044522437723423,65+,8.0,42155.561122000014,20.0,64999.999999999956,337244.4889760001,0
8.987321812850125,8,11.920040833915293,1,39,1,0,0,2,1,0,12.301387370778713,4,0,12.00762780434872,30-39,0.75,150246.74348999996,163999.99999999988,219999.99999999983,112685.05761749997,1
9.952325334619427,8,13.148876996769609,1,41,3,0,3,1,1,0,7.741099090035366,5,0,13.380103119076898,40-49,2.0,513433.1162299997,647000.0000000003,2300.0000000000005,1026866.2324599994,0
9.61587214452889,12,13.56063737597305,1,62,3,1,0,1,1,0,11.918397239722838,4,0,15.095054827301364,60-64,6.0,775013.7775599996,3595000.000000008,150000.00000000006,4650082.665359998,0
11.002116507732016,13,12.356202576168052,1,38,3,1,2,1,1,0,14.083245757717007,2,0,14.603968372873895,30-39,0.75,232396.04207999996,2199999.9999999995,1306999.9999999998,174297.03155999997,1
9.305741456739437,13,11.955379969271414,0,36,3,0,1,1,1,0,0.0,3,0,11.6172944892629,30-39,0.75,155651.30261,111000.00000000004,0.0,116738.47695750001,0
13.451668563394817,14,15.053336730851104,1,48,3,1,1,1,2,0,0.0,4,0,16.094212812912026,40-49,2.0,3448108.7174000004,9764000.000000017,0.0,6896217.434800001,1
5.442417710521793,5,9.550580764956187,0,57,3,0,0,2,3,0,0.0,4,0,5.442417710521793,50-59,4.0,14051.853706999998,229.99999999999994,0.0,56207.41482799999,0
12.757082940769225,12,13.437610658719988,1,51,3,0,1,1,2,0,13.577254637874743,2,0,14.813197296773918,50-59,4.0,685298.09619,2711999.999999998,787999.9999999994,2741192.38476,0
10.085850775128716,8,11.59073968241829,1,53,2,1,1,1,2,0,12.189440088248316,2,0,10.085850775128716,50-59,4.0,108091.18236000005,23999.999999999945,196700.0000000003,432364.7294400002,0
11.661354090741,13,11.380020821211884,1,76,3,1,0,1,3,0,0.0,3,0,13.66932920519293,65+,8.0,87553.85771500022,864000.0000000002,0.0,700430.8617200018,1
8.987321812850125,10,11.010928456106528,1,58,3,0,0,2,1,0,11.940158587995835,2,0,8.987321812850125,50-59,4.0,60531.06212399997,8000.0000000000055,153299.99999999962,242124.24849599987,0
10.950824090522444,12,11.73915841150484,1,68,3,0,0,1,3,0,13.498057700804251,5,0,14.626441218624947,65+,8.0,125385.7715399999,2249999.999999997,727999.9999999986,1003086.1723199992,1
10.84155934547194,13,11.73915841150484,1,54,2,0,0,2,1,0,12.069112524385533,5,1,12.226370248344972,50-59,4.0,125385.7715399999,204099.99999999985,174400.00000000023,501543.0861599996,0
9.012011377036412,10,10.596503161315889,1,62,2,0,1,2,3,0,11.324195417595108,4,0,9.012011377036412,60-64,6.0,39993.7374750001,8200.000000000007,82800.0000000001,239962.42485000062,0
17.217341105801083,12,11.175229004346514,0,77,3,1,0,1,2,1,0.0,5,0,18.933438505936564,65+,8.0,71340.18036100005,166988999.99999988,0.0,570721.4428880004,1
11.976665770490769,12,12.74130538631704,1,63,3,1,1,1,1,0,12.264346270624156,2,0,13.8924725250259,60-64,6.0,341568.1362699992,1080000.0000000002,211999.9999999998,2049408.8176199952,0
11.542493975902508,12,12.866095815680175,1,38,3,0,3,1,1,0,12.07254696717504,5,0,13.478639641880966,30-39,0.75,386966.4328699996,714000.0000000006,175000.00000000012,290224.8246524997,1
11.695255355062796,12,12.665736011575566,1,78,3,1,0,1,3,0,12.754196944209095,4,0,14.49151208833612,65+,8.0,316707.16432999994,1966000.0000000044,346000.0,2533657.3146399995,0
4.51085950651685,8,10.243692364956797,0,65,1,0,2,2,3,0,0.0,4,0,4.51085950651685,65+,8.0,28103.707415000037,89.99999999999997,0.0,224829.6593200003,0
7.937731775260109,11,10.281431375093115,1,45,1,1,2,2,1,0,8.006700845440367,2,0,9.942756341456828,40-49,2.0,29184.61923800001,20800.000000000004,2999.9999999999995,58369.23847600002,0
11.338583982516496,10,12.060739842420068,1,61,2,1,0,1,1,0,11.002116507732016,2,0,12.923914877701906,60-64,6.0,172945.89178,409999.9999999997,59999.99999999991,1037675.35068,0
7.601402334583733,2,10.99291025098136,0,47,2,0,3,1,1,1,8.517393171418904,2,0,7.601402334583733,40-49,2.0,59450.15030100008,2000.0,5000.000000000003,118900.30060200016,0
13.292951364319082,9,13.004155710524866,1,66,3,1,1,2,1,0,11.918397239722838,2,0,13.820300069918506,65+,8.0,444254.7595199997,1004800.0000000001,150000.00000000006,3554038.0761599974,0
11.419724060136213,12,14.215399693591849,1,65,3,1,0,1,3,0,14.164469510054335,4,0,15.582823805078664,65+,8.0,1491658.3165999993,5855100.000000001,1417590.0000000002,11933266.532799995,0
10.322230781590136,8,9.98133877479715,1,76,3,1,0,1,3,0,0.0,5,0,14.029331589310814,65+,8.0,21618.236473000004,1238400.0000000007,0.0,172945.89178400004,1
0.0,9,9.6246836542707,0,40,1,0,0,2,3,0,0.0,4,0,0.0,40-49,2.0,15132.765531000001,0.0,0.0,30265.531062000002,0
9.741027444837728,11,10.41957729248823,0,56,2,0,1,2,1,0,11.12580604097884,5,0,9.798182590890704,50-59,4.0,33508.26653300001,17999.999999999993,67900.0000000001,134033.06613200004,0
8.639587799629844,8,11.046019206267973,1,39,2,0,0,1,1,1,6.398594934535208,4,0,10.227417172661774,30-39,0.75,62692.88577200012,27649.999999999996,600.0,47019.66432900009,0
7.280008252884188,6,10.386788464403516,0,26,2,0,4,2,1,0,0.0,1,0,7.280008252884188,Under 30,0.25,32427.35470899998,1450.0,0.0,8106.838677249995,0
0.6931471805599453,8,9.69367212060944,0,68,2,0,1,2,3,0,5.442417710521793,5,1,0.6931471805599453,65+,8.0,16213.677355,1.0,229.99999999999994,129709.41884,0
9.83097062169695,8,11.528864869228295,1,47,3,1,6,1,2,0,13.724163614154635,4,0,12.348444223321136,40-49,2.0,101605.71141999982,230600.00000000006,912699.9999999987,203211.42283999964,1
7.467942332285852,8,10.076644749570695,0,36,1,0,1,2,2,0,9.305741456739437,2,0,9.37169362233394,30-39,0.75,23780.060119999976,11749.999999999984,11000.000000000011,17835.04508999998,0
9.433563920090563,9,10.99291025098136,1,26,3,0,1,1,1,0,6.566672429803241,5,0,9.433563920090563,Under 30,0.25,59450.15030100008,12500.0,709.9999999999998,14862.53757525002,0
7.901377353792616,8,11.010928456106528,1,36,2,0,2,1,2,0,12.138869243416009,5,0,9.568084743872936,30-39,0.75,60531.06212399997,14300.000000000002,187000.00000000012,45398.29659299998,0
13.353476685668044,9,10.623170750425082,1,85,2,1,1,1,3,0,0.0,5,0,13.554147092530322,65+,8.0,41074.649299000004,769999.9999999997,0.0,328597.19439200003,1
9.105090961257083,14,12.662317215651642,0,71,2,1,0,1,1,0,9.741027444837728,5,0,13.31957518872681,65+,8.0,315626.2525100001,608999.9999999999,16999.99999999999,2525010.0200800006,0
6.769641976852503,8,9.930047914868677,0,46,2,0,3,1,1,0,9.417435838868784,2,0,8.569975376855206,40-49,2.0,20537.32464900002,5269.999999999995,12299.999999999982,41074.64929800004,0
13.319410971901114,14,16.078242677639498,1,59,3,1,3,1,2,0,15.765697406034349,3,0,17.19094220227693,50-59,4.0,9609306.112199998,29236899.99999999,7030000.000000004,38437224.44879999,0
11.170449240431308,12,12.514993003785928,1,41,3,1,4,1,1,0,12.612540583969206,5,0,13.522482219667571,40-49,2.0,272389.7795599999,745999.9999999986,300299.99999999977,544779.5591199998,1
11.245059091624617,12,11.649008066953392,1,61,3,1,0,2,2,0,8.517393171418904,5,0,11.245059091624617,60-64,6.0,114576.65330999994,76500.00000000009,5000.000000000003,687459.9198599996,0
13.102162710901052,12,13.260324008583469,1,51,3,0,1,1,4,0,12.345838935721968,2,0,14.832913152739676,50-59,4.0,573964.1783600013,2766000.0000000047,230000.0000000001,2295856.713440005,1
12.278397958261774,12,12.689345803522986,1,58,0,0,2,1,1,0,10.203629181337648,1,0,14.168278579812432,50-59,4.0,324273.54709000007,1423000.000000001,26999.999999999978,1297094.1883600003,1
10.62135173563291,10,11.404411999129266,1,87,2,1,0,2,3,0,0.0,5,0,13.855693308211436,65+,8.0,89715.68136300004,1040999.9999999974,0.0,717725.4509040003,1
8.101980731853192,3,10.936821754744528,1,79,2,0,2,2,2,0,10.030164255362632,2,0,8.101980731853192,65+,8.0,56207.41482999999,3299.999999999998,22700.000000000007,449659.3186399999,0
11.395053675375332,14,11.969173203349216,0,62,0,1,0,1,2,1,0.0,2,0,12.753850064246318,60-64,6.0,157813.12625000012,345880.0000000003,0.0,946878.7575000008,0
9.32375833901174,8,11.73915841150484,1,52,3,0,3,1,2,0,12.567937598044296,1,0,9.422301633887823,50-59,4.0,125385.7715399999,12360.0,287200.00000000023,501543.0861599996,0
9.210440366976515,12,11.639529406064158,1,39,3,0,1,1,1,0,6.398594934535208,2,0,9.210440366976515,30-39,0.75,113495.74147999997,9999.99999999999,600.0,85121.80610999998,0
8.517393171418904,14,13.25843899716391,1,67,3,1,0,2,1,0,0.0,5,0,15.476591893483718,65+,8.0,572883.2665299996,5265000.0,0.0,4583066.132239996,1
10.239995502805316,9,11.046019206267973,1,63,3,1,0,2,3,0,0.0,4,0,14.480773049173369,60-64,6.0,62692.88577200012,1944999.999999999,0.0,376157.3146320007,1
13.776770769148342,14,14.325098541209098,1,68,3,1,0,2,2,0,13.428819607281946,3,0,16.48703514686376,65+,8.0,1664604.2084000004,14461999.999999994,679300.0000000003,13316833.667200003,1
6.2166061010848646,12,11.046019206267973,1,36,3,0,0,2,2,0,13.142951970258446,5,1,12.522710182912336,30-39,0.75,62692.88577200012,274499.99999999994,510399.99999999965,47019.66432900009,1
12.134850505354908,14,14.65738747386079,1,69,3,1,1,1,2,0,12.206077645517674,2,0,17.985522902584297,65+,8.0,2320717.6853999984,64716249.999999896,199999.99999999997,18565741.483199988,1
11.239816684367907,12,11.962300367785083,1,55,3,0,1,2,1,0,12.42985998956537,1,0,13.811503540582295,50-59,4.0,156732.2144299997,995999.9999999999,250160.0,626928.8577199988,1
13.20291241840797,12,17.77776178072472,1,70,3,1,0,1,2,0,0.0,4,0,17.212430169667957,65+,8.0,52575551.10200007,29871940.000000007,0.0,420604408.8160006,0
7.736743682453495,13,11.730500418141489,1,35,2,0,2,2,1,0,9.210440366976515,4,1,12.564065221011072,30-39,0.75,124304.8597200003,286090.00000000006,9999.99999999999,93228.64479000022,1
12.381709408795407,14,13.094809883705356,1,52,3,1,2,1,2,0,13.425428028998196,3,1,16.29429022607578,50-59,4.0,486410.3206399997,11926700.000000004,677000.0000000002,1945641.2825599988,1
9.90353755128617,5,10.674462827538376,0,50,1,0,0,1,2,0,9.305741456739437,5,1,9.9311513565186,50-59,4.0,43236.47294599996,20559.999999999956,11000.000000000011,172945.89178399983,0
9.862717639992916,12,12.95682444491998,1,59,3,0,0,1,1,0,12.567240979056246,5,0,15.181398364460582,50-59,4.0,423717.4348699998,3919199.9999999986,287000.0000000001,1694869.7394799993,1
9.846970109700957,8,11.695098780943722,0,34,2,1,1,1,1,0,10.761322558837014,5,0,9.87822102528824,30-39,0.75,119981.21241999997,19500.0,47159.99999999998,89985.90931499997,0
6.2166061010848646,9,11.485380194730258,1,67,3,1,0,1,3,0,9.742790491838836,4,0,13.24369743404947,65+,8.0,97282.06412800006,564499.9999999998,17029.999999999996,778256.5130240005,0
13.997832948091215,12,14.78120716213499,1,58,1,1,0,1,1,0,0.0,4,0,16.781299006665026,50-59,4.0,2626615.7315000007,19409999.999999993,0.0,10506462.926000003,1
6.226536669287466,8,10.99291025098136,1,56,2,0,5,1,1,1,11.96731406169306,2,1,6.226536669287466,50-59,4.0,59450.15030100008,505.0000000000001,157520.00000000003,237800.60120400033,0
8.006700845440367,9,10.540934738927314,0,35,3,0,1,2,1,1,8.537191877922927,2,0,8.987321812850125,30-39,0.75,37831.91382800001,8000.0000000000055,5100.000000000004,28373.935371000007,0
11.874097282798648,12,11.704067376563522,1,38,3,1,3,1,1,0,12.07254696717504,4,0,13.782471737477271,30-39,0.75,121062.12424999992,967500.0000000003,175000.00000000012,90796.59318749994,1
6.447305862541213,10,10.540934738927314,0,60,2,1,2,1,1,0,9.179984251961285,1,0,6.447305862541213,60-64,6.0,37831.91382800001,629.9999999999998,9700.000000000013,226991.48296800005,0
7.762596048540069,12,11.159961747859198,1,26,3,1,0,1,1,0,11.792683726788956,4,0,8.612685172875459,Under 30,0.25,70259.268537,5500.000000000004,132279.99999999994,17564.81713425,0
7.438971592395862,12,11.712956250852091,1,42,3,0,2,1,1,0,12.945867219975694,2,1,9.525224101853109,40-49,2.0,122143.03607000002,13700.000000000002,419099.99999999994,244286.07214000003,0
9.04911472347696,8,11.079920226254767,1,58,3,0,0,1,1,0,8.160803920954665,5,1,9.04911472347696,50-59,4.0,64854.70941899998,8509.999999999987,3499.9999999999977,259418.8376759999,0
12.73670383776449,12,14.672640825250475,1,63,3,1,0,1,2,0,14.422555584429787,2,0,17.10726506543359,60-64,6.0,2356387.7756000008,26889999.999999955,1835000.0,14138326.653600004,1
8.748463629942055,12,10.792243293398966,0,22,2,1,0,2,1,0,10.389026137075234,4,0,8.748463629942055,Under 30,0.25,48641.03206399999,6299.999999999997,32499.99999999997,12160.258015999998,0
11.142021191163188,13,12.63805267145564,0,33,3,1,0,1,1,1,13.043127510813632,4,0,14.284895871091992,30-39,0.75,308059.86973999924,1599010.0000000012,461909.999999999,231044.9023049994,1
11.429554725537322,12,12.427981960528005,1,65,3,1,1,1,3,0,10.12667110305036,2,0,13.282781802386296,65+,8.0,249690.63126000002,587000.0000000005,25000.000000000004,1997525.0500800002,0
6.803505257608338,12,9.930047914868677,0,55,0,0,0,2,3,0,0.0,5,0,6.85751406254539,50-59,4.0,20537.32464900002,950.0,0.0,82149.29859600008,0
12.441148720271016,9,10.74678187553037,1,68,3,0,0,1,2,0,0.0,4,0,12.441148720271016,65+,8.0,46479.20841700003,253000.0000000001,0.0,371833.66733600025,0
10.5713425658087,8,12.211311892674123,1,47,2,0,3,1,1,0,11.728044909070784,5,0,13.418015107599418,40-49,2.0,201049.5991999997,672000.0000000002,123999.99999999984,402099.1983999994,1
8.11102783819368,8,10.897601753215405,1,56,3,1,0,1,3,0,7.741099090035366,4,0,8.11102783819368,50-59,4.0,54045.59118200007,3330.0000000000005,2300.0000000000005,216182.36472800028,0
9.61587214452889,8,11.079920226254767,1,75,2,1,0,1,3,0,9.503084610020228,4,0,11.643962499267984,65+,8.0,64854.70941899998,113999.99999999996,13399.999999999989,518837.6753519998,0
9.888424674859085,12,10.623170750425082,1,80,3,0,0,2,3,0,12.206077645517674,3,0,9.888424674859085,65+,8.0,41074.649299000004,19700.000000000047,199999.99999999997,328597.19439200003,0
11.31448672129398,8,11.695098780943722,1,71,1,1,0,1,1,0,9.717218213494077,4,0,13.350297037805756,65+,8.0,119981.21241999997,628000.0000000002,16600.000000000007,959849.6993599997,0
3.951243718581427,8,10.451325058234776,0,52,2,0,0,2,1,0,8.263848131368906,5,0,3.951243718581427,50-59,4.0,34589.17835700002,50.999999999999986,3880.0,138356.71342800008,0
6.154858094016418,12,11.128709656194046,0,49,1,0,1,1,1,1,9.936970683352676,2,1,6.154858094016418,40-49,2.0,68097.44488999996,470.0,20680.0,136194.8897799999,0
8.006700845440367,6,11.507358877993518,1,42,0,0,2,1,1,0,12.901719200051184,5,0,10.757924157061597,40-49,2.0,99443.88777600005,46999.99999999999,401000.00000000064,198887.7755520001,0
6.175867270105761,8,9.288237848223762,0,64,2,0,0,2,3,0,0.0,2,0,6.175867270105761,60-64,6.0,10809.118235999998,479.99999999999994,0.0,64854.70941599999,0
0.0,3,10.243692364956797,0,29,1,0,2,2,1,0,9.200391041122517,4,0,0.0,Under 30,0.25,28103.707415000037,0.0,9900.00000000002,7025.926853750009,0
7.783640596221253,9,11.190266672490848,1,76,2,1,0,1,1,0,9.902036500268814,1,0,9.425532393502772,65+,8.0,72421.09218400005,12399.999999999998,19970.00000000001,579368.7374720004,0
0.6931471805599453,12,9.288237848223762,0,56,2,0,0,2,3,0,11.68352019721342,5,1,0.6931471805599453,50-59,4.0,10809.118235999998,1.0,118600.0000000001,43236.472943999994,0
9.61587214452889,12,12.121364124132038,1,42,2,1,3,1,1,0,12.468440756144114,4,0,11.976665770490769,40-49,2.0,183755.01001999993,159000.00000000026,259999.9999999998,367510.02003999986,0
8.36450810375059,8,10.35288797609956,1,77,3,0,1,2,2,0,11.47937902264955,4,0,8.36450810375059,65+,8.0,31346.442886000004,4291.000000000001,96700.00000000004,250771.54308800003,0
13.199326270390594,12,14.088060362254796,1,78,3,0,0,1,2,0,11.678448377988165,5,0,17.283587499642902,65+,8.0,1313307.8656999967,32074999.999999974,118000.00000000009,10506462.925599974,1
9.770013301136158,8,10.814221753204103,1,74,3,1,0,2,2,0,11.373674891823535,2,1,9.975854724662028,65+,8.0,49721.943887999936,21499.999999999985,86999.99999999994,397775.5511039995,0
13.019668195475589,14,14.586463167185212,1,49,3,1,2,1,2,0,11.51293546492023,2,0,15.5556610689531,40-49,2.0,2161823.6473000017,5698200.000000004,100000.00000000004,4323647.294600003,1
7.0909098220799835,10,11.610542128340578,0,48,3,0,1,2,1,0,10.463131911491969,5,1,9.83097062169695,40-49,2.0,110253.00601000008,18599.999999999996,35000.00000000007,220506.01202000017,0
11.407576060361786,12,11.969173203349216,1,72,2,1,0,1,2,0,11.97603664577121,4,0,14.18431237326354,65+,8.0,157813.12625000012,1445999.999999999,158899.9999999999,1262505.010000001,1
9.34145634983372,12,11.42822238555616,0,54,2,1,2,1,1,0,9.210440366976515,1,0,13.111102207777297,50-59,4.0,91877.50500999982,494400.00000000116,9999.99999999999,367510.0200399993,1
11.990531373522732,13,13.167647063248406,1,46,3,1,2,1,2,0,14.968611347572969,2,0,14.886142008749976,40-49,2.0,523161.32265000016,2917220.000000007,3167999.999999998,1046322.6453000003,1
4.110873864173311,13,10.723251890363157,0,27,2,0,0,2,1,0,11.883737014578514,4,1,4.110873864173311,Under 30,0.25,45398.29659299996,60.00000000000001,144890.0000000001,11349.57414824999,0
7.550135342488429,11,11.600689921732425,0,65,2,0,0,1,3,0,8.412054873292933,5,1,13.64579046811988,65+,8.0,109172.09419000008,843900.0000000014,4499.999999999999,873376.7535200006,0
4.290459441148391,9,10.674462827538376,1,37,2,0,3,2,1,0,11.636920278634465,2,0,4.290459441148391,30-39,0.75,43236.47294599996,71.99999999999999,113200.00000000029,32427.354709499967,0
7.378383712996715,9,11.485380194730258,1,35,2,0,2,1,1,1,12.4564460756556,1,0,7.378383712996715,30-39,0.75,97282.06412800006,1600.0000000000011,256900.0000000003,72961.54809600004,0
7.099201743553092,8,10.974561423798535,1,78,2,1,2,2,3,0,7.937731775260109,4,0,9.324650718153594,65+,8.0,58369.23847699994,11210.0,2800.000000000001,466953.9078159995,0
7.696667081526462,8,10.897601753215405,0,46,2,0,0,2,1,0,0.0,5,0,7.696667081526462,40-49,2.0,54045.59118200007,2200.0,0.0,108091.18236400014,0
7.783640596221253,13,12.14462086116848,1,53,2,1,0,1,1,0,13.049794835104816,5,0,7.783640596221253,50-59,4.0,188078.65731000004,2399.999999999999,465000.00000000023,752314.6292400002,0
0.0,9,10.076644749570695,1,60,2,0,0,1,3,0,0.0,3,0,8.071218539969863,60-64,6.0,23780.060119999976,3199.9999999999986,0.0,142680.36071999985,0
9.69898173460629,12,11.695098780943722,1,54,3,1,1,1,1,0,13.091906231773164,5,0,9.69898173460629,50-59,4.0,119981.21241999997,16300.00000000001,484999.99999999965,479924.84967999987,0
5.3981627015177525,11,10.243692364956797,0,57,2,0,0,2,3,0,10.975088291957388,4,0,5.3981627015177525,50-59,4.0,28103.707415000037,219.99999999999991,58399.999999999985,112414.82966000015,0
3.828641396489095,10,11.42822238555616,0,30,1,0,2,1,1,0,9.09952053687094,2,1,3.828641396489095,30-39,0.75,91877.50500999982,45.0,8950.000000000015,68908.12875749986,0
7.378383712996715,9,8.931602548935768,0,24,3,0,0,2,1,0,8.853808274977197,2,0,7.8713112033234065,Under 30,0.25,7566.382765499997,2620.0000000000005,6999.999999999998,1891.5956913749992,1
7.824445930877619,1,11.496429917961311,1,67,1,1,0,1,3,0,7.601402334583733,4,0,10.811766273800105,65+,8.0,98362.9759519998,49599.99999999997,2000.0,786903.8076159984,0
13.559328444560691,13,12.772460464301396,1,73,3,1,0,1,2,0,13.279368835614244,2,0,15.106669998920973,65+,8.0,352377.2545099998,3637000.0000000037,585000.0000000014,2819018.0360799986,1
9.820160289946374,12,10.16365262239305,0,23,3,0,0,2,4,0,12.220966184120163,4,0,9.820160289946374,Under 30,0.25,25941.88376800001,18399.999999999993,202999.99999999956,6485.470942000003,1
12.611541086966117,8,13.942106569283686,1,64,3,1,0,1,2,0,13.1421679654829,2,0,14.63440938474679,60-64,6.0,1134957.4147999994,2268000.0000000014,509999.9999999998,6809744.488799997,0
5.831882477283517,6,10.41957729248823,0,57,2,0,1,2,1,0,0.0,2,0,5.831882477283517,50-59,4.0,33508.26653300001,340.00000000000006,0.0,134033.06613200004,0
11.39640288460621,5,12.085432314014094,1,66,2,1,0,1,2,0,0.0,5,0,12.73670383776449,65+,8.0,177269.53908000005,339999.99999999994,0.0,1418156.3126400004,0
6.2166061010848646,8,10.897601753215405,1,40,3,0,2,1,1,0,12.273735966890268,2,1,9.39274525863144,40-49,2.0,54045.59118200007,11999.999999999978,214000.00000000017,108091.18236400014,0
9.44943600950432,8,12.56529356217316,1,50,3,0,2,1,4,0,13.317931805683791,5,0,13.724163614154635,50-59,4.0,286441.6332700001,912699.9999999987,607999.9999999987,1145766.5330800004,0
11.891368749982083,13,12.419286288567474,1,56,3,1,3,1,1,0,12.233692676364548,4,0,14.824964074730705,50-59,4.0,247528.8076200001,2744099.999999998,205599.9999999999,990115.2304800004,1
10.691967639914864,12,12.308574737108612,1,78,3,1,0,2,2,0,12.206077645517674,5,0,13.260386417460465,65+,8.0,221586.92385000005,574000.0000000001,199999.99999999997,1772695.3908000004,0
0.0,9,9.75820678716859,0,42,1,0,0,2,1,0,0.0,5,0,0.0,40-49,2.0,17294.589178000006,0.0,0.0,34589.17835600001,0
13.407543823396258,12,13.094809883705356,1,60,2,1,0,1,2,0,0.0,2,0,15.563840643329382,60-64,6.0,486410.3206399997,5744999.999999999,0.0,2918461.9238399984,1
10.322230781590136,9,10.511947979456522,1,73,2,1,1,1,3,0,7.00397413672268,4,0,10.322230781590136,65+,8.0,36751.00200399998,30400.000000000025,1099.9999999999998,294008.01603199984,0
9.441531454869692,12,9.69367212060944,0,49,1,0,0,2,1,0,0.0,4,0,9.441531454869692,40-49,2.0,16213.677355,12599.99999999998,0.0,32427.35471,0
12.301387370778713,13,17.058790611209968,1,57,3,1,0,2,2,1,0.0,1,0,18.73556448112803,50-59,4.0,25617610.219999954,137010000.00000018,0.0,102470440.87999982,1
8.556606193773073,3,11.367598443988374,1,41,2,0,6,1,2,0,11.863025843741806,2,0,9.23024103368252,40-49,2.0,86472.94589200003,10200.000000000005,141919.9999999999,172945.89178400006,0
8.289288323000317,8,10.451325058234776,1,57,2,0,0,2,1,0,10.545367754151744,4,1,12.389564350766658,50-59,4.0,34589.17835700002,240280.00000000017,38000.00000000008,138356.71342800008,1
13.204866440535003,12,12.59869172789388,1,70,3,1,0,1,3,0,0.0,2,0,14.94063526578453,65+,8.0,296169.8396799999,3080600.000000002,0.0,2369358.7174399993,1
6.55250788703459,5,10.204473075038807,0,80,2,0,0,1,3,0,6.2166061010848646,4,0,6.55250788703459,65+,8.0,27022.79559099997,700.0,499.9999999999999,216182.36472799975,0
9.04793908261736,13,11.234068703381135,1,31,3,1,0,1,2,0,11.458479838780509,4,0,10.725489582719506,30-39,0.75,75663.82765499984,45499.99999999997,94700.0000000001,56747.87074124988,0
13.910821646859096,12,14.278578554215343,1,49,3,0,1,1,2,1,0.0,2,0,14.69513772040451,40-49,2.0,1588940.3807999992,2409999.999999998,0.0,3177880.7615999985,0
8.764209507142004,9,12.232589186385791,1,34,3,1,1,1,1,0,12.724869415131389,4,0,12.99020475638327,30-39,0.75,205373.24649000014,438099.99999999977,336000.00000000006,154029.9348675001,1
9.314790473332646,14,11.649008066953392,1,42,3,0,2,1,2,0,13.302500884229884,4,0,12.634931962691928,40-49,2.0,114576.65330999994,307099.99999999977,598690.0000000003,229153.30661999987,1
9.798182590890704,8,11.898221933343832,0,55,2,0,1,1,2,0,10.725489582719506,5,0,9.798182590890704,50-59,4.0,147004.00802,17999.999999999993,45499.99999999997,588016.03208,0
7.616283561580385,9,10.451325058234776,1,62,3,0,0,1,3,0,10.484613193102277,5,0,9.395241931033524,60-64,6.0,34589.17835700002,12030.0,35760.00000000003,207535.0701420001,0
10.007892611890918,7,11.159961747859198,1,38,2,0,2,1,1,0,12.236218653973182,1,1,10.05195066017375,30-39,0.75,70259.268537,23199.999999999996,206119.99999999997,52694.45140275,0
10.292179440058462,12,12.56529356217316,1,41,3,0,3,1,1,0,12.89119017455097,4,0,13.352682721027628,40-49,2.0,286441.6332700001,629500.0000000001,396799.9999999999,572883.2665400002,1
12.464587201678082,13,14.772942655434314,1,52,3,1,0,1,2,0,12.316275916098562,2,0,14.698865202986044,50-59,4.0,2604997.495000002,2419000.000000001,223299.99999999985,10419989.980000008,0
11.466891997618188,14,13.382491442193844,1,33,3,1,1,1,1,0,12.765691290604371,4,0,13.537780136496805,30-39,0.75,648547.0941900001,757500.0000000012,349999.9999999997,486410.32064250007,1
9.472781556562168,4,11.82975461608208,0,38,2,0,0,1,1,0,7.937731775260109,3,0,10.998777662206932,30-39,0.75,137275.80160000015,59799.99999999998,2800.000000000001,102956.85120000012,0
7.313886831633462,12,11.676916614849558,0,54,1,0,3,1,1,0,7.0909098220799835,2,0,9.792611856190192,50-59,4.0,117819.38877999998,17900.0,1200.0,471277.5551199999,0
10.707751151716078,14,11.92720927582913,0,31,2,0,0,1,1,0,11.277215789596893,4,0,12.720992874945178,30-39,0.75,151327.65530999997,334699.9999999999,79000.00000000006,113495.74148249999,1
5.771441123130016,10,9.470543987306163,0,63,2,0,2,2,1,0,7.601402334583733,1,0,5.771441123130016,60-64,6.0,12970.941883999983,320.0,2000.0,77825.6513039999,0
7.201170883281678,8,10.91740401772286,0,51,2,0,1,1,2,0,8.556606193773073,5,1,7.201170883281678,50-59,4.0,55126.503006,1339.9999999999998,5200.000000000001,220506.012024,0
10.085850775128716,13,11.462907572501242,1,77,1,0,0,1,3,0,11.775297421715829,4,0,13.06896471037963,65+,8.0,95120.24048100002,474000.0000000003,130000.00000000032,760961.9238480001,0
9.942756341456828,8,11.962300367785083,1,56,3,1,0,1,1,0,10.673618922112436,5,0,11.781432363235949,50-59,4.0,156732.2144299997,130799.9999999999,43200.0,626928.8577199988,0
10.313973369101156,10,11.046019206267973,1,69,1,1,0,2,3,0,11.696920620516192,4,0,12.835083890570749,65+,8.0,62692.88577200012,375150.00000000006,120200.0,501543.08617600094,0
9.082620630373812,12,11.329377681719818,1,36,3,1,0,2,1,0,12.44312304677877,4,1,11.042137528235768,30-39,0.75,83230.21042100004,62450.00000000001,253499.99999999985,62422.65781575003,1
9.798182590890704,8,12.211311892674123,0,44,1,0,0,1,1,0,8.294299608857235,3,0,10.691967639914864,40-49,2.0,201049.5991999997,43999.99999999997,4000.0000000000014,402099.1983999994,0
10.373522431293592,13,11.076581376553111,1,73,2,1,0,2,3,0,0.0,4,0,13.64234812801502,65+,8.0,64638.527054,840999.9999999991,0.0,517108.216432,1
12.765691290604371,9,13.24648101289995,1,77,2,1,0,1,3,0,0.0,5,0,13.45454212446186,65+,8.0,566073.5220399995,696999.9999999987,0.0,4528588.176319996,0
14.657078174676885,13,18.736714906055,1,60,3,0,0,1,2,0,0.0,2,0,18.55021667408643,60-64,6.0,137167710.42,113829999.99999984,0.0,823006262.52,0
8.740496729931813,9,9.383539618396709,0,19,2,0,0,2,4,0,10.275085591132717,4,0,8.740496729931813,Under 30,0.25,11890.03006000001,6250.000000000005,29000.000000000047,2972.5075150000025,1
9.04793908261736,12,9.930047914868677,0,25,2,1,0,2,1,1,8.682877107057168,4,0,9.425532393502772,Under 30,0.25,20537.32464900002,12399.999999999998,5899.999999999995,5134.331162250005,1
11.020283511637867,8,12.86329861828133,1,46,2,1,2,1,1,0,13.477378344343276,3,0,11.091346218718432,40-49,2.0,385885.5210400002,65599.99999999994,713099.9999999997,771771.0420800004,0
8.160803920954665,7,11.549918073413814,1,44,2,0,2,1,1,0,12.867809135160735,4,0,8.412054873292933,40-49,2.0,103767.53506999994,4499.999999999999,387630.0000000002,207535.07013999988,0
9.87822102528824,9,11.59073968241829,0,36,3,0,2,1,1,0,0.0,2,0,10.92415631759022,30-39,0.75,108091.18236000005,55499.99999999996,0.0,81068.38677000004,0
9.105090961257083,12,11.875916329276292,0,65,3,1,0,2,1,0,0.0,5,0,14.595294503688931,65+,8.0,143761.27255000002,2180999.999999995,0.0,1150090.1804000002,1
13.114333221834064,9,12.161715204458655,1,82,3,1,0,1,3,0,0.0,5,0,15.298727661646376,65+,8.0,191321.39279000013,4407100.000000011,0.0,1530571.142320001,1
5.0238805208462765,8,9.818828007928497,1,55,1,0,0,2,3,0,10.900454637442037,4,0,5.0238805208462765,50-59,4.0,18375.50100200004,151.0,54200.0,73502.00400800016,0
13.910821646859096,14,12.82765702099908,1,75,3,1,0,1,3,0,0.0,4,0,14.537731471682465,65+,8.0,372374.12325,2058999.9999999988,0.0,2978992.986,0
12.563750586299374,14,12.133060100630724,1,73,3,1,0,1,1,0,10.463131911491969,5,0,13.435714658591923,65+,8.0,185916.83366999976,684000.0000000001,35000.00000000007,1487334.669359998,0
6.508769136971682,12,10.076644749570695,0,33,1,0,0,1,1,0,6.111467339502679,5,1,6.508769136971682,30-39,0.75,23780.060119999976,670.0000000000001,450.0000000000001,17835.04508999998,0
10.173552856959745,9,11.853101811967846,0,56,3,1,0,2,1,0,9.798182590890704,1,0,13.73884655270862,50-59,4.0,140518.53706999996,926200.0000000003,17999.999999999993,562074.1482799998,1
10.168962358863777,13,12.498992721632195,1,65,3,1,0,1,3,0,0.0,3,0,12.39702765987948,65+,8.0,268066.1322599998,242080.00000000003,0.0,2144529.0580799985,0
12.413090879946887,12,12.775523245143145,1,40,3,1,2,1,2,0,13.118357364036902,2,0,14.478199046503295,40-49,2.0,353458.16632999975,1939999.9999999998,497999.9999999996,706916.3326599995,1
7.170888478512505,14,12.466203023190976,1,45,3,0,2,1,1,0,13.389333939650964,3,0,7.170888478512505,40-49,2.0,259418.8376800001,1299.9999999999995,653000.0000000001,518837.6753600002,0
6.90875477931522,8,10.482095840823945,1,60,3,0,2,2,1,1,11.498836682527129,4,0,8.000014093678072,60-64,6.0,35670.09018000006,2980.000000000001,98600.0000000002,214020.54108000034,0
12.345838935721968,8,12.172951219287846,1,68,3,1,0,1,3,0,0.0,4,0,15.04807111068727,65+,8.0,193483.21643000006,3429999.999999999,0.0,1547865.7314400005,1
11.669937760751914,13,11.610542128340578,0,30,3,1,0,1,1,0,11.002116507732016,4,0,12.06105265381003,30-39,0.75,110253.00601000008,172999.9999999999,59999.99999999991,82689.75450750007,1
5.993961427306569,8,10.87739942351305,0,52,2,0,1,2,1,0,9.140025198061156,3,1,10.827766295132466,50-59,4.0,52964.67935899999,50400.00000000003,9319.999999999995,211858.71743599995,0
8.77971129020447,8,11.17371272508997,1,73,2,1,0,1,3,0,0.0,4,0,13.092936626443633,65+,8.0,71232.08917800001,485500.0000000013,0.0,569856.7134240001,0
9.137877200242468,5,10.897601753215405,1,65,2,1,0,1,1,1,8.77043908654689,3,0,12.045322738624144,65+,8.0,54045.59118200007,170299.99999999988,6439.999999999996,432364.72945600055,0
3.091042453358316,8,10.511947979456522,0,35,2,0,0,2,1,0,8.398634855292102,4,0,5.641907070938114,30-39,0.75,36751.00200399998,281.00000000000006,4439.999999999996,27563.251502999985,0
14.203965815342825,12,14.915766784525715,1,58,2,1,0,1,2,0,15.136733189149378,5,0,16.33390847805184,50-59,4.0,3004934.8697,12408700.0,3747999.9999999977,12019739.4788,1
6.68586094706836,8,9.930047914868677,1,70,3,0,0,2,3,0,7.601402334583733,5,0,12.132431487478716,65+,8.0,20537.32464900002,185800.0,2000.0,164298.59719200016,1
11.61278889932366,12,13.24955057072685,1,40,3,1,0,1,2,1,13.242811303528269,3,0,12.984254667686653,40-49,2.0,567813.7900800001,435501.0000000001,563999.9999999997,1135627.5801600001,0
9.472781556562168,12,11.451478997511789,1,65,3,1,0,1,3,0,12.271396795480596,5,0,9.472781556562168,65+,8.0,94039.3286570002,12999.999999999995,213499.99999999994,752314.6292560016,0
12.765691290604371,12,11.845379821066128,1,35,3,0,1,1,1,0,12.025755079404917,3,0,13.1499804899607,30-39,0.75,139437.6252500001,513999.9999999996,167000.0000000001,104578.21893750007,1
10.308985993422082,13,10.95586961402582,1,92,2,1,0,1,3,0,0.0,4,0,13.579789490265188,65+,8.0,57288.326653000004,790000.0000000003,0.0,458306.61322400003,1
4.394449154672439,8,10.076644749570695,0,34,2,0,2,2,1,0,11.586278151967912,4,0,4.394449154672439,30-39,0.75,23780.060119999976,80.00000000000003,107609.99999999993,17835.04508999998,0
10.524090921620362,8,12.150351505528926,1,44,3,0,2,1,1,0,12.213549623135716,5,0,11.952476330009466,40-49,2.0,189159.5691400001,155199.99999999988,201499.99999999988,378319.1382800002,0
11.970356641103,8,11.756252709710797,1,61,3,0,0,1,1,0,9.210440366976515,2,1,12.816112636016506,60-64,6.0,127547.59519000025,368099.99999999994,9999.99999999999,765285.5711400015,0
3.9318256327243257,9,9.818828007928497,0,56,2,0,0,2,3,0,0.0,5,0,9.476620038167528,50-59,4.0,18375.50100200004,13050.00000000001,0.0,73502.00400800016,0
6.948897222313312,10,8.987165257038846,0,36,3,0,1,2,1,0,9.268703615273097,5,0,6.948897222313312,30-39,0.75,7998.747494999993,1041.0,10599.99999999999,5999.060621249995,0
13.122365377402328,12,12.874440766134532,1,66,3,1,0,1,1,0,9.588845298501564,3,0,16.479539276639144,65+,8.0,390209.16834,14354000.000000011,14600.0,3121673.34672,1
7.520776415062797,8,11.128709656194046,0,32,3,0,0,1,1,0,8.160803920954665,4,1,10.190394324520158,30-39,0.75,68097.44488999996,26645.000000000015,3499.9999999999977,51073.08366749997,0
9.933094897288786,11,10.31779779558084,1,77,2,1,0,2,3,0,9.99884318585288,2,0,9.933094897288786,65+,8.0,30265.531061999973,20600.0,21999.999999999993,242124.24849599978,0
13.551546314212295,14,13.454811996192552,1,68,2,1,0,1,1,0,0.0,5,0,16.240136365378582,65+,8.0,697188.1262499996,11298000.000000007,0.0,5577505.009999997,1
16.485443506210228,13,15.374238224657557,1,81,2,1,0,1,2,0,10.203629181337648,5,0,18.016899232799155,65+,8.0,4752769.288600011,66779000.000000045,26999.999999999978,38022154.30880009,1
13.63877457278093,12,13.814273317948402,1,56,3,1,2,1,1,0,14.48794520739107,5,0,15.155761242362829,50-59,4.0,998762.5250500003,3820000.0000000005,1958999.9999999986,3995050.100200001,0
11.695255355062796,12,10.204473075038807,0,35,2,1,0,2,1,0,7.601402334583733,2,1,12.335349374897772,30-39,0.75,27022.79559099997,227600.00000000017,2000.0,20267.096693249976,1
7.696667081526462,12,11.079920226254767,1,45,2,0,0,2,1,0,10.857478611593107,4,0,11.811554895830454,40-49,2.0,64854.70941899998,134800.0000000001,51919.99999999992,129709.41883799995,1
5.14166355650266,6,8.931602548935768,0,44,1,0,1,2,2,0,0.0,4,0,5.14166355650266,40-49,2.0,7566.382765499997,170.00000000000009,0.0,15132.765530999994,0
8.987321812850125,3,10.451325058234776,0,41,1,0,1,1,1,0,0.0,5,0,8.987321812850125,40-49,2.0,34589.17835700002,8000.0000000000055,0.0,69178.35671400004,0
15.463592286409265,12,17.170460291965853,1,63,3,1,0,1,2,0,16.382765025846997,4,0,20.86335294471044,60-64,6.0,28644163.32699998,1150373999.999994,13030000.000000011,171864979.9619999,1
10.809748150372926,12,10.699154876036824,1,63,3,1,0,1,3,0,8.853808274977197,5,0,11.901590234400048,60-64,6.0,44317.38476999999,147500.00000000023,6999.999999999998,265904.3086199999,0
11.798111925972618,13,12.721812895163849,1,67,2,0,0,1,3,0,12.79608183878539,5,0,15.956488188301352,65+,8.0,334974.57415000023,8507749.999999989,360800.0000000002,2679796.593200002,1
8.101980731853192,11,11.175229004346514,0,73,2,1,0,2,3,0,6.55250788703459,4,0,8.101980731853192,65+,8.0,71340.18036100005,3299.999999999998,700.0,570721.4428880004,0
9.99884318585288,12,12.507024863496335,1,44,2,0,0,1,1,0,11.635151947212842,3,0,13.87378040948403,40-49,2.0,270227.95590999984,1059999.9999999993,112999.99999999993,540455.9118199997,1
10.463131911491969,8,10.569104881654322,0,61,3,0,3,1,2,0,6.398594934535208,4,0,10.463131911491969,60-64,6.0,38912.825651000036,35000.00000000007,600.0,233476.9539060002,0
7.824445930877619,9,11.342280932513091,1,50,2,0,4,1,1,0,0.0,5,0,7.824445930877619,50-59,4.0,84311.12224399998,2500.0000000000005,0.0,337244.48897599994,0
8.839421607620602,11,11.639529406064158,0,36,3,1,0,1,1,0,9.4812068514994,5,0,8.881975184248867,30-39,0.75,113495.74147999997,7200.000000000005,13109.999999999965,85121.80610999998,0
0.0,9,9.470543987306163,0,63,2,1,0,2,3,0,0.0,3,0,0.0,60-64,6.0,12970.941883999983,0.0,0.0,77825.6513039999,0
6.311734809152915,9,9.383539618396709,0,27,1,0,1,2,4,0,7.601402334583733,3,1,6.311734809152915,Under 30,0.25,11890.03006000001,550.0000000000002,2000.0,2972.5075150000025,0
11.81303746480054,8,10.936821754744528,1,67,2,1,0,1,3,0,11.0186455364637,5,0,11.81303746480054,65+,8.0,56207.41482999999,135000.0000000002,60999.999999999956,449659.3186399999,0
11.189975390433116,8,12.4016647590165,1,53,2,0,2,2,1,0,12.692997917784089,4,0,14.149408770339946,50-59,4.0,243205.16031999962,1396400.0,325460.0000000004,972820.6412799985,1
10.308985993422082,12,11.60266814359896,1,60,3,0,0,1,1,0,12.403697343010704,5,0,13.378556330751158,60-64,6.0,109388.27654999992,646000.0000000006,243699.99999999953,656329.6592999995,0
10.896757843893464,8,12.060739842420068,1,66,3,1,0,1,1,0,3.044522437723423,4,0,12.6410997921206,65+,8.0,172945.89178,309000.00000000006,20.0,1383567.13424,0
12.277467297099491,14,15.886654492722034,1,62,3,1,0,1,2,0,15.550699852070762,5,0,17.260941739314646,60-64,6.0,7933892.785600006,31356800.00000002,5670000.0,47603356.71360003,0
10.043292972227004,12,12.86329861828133,1,56,3,1,0,1,1,0,13.122365377402328,3,0,14.905754933096263,50-59,4.0,385885.5210400002,2974999.9999999967,499999.99999999977,1543542.0841600008,1
12.301387370778713,7,11.518169685974078,1,68,3,1,0,1,3,0,0.0,2,0,14.48794520739107,65+,8.0,100524.79959999991,1958999.9999999986,0.0,804198.3967999993,1
12.821260987319455,13,15.985068582672325,1,85,0,1,0,1,3,0,0.0,4,0,19.782784868832252,65+,8.0,8754412.950899994,390440000.0000002,0.0,70035303.60719995,1
10.985309671896765,14,12.91515184894338,1,40,3,1,0,1,2,0,14.708737759572582,4,0,14.668648900908911,40-49,2.0,406422.84568999923,2346999.9999999995,2443000.0000000014,812845.6913799985,1
12.345838935721968,12,13.324155957794543,1,51,2,1,0,1,1,0,12.721888795877376,5,0,14.945298787202558,50-59,4.0,611796.0921800004,3095000.0,335000.0000000004,2447184.3687200015,1
9.75272280064639,12,11.686049021222916,1,28,3,0,1,1,1,0,12.782688818818986,5,0,9.75272280064639,Under 30,0.25,118900.30059999996,17199.999999999993,355999.99999999994,29725.07514999999,0
4.61512051684126,5,9.470543987306163,0,50,2,0,0,2,1,0,0.0,1,0,4.61512051684126,50-59,4.0,12970.941883999983,100.00000000000003,0.0,51883.767535999934,0
2.4849066497880004,8,10.386788464403516,0,56,0,0,0,2,3,0,0.0,5,0,4.127134385045092,50-59,4.0,32427.35470899998,61.00000000000001,0.0,129709.41883599992,0
13.71015115341694,14,12.951709356349657,1,63,3,1,1,1,1,1,0.0,5,0,16.810042161001817,60-64,6.0,421555.6112200006,19976000.000000007,0.0,2529333.6673200037,1
9.105090961257083,6,11.028627743384128,1,71,3,1,0,1,1,0,12.225880174775122,4,0,10.173552856959745,65+,8.0,61611.973947999984,26200.00000000007,203999.99999999985,492895.7915839999,0
11.60824473564232,10,11.404411999129266,1,70,2,1,0,2,1,0,12.211065162153217,3,0,14.574459992065522,65+,8.0,89715.68136300004,2136029.999999999,201000.00000000035,717725.4509040003,1
5.303304908059076,3,9.69367212060944,1,65,2,0,0,2,3,0,9.210440366976515,5,0,5.5254529391317835,65+,8.0,16213.677355,249.9999999999999,9999.99999999999,129709.41884,0
7.8636512654486515,11,11.485380194730258,0,38,2,0,0,1,1,0,9.495594499353295,4,0,9.717218213494077,30-39,0.75,97282.06412800006,16600.000000000007,13299.999999999987,72961.54809600004,0
11.930325731537252,12,12.62391820671094,1,34,2,1,1,1,1,0,12.861001210669146,3,0,13.422173111573422,30-39,0.75,303736.2224399992,674800.0000000001,385000.00000000023,227802.16682999942,1
8.962007209588313,12,11.404411999129266,1,33,2,1,0,1,1,0,12.07596965492776,3,0,10.591647316585028,30-39,0.75,89715.68136300004,39800.00000000008,175600.0000000004,67286.76102225002,0
6.825460036255307,9,9.75820678716859,1,86,2,0,0,2,3,0,0.0,4,0,11.080926425083522,65+,8.0,17294.589178000006,64919.99999999995,0.0,138356.71342400005,0
9.844321241866911,8,11.234068703381135,0,47,3,0,3,1,1,0,10.090008612393838,1,0,9.844321241866911,40-49,2.0,75663.82765499984,18849.99999999998,24100.000000000022,151327.65530999968,0
10.709985739582528,13,12.453624289743354,0,35,0,1,1,1,1,0,12.749271553766196,2,0,11.66822691098345,30-39,0.75,256176.1022000001,116800.00000000007,344299.9999999998,192132.0766500001,0
1.0986122886681098,4,10.897601753215405,0,41,2,0,0,2,1,0,9.989711119284744,5,1,1.0986122886681098,40-49,2.0,54045.59118200007,2.0000000000000004,21799.999999999956,108091.18236400014,0
11.156264806643742,12,11.234068703381135,1,70,0,1,0,1,3,0,10.714439990727769,4,0,12.400820837540556,65+,8.0,75663.82765499984,243000.00000000003,44999.999999999985,605310.6212399987,0
6.46302945692067,5,10.540934738927314,0,62,2,0,0,1,3,0,10.429428364110963,2,0,6.46302945692067,60-64,6.0,37831.91382800001,639.9999999999999,33839.99999999992,226991.48296800005,0
12.793862088206213,13,13.465606225930554,1,59,3,1,0,1,2,0,0.0,1,0,15.652880697680038,50-59,4.0,704754.5090200005,6280000.000000002,0.0,2819018.036080002,1
6.447305862541213,1,9.818828007928497,0,42,2,0,0,2,1,0,0.0,4,0,7.875119281040293,40-49,2.0,18375.50100200004,2630.000000000001,0.0,36751.00200400008,0
12.678264503855369,13,14.345028472183516,1,74,3,1,1,1,1,0,0.0,2,0,17.0309685888229,65+,8.0,1698112.4749000005,24914699.999999966,0.0,13584899.799200004,1
11.955757004009955,12,12.991915683347502,1,41,1,1,2,1,1,0,12.669809806411456,2,1,13.87915274000996,40-49,2.0,438850.2004000002,1065710.0000000026,317999.9999999994,877700.4008000004,1
12.429220196836384,12,14.429809435565296,1,44,3,1,2,1,1,1,13.997832948091215,3,0,14.603968372873895,40-49,2.0,1848359.2183999992,2199999.9999999995,1200000.0000000005,3696718.4367999984,0
13.935070680332966,12,14.394091372646512,0,44,3,1,0,1,1,1,0.0,2,0,15.713760054711392,40-49,2.0,1783504.509000001,6674199.999999984,0.0,3567009.018000002,1
10.353001443478972,7,11.580689440046534,1,66,3,0,0,1,1,0,10.373522431293592,3,0,11.954728931106146,65+,8.0,107010.27053999992,155549.99999999988,31999.999999999993,856082.1643199994,0
13.003582093664075,12,11.09644927542817,1,75,2,0,0,1,3,0,12.353289340754502,4,0,13.45597581440824,65+,8.0,65935.62124200001,698000.0000000008,231719.99999999994,527484.9699360001,1
10.62135173563291,10,12.016004213152664,1,65,3,1,0,1,3,0,10.645448706505872,5,0,14.22563214117842,65+,8.0,165379.50901999997,1507000.0000000005,41999.99999999999,1323036.0721599997,1
8.006700845440367,6,10.897601753215405,1,68,2,0,0,1,3,0,9.905535454153428,4,0,12.095146671399466,65+,8.0,54045.59118200007,178999.99999999994,20039.999999999996,432364.72945600055,0
7.0909098220799835,12,11.59073968241829,1,48,2,0,1,1,4,0,12.696188290481068,3,0,7.0909098220799835,40-49,2.0,108091.18236000005,1200.0,326499.9999999997,216182.3647200001,0
0.0,8,6.672116019554623,0,61,2,0,0,2,1,0,0.0,1,0,0.0,60-64,6.0,789.0656312599999,0.0,0.0,4734.3937875599995,0
9.39274525863144,13,11.234068703381135,0,29,3,1,0,2,1,0,10.819798284210286,3,0,10.073272520325904,Under 30,0.25,75663.82765499984,23700.00000000001,50000.000000000015,18915.95691374996,1
9.305741456739437,12,9.875983398597374,0,26,3,0,0,2,4,0,9.90353755128617,1,0,9.495594499353295,Under 30,0.25,19456.412826000007,13299.999999999987,20000.000000000015,4864.103206500002,1
18.435490545458837,14,15.1825484271779,1,65,3,0,0,1,3,0,0.0,2,0,19.947719175870933,65+,8.0,3923709.919800001,460452000.0000008,0.0,31389679.35840001,1
12.337105293891872,14,14.958026580065576,1,56,3,1,0,1,2,0,14.403297778421797,5,0,15.973416755155723,50-59,4.0,3134644.2885999987,8652999.999999987,1800000.000000004,12538577.154399995,0
9.12923877053914,10,11.83759773667864,0,49,3,0,3,1,1,0,9.39274525863144,4,0,9.562475024372697,40-49,2.0,138356.7134300002,14220.000000000007,11999.999999999978,276713.4268600004,0
7.659642954564682,12,10.674462827538376,0,73,1,1,0,1,1,0,11.060384472475045,3,0,7.659642954564682,65+,8.0,43236.47294599996,2119.9999999999995,63600.00000000003,345891.78356799966,0
9.798182590890704,8,11.079920226254767,1,46,3,0,1,1,1,0,12.651722745315356,5,0,10.968215530759236,40-49,2.0,64854.70941899998,58000.00000000003,312300.0000000002,129709.41883799995,0
6.493753839851686,4,10.243692364956797,0,41,3,0,4,2,1,0,0.0,4,0,6.493753839851686,40-49,2.0,28103.707415000037,659.9999999999998,0.0,56207.414830000074,0
7.878912912297133,8,9.98133877479715,0,36,2,0,2,1,2,1,10.034121000171332,1,0,8.352554369474591,30-39,0.75,21618.236473000004,4240.000000000001,22790.00000000002,16213.677354750003,0
15.616560239224905,12,14.904916772135063,0,80,2,1,0,1,2,0,0.0,1,0,16.978704567695647,65+,8.0,2972507.514999995,23646000.00000004,0.0,23780060.11999996,0
11.103467395592086,4,11.159961747859198,1,65,1,0,0,1,1,0,12.252626978758029,3,0,11.103467395592086,65+,8.0,70259.268537,66400.00000000004,209529.99999999983,562074.148296,0
12.577536196962324,12,14.701575924000322,1,78,0,1,0,1,2,0,0.0,1,0,16.381764525590235,65+,8.0,2425566.132299999,13016969.999999998,0.0,19404529.05839999,0
7.601402334583733,10,10.792243293398966,1,38,3,0,2,1,2,0,12.198549416880068,5,1,7.601402334583733,30-39,0.75,48641.03206399999,2000.0,198500.00000000006,36480.77404799999,0
11.289794413577894,13,11.144457783705516,1,81,3,1,0,2,3,0,0.0,3,0,14.763300344494624,65+,8.0,69178.35671300004,2579999.9999999995,0.0,553426.8537040004,1
12.00762780434872,12,12.66914315914596,1,60,3,1,1,1,1,0,11.127277689932466,4,0,13.918068048816036,60-64,6.0,317788.0761500008,1108000.000000001,67999.99999999999,1906728.4569000048,0
5.707110264748875,8,10.16365262239305,0,27,2,1,0,2,1,0,4.795790545596741,5,0,5.707110264748875,Under 30,0.25,25941.88376800001,299.9999999999999,120.00000000000003,6485.470942000003,0
7.340835554123275,10,11.686049021222916,0,50,2,0,0,1,1,0,11.944064817531656,4,0,12.618321359534956,50-59,4.0,118900.30059999996,302040.9999999999,153899.99999999988,475601.20239999983,0
8.987321812850125,13,11.704067376563522,1,71,3,1,0,1,2,0,0.0,5,0,14.02089820202114,65+,8.0,121062.12424999992,1227999.999999999,0.0,968496.9939999994,1
7.438971592395862,8,10.936821754744528,0,53,0,0,0,1,4,0,0.0,5,0,7.438971592395862,50-59,4.0,56207.41482999999,1700.0,0.0,224829.65931999995,0
7.791935956938058,11,10.87739942351305,0,23,1,0,1,1,1,0,8.802522498284421,3,0,7.791935956938058,Under 30,0.25,52964.67935899999,2419.999999999999,6650.000000000002,13241.169839749997,0
13.219854812903453,9,15.102276146044932,1,66,2,0,1,1,2,0,0.0,4,0,15.3311214102282,65+,8.0,3621054.6091999975,4552199.9999999935,0.0,28968436.87359998,0
12.832013750189883,12,15.179789805452147,1,68,3,1,0,1,2,0,0.0,4,0,16.1865017770105,65+,8.0,3912900.8015999915,10708000.000000017,0.0,31303206.412799932,0
11.918397239722838,10,11.853101811967846,1,37,1,0,0,2,2,1,11.794345471549745,2,0,12.409017571151187,30-39,0.75,140518.53706999996,244999.99999999997,132499.9999999999,105388.90280249997,1
10.373522431293592,13,17.962051653579064,0,82,2,1,0,1,3,0,0.0,4,0,16.04896001928162,65+,8.0,63214966.18199996,9332000.000000017,0.0,505719729.4559997,0
4.61512051684126,8,11.262239213240829,0,44,1,0,0,1,1,0,6.68586094706836,3,0,4.61512051684126,40-49,2.0,77825.65130300017,100.00000000000003,800.0000000000003,155651.30260600033,0
13.161586013632684,12,13.165578814129656,1,60,3,1,0,1,2,0,11.6172944892629,2,0,14.045829107307345,60-64,6.0,522080.41081999993,1259000.0000000005,111000.00000000004,3132482.4649199997,0
0.0,9,9.69367212060944,1,59,1,0,0,2,3,0,8.131824785007195,4,1,0.0,50-59,4.0,16213.677355,0.0,3399.999999999999,64854.70942,0
2.3978952727983707,12,9.930047914868677,0,50,2,0,2,2,1,0,9.642187721358466,1,1,2.3978952727983707,50-59,4.0,20537.32464900002,10.000000000000002,15400.00000000001,82149.29859600008,0
9.61587214452889,9,12.278869718770531,1,67,2,1,1,2,3,0,10.778977123006351,4,0,14.516130249640712,65+,8.0,215101.45290999996,2014999.9999999984,48000.00000000004,1720811.6232799997,1
12.715900771961074,13,0.0,0,50,3,1,0,1,3,1,12.128116509451258,2,0,16.20252879883646,50-59,4.0,0.0,10880999.999999983,185000.00000000006,0.0,1
13.598598798635951,12,14.51389250917311,1,75,3,1,0,1,2,0,0.0,5,0,14.53578689253036,65+,8.0,2010495.9920000003,2055000.0000000044,0.0,16083967.936000003,0
0.0,8,9.137430017527388,0,65,1,0,0,2,3,0,0.0,1,0,0.0,65+,8.0,9295.841683399996,0.0,0.0,74366.73346719997,0
13.304686600863562,12,14.503081598461783,1,64,3,1,0,1,1,0,0.0,1,0,16.168788860330867,60-64,6.0,1988877.7554999974,10519999.999999994,0.0,11933266.532999985,0
10.474495347310452,12,12.605964462765131,1,76,3,1,0,1,3,0,13.120363378739665,4,0,12.786613679689,65+,8.0,298331.66332999984,357399.9999999995,499000.0000000005,2386653.3066399987,0
0.6931471805599453,8,9.550580764956187,0,30,1,0,1,2,1,1,6.447305862541213,1,1,0.6931471805599453,30-39,0.75,14051.853706999998,1.0,629.9999999999998,10538.890280249998,0
14.994258165401996,12,12.097553606596383,1,74,2,1,0,1,3,0,0.0,4,0,15.11496652713176,65+,8.0,179431.3627299997,3667299.999999996,0.0,1435450.9018399976,1
10.604131561522696,12,11.528864869228295,1,37,3,1,0,1,1,0,12.650761671914688,5,0,13.845361550523778,30-39,0.75,101605.71141999982,1030299.9999999998,312000.0000000001,76204.28356499986,1
10.373834872713369,12,11.639529406064158,0,28,2,1,0,2,1,0,8.24301946898925,3,0,10.636119834372655,Under 30,0.25,113495.74147999997,41609.999999999905,3800.000000000003,28373.935369999992,1
10.950824090522444,12,11.805849271474132,1,40,3,1,0,2,1,0,12.928781055513184,2,0,11.767575435251748,40-49,2.0,134033.06612999988,129000.0000000001,412000.0000000001,268066.13225999975,0
4.795790545596741,8,9.470543987306163,1,67,2,0,0,2,3,0,0.0,4,0,4.795790545596741,65+,8.0,12970.941883999983,120.00000000000003,0.0,103767.53507199987,0
9.619199713152362,10,11.367598443988374,0,42,3,0,2,1,1,0,8.152198015861787,5,0,11.653130787298837,40-49,2.0,86472.94589200003,115050.00000000003,3470.000000000002,172945.89178400006,0
8.787372988731876,9,11.955379969271414,1,52,3,0,1,1,1,0,12.643039650666651,4,0,14.869289693159468,50-59,4.0,155651.30261,2868470.0000000023,309599.9999999994,622605.21044,1
8.987321812850125,10,11.658397725704075,1,39,3,0,1,1,2,0,13.111708818640883,4,0,11.19822841866684,30-39,0.75,115657.56512999976,73000.00000000003,494699.9999999994,86743.17384749981,0
10.064798252418376,9,11.234068703381135,0,30,2,0,0,2,1,1,9.305741456739437,3,1,10.518700218288163,30-39,0.75,75663.82765499984,36999.99999999994,11000.000000000011,56747.87074124988,0
5.484796933490655,8,10.243692364956797,0,47,1,0,2,2,4,0,8.281723990411392,3,0,5.484796933490655,40-49,2.0,28103.707415000037,239.99999999999994,3950.000000000003,56207.414830000074,0
8.006700845440367,9,11.159961747859198,0,57,1,1,0,2,4,0,7.496097345175956,4,0,10.87806606028079,50-59,4.0,70259.268537,53000.00000000002,1800.0,281037.074148,0
8.881975184248867,12,11.649008066953392,0,39,1,0,0,1,1,1,10.821596630217067,3,0,9.036106025364846,30-39,0.75,114576.65330999994,8399.999999999995,50090.00000000003,85932.48998249994,0
10.308985993422082,14,13.121127138635972,1,61,3,1,1,1,2,0,13.366878520624216,5,0,14.874342323481388,60-64,6.0,499381.26252999925,2883000.0,638499.999999999,2996287.5751799955,0
14.31325155008416,12,14.586463167185212,1,68,3,1,0,1,2,0,12.873904582205109,4,0,16.370798082183974,65+,8.0,2161823.6473000017,12875000.000000002,390000.00000000105,17294589.178400014,0
8.071218539969863,12,9.98133877479715,1,22,2,0,0,2,2,0,7.313886831633462,5,0,12.622151230897948,Under 30,0.25,21618.236473000004,303199.9999999998,1499.9999999999998,5404.559118250001,1
15.150643458111473,14,15.732276741838536,1,52,3,1,2,1,2,0,13.66585094484938,3,0,17.65033931666598,50-59,4.0,6798935.370700001,46285499.99999997,861000.0000000006,27195741.482800003,1
11.373674891823535,13,11.30306069379871,1,64,2,1,0,2,1,0,0.0,3,0,13.60108018640869,60-64,6.0,81068.38677399996,806999.9999999998,0.0,486410.32064399973,1
8.101980731853192,6,10.74678187553037,1,89,2,0,0,1,3,0,0.0,4,0,11.900233391293936,65+,8.0,46479.20841700003,147299.99999999988,0.0,371833.66733600025,0
7.901377353792616,10,10.623170750425082,0,46,3,1,0,2,1,0,0.0,5,0,11.166214996056205,40-49,2.0,41074.649299000004,70699.99999999999,0.0,82149.29859800001,0
9.961803629358965,11,11.920040833915293,0,30,2,1,0,1,2,0,10.810959513102064,3,0,11.1154434073529,30-39,0.75,150246.74348999996,67199.99999999994,49559.99999999997,112685.05761749997,0
12.901519679398886,10,12.715663031744286,1,67,3,1,0,1,3,0,0.0,3,0,15.103067146790403,65+,8.0,332920.8416800002,3623919.9999999935,0.0,2663366.7334400015,1
8.895766604056085,9,10.792243293398966,1,40,1,0,2,1,1,0,12.996779746057468,4,0,8.895766604056085,40-49,2.0,48641.03206399999,7299.999999999996,440990.0,97282.06412799998,0
12.587248476364008,13,15.219010508784862,1,53,3,1,4,1,2,0,16.440179222591198,3,0,18.10751402566801,50-59,4.0,4069416.8337000036,73112799.99999994,13799999.999999985,16277667.334800014,1
10.799595985047786,9,11.128709656194046,1,38,3,0,1,1,2,0,12.34104487465108,5,0,10.799595985047786,30-39,0.75,68097.44488999996,49000.00000000002,228900.00000000006,51073.08366749997,0
6.763884908562435,8,10.16365262239305,1,75,1,1,0,2,1,0,6.634633357861686,5,0,8.676928249537397,65+,8.0,25941.88376800001,5865.000000000005,760.0000000000002,207535.07014400008,0
6.55250788703459,8,11.219680157476482,0,26,2,0,0,1,1,0,9.864278839310847,5,0,6.55250788703459,Under 30,0.25,74582.91583199994,700.0,19229.999999999996,18645.728957999985,0
14.584229388978049,13,13.479315484531796,1,57,3,1,0,1,2,0,0.0,5,0,14.657939871903103,50-59,4.0,714482.71543,2322000.000000002,0.0,2857930.86172,0
9.024131268455037,12,12.189572015326258,1,39,3,1,2,1,1,0,12.854068159552728,5,0,12.66365887195176,30-39,0.75,196725.95189999993,316050.00000000035,382340.00000000006,147544.46392499993,1
12.948012371209098,14,15.249408614821068,1,78,3,1,0,1,2,0,0.0,4,0,16.998883591235444,65+,8.0,4195018.787600001,24128000.00000004,0.0,33560150.30080001,0
11.48247656671073,13,11.686049021222916,1,37,2,0,0,2,1,0,13.017005083966255,2,0,12.694655727828804,30-39,0.75,118900.30059999996,326000.0000000006,449999.99999999994,89175.22544999997,1
9.581972891547895,12,11.518169685974078,1,31,3,0,0,1,1,0,12.01974909141692,5,0,9.60245002503719,30-39,0.75,100524.79959999991,14800.00000000001,165999.99999999974,75393.59969999993,0
4.110873864173311,12,9.930047914868677,0,30,1,0,0,2,2,0,10.373522431293592,1,0,4.110873864173311,30-39,0.75,20537.32464900002,60.00000000000001,31999.999999999993,15402.993486750016,0
7.650168700845001,8,10.569104881654322,0,80,3,0,0,2,3,0,7.378383712996715,4,0,7.650168700845001,65+,8.0,38912.825651000036,2100.0000000000005,1600.0000000000011,311302.6052080003,0
7.115582126184454,14,11.159961747859198,1,74,3,0,0,1,3,0,10.853232402669228,2,1,7.115582126184454,65+,8.0,70259.268537,1230.0000000000005,51700.00000000003,562074.148296,0
7.170888478512505,-1,10.16365262239305,0,72,2,1,1,2,3,0,5.25227342804663,2,0,7.170888478512505,65+,8.0,25941.88376800001,1299.9999999999995,190.0,207535.07014400008,0
12.63525753545869,9,13.097029635877716,1,41,3,1,2,1,1,0,12.840003118946523,4,0,14.262201419071268,40-49,2.0,487491.23245999985,1563129.9999999995,376999.99999999977,974982.4649199997,1
7.901377353792616,8,10.482095840823945,1,54,2,1,0,2,1,0,11.542493975902508,2,0,11.675902789388996,50-59,4.0,35670.09018000006,117699.99999999994,103000.00000000001,142680.36072000023,0
10.907807476583594,11,12.091511325881504,1,52,2,1,3,1,1,0,12.962549022539266,5,1,10.995427631436174,50-59,4.0,178350.45089999962,59600.00000000004,426149.99999999977,713401.8035999985,0
5.303304908059076,6,10.204473075038807,0,21,3,0,0,2,1,0,6.133398042996649,5,0,5.303304908059076,Under 30,0.25,27022.79559099997,200.0,460.00000000000006,6755.698897749992,0
9.516427036104067,8,12.253423172919684,1,45,2,0,0,2,2,0,12.793862088206213,3,0,9.516427036104067,40-49,2.0,209696.89378999965,13579.999999999989,360000.0000000001,419393.7875799993,0
9.39274525863144,9,12.14462086116848,0,56,3,1,0,1,2,0,0.0,2,0,13.54370314700388,50-59,4.0,188078.65731000004,761999.9999999999,0.0,752314.6292400002,1
0.6931471805599453,10,10.482095840823945,1,71,3,1,0,2,3,0,10.491301994830229,2,0,11.763699747398626,65+,8.0,35670.09018000006,128501.00000000004,35999.99999999998,285360.72144000046,0
6.90875477931522,9,10.076644749570695,0,21,3,0,0,2,4,0,11.178445242969808,5,0,6.90875477931522,Under 30,0.25,23780.060119999976,999.9999999999999,71569.99999999997,5945.015029999994,0
2.3978952727983707,6,9.039802580037929,0,76,0,0,0,2,3,0,0.0,4,0,8.414274137408396,65+,8.0,8431.112224400022,4510.000000000003,0.0,67448.89779520017,0
15.620910077305137,14,16.892541732972983,1,42,3,1,3,1,2,1,16.047673293957907,2,0,16.20531876386365,40-49,2.0,21693900.301000006,10911399.999999998,9320000.00000001,43387800.60200001,0
4.875197323201151,9,10.87739942351305,1,35,1,0,3,2,1,0,12.341918233338216,4,0,10.78168173914344,30-39,0.75,52964.67935899999,48130.00000000011,229100.00000000017,39723.50951924999,1
10.275085591132717,13,12.896359396283692,1,65,3,1,1,1,1,0,0.0,4,0,16.12646066645694,65+,8.0,398856.4629299997,10083999.999999994,0.0,3190851.7034399975,1
9.23024103368252,5,11.649008066953392,1,71,2,1,0,1,3,0,12.39380039582335,5,0,10.211009016314168,65+,8.0,114576.65330999994,27200.000000000073,241299.9999999998,916613.2264799995,0
5.707110264748875,8,8.372085865659063,1,58,1,0,0,2,1,0,0.0,4,0,5.707110264748875,50-59,4.0,4323.647294599997,299.9999999999999,0.0,17294.589178399987,0
11.918397239722838,12,10.64914561257346,1,65,3,1,0,1,3,0,0.0,3,0,15.71387991206331,65+,8.0,42155.561122000014,6675000.000000003,0.0,337244.4889760001,1
5.739792912179234,8,10.623170750425082,0,33,1,0,0,2,1,0,3.713572066704308,5,1,5.739792912179234,30-39,0.75,41074.649299000004,309.99999999999994,40.00000000000001,30805.98697425,0
14.786289853910306,8,15.52059353637661,1,77,3,0,0,1,2,0,0.0,4,0,15.26007406305717,65+,8.0,5501841.182400003,4240000.000000002,0.0,44014729.459200025,0
12.203078166549846,14,13.913119058332606,1,51,3,1,2,1,1,0,13.876606598057414,4,1,15.243331145574864,50-59,4.0,1102530.0600999997,4169600.9999999916,1062999.999999999,4410120.240399999,0
11.149096419938578,13,11.875916329276292,1,40,3,0,4,1,1,0,12.95749109270188,5,0,13.668750334645791,40-49,2.0,143761.27255000002,863500.0000000002,423999.9999999998,287522.54510000005,1
10.404293143019792,11,9.930047914868677,0,67,3,0,0,2,3,0,10.073272520325904,4,0,10.404293143019792,65+,8.0,20537.32464900002,32999.99999999999,23700.00000000001,164298.59719200016,0
8.006700845440367,9,11.30306069379871,0,63,3,1,0,2,3,0,0.0,3,0,13.818507063952548,60-64,6.0,81068.38677399996,1002999.9999999998,0.0,486410.32064399973,1
8.071218539969863,8,11.010928456106528,1,50,2,0,1,2,1,0,10.474495347310452,3,0,10.881832472145556,50-59,4.0,60531.06212399997,53200.0,35399.99999999996,242124.24849599987,0
6.78105762593618,8,11.20508155522288,0,36,2,0,2,1,1,0,11.31448672129398,3,0,10.270939218446076,30-39,0.75,73502.00400800005,28879.999999999985,81999.99999999985,55126.503006000035,0
3.713572066704308,4,10.16365262239305,0,25,1,0,2,1,1,0,0.0,2,0,8.338305731356565,Under 30,0.25,25941.88376800001,4179.999999999999,0.0,6485.470942000003,0
10.793454842740768,12,12.060739842420068,1,70,3,1,0,1,1,0,10.604131561522696,3,0,13.482971974375342,65+,8.0,172945.89178,717100.0000000003,40299.99999999997,1383567.13424,0
7.804251383528112,9,10.87739942351305,1,33,3,1,1,2,1,0,8.922791623969637,4,0,10.65681219612839,30-39,0.75,52964.67935899999,42480.00000000003,7500.0000000000055,39723.50951924999,1
8.699681400989514,9,10.204473075038807,0,66,3,0,0,2,3,0,6.68586094706836,3,0,8.699681400989514,65+,8.0,27022.79559099997,6000.000000000005,800.0000000000003,216182.36472799975,0
12.694655727828804,14,12.82620459180008,1,66,3,0,0,1,1,0,13.153863982446316,5,0,15.874749519877604,65+,8.0,371833.66732999973,7840000.0000000065,515999.99999999884,2974669.338639998,1
10.789339695269716,14,12.293832522398864,1,41,2,1,4,1,2,1,13.244582780038517,2,0,13.83511806818714,40-49,2.0,218344.18837999986,1019800.0000000009,565000.0000000003,436688.3767599997,1
12.520887034998584,13,12.156049496587327,0,35,3,1,0,1,1,0,0.0,2,0,13.67854584967945,30-39,0.75,190240.48095999993,872000.0000000001,0.0,142680.36071999994,1
11.127277689932466,12,11.890841876391685,1,58,3,1,3,1,1,0,12.622810641870045,5,0,12.337105293891872,50-59,4.0,145923.09619000013,228000.00000000003,303400.00000000047,583692.3847600005,0
11.744045122410055,12,12.097553606596383,1,66,3,0,0,1,1,0,0.0,4,0,13.970804298534327,65+,8.0,179431.3627299997,1168000.000000001,0.0,1435450.9018399976,0
7.972810784121404,9,11.30306069379871,1,40,1,0,1,1,1,0,11.96209480994468,1,1,9.465060106725137,40-49,2.0,81068.38677399996,12900.0,156699.99999999988,162136.7735479999,0
5.303304908059076,10,10.16365262239305,0,57,2,0,0,1,2,0,0.0,1,0,5.303304908059076,50-59,4.0,25941.88376800001,200.0,0.0,103767.53507200004,0
7.855932199718614,8,10.933740143113557,1,72,3,0,0,2,2,0,9.12706745278236,2,0,12.633237273506154,65+,8.0,56034.46893800014,306579.9999999998,9199.999999999984,448275.7515040011,0
5.303304908059076,8,10.792243293398966,0,46,1,0,0,2,1,0,6.398594934535208,5,1,5.303304908059076,40-49,2.0,48641.03206399999,200.0,600.0,97282.06412799998,0
10.491301994830229,8,12.041811943026104,1,47,2,0,0,1,1,0,12.323860125621126,4,0,12.141005984951518,40-49,2.0,169703.15631000017,187400.00000000006,225000.00000000015,339406.31262000033,0
11.91505836075372,13,12.466203023190976,1,62,3,0,1,1,2,0,13.442998001373551,4,0,15.015927347156182,60-64,6.0,259418.8376800001,3321500.0000000023,688999.9999999993,1556513.0260800007,1
8.216358332386156,12,11.190266672490848,1,48,3,0,0,1,1,0,11.96254142081368,5,0,8.216358332386156,40-49,2.0,72421.09218400005,3699.999999999998,156769.99999999994,144842.1843680001,0
6.2166061010848646,9,10.723251890363157,0,60,2,0,1,2,1,0,0.0,5,0,11.986055452062391,60-64,6.0,45398.29659299996,160499.99999999977,0.0,272389.7795579998,0
11.373674891823535,14,13.34340411493854,1,80,3,1,0,2,2,0,11.695255355062796,5,0,15.810483351069808,65+,8.0,623686.1222399999,7352002.0,120000.00000000025,4989488.9779199995,1
10.308985993422082,8,11.890841876391685,1,39,3,1,2,1,1,0,11.898194668458824,2,0,11.60824473564232,30-39,0.75,145923.09619000013,109999.99999999971,147000.00000000015,109442.3221425001,1
12.472279517715116,12,13.768886493400288,1,39,2,1,3,1,2,0,12.765691290604371,2,0,13.081543466215235,30-39,0.75,954445.1402799992,479999.99999999924,349999.9999999997,715833.8552099995,0
8.699681400989514,12,11.462907572501242,1,81,3,1,0,1,3,0,0.0,2,0,12.149507585033072,65+,8.0,95120.24048100002,188999.99999999988,0.0,760961.9238480001,0
11.177466714598282,12,11.912820634128884,0,65,2,1,0,2,2,0,9.05963375455148,1,0,12.73523217148465,65+,8.0,149165.83166000003,339500.0000000001,8600.00000000001,1193326.6532800002,0
14.077875591662238,14,14.852666099839723,1,64,3,1,1,1,2,0,14.80876270134486,5,0,15.477920544845798,60-64,6.0,2821179.859700002,5272000.000000002,2700000.0,16927079.15820001,0
14.030622744032508,12,14.61115576850123,1,63,2,1,0,1,2,0,14.13396501635527,5,0,14.63968643952702,60-64,6.0,2215869.2385,2280000.000000004,1374999.999999999,13295215.431,0
7.601402334583733,8,9.98133877479715,1,63,2,1,0,2,1,0,0.0,5,0,7.601402334583733,60-64,6.0,21618.236473000004,2000.0,0.0,129709.41883800003,0
11.651826167019166,13,13.072337074570212,1,39,3,1,3,1,1,0,12.521981322562503,5,0,13.885876752677715,30-39,0.75,475601.2024000003,1072899.9999999986,274299.9999999994,356700.9018000002,1
0.6931471805599453,12,11.09644927542817,1,74,2,0,0,2,1,0,11.976980184488554,5,0,12.328299127772787,65+,8.0,65935.62124200001,226000.99999999985,159050.0000000001,527484.9699360001,0
7.601402334583733,12,10.623170750425082,0,28,1,0,0,2,1,0,10.66897865021924,1,0,7.937731775260109,Under 30,0.25,41074.649299000004,2800.000000000001,42999.99999999994,10268.662324750001,0
14.19736648302693,14,14.475531660728862,1,56,3,1,0,1,3,0,13.592368256649284,4,0,16.273987756480448,50-59,4.0,1934832.1643000012,11686999.999999998,800000.0000000005,7739328.657200005,1
6.90875477931522,9,11.28963784015293,0,38,1,1,4,1,2,0,6.089044875446846,2,1,6.90875477931522,30-39,0.75,79987.47494999996,999.9999999999999,440.0,59990.60621249997,0
10.988693712621323,12,11.721766808769676,1,57,3,0,0,2,1,0,0.0,5,0,14.229737832591969,50-59,4.0,123223.9479000001,1513199.9999999993,0.0,492895.7916000004,1
10.448743588106623,12,11.813881383532228,0,50,1,1,3,2,2,0,6.311734809152915,5,0,10.448743588106623,50-59,4.0,135113.97795999993,34499.99999999991,550.0000000000002,540455.9118399997,0
7.030857476116121,8,9.98133877479715,0,22,2,0,0,2,1,0,0.0,2,0,8.776630098427717,Under 30,0.25,21618.236473000004,6480.000000000004,0.0,5404.559118250001,1
10.736418414365376,9,10.386788464403516,1,73,2,1,1,2,3,0,10.203629181337648,5,0,12.240478903153711,65+,8.0,32427.35470899998,206999.99999999994,26999.999999999978,259418.83767199985,0
9.305741456739437,8,11.560280761065794,1,35,2,0,2,1,4,0,11.666427362955485,1,0,10.043292972227004,30-39,0.75,104848.44688999999,22999.999999999996,116590.00000000026,78636.33516749999,0
10.988693712621323,14,13.532346983149104,1,77,3,1,0,1,2,0,0.0,4,0,17.242836950996267,65+,8.0,753395.5410800005,30794200.000000034,0.0,6027164.328640004,1
7.107425474110705,9,11.30306069379871,0,53,2,0,2,1,1,0,10.571086129249698,4,0,11.364669046470937,50-59,4.0,81068.38677399996,86220.00000000017,38990.00000000001,324273.5470959998,0
15.564362700154591,12,16.336531827147223,1,43,3,0,2,1,2,0,14.467836264837162,4,0,18.418979307329636,40-49,2.0,12441295.089999992,99829999.9999999,1920000.0000000002,24882590.179999985,1
3.044522437723423,8,11.079920226254767,1,39,1,0,3,1,1,0,11.998439434579147,2,0,3.044522437723423,30-39,0.75,64854.70941899998,20.0,162499.99999999983,48641.03206424999,0
5.771441123130016,8,11.063113369269184,0,34,2,0,0,2,1,0,9.409273194575334,5,1,10.865917318389972,30-39,0.75,63773.79759499985,52360.00000000001,12200.0,47830.34819624989,1
14.36305434303426,13,15.914863209842572,1,56,3,1,1,1,2,1,0.0,2,0,15.549287921270004,50-59,4.0,8160884.268500005,5662000.000000005,0.0,32643537.07400002,0
9.798737961337055,8,10.769770904774589,1,74,2,0,0,1,3,0,0.0,5,0,9.798737961337055,65+,8.0,47560.12024000005,18009.99999999996,0.0,380480.9619200004,0
8.006700845440367,6,11.355019808159389,0,56,1,1,0,1,1,0,9.23024103368252,2,0,8.006700845440367,50-59,4.0,85392.03406799996,2999.9999999999995,10200.000000000005,341568.13627199986,0
12.487488878546143,14,14.12442797925874,1,52,2,0,0,1,2,0,14.229605653708807,4,0,15.582806725808132,50-59,4.0,1361948.897799999,5854999.999999991,1513000.0000000002,5447795.591199996,1
11.73687669002817,14,13.724897967268705,1,68,3,1,0,1,3,0,12.73670383776449,2,0,15.849575608507214,65+,8.0,913370.4909800007,7645099.999999998,339999.99999999994,7306963.927840006,1
5.707110264748875,8,11.451478997511789,0,29,2,0,2,1,1,0,11.03005541721757,4,1,10.825780236605915,Under 30,0.25,94039.3286570002,50299.99999999988,61700.00000000003,23509.83216425005,1
10.344995251991222,8,10.99291025098136,1,80,2,1,0,1,3,0,11.0186455364637,3,0,10.344995251991222,65+,8.0,59450.15030100008,31099.999999999996,60999.999999999956,475601.20240800065,0
11.103467395592086,4,11.83759773667864,1,70,2,1,1,1,3,0,12.154784614286667,5,0,12.256770512686108,65+,8.0,138356.7134300002,210400.0,189999.9999999999,1106853.7074400017,0
7.601402334583733,13,10.897601753215405,1,78,3,1,0,2,3,0,0.0,5,0,9.012011377036412,65+,8.0,54045.59118200007,8200.000000000007,0.0,432364.72945600055,0
12.25486757159303,12,13.36398799942572,1,55,3,0,0,2,1,0,0.0,3,0,15.681140030557534,50-59,4.0,636657.0641299998,6460000.000000001,0.0,2546628.2565199994,1
16.213405921671733,12,15.71995954403361,1,83,3,1,0,1,3,0,0.0,5,0,18.91278216483348,65+,8.0,6715705.160299998,163575000.0,0.0,53725641.28239998,1
7.601402334583733,8,11.496429917961311,1,64,2,0,0,2,3,0,11.567423119906431,5,0,7.601402334583733,60-64,6.0,98362.9759519998,2000.0,105600.00000000007,590177.8557119989,0
0.0,2,10.540934738927314,1,59,3,0,1,1,1,0,11.277215789596893,5,0,0.0,50-59,4.0,37831.91382800001,0.0,79000.00000000006,151327.65531200005,0
6.90875477931522,10,9.470543987306163,0,54,1,0,1,2,1,0,9.90353755128617,5,0,6.90875477931522,50-59,4.0,12970.941883999983,999.9999999999999,20000.000000000015,51883.767535999934,0
10.480129006333248,12,11.079920226254767,0,32,3,0,0,2,1,0,9.503084610020228,5,0,11.955050317440996,30-39,0.75,64854.70941899998,155600.00000000012,13399.999999999989,48641.03206424999,1
8.453401058328458,12,11.764691512444722,1,61,3,1,0,1,1,0,12.821260987319455,4,0,8.808518618782816,60-64,6.0,128628.50701000007,6689.999999999996,369999.9999999991,771771.0420600005,0
9.217415285648144,10,12.17852223565681,1,46,3,1,2,1,1,0,12.625772622110356,2,0,12.563995310740877,40-49,2.0,194564.12826000006,286070.0000000005,304299.9999999998,389128.2565200001,0
7.972810784121404,13,10.792243293398966,0,26,2,0,0,2,4,0,12.24611513631632,5,1,7.972810784121404,Under 30,0.25,48641.03206399999,2900.0000000000005,208170.00000000017,12160.258015999998,0
7.601402334583733,11,11.010928456106528,0,45,1,0,1,2,1,0,11.065090289695444,5,0,10.698762529141884,40-49,2.0,60531.06212399997,44300.00000000004,63900.000000000015,121062.12424799993,0
7.00397413672268,10,10.974561423798535,0,49,2,1,0,2,1,0,10.000205831412565,3,1,7.409136443920128,40-49,2.0,58369.23847699994,1650.0000000000007,22029.999999999993,116738.47695399988,0
8.517393171418904,14,11.342280932513091,0,31,2,0,0,2,1,0,9.04793908261736,3,0,9.87822102528824,30-39,0.75,84311.12224399998,19500.0,8500.000000000005,63233.34168299999,0
10.75301863171864,10,11.789588872889585,1,63,3,1,0,1,3,0,13.61263643674157,2,0,15.26789013409884,60-64,6.0,131871.2424800002,4273270.000000001,816379.9999999994,791227.4548800011,1
12.936036208848488,14,13.092585193269535,1,77,3,1,0,1,3,0,0.0,5,0,15.9585136984359,65+,8.0,485329.4088199994,8524999.999999989,0.0,3882635.270559995,1
7.601402334583733,12,10.99291025098136,1,44,3,0,3,1,1,0,12.308137235587647,1,0,7.601402334583733,40-49,2.0,59450.15030100008,2000.0,221490.00000000012,118900.30060200016,0
8.049107721326406,9,11.234068703381135,0,44,1,1,0,2,1,0,10.171642709679686,5,0,10.970454363368692,40-49,2.0,75663.82765499984,58129.99999999998,26150.000000000007,151327.65530999968,0
14.220976332738882,12,14.596413493470822,1,51,1,0,0,2,2,0,0.0,2,0,16.81423839034851,50-59,4.0,2183441.8837999995,20059999.99999999,0.0,8733767.535199998,1
9.305741456739437,10,11.367598443988374,1,61,2,1,0,2,1,0,10.714439990727769,2,0,11.0186455364637,60-64,6.0,86472.94589200003,60999.999999999956,44999.999999999985,518837.67535200017,0
10.012386799492118,13,14.699791802940815,1,67,3,1,0,1,3,0,14.508658238524095,2,0,16.52504638830601,65+,8.0,2421242.484999996,15022300.000000011,2000000.0000000016,19369939.87999997,0
8.581294116822761,8,11.262239213240829,1,59,2,1,1,1,3,0,9.200391041122517,2,0,9.130322663990151,50-59,4.0,77825.65130300017,9229.999999999998,9900.00000000002,311302.60521200066,0
11.218567827096358,12,11.764691512444722,1,45,2,0,2,1,1,0,12.400820837540556,3,0,13.131325100934392,40-49,2.0,128628.50701000007,504500.00000000035,243000.00000000003,257257.01402000015,1
13.887832149776026,13,14.998572661771988,1,49,3,0,2,1,1,0,14.907098567378478,1,1,16.969314428778194,40-49,2.0,3264353.7073999974,23425000.000000015,2978999.9999999995,6528707.414799995,1
11.52288569676448,12,12.313440904836163,1,54,3,1,0,1,1,0,10.689692377847104,3,0,15.049818853122328,50-59,4.0,222667.8356699999,3435999.9999999977,43899.99999999997,890671.3426799997,1
12.936036208848488,13,13.028195276251832,1,59,3,1,0,1,1,0,13.017005083966255,5,0,15.237413587806026,50-59,4.0,455063.87775999994,4144999.999999997,449999.99999999994,1820255.5110399998,1
11.149096419938578,12,11.234068703381135,1,39,3,0,2,1,1,0,12.685410698175234,1,0,11.149096419938578,30-39,0.75,75663.82765499984,69499.99999999996,323000.0000000003,56747.87074124988,1
10.038935856711175,14,11.639529406064158,0,33,3,0,0,1,1,0,12.685101053675606,4,0,12.611207699176356,30-39,0.75,113495.74147999997,299900.0,322899.99999999977,85121.80610999998,1
9.472781556562168,14,11.82975461608208,0,27,3,1,0,1,1,0,9.305741456739437,3,0,12.637208749244536,Under 30,0.25,137275.80160000015,307799.9999999999,11000.000000000011,34318.95040000004,1
14.070153551531352,12,15.021486914368625,1,46,3,1,3,1,2,0,13.906631064239868,5,0,14.936862659440855,40-49,2.0,3340017.535100006,3068999.999999999,1095399.9999999998,6680035.070200012,0
11.88518533064729,12,13.042346424915792,1,73,3,1,0,1,3,0,0.0,2,0,17.002073954038817,65+,8.0,461549.3487000001,24205099.99999996,0.0,3692394.7896000007,1
8.716207971151853,10,11.42822238555616,0,72,3,0,0,1,3,0,10.122663242288953,1,0,8.716207971151853,65+,8.0,91877.50500999982,6100.000000000004,24900.00000000001,735020.0400799986,0
14.061589862421505,14,14.14017632477386,1,52,3,1,1,1,2,0,13.272507757002964,5,0,16.755492302613643,50-59,4.0,1383567.134299997,18915500.00000003,581000.0000000008,5534268.537199988,1
0.6931471805599453,10,9.6246836542707,0,65,2,0,0,2,1,0,0.0,5,0,0.6931471805599453,65+,8.0,15132.765531000001,1.0,0.0,121062.12424800001,0
8.098946748943339,12,11.686049021222916,1,44,3,1,1,1,1,0,11.780667550692456,2,0,13.349165826779616,40-49,2.0,118900.30059999996,627289.9999999997,130700.00000000022,237800.60119999992,1
15.864493021025371,13,15.901529680625858,1,68,2,1,0,1,2,0,13.706812255867511,4,0,17.801452964910673,65+,8.0,8052793.086199996,53835999.99999995,896999.9999999981,64422344.68959997,0
11.156264806643742,13,11.730500418141489,1,75,3,1,0,1,3,0,11.728044909070784,4,0,13.153863982446316,65+,8.0,124304.8597200003,515999.99999999884,123999.99999999984,994438.8777600024,0
10.12667110305036,12,12.986977412981291,0,36,3,1,0,1,1,0,0.0,4,0,14.564565843275645,30-39,0.75,436688.3767499997,2115000.000000005,0.0,327516.28256249975,1
8.294299608857235,12,12.150351505528926,0,38,3,1,2,1,1,0,5.707110264748875,1,0,8.294299608857235,30-39,0.75,189159.5691400001,4000.0000000000014,299.9999999999999,141869.67685500009,0
11.251573687764475,12,12.82620459180008,1,58,3,1,0,1,1,0,13.45883704259595,5,0,15.022080287359454,50-59,4.0,371833.66732999973,3342000.000000001,700000.0000000006,1487334.669319999,1
6.46302945692067,8,11.316305758236654,0,42,1,0,1,2,1,0,9.908524844053396,5,1,6.947937068614969,40-49,2.0,82149.298597,1040.0000000000005,20099.999999999996,164298.597194,0
17.451806438269646,12,0.0,1,65,3,1,0,1,2,0,17.125688577748935,4,0,18.539174646882728,65+,8.0,0.0,112580000.0000001,27389999.999999996,0.0,1
7.560601162768557,11,9.818828007928497,1,78,2,1,0,2,3,0,0.0,1,0,7.560601162768557,65+,8.0,18375.50100200004,1920.0000000000007,0.0,147004.00801600033,0
10.40701662106948,13,11.17825468290496,1,71,3,1,0,1,3,0,0.0,4,0,12.79660830625632,65+,8.0,71556.36272500003,360990.0000000005,0.0,572450.9018000002,0
5.25227342804663,6,9.550580764956187,0,49,1,0,1,2,4,0,9.12706745278236,5,1,5.25227342804663,40-49,2.0,14051.853706999998,190.0,9199.999999999984,28103.707413999997,0
14.557448378884017,13,14.947627876182446,1,85,3,1,0,1,3,0,0.0,5,0,18.140966854377275,65+,8.0,3102216.933900002,75600000.00000006,0.0,24817735.471200015,1
10.275085591132717,11,12.253423172919684,1,37,3,1,1,1,1,0,11.669937760751914,4,0,14.004063492665871,30-39,0.75,209696.89378999965,1207499.9999999993,116999.99999999991,157272.67034249974,1
6.2166061010848646,8,10.243692364956797,1,64,2,0,0,2,2,0,8.562357743370612,5,0,7.601402334583733,60-64,6.0,28103.707415000037,2000.0,5230.000000000004,168622.24449000022,0
11.166214996056205,11,11.404411999129266,1,57,3,1,1,1,1,0,12.201065128819632,5,0,12.95442035229611,50-59,4.0,89715.68136300004,422700.0,199000.0000000001,358862.72545200016,1
11.495789479023491,10,12.871666846354175,1,66,1,0,0,1,2,0,12.81584093453868,2,0,12.44627388376583,65+,8.0,389128.2565099999,254300.0000000001,368000.00000000023,3113026.0520799994,0
11.847975261832088,12,12.36084293583064,1,53,2,0,4,1,1,0,13.429555387263958,5,0,14.09299152562173,50-59,4.0,233476.9539100002,1319800.0000000002,679799.9999999994,933907.8156400007,1
7.550135342488429,1,10.699154876036824,1,65,3,0,0,1,3,0,7.601402334583733,3,0,7.550135342488429,65+,8.0,44317.38476999999,1899.9999999999993,2000.0,354539.0781599999,0
9.210440366976515,12,11.219680157476482,1,65,3,1,0,2,1,0,8.071218539969863,4,0,14.070153551531352,65+,8.0,74582.91583199994,1289999.9999999984,3199.9999999999986,596663.3266559995,1
6.803505257608338,9,9.470543987306163,0,21,2,0,0,2,4,0,7.0909098220799835,4,1,6.803505257608338,Under 30,0.25,12970.941883999983,899.9999999999998,1200.0,3242.735470999996,0
10.308985993422082,13,12.383727132769591,0,42,2,0,0,2,1,0,12.100717685412471,1,0,11.652696102959752,40-49,2.0,238881.5130300001,114999.99999999971,180000.00000000003,477763.0260600002,0
12.345838935721968,12,13.605634685129951,1,66,3,1,0,1,2,0,0.0,5,0,15.786949346348816,65+,8.0,810683.8677400002,7181000.000000003,0.0,6485470.941920002,1
13.02805489573287,12,13.620194818630864,1,49,3,1,2,1,2,0,13.928840136128022,3,0,15.06684421977304,40-49,2.0,822573.8978000002,3495000.0000000023,1120000.0000000005,1645147.7956000003,1
12.914110901635024,13,17.29083953130359,1,68,3,1,0,1,2,0,0.0,5,0,18.08120000030888,65+,8.0,32308454.409000017,71213999.99999994,0.0,258467635.27200013,0
10.591647316585028,12,11.890841876391685,0,27,2,1,0,1,1,0,9.680406499268877,4,0,12.651082132354988,Under 30,0.25,145923.09619000013,312100.00000000023,16000.00000000003,36480.77404750003,1
0.6931471805599453,-1,10.030126736355644,0,76,2,1,0,2,3,0,0.0,3,0,0.6931471805599453,65+,8.0,22699.14829700001,1.0,0.0,181593.18637600009,0
12.245298166364206,8,11.704067376563522,0,50,3,1,0,2,1,1,6.7464121285733745,5,0,14.847983400253131,50-59,4.0,121062.12424999992,2807999.999999999,850.0000000000002,484248.4969999997,1
10.491301994830229,13,12.12722921174015,1,43,3,0,2,1,1,0,13.434251602680698,5,0,13.30635187740947,40-49,2.0,184835.92184000014,600999.9999999997,682999.9999999995,369671.8436800003,1
8.575650760987806,11,10.451325058234776,1,66,3,1,0,2,2,0,11.289794413577894,3,0,11.35394145674048,65+,8.0,34589.17835700002,85300.00000000022,80000.0,276713.42685600015,0
9.61587214452889,12,12.379191996605552,1,32,3,1,0,1,1,0,12.293171935322029,2,0,9.61587214452889,30-39,0.75,237800.60120000003,14999.99999999999,218200.0000000005,178350.45090000003,0
3.044522437723423,6,10.41957729248823,0,44,2,0,0,2,3,0,6.90875477931522,5,0,3.044522437723423,40-49,2.0,33508.26653300001,20.0,999.9999999999999,67016.53306600002,0
11.227919807721856,12,11.367598443988374,1,36,3,1,0,1,1,0,12.082214317601338,4,0,12.72385700106288,30-39,0.75,86472.94589200003,335659.9999999999,176699.9999999999,64854.70941900002,1
9.39274525863144,6,11.649008066953392,1,36,3,1,1,1,1,0,10.721084386282662,5,0,11.352768449837727,30-39,0.75,114576.65330999994,85199.99999999978,45299.99999999998,85932.48998249994,0
10.762170357789897,8,10.16365262239305,1,85,2,1,1,2,3,0,5.993961427306569,4,0,10.762170357789897,65+,8.0,25941.88376800001,47200.000000000065,400.00000000000006,207535.07014400008,0
7.02197642307216,8,10.243692364956797,0,49,2,0,0,2,1,0,0.0,4,0,7.02197642307216,40-49,2.0,28103.707415000037,1120.0,0.0,56207.414830000074,0
10.404293143019792,12,11.898221933343832,1,67,2,1,0,1,3,0,0.0,5,0,11.982935344196433,65+,8.0,147004.00802,159999.99999999997,0.0,1176032.06416,0
9.741027444837728,10,11.010928456106528,0,39,3,0,0,1,1,0,5.771441123130016,4,0,9.741027444837728,30-39,0.75,60531.06212399997,16999.99999999999,320.0,45398.29659299998,0
6.90875477931522,13,11.485380194730258,1,59,1,0,0,1,1,0,8.517393171418904,2,1,9.305741456739437,50-59,4.0,97282.06412800006,11000.000000000011,5000.000000000003,389128.2565120002,0
9.937937287265354,7,11.94139381776646,1,59,3,0,0,2,1,0,13.10409960546266,1,0,14.83950741240823,50-59,4.0,153489.47896000024,2784300.0000000005,490949.99999999965,613957.915840001,1
9.105090961257083,9,10.204473075038807,1,73,2,0,1,2,3,0,11.561725152903833,5,0,9.105090961257083,65+,8.0,27022.79559099997,8999.999999999984,104999.99999999997,216182.36472799975,0
10.915106645867503,12,12.227312155065473,1,47,3,1,0,1,1,0,14.346139397261563,4,0,11.51293546492023,40-49,2.0,204292.3346700001,100000.00000000004,1699999.9999999958,408584.6693400002,0
0.6931471805599453,9,9.75820678716859,0,74,2,0,0,2,3,0,8.594339400592892,5,1,0.6931471805599453,65+,8.0,17294.589178000006,1.0,5400.000000000005,138356.71342400005,0
10.085850775128716,8,11.276032359350232,1,61,2,0,0,2,3,0,13.790193775620484,4,0,10.085850775128716,60-64,6.0,78906.56312599996,23999.999999999945,974999.9999999999,473439.3787559998,0
7.333676395657684,9,10.41957729248823,0,42,2,0,5,2,1,0,0.0,4,0,7.333676395657684,40-49,2.0,33508.26653300001,1530.0000000000005,0.0,67016.53306600002,0
16.895951605384212,9,15.447240922154592,1,61,2,1,0,1,2,0,0.0,3,0,19.636625599423592,60-64,6.0,5112712.925899995,337348000.0000005,0.0,30676277.55539997,1
9.636326803305096,12,10.814221753204103,0,50,3,0,2,1,2,0,10.491301994830229,5,0,9.636326803305096,50-59,4.0,49721.943887999936,15310.00000000001,35999.99999999998,198887.77555199974,0
7.824445930877619,12,11.59073968241829,1,34,3,0,0,1,1,0,13.0400703062278,5,0,11.558863947911393,30-39,0.75,108091.18236000005,104699.99999999996,460499.9999999998,81068.38677000004,1
10.714439990727769,8,11.667700038278326,1,67,3,1,0,1,3,0,10.859018228147889,4,0,10.736418414365376,65+,8.0,116738.47695000008,46000.000000000044,52000.00000000013,933907.8156000007,0
10.904137815028022,9,11.112709551691127,0,52,3,1,0,1,3,0,0.0,4,0,10.954326659732557,50-59,4.0,67016.53306600003,57200.00000000013,0.0,268066.13226400013,0
5.198497031265826,10,9.470543987306163,0,83,0,1,1,2,3,0,7.601402334583733,5,0,5.198497031265826,65+,8.0,12970.941883999983,180.00000000000006,2000.0,103767.53507199987,0
10.292179440058462,12,11.53944687502236,1,33,3,1,0,1,1,0,11.989165855127435,4,0,12.075400019877522,30-39,0.75,102686.62324999995,175500.0,161000.00000000006,77014.96743749996,1
7.783640596221253,11,10.897601753215405,1,33,2,0,3,2,4,0,12.360084744326953,5,0,7.783640596221253,30-39,0.75,54045.59118200007,2399.999999999999,233299.99999999985,40534.193386500054,0
12.333590367227895,12,12.909818516118984,1,40,3,1,3,1,2,0,0.0,2,0,15.112755375534396,40-49,2.0,404261.0220399994,3659200.000000008,0.0,808522.0440799989,1
6.68586094706836,8,9.013830214534464,1,65,2,0,0,2,3,0,10.16972890675306,1,1,7.937731775260109,65+,8.0,8214.929859699983,2800.000000000001,26099.999999999967,65719.43887759987,0
12.821260987319455,12,13.923845626430175,1,86,2,1,0,1,1,0,0.0,5,1,16.513981759927827,65+,8.0,1114420.0901999988,14856999.999999993,0.0,8915360.72159999,1
12.59473402514672,14,14.958026580065576,1,49,3,1,1,1,2,1,0.0,2,0,16.90514297223,40-49,2.0,3134644.2885999987,21968999.999999966,0.0,6269288.577199997,1
12.061168253396312,8,11.92720927582913,1,67,2,1,1,2,2,0,11.552155793461898,4,0,12.061168253396312,65+,8.0,151327.65530999997,173019.99999999988,104000.00000000003,1210621.2424799998,0
8.627123250788433,12,11.600689921732425,1,34,3,0,3,1,1,0,11.530283931266377,3,0,12.12041126597472,30-39,0.75,109172.09419000008,183580.00000000035,101750.00000000019,81879.07064250005,1
0.0,10,10.35288797609956,0,37,2,0,1,2,1,0,9.49634604004702,4,1,8.853808274977197,30-39,0.75,31346.442886000004,6999.999999999998,13310.000000000022,23509.832164500003,0
10.59665973278358,12,14.06726960857491,1,69,3,1,0,2,2,0,14.828565321378878,3,0,15.716423490521,65+,8.0,1286285.070099999,6692000.000000015,2754000.0000000023,10290280.560799992,0
11.50440930520189,13,12.337422763109329,1,49,3,1,3,1,1,0,12.04355959836804,4,0,13.218676690266044,40-49,2.0,228072.39479000002,550550.9999999997,170000.00000000012,456144.78958000004,1
8.517393171418904,9,10.076644749570695,0,23,3,0,0,2,1,0,10.86477077032911,1,1,8.537191877922927,Under 30,0.25,23780.060119999976,5100.000000000004,52299.999999999956,5945.015029999994,0
16.519351981240273,13,15.03140519969408,1,73,2,1,0,1,2,0,0.0,3,0,18.706498587308392,65+,8.0,3373309.6192000015,133085000.00000016,0.0,26986476.95360001,1
10.904523762856345,10,12.397210427038146,0,32,2,0,1,1,1,0,7.601402334583733,4,0,11.501277894620612,30-39,0.75,242124.2485000002,98841.00000000007,2000.0,181593.18637500014,0
12.487488878546143,8,14.429809435565296,1,67,3,1,0,1,2,0,14.142654420277244,5,0,14.60169306007217,65+,8.0,1848359.2183999992,2194999.9999999995,1387000.000000003,14786873.747199994,0
13.137647970600671,12,12.595035429071013,1,37,3,1,2,1,1,0,12.794139826639498,2,0,13.949780053124089,30-39,0.75,295088.92786000005,1143699.9999999998,360099.99999999994,221316.69589500004,1
9.62251624577579,9,11.99620170679576,1,61,2,0,0,1,1,0,0.0,5,0,9.62251624577579,60-64,6.0,162136.77355000027,15100.000000000013,0.0,972820.6413000016,0
6.734591659972948,5,9.278188446806755,0,52,2,1,0,2,3,0,7.824445930877619,1,0,6.734591659972948,50-59,4.0,10701.027053999973,840.0000000000002,2500.0000000000005,42804.10821599989,0
4.61512051684126,10,9.75820678716859,0,42,1,0,0,2,1,0,9.741027444837728,4,0,4.61512051684126,40-49,2.0,17294.589178000006,100.00000000000003,16999.99999999999,34589.17835600001,0
6.2166061010848646,8,10.540934738927314,1,31,2,0,0,2,1,0,11.625548544252984,1,1,8.77971129020447,30-39,0.75,37831.91382800001,6500.000000000003,111919.99999999996,28373.935371000007,0
14.071702737318192,12,14.106651881775957,1,95,2,1,0,2,3,0,0.0,2,0,16.61230402990624,65+,8.0,1337952.6553,16392000.000000028,0.0,10703621.2424,1
10.177362240256697,14,11.144457783705516,0,27,3,1,1,1,1,0,12.826167834653992,2,0,10.250652418696085,Under 30,0.25,69178.35671300004,28300.00000000001,371819.99999999977,17294.58917825001,1
14.008608012328155,14,12.59869172789388,1,63,3,1,2,1,2,0,9.798182590890704,4,0,16.23614540659732,60-64,6.0,296169.8396799999,11252999.99999998,17999.999999999993,1777019.0380799994,1
9.071193240566023,8,11.99620170679576,1,50,2,0,0,1,1,0,12.70533466782146,2,1,11.13751903414526,50-59,4.0,162136.77355000027,68700.00000000004,329499.99999999994,648547.0942000011,0
6.90875477931522,13,11.367598443988374,1,41,1,1,2,2,2,0,13.308844604096606,3,0,8.160803920954665,40-49,2.0,86472.94589200003,3499.9999999999977,602499.9999999994,172945.89178400006,0
15.562795711336868,12,15.160263388129438,1,61,3,1,0,1,2,1,15.67336998490308,4,0,16.865825756632557,60-64,6.0,3837236.9739000024,21121999.99999999,6409999.99999999,23023421.843400016,0
7.496097345175956,8,10.74678187553037,0,22,1,0,0,2,1,0,5.638354669333745,2,0,7.496097345175956,Under 30,0.25,46479.20841700003,1800.0,279.9999999999999,11619.802104250008,0
6.2166061010848646,7,10.335496793040337,1,77,1,1,0,2,3,0,10.626217806887722,5,0,12.103491596905933,65+,8.0,30805.986974000072,180500.00000000032,41200.0,246447.89579200058,0
11.818209214992564,14,12.303684773907628,1,47,3,0,2,1,1,0,12.724869415131389,4,0,14.043204540345297,40-49,2.0,220506.01201999988,1255699.999999999,336000.00000000006,441012.02403999976,1
15.806121022549506,12,14.860299722008838,1,67,3,1,0,1,2,0,0.0,5,0,16.074143867922338,65+,8.0,2842798.0961999996,9569999.999999985,0.0,22742384.769599997,0
9.564582358673212,8,11.046019206267973,1,60,3,0,0,1,3,0,0.0,5,0,11.58292716075612,60-64,6.0,62692.88577200012,107250.00000000001,0.0,376157.3146320007,0
12.393012687350824,13,17.624775447863126,1,58,3,1,1,1,1,1,15.638445806211656,1,0,17.70125346691601,50-59,4.0,45117259.51900003,48703110.00000001,6190000.000000013,180469038.07600012,0
12.592018486191964,4,10.798887699967697,1,85,2,1,0,1,3,0,0.0,5,0,13.471894263220676,65+,8.0,48965.305611000054,709199.9999999995,0.0,391722.44488800043,1
9.305741456739437,11,11.686049021222916,1,42,2,0,1,1,1,0,11.917063025610398,2,0,11.38510345703214,40-49,2.0,118900.30059999996,87999.9999999998,149800.00000000003,237800.60119999992,0
10.66897865021924,9,11.82975461608208,1,59,3,1,1,1,1,0,12.30682706941576,5,0,12.745488641595722,50-59,4.0,137275.80160000015,343000.00000000006,221200.00000000052,549103.2064000006,0
10.302632731899472,12,11.439918298765717,1,44,1,1,1,1,1,0,10.5713425658087,4,0,12.222000127079546,40-49,2.0,92958.41683399999,203209.99999999985,39000.000000000065,185916.83366799998,1
0.6931471805599453,9,9.875983398597374,0,53,2,0,0,2,3,1,9.435162513668947,5,1,0.6931471805599453,50-59,4.0,19456.412826000007,1.0,12519.999999999996,77825.65130400003,0
6.398594934535208,5,10.16365262239305,0,94,1,0,0,2,3,0,0.0,3,0,8.188966863648876,65+,8.0,25941.88376800001,3600.000000000002,0.0,207535.07014400008,0
6.957497370876951,13,11.30306069379871,0,47,3,0,0,2,1,0,11.470028402317832,4,0,10.622570475119794,40-49,2.0,81068.38677399996,41050.00000000003,95799.99999999984,162136.7735479999,0
5.860786223465865,10,10.511947979456522,1,73,2,0,0,2,1,0,10.653747312552309,2,0,9.920885329712547,65+,8.0,36751.00200399998,20349.999999999975,42349.99999999997,294008.01603199984,0
11.11974953463761,14,12.620353152316724,1,41,3,1,2,1,1,0,12.669809806411456,2,0,14.1516191570488,40-49,2.0,302655.3106200002,1399490.0000000012,317999.9999999994,605310.6212400004,1
13.089842251812335,12,13.624129245160866,1,63,2,1,0,1,1,0,0.0,5,0,15.733021379470248,60-64,6.0,825816.6332699995,6804000.000000002,0.0,4954899.799619997,1
9.132486932771318,2,11.610542128340578,1,52,3,0,2,1,1,0,12.805268971983857,4,0,12.609037965102187,50-59,4.0,110253.00601000008,299249.9999999997,364130.00000000035,441012.02404000034,0
9.607907707957208,8,11.898221933343832,0,45,0,1,2,1,1,0,10.901007979642964,4,0,9.845964366292462,40-49,2.0,147004.00802,18880.999999999996,54229.99999999999,294008.01604,0
13.64561270635336,11,12.605964462765131,1,57,2,1,1,1,1,0,12.861001210669146,2,0,14.95069614822575,50-59,4.0,298331.66332999984,3111750.000000003,385000.00000000023,1193326.6533199993,1
7.313886831633462,8,10.74678187553037,0,35,2,1,0,2,1,0,9.99383087243373,1,0,10.584081267024454,30-39,0.75,46479.20841700003,39500.00000000001,21889.999999999996,34859.40631275003,1
10.626217806887722,12,11.276032359350232,0,44,3,0,0,2,1,0,0.0,4,0,13.206154742381909,40-49,2.0,78906.56312599996,543700.0000000009,0.0,157813.12625199993,1
10.545367754151744,13,11.99620170679576,1,83,3,1,0,1,3,0,0.0,5,0,15.064839350708214,65+,8.0,162136.77355000027,3487999.999999999,0.0,1297094.1884000022,1
7.0909098220799835,9,10.835727530509162,1,38,1,0,2,1,1,0,12.618185607609805,4,1,7.0909098220799835,30-39,0.75,50802.85571100001,1200.0,302000.00000000064,38102.14178325001,0
15.210764908225675,13,13.728441971829142,1,76,3,1,0,1,2,0,12.936036208848488,2,0,17.799444857471673,65+,8.0,916613.2264500002,53728000.0,415000.0000000008,7332905.8116000015,1
8.016647877057803,7,11.20508155522288,0,47,1,0,1,1,2,0,0.0,3,0,8.016647877057803,40-49,2.0,73502.00400800005,3030.0,0.0,147004.0080160001,0
10.102379394048045,14,13.20017019377173,1,52,0,1,0,1,1,0,12.487488878546143,4,0,14.734358417598656,50-59,4.0,540455.9118199999,2506400.0000000056,264999.99999999953,2161823.6472799997,1
10.915106645867503,14,12.318283507600151,1,47,3,0,2,1,2,0,11.707677772181546,4,0,12.647551406590283,40-49,2.0,223748.7474899998,310999.99999999936,121500.00000000007,447497.4949799996,0
4.61512051684126,8,10.897601753215405,1,68,2,0,0,2,1,0,11.736077016252436,5,1,4.61512051684126,65+,8.0,54045.59118200007,100.00000000000003,124999.99999999967,432364.72945600055,0
5.564520407322694,8,11.046019206267973,1,24,3,0,0,1,1,0,5.017279836814924,4,0,5.564520407322694,Under 30,0.25,62692.88577200012,260.00000000000006,150.0,15673.22144300003,0
2.3978952727983707,9,9.288237848223762,0,23,2,0,0,2,4,1,8.77971129020447,2,0,2.3978952727983707,Under 30,0.25,10809.118235999998,10.000000000000002,6500.000000000003,2702.2795589999996,0
10.354595018522993,9,12.397210427038146,1,41,1,0,0,1,1,0,10.165890277802454,4,0,10.454523783963513,40-49,2.0,242124.2485000002,34700.00000000005,25999.999999999985,484248.4970000004,0
10.783135046711443,12,12.332672181245634,1,31,3,1,0,1,1,0,12.245298166364206,4,0,12.560949473827492,30-39,0.75,226991.48297000016,285200.0000000002,208000.00000000003,170243.61222750013,1
9.116139576577355,13,11.392290774522229,1,61,3,0,0,2,1,0,12.080515091473,4,0,11.252871529635922,60-64,6.0,88634.76953900007,77100.00000000004,176400.0,531808.6172340005,0
13.353476685668044,9,16.276558605378675,1,62,3,1,0,2,2,0,0.0,4,0,15.643280625487051,60-64,6.0,11717084.167999985,6219999.999999987,0.0,70302505.00799991,0
8.748463629942055,9,11.010928456106528,1,30,2,0,2,1,1,0,10.373522431293592,4,0,8.748463629942055,30-39,0.75,60531.06212399997,6299.999999999997,31999.999999999993,45398.29659299998,0
8.699681400989514,8,10.723251890363157,0,53,1,1,1,2,1,0,10.231027154561334,5,0,11.571203807011967,50-59,4.0,45398.29659299996,105999.99999999983,27749.99999999998,181593.18637199985,0
7.313886831633462,8,9.69367212060944,1,92,3,1,0,2,3,0,10.950824090522444,4,1,7.313886831633462,65+,8.0,16213.677355,1499.9999999999998,56999.99999999994,129709.41884,0
9.87822102528824,12,11.970542120321571,1,74,3,1,0,1,3,0,11.652696102959752,5,0,13.51373091339712,65+,8.0,158029.3086199996,739499.9999999994,114999.99999999971,1264234.4689599967,0
9.305741456739437,9,12.972014574830803,1,61,2,1,0,1,1,0,13.22672519452875,2,0,15.622322993995262,60-64,6.0,430202.9058099991,6090999.999999996,555000.0000000002,2581217.434859995,1
12.76597696326544,12,13.090355542528382,1,51,3,0,2,1,1,0,13.988245476094372,2,0,14.473082891118036,50-59,4.0,484248.4969899996,1930100.0000000016,1188550.000000001,1936993.9879599984,0
8.974744612722734,12,11.890841876391685,1,60,2,1,0,2,1,0,11.407576060361786,5,0,13.831286461428006,60-64,6.0,145923.09619000013,1015900.0000000005,90000.00000000001,875538.5771400008,1
11.052491896264268,12,10.511947979456522,1,70,2,1,0,2,3,0,0.0,3,0,14.041131837173966,65+,8.0,36751.00200399998,1253099.9999999995,0.0,294008.01603199984,1
9.66147968357552,13,11.316305758236654,0,61,3,1,1,1,1,0,10.34177474101152,2,0,11.06195554002416,60-64,6.0,82149.298597,63699.99999999996,31000.000000000015,492895.791582,0
12.190964083849376,12,15.243982947207128,1,71,3,1,0,1,2,0,0.0,2,0,17.131041149184114,65+,8.0,4172319.6392999995,27537000.000000004,0.0,33378557.114399996,0
12.468440756144114,14,13.060908402931776,1,84,1,1,0,1,3,0,0.0,5,0,16.47296904307665,65+,8.0,470196.6432899998,14260000.000000002,0.0,3761573.1463199984,1
9.35018926709258,12,10.91740401772286,1,72,2,1,0,2,3,0,12.175618592671356,4,0,9.35018926709258,65+,8.0,55126.503006,11499.999999999978,194000.00000000006,441012.024048,0
8.699681400989514,11,11.079920226254767,1,33,1,1,0,2,1,0,12.496878583628968,5,0,8.699681400989514,30-39,0.75,64854.70941899998,6000.000000000005,267500.00000000006,48641.03206424999,0
9.87822102528824,9,10.74678187553037,0,51,1,0,0,2,1,0,7.944846711001996,5,0,10.221977646629885,50-59,4.0,46479.20841700003,27499.99999999998,2819.999999999999,185916.83366800012,0
9.44549154241467,9,11.912820634128884,1,50,2,1,0,1,1,0,10.568775236216991,4,1,12.292942762543085,50-59,4.0,149165.83166000003,218150.00000000044,38899.9999999999,596663.3266400001,0
9.686636660844938,13,11.853101811967846,1,38,1,1,0,2,1,0,11.918397239722838,4,0,10.24356044187724,30-39,0.75,140518.53706999996,28099.99999999997,150000.00000000006,105388.90280249997,0
14.926710291301724,14,17.428169317508917,1,80,0,1,0,1,2,0,0.0,5,0,19.93179554445716,65+,8.0,37064466.43299998,453177999.9999996,0.0,296515731.46399987,1
15.280385250313998,12,14.31202646752966,1,63,3,1,0,1,3,0,0.0,4,0,19.289447913378357,60-64,6.0,1642985.971900003,238396999.99999994,0.0,9857915.831400018,1
8.699681400989514,8,11.528864869228295,1,64,2,0,2,1,1,0,11.990841458736636,5,0,10.673618922112436,60-64,6.0,101605.71141999982,43200.0,161270.00000000015,609634.2685199989,0
8.987321812850125,9,11.392290774522229,0,40,2,0,2,2,1,0,9.546884034617923,4,0,8.987321812850125,40-49,2.0,88634.76953900007,8000.0000000000055,13999.999999999969,177269.53907800015,0
11.440365524765756,14,14.686308458214125,1,60,3,0,0,1,2,0,11.6262630788088,5,0,17.927812925930194,60-64,6.0,2388815.130300001,61087200.00000005,111999.99999999984,14332890.781800006,1
6.90875477931522,11,10.95586961402582,0,51,2,0,0,2,1,0,9.225327501784433,5,0,7.696667081526462,50-59,4.0,57288.326653000004,2200.0,10150.000000000016,229153.30661200001,0
11.383966460172834,10,11.721766808769676,1,83,3,1,0,1,1,0,0.0,4,0,11.456365695436428,65+,8.0,123223.9479000001,94500.00000000012,0.0,985791.5832000008,0
17.09401289729368,12,17.160981548340803,1,60,3,1,0,1,1,0,0.0,2,0,18.13000754921783,60-64,6.0,28373935.37099998,74775999.99999987,0.0,170243612.2259999,0
10.158168529848494,12,12.61318468659942,1,56,3,0,2,1,1,0,13.282781802386296,4,0,11.658764556186767,50-59,4.0,300493.4869699992,115699.99999999994,587000.0000000005,1201973.9478799968,0
13.31957518872681,12,14.745814517284613,1,63,3,1,0,1,3,0,14.220976332738882,5,0,18.225966728858,60-64,6.0,2535278.682399998,82307000.0000004,1499999.9999999986,15211672.094399989,1
0.6931471805599453,8,10.030126736355644,0,61,2,0,1,2,1,0,0.0,1,0,0.6931471805599453,60-64,6.0,22699.14829700001,1.0,0.0,136194.88978200007,0
6.2166061010848646,10,10.281431375093115,0,43,2,1,2,2,1,0,10.463131911491969,1,1,6.2166061010848646,40-49,2.0,29184.61923800001,499.9999999999999,35000.00000000007,58369.23847600002,0
11.199597325534862,12,12.060739842420068,1,50,3,1,4,1,1,0,12.013100572810686,2,0,13.914089027450265,50-59,4.0,172945.89178,1103599.9999999995,164900.00000000006,691783.56712,1
9.305741456739437,8,9.930047914868677,1,67,3,1,1,2,3,0,4.2626798770413155,5,0,9.305741456739437,65+,8.0,20537.32464900002,11000.000000000011,70.0,164298.59719200016,0
8.665785595466064,12,11.59073968241829,0,31,2,0,0,1,1,0,9.952325334619427,5,0,11.755094871382958,30-39,0.75,108091.18236000005,127400.00000000004,20999.99999999998,81068.38677000004,1
6.274762021241939,8,9.75820678716859,1,56,2,0,0,2,3,0,10.714439990727769,4,0,6.274762021241939,50-59,4.0,17294.589178000006,530.0,44999.999999999985,69178.35671200002,0
14.19804884355674,14,14.597403102181325,1,72,3,1,0,1,1,0,0.0,2,1,17.01888692441033,65+,8.0,2185603.707399999,24615499.99999999,0.0,17484829.65919999,1
7.0909098220799835,11,10.64914561257346,0,38,1,0,1,2,1,0,10.313973369101156,1,1,7.0909098220799835,30-39,0.75,42155.561122000014,1200.0,30149.99999999998,31616.67084150001,0
8.81001204797317,12,12.035422182721987,0,47,3,1,0,1,1,0,12.301387370778713,5,0,10.725489582719506,40-49,2.0,168622.2444899999,45499.99999999997,219999.99999999983,337244.4889799998,0
9.546884034617923,13,8.238587505742698,1,48,3,1,4,1,2,0,13.22690535815384,3,1,12.774509413971376,40-49,2.0,3783.1913828000033,353100.00000000076,555099.999999999,7566.382765600007,1
8.006700845440367,12,10.814221753204103,1,37,2,0,0,1,1,0,10.511920715155128,2,0,8.4252971767117,30-39,0.75,49721.943887999936,4559.999999999998,36750.00000000003,37291.457915999956,0
4.61512051684126,3,10.281431375093115,1,68,1,0,1,1,3,0,0.0,4,0,4.61512051684126,65+,8.0,29184.61923800001,100.00000000000003,0.0,233476.95390400008,0
7.749753406274437,12,11.329377681719818,1,51,2,0,0,1,1,0,12.66001358269538,5,1,11.188869822404088,50-59,4.0,83230.21042100004,72320.0,314900.0000000001,332920.84168400016,0
9.692828247710418,9,9.383539618396709,1,66,3,1,0,1,2,0,0.0,5,0,12.045557589289558,65+,8.0,11890.03006000001,170340.0000000001,0.0,95120.24048000008,1
11.440365524765756,13,11.329377681719818,1,69,2,1,0,1,3,0,9.39274525863144,4,0,12.33270970174018,65+,8.0,83230.21042100004,227000.0,11999.999999999978,665841.6833680003,0
5.996452088619021,12,10.281431375093115,0,31,2,0,2,2,2,0,9.919902093804223,5,0,7.601901959875166,30-39,0.75,29184.61923800001,2000.9999999999998,20330.00000000002,21888.464428500007,0
14.204169225721929,14,14.4239443193151,1,52,3,1,1,1,2,0,13.778951339888737,3,0,15.799954508478866,50-59,4.0,1837550.1001999967,7275000.000000002,964100.0000000019,7350200.400799987,0
12.923914877701906,12,12.44939597018852,1,48,3,1,3,1,1,0,13.592368256649284,2,0,13.80141264778304,40-49,2.0,255095.1903799998,985999.9999999994,800000.0000000005,510190.3807599996,1
6.928537818164665,8,11.112709551691127,0,33,1,0,5,1,1,0,9.414994033976548,2,1,7.259116128097101,30-39,0.75,67016.53306600003,1420.0,12270.000000000002,50262.399799500025,0
13.304686600863562,14,14.19608391739746,1,80,3,1,1,1,2,0,0.0,5,0,14.603968372873895,65+,8.0,1463122.2444999993,2199999.9999999995,0.0,11704977.955999995,0
12.810391344620207,14,12.715663031744286,1,48,3,1,1,2,2,0,13.058999632613396,4,0,14.745310034496136,40-49,2.0,332920.8416800002,2534000.000000002,469300.0000000008,665841.6833600004,1
10.275085591132717,10,12.263679624391456,1,60,3,1,0,1,1,0,0.0,3,0,13.047641986378483,60-64,6.0,211858.71743000005,463999.9999999998,0.0,1271152.3045800002,0
11.092412706722495,12,12.397210427038146,1,56,2,1,1,1,1,0,12.558175654081676,2,0,14.16674543151622,50-59,4.0,242124.2485000002,1420820.0000000023,284410.0,968496.9940000008,1
9.39274525863144,12,8.59518316934863,0,30,3,0,0,2,4,0,0.0,3,0,12.267172448547784,30-39,0.75,5404.559118200003,212600.00000000003,0.0,4053.419338650002,1
5.993961427306569,2,9.75820678716859,0,38,3,0,4,1,1,0,0.0,5,0,5.993961427306569,30-39,0.75,17294.589178000006,400.00000000000006,0.0,12970.941883500003,0
5.5254529391317835,10,11.010928456106528,0,34,2,0,1,2,4,0,9.472781556562168,5,1,5.707110264748875,30-39,0.75,60531.06212399997,299.9999999999999,12999.999999999995,45398.29659299998,0
5.802118375377063,11,9.875983398597374,0,30,1,0,1,2,1,0,10.12667110305036,3,1,5.802118375377063,30-39,0.75,19456.412826000007,330.0,25000.000000000004,14592.309619500005,0
16.932021420465954,13,18.842642635974837,1,43,2,1,2,1,2,1,0.0,4,0,18.14763110668455,40-49,2.0,152495040.07999983,76105499.9999999,0.0,304990080.15999967,0
9.18204377282107,8,12.133060100630724,0,47,3,0,1,1,1,0,11.609153405321658,5,1,14.002173510580338,40-49,2.0,185916.83366999976,1205219.9999999995,110099.99999999993,371833.6673399995,1
8.529319371214077,13,10.05829638963037,1,77,3,0,0,2,2,0,11.34333452885509,5,0,9.906532910722088,65+,8.0,23347.695391000012,20060.0,84400.00000000003,186781.5631280001,0
6.90875477931522,7,10.699154876036824,0,25,1,0,2,1,1,0,9.433563920090563,2,1,6.90875477931522,Under 30,0.25,44317.38476999999,999.9999999999999,12500.0,11079.346192499997,0
14.162640795773006,12,15.390704139642724,1,73,3,0,0,1,2,0,11.51293546492023,5,0,15.515703016315223,65+,8.0,4831675.851699991,5474999.999999997,100000.00000000004,38653406.81359993,0
6.447305862541213,12,10.596503161315889,1,31,1,0,2,2,1,0,12.115496741336942,5,1,6.447305862541213,30-39,0.75,39993.7374750001,629.9999999999998,182680.00000000015,29995.303106250078,0
10.279214842380336,13,12.232589186385791,1,52,3,1,1,1,1,0,13.579156379301477,4,0,12.981078576067848,50-59,4.0,205373.24649000014,434119.99999999977,789499.9999999993,821492.9859600005,0
10.275085591132717,12,12.085432314014094,1,51,3,0,2,1,2,0,12.824822196605147,5,0,13.297997623898429,50-59,4.0,177269.53908000005,596000.0000000002,371320.0000000001,709078.1563200002,0
5.303304908059076,8,9.470543987306163,1,34,1,0,1,1,1,0,10.59665973278358,5,0,5.303304908059076,30-39,0.75,12970.941883999983,200.0,40000.00000000007,9728.206412999987,0
0.6931471805599453,8,11.496429917961311,1,64,3,0,0,1,1,0,10.59665973278358,5,0,10.309019325088835,60-64,6.0,98362.9759519998,30000.999999999985,40000.00000000007,590177.8557119989,0
12.9872329927875,8,11.316305758236654,1,86,3,1,0,2,3,0,0.0,5,0,13.357911275712462,65+,8.0,82149.298597,632800.0000000005,0.0,657194.388776,0
5.916202062607435,9,10.814221753204103,0,30,2,0,1,2,1,0,9.105090961257083,1,0,5.916202062607435,30-39,0.75,49721.943887999936,369.99999999999994,8999.999999999984,37291.457915999956,0
7.359467638255621,8,9.818828007928497,0,74,2,1,0,2,3,0,8.294299608857235,3,0,7.359467638255621,65+,8.0,18375.50100200004,1570.0,4000.0000000000014,147004.00801600033,0
13.802932788415127,14,14.25795928013062,1,62,3,1,0,1,3,0,12.07254696717504,2,0,16.565821781688964,60-64,6.0,1556513.0261000027,15647499.999999998,175000.00000000012,9339078.156600017,1
13.043971473071531,13,14.133906716298254,1,77,3,1,0,1,2,0,15.414898336565054,4,0,16.79827415052594,65+,8.0,1374919.8396999987,19742300.0,4949999.999999997,10999358.71759999,1
1.0986122886681098,9,7.322693081186922,0,36,1,0,3,2,4,0,0.0,3,0,1.0986122886681098,30-39,0.75,1513.2765531,2.0000000000000004,0.0,1134.957414825,0
9.35018926709258,13,13.150980042887005,1,51,3,1,0,1,1,0,13.023649611968253,4,0,13.92481418931331,50-59,4.0,514514.0280600012,1115500.0,452999.99999999977,2058056.1122400048,0
10.505094936455558,13,13.006100286251838,1,62,3,1,0,1,1,0,12.206077645517674,2,0,15.329428488587148,60-64,6.0,445119.48898,4544500.0,199999.99999999997,2670716.9338800004,1
10.077482875583607,13,11.695098780943722,0,41,3,0,0,2,1,0,12.568981617474362,1,0,12.751882135058594,40-49,2.0,119981.21241999997,345200.0000000003,287499.9999999999,239962.42483999993,1
8.294299608857235,-1,0.0,1,61,0,0,0,2,4,0,6.90875477931522,1,0,8.294299608857235,60-64,6.0,0.0,4000.0000000000014,999.9999999999999,0.0,1
5.303304908059076,8,9.98133877479715,0,35,1,0,2,2,1,0,0.0,4,0,5.303304908059076,30-39,0.75,21618.236473000004,200.0,0.0,16213.677354750003,0
7.00397413672268,10,10.85678052964002,0,45,2,0,1,2,3,0,10.203629181337648,5,0,7.00397413672268,40-49,2.0,51883.76753500001,1099.9999999999998,26999.999999999978,103767.53507000003,0
0.0,8,10.386788464403516,0,34,2,0,2,2,1,0,8.853808274977197,4,1,0.0,30-39,0.75,32427.35470899998,0.0,6999.999999999998,24320.516031749987,0
10.537441898283252,14,11.821849494415464,1,69,3,1,0,2,2,0,12.328294703023394,4,0,11.641327474774709,65+,8.0,136194.88977999994,113699.99999999997,225999.9999999998,1089559.1182399995,0
9.503084610020228,12,12.346856754184904,1,38,2,1,2,1,1,0,12.589295553001502,1,0,12.820558039506016,30-39,0.75,230234.21844000008,369740.00000000093,293400.0000000001,172675.66383000006,1
10.667815210028436,8,12.002846208646966,1,30,2,0,0,1,1,0,12.33270970174018,1,0,12.9478933167868,30-39,0.75,163217.68536999988,419950.00000000023,227000.0,122413.26402749991,1
16.1057903503393,12,15.695371951362215,1,80,3,1,0,1,2,0,8.45553053102413,4,0,17.782470530534603,65+,8.0,6552595.566099997,52823699.999999985,4700.000000000002,52420764.52879997,1
10.478442238622868,13,12.734956177307376,1,50,2,0,3,1,1,0,13.656773878497248,5,0,13.660073551173106,50-59,4.0,339406.3126300004,856039.9999999993,853219.9999999998,1357625.2505200016,0
10.63347280231402,8,10.64914561257346,1,71,3,1,0,2,3,0,0.0,5,0,11.042937835596494,65+,8.0,42155.561122000014,62499.999999999956,0.0,337244.4889760001,0
11.131679686740132,12,11.773059697378924,1,72,3,1,0,1,3,0,12.250094315624496,3,1,12.816655817607314,65+,8.0,129709.41884000013,368299.9999999998,208999.99999999988,1037675.350720001,0
8.807022955925477,9,10.85678052964002,0,28,3,0,3,1,4,0,9.490317840042412,4,1,11.045813650395022,Under 30,0.25,51883.76753500001,62680.000000000015,13230.00000000001,12970.941883750003,1
8.366602832783736,9,11.010928456106528,1,73,2,1,0,1,3,0,11.728044909070784,2,0,8.366602832783736,65+,8.0,60531.06212399997,4299.999999999997,123999.99999999984,484248.49699199974,0
9.546884034617923,13,11.53944687502236,1,62,3,0,1,1,1,0,12.775075663798932,4,0,12.310437165348777,60-64,6.0,102686.62324999995,222000.00000000023,353299.99999999907,616119.7394999997,0
12.89295272879663,13,12.834887691146786,1,59,3,1,0,1,2,0,14.040253629363908,4,0,16.509157596389567,50-59,4.0,375076.4028100003,14785499.99999998,1252000.0000000023,1500305.6112400012,1
10.645448706505872,13,12.689345803522986,1,40,2,1,2,1,1,0,13.321215875492411,1,0,11.034905792929417,40-49,2.0,324273.54709000007,62000.00000000008,609999.9999999993,648547.0941800001,0
11.728044909070784,13,14.015533975469058,1,56,3,1,0,1,2,0,14.308987153895576,4,0,14.724172665737138,50-59,4.0,1221430.3607000008,2481000.0,1637999.9999999993,4885721.442800003,0
13.008076473152151,12,12.964448352103938,1,40,2,1,2,1,2,0,14.15341105984318,4,0,13.657687643730208,40-49,2.0,426960.1703399998,853999.9999999993,1401999.9999999995,853920.3406799996,1
0.6931471805599453,8,10.511947979456522,1,26,3,0,3,1,1,0,11.364437057512568,5,0,5.863631175598097,Under 30,0.25,36751.00200399998,350.9999999999999,86199.99999999994,9187.750500999995,0
11.49273296168228,12,0.0,0,73,3,0,0,1,2,0,14.038654909278163,5,0,11.49273296168228,65+,8.0,0.0,98000.00000000003,1249999.999999999,0.0,0
5.968707559985366,8,11.53944687502236,1,47,2,0,1,2,1,0,13.296318365198625,5,1,5.968707559985366,40-49,2.0,102686.62324999995,390.0,595000.0000000007,205373.2464999999,0
7.00397413672268,12,10.699154876036824,1,74,1,1,0,1,3,0,11.331295668854674,5,1,7.00397413672268,65+,8.0,44317.38476999999,1099.9999999999998,83389.99999999994,354539.0781599999,0
9.210440366976515,14,13.556444503122725,1,64,3,0,0,1,2,0,13.976779556623864,3,0,14.986133692782303,60-64,6.0,771771.0420800005,3223999.999999994,1175000.0,4630626.252480003,0
10.9525769086256,12,12.048161133447072,1,39,3,0,2,1,1,0,12.657438031821096,5,0,13.245113611634045,30-39,0.75,170784.0681400001,565300.0,314090.0000000002,128088.05110500008,1
9.36657459400682,8,12.222007128890564,0,33,3,0,0,1,1,0,9.980494888896912,5,0,11.208992051932396,30-39,0.75,203211.4228499997,73789.99999999996,21599.999999999993,152408.56713749978,0
13.001282158716975,14,11.813881383532228,1,53,3,0,1,1,2,0,12.62346961830583,4,1,13.781934125845297,50-59,4.0,135113.97795999993,966980.0000000019,303600.00000000023,540455.9118399997,1
11.695255355062796,13,12.283882237332367,1,39,3,1,1,1,1,0,12.742568940017076,5,0,12.165255859329688,30-39,0.75,216182.3647299995,191999.99999999997,342000.0000000002,162136.77354749962,1
9.680406499268877,3,10.41957729248823,1,65,1,1,1,2,3,0,0.0,4,0,9.680406499268877,65+,8.0,33508.26653300001,16000.00000000003,0.0,268066.1322640001,0
10.819798284210286,12,12.890924613953976,1,85,3,0,0,1,3,0,0.0,5,0,15.608769069733093,65+,8.0,396694.6392799993,6009000.000000003,0.0,3173557.1142399944,1
6.478509642208569,8,11.507358877993518,1,59,3,0,3,2,1,0,9.33706112475534,2,1,10.201033318424798,50-59,4.0,99443.88777600005,26930.000000000004,11350.000000000013,397775.5511040002,0
11.863941427032282,13,12.811563081495608,1,44,3,0,2,1,1,0,12.757082940769225,2,0,14.209612010279262,40-49,2.0,366429.1082199998,1483050.0000000012,347000.00000000023,732858.2164399996,1
13.946539697563276,12,14.469929408102663,1,53,3,1,3,1,1,0,14.554109479211109,4,0,16.07435283248177,50-59,4.0,1924023.0461000009,9572000.000000013,2092999.9999999988,7696092.184400003,1
12.817090150546624,14,13.90326677090306,1,56,2,1,2,1,1,0,0.0,5,0,16.18719820976273,50-59,4.0,1091720.9419000023,10715459.999999994,0.0,4366883.767600009,1
7.65491704784832,4,11.046019206267973,0,43,1,0,1,1,1,0,9.637632201310456,4,0,11.265886170980464,40-49,2.0,62692.88577200012,78109.99999999996,15330.000000000031,125385.77154400024,0
8.188966863648876,12,10.674462827538376,0,35,2,0,4,2,4,0,9.961803629358965,5,0,8.188966863648876,30-39,0.75,43236.47294599996,3600.000000000002,21200.000000000015,32427.354709499967,0
6.769641976852503,2,10.31779779558084,0,36,1,0,2,1,1,0,8.294299608857235,1,1,6.769641976852503,30-39,0.75,30265.531061999973,870.0000000000001,4000.0000000000014,22699.14829649998,0
10.463131911491969,12,11.721766808769676,0,42,2,1,0,1,1,1,0.0,1,0,11.373674891823535,40-49,2.0,123223.9479000001,86999.99999999994,0.0,246447.8958000002,0
10.308985993422082,12,13.00658583990648,0,70,3,1,0,1,1,0,12.348877778786171,5,0,13.07107218827772,65+,8.0,445335.67134000023,474999.99999999977,230699.99999999942,3562685.370720002,0
15.348067642045114,14,15.363491581835282,1,63,3,1,0,1,1,0,12.899222326086994,1,0,16.934787061798847,60-64,6.0,4701966.432900001,22629999.999999963,399999.9999999999,28211798.59740001,0
13.542389950903406,14,16.87545589099581,1,59,3,1,0,1,3,0,14.151268968443643,2,0,17.96933400354216,50-59,4.0,21326390.280999973,63677000.000000015,1398999.9999999967,85305561.1239999,0
19.11436728403181,13,17.652653463369298,1,52,3,1,2,1,2,0,0.0,3,0,19.448126017251752,50-59,4.0,46392735.47100003,279391899.9999995,0.0,185570941.88400012,1
5.707110264748875,6,10.16365262239305,0,79,0,0,0,2,3,0,0.0,5,0,5.707110264748875,65+,8.0,25941.88376800001,299.9999999999999,0.0,207535.07014400008,0
9.3868953338758,13,10.612588900074114,1,68,3,0,0,2,3,0,8.291797105048733,3,0,13.894257965560296,65+,8.0,40642.28456899999,1081930.0000000005,3989.999999999997,325138.2765519999,1
5.993961427306569,9,11.128709656194046,1,62,1,0,2,1,3,0,12.493508437657445,4,0,5.993961427306569,60-64,6.0,68097.44488999996,400.00000000000006,266599.99999999994,408584.66933999973,0
10.021315031649332,9,10.99291025098136,0,48,3,0,3,1,3,0,9.32375833901174,2,0,10.021315031649332,40-49,2.0,59450.15030100008,22500.000000000015,11199.999999999998,118900.30060200016,0
7.650168700845001,12,10.121094683881877,1,46,2,0,2,2,1,0,12.62741438362914,5,0,7.650168700845001,40-49,2.0,24860.97194400006,2100.0000000000005,304799.9999999998,49721.94388800012,0
11.92039522907888,9,11.883406949070103,1,74,2,1,0,1,3,0,11.289794413577894,5,0,13.818806121624062,65+,8.0,144842.18437000012,1003300.0000000007,80000.0,1158737.474960001,0
12.688501881189456,12,13.804485321433337,1,67,3,1,0,1,2,0,14.66566191468422,3,0,15.533085308503924,65+,8.0,989034.3186399991,5571000.000000005,2339999.9999999995,7912274.549119993,0
11.251573687764475,12,12.453624289743354,0,26,3,1,0,2,1,0,0.0,5,1,12.700771936142122,Under 30,0.25,256176.1022000001,328000.0000000002,0.0,64044.02555000003,1
4.61512051684126,12,0.0,0,25,2,0,0,2,1,0,0.0,1,0,4.61512051684126,Under 30,0.25,0.0,100.00000000000003,0.0,0.0,1
11.74086549476798,14,12.440885314014931,1,66,3,1,0,2,2,0,12.899222326086994,2,0,15.121841645755635,65+,8.0,252933.36672999966,3692599.999999994,399999.9999999999,2023466.9338399973,1
5.739792912179234,8,9.052540104625432,1,42,3,0,2,2,1,0,11.107975224295076,4,1,5.739792912179234,40-49,2.0,8539.203406800001,309.99999999999994,66699.99999999999,17078.406813600002,0
5.7430031878094825,10,9.875983398597374,0,39,1,0,2,2,3,0,0.0,1,0,5.7430031878094825,30-39,0.75,19456.412826000007,311.00000000000006,0.0,14592.309619500005,0
7.1316985104669115,12,11.329377681719818,1,45,3,0,4,1,1,0,12.467671232325932,2,1,9.328212292571072,40-49,2.0,83230.21042100004,11250.000000000002,259800.0,166460.42084200008,0
11.849404844423074,11,11.276032359350232,1,95,3,1,0,2,2,1,12.614868865984633,5,0,12.380030154325455,65+,8.0,78906.56312599996,237999.99999999956,301000.00000000076,631252.5050079997,0
7.415175109613295,8,9.08980721551555,1,67,2,0,0,2,3,0,9.928228944424577,2,0,8.089789175789319,65+,8.0,8863.476953899999,3259.9999999999986,20500.00000000003,70907.81563119999,0
8.699681400989514,8,10.31779779558084,0,59,3,0,2,1,1,0,10.094149233605084,5,0,8.699681400989514,50-59,4.0,30265.531061999973,6000.000000000005,24199.99999999999,121062.12424799989,0
14.654488618887784,14,14.805598606077885,1,43,3,1,1,1,2,0,15.298478033307632,2,0,15.41530229528516,40-49,2.0,2691470.4409,4952000.000000005,4405999.999999999,5382940.8818,0
11.0597553536924,14,12.832001693946236,1,55,3,0,1,1,2,0,13.32416234521869,5,0,13.981500307192608,50-59,4.0,373995.49097999954,1180560.000000001,611800.0000000005,1495981.9639199981,0
7.438971592395862,11,10.623170750425082,0,32,2,0,3,1,1,0,9.314790473332646,4,0,9.409273194575334,30-39,0.75,41074.649299000004,12200.0,11099.99999999999,30805.98697425,0
6.90875477931522,7,11.234068703381135,1,57,0,0,1,1,4,0,5.771441123130016,3,0,6.90875477931522,50-59,4.0,75663.82765499984,999.9999999999999,320.0,302655.31061999936,0
8.108021221376747,12,11.663989490721184,1,76,3,1,0,1,3,0,0.0,3,0,14.831943775224724,65+,8.0,116306.11221999975,2763320.000000004,0.0,930448.897759998,1
17.359364268929685,13,18.629513980594403,1,76,3,1,0,2,2,0,0.0,2,0,20.0908185713683,65+,8.0,123223947.90000021,531289999.9999999,0.0,985791583.2000017,0
8.853808274977197,9,10.386788464403516,0,22,3,0,0,2,1,0,8.517393171418904,5,0,8.853808274977197,Under 30,0.25,32427.35470899998,6999.999999999998,5000.000000000003,8106.838677249995,0
9.581972891547895,14,13.877187082337176,1,52,3,1,1,1,1,0,13.919871474189012,3,0,14.870171307413834,50-59,4.0,1063617.2345000007,2871000.0000000014,1110000.0000000002,4254468.938000003,0
8.134760782418645,9,11.028627743384128,0,25,3,0,0,1,1,0,9.846970109700957,3,0,10.631301825004376,Under 30,0.25,61611.973947999984,41410.000000000044,18900.000000000004,15402.993486999996,1
6.90875477931522,8,11.462907572501242,1,71,2,1,0,1,2,0,0.0,5,0,13.816720825295222,65+,8.0,95120.24048100002,1001209.9999999999,0.0,760961.9238480001,1
7.534228326274089,8,10.769770904774589,0,42,3,0,1,2,1,0,4.709530201312334,3,0,11.607062229319112,40-49,2.0,47560.12024000005,109870.00000000007,109.99999999999997,95120.2404800001,1
9.90353755128617,14,12.84349604282837,1,56,3,0,1,1,1,0,11.015361515187424,2,0,13.928840136128022,50-59,4.0,378319.1382800003,1120000.0000000005,60800.00000000005,1513276.5531200012,0
10.060534035475412,11,12.073162291050108,1,50,3,0,1,1,1,0,11.95761769646754,4,0,14.036572744741306,50-59,4.0,175107.7154300003,1247400.0000000002,156000.00000000026,700430.8617200012,1
7.074116816197362,8,10.792243293398966,0,62,1,0,1,1,3,0,6.415096959171596,2,0,7.074116816197362,60-64,6.0,48641.03206399999,1180.0,610.0000000000002,291846.19238399994,0
13.554147092530322,12,14.550836006297958,1,59,3,1,1,1,2,0,14.8635314111474,1,0,15.075958492745226,50-59,4.0,2086159.8195999982,3527000.000000001,2852000.000000007,8344639.278399993,0
10.132652936168832,13,11.969173203349216,1,49,1,1,1,1,1,0,12.914110901635024,4,0,11.679718746396418,40-49,2.0,157813.12625000012,118150.00000000003,406000.0,315626.25250000024,0
7.696667081526462,9,10.99291025098136,1,46,1,1,3,2,1,0,12.666660207428574,4,0,10.740756721857226,40-49,2.0,59450.15030100008,46200.00000000003,316999.9999999999,118900.30060200016,0
6.523562306149512,11,11.380020821211884,1,35,2,0,3,1,1,0,11.927290847865113,4,1,10.684668503929622,30-39,0.75,87553.85771500022,43679.99999999999,151340.00000000003,65665.39328625017,0
12.765691290604371,13,13.400658718389716,0,56,3,1,0,2,2,0,14.33537580098178,5,0,14.93555845361667,50-59,4.0,660437.12425,3065000.000000001,1681799.9999999984,2641748.497,1
8.648396877031582,12,10.85678052964002,0,28,2,0,3,1,1,1,10.776891660007813,3,0,8.648396877031582,Under 30,0.25,51883.76753500001,5699.999999999998,47900.00000000009,12970.941883750003,0
12.100717685412471,13,12.150351505528926,1,38,3,0,2,1,1,1,14.690979711984754,4,0,13.148033073468746,30-39,0.75,189159.5691400001,513000.00000000006,2400000.000000001,141869.67685500009,1
12.42541297375135,13,13.040001763028696,1,54,3,1,1,1,1,0,12.230770136157428,5,0,15.113260822625392,50-59,4.0,460468.4368700005,3661049.9999999995,205000.0,1841873.747480002,1
12.861001210669146,14,12.802674158447411,1,49,1,1,0,2,2,0,12.83468397161566,5,0,14.03945458880924,40-49,2.0,363186.37274999975,1251000.0000000005,375000.0000000007,726372.7454999995,1
8.412054873292933,8,11.59073968241829,1,36,2,1,4,1,1,0,12.002124919798158,5,1,11.218567827096358,30-39,0.75,108091.18236000005,74500.00000000001,163100.0000000001,81068.38677000004,0
6.478509642208569,9,10.85678052964002,0,52,3,0,1,1,3,1,10.057538227363054,1,1,6.478509642208569,50-59,4.0,51883.76753500001,649.9999999999998,23330.00000000002,207535.07014000005,0
12.206077645517674,9,11.821849494415464,1,48,1,0,0,1,2,0,12.795250009628395,2,0,12.206077645517674,40-49,2.0,136194.88977999994,199999.99999999997,360499.9999999992,272389.7795599999,0
11.055656405795794,9,6.071579704756956,0,21,1,0,0,2,1,0,11.51293546492023,4,1,11.086762629082946,Under 30,0.25,432.3647294600001,65299.99999999995,100000.00000000004,108.09118236500002,1
14.010255457801716,9,13.295480205381654,1,67,2,1,0,2,2,0,10.819798284210286,5,0,15.426946672661826,65+,8.0,594501.5030099999,5009999.999999999,50000.000000000015,4756012.024079999,1
7.0909098220799835,11,10.41957729248823,0,22,1,0,0,2,1,0,8.895766604056085,1,0,7.0909098220799835,Under 30,0.25,33508.26653300001,1200.0,7299.999999999996,8377.066633250002,0
10.545367754151744,14,15.570412257880363,1,71,2,1,0,1,2,0,16.302747906229897,1,0,17.27522841987707,65+,8.0,5782878.256499989,31808000.00000004,12028000.00000002,46263026.05199991,0
8.434028950155469,12,11.159961747859198,0,37,1,0,1,2,1,0,11.116335852861406,3,0,8.434028950155469,30-39,0.75,70259.268537,4600.0,67259.99999999996,52694.45140275,0
9.415808631610384,9,10.769770904774589,1,48,3,1,0,2,1,0,10.968215530759236,5,0,12.929217852247064,40-49,2.0,47560.12024000005,412179.99999999936,58000.00000000003,95120.2404800001,1
6.792344427470809,8,10.87739942351305,0,66,1,0,1,1,3,0,9.38353709043758,3,0,6.792344427470809,65+,8.0,52964.67935899999,889.9999999999997,11890.000000000011,423717.4348719999,0
5.303304908059076,4,9.75820678716859,0,54,1,1,0,2,1,0,0.0,4,0,5.303304908059076,50-59,4.0,17294.589178000006,200.0,0.0,69178.35671200002,0
10.163194443157384,12,10.95586961402582,0,51,2,0,0,2,4,0,11.402340213006235,5,0,10.182292842675238,50-59,4.0,57288.326653000004,26429.999999999978,89530.00000000004,229153.30661200001,0
13.116347317149176,12,13.076872220227296,1,78,2,1,0,1,2,0,15.039080380214935,1,0,13.116347317149176,65+,8.0,477763.02605000016,496999.9999999997,3399299.9999999925,3822104.2084000013,0
15.262210928771417,13,12.662317215651642,1,67,3,1,0,1,3,0,0.0,2,0,15.94172487310578,65+,8.0,315626.2525100001,8383070.000000009,0.0,2525010.0200800006,1
10.288783966353764,12,11.898221933343832,1,64,3,0,0,1,1,0,0.0,5,0,13.434837081934134,60-64,6.0,147004.00802,683400.0000000001,0.0,882024.04812,0
8.4767877767812,9,0.0,1,38,2,0,0,2,4,0,0.0,5,0,8.4767877767812,30-39,0.75,0.0,4801.000000000004,0.0,0.0,1
14.453938054446372,12,13.869023779394446,1,49,3,1,0,1,3,0,13.574713343675166,4,0,16.772424089563735,40-49,2.0,1054969.9398999994,19238499.999999996,786000.0000000003,2109939.879799999,1
6.90875477931522,11,10.511947979456522,0,31,1,0,1,2,1,1,9.517898598432753,4,0,6.90875477931522,30-39,0.75,36751.00200399998,999.9999999999999,13599.999999999993,27563.251502999985,0
6.3473892096560105,8,11.367598443988374,0,25,2,1,0,2,2,0,5.993961427306569,2,0,6.3473892096560105,Under 30,0.25,86472.94589200003,570.0000000000001,400.00000000000006,21618.236473000008,0
7.83241092718792,4,10.674462827538376,0,47,1,0,2,1,1,1,7.741099090035366,5,1,9.050288983827956,40-49,2.0,43236.47294599996,8520.000000000002,2300.0000000000005,86472.94589199992,0
13.70255572276661,12,13.489849803556364,1,58,3,1,1,1,1,0,0.0,2,0,16.224362945368,50-59,4.0,722049.0982000001,11121190.000000007,0.0,2888196.3928000005,1
11.082157933374816,13,15.324822449061925,1,72,3,1,0,1,2,0,14.151983508870948,2,0,16.53779240703782,65+,8.0,4523615.981999996,15214999.999999996,1400000.0000000033,36188927.85599997,0
7.53955882930103,4,10.814221753204103,0,76,0,0,0,2,3,0,0.0,4,0,7.53955882930103,65+,8.0,49721.943887999936,1879.9999999999993,0.0,397775.5511039995,0
8.006700845440367,10,11.549918073413814,0,65,2,1,0,2,3,0,7.824445930877619,3,0,11.542493975902508,65+,8.0,103767.53506999994,103000.00000000001,2500.0000000000005,830140.2805599995,0
11.50892748368293,12,12.091511325881504,1,44,2,1,2,1,1,0,13.195615697878251,5,0,13.681523061340137,40-49,2.0,178350.45089999962,874600.0000000021,537999.9999999988,356700.90179999924,1
10.736418414365376,12,11.248253152234346,0,25,3,1,0,2,1,0,9.210440366976515,3,0,12.771957314336069,Under 30,0.25,76744.73947899997,352200.00000000076,9999.99999999999,19186.18486974999,1
10.12667110305036,9,11.99620170679576,1,58,3,1,2,1,1,0,12.970379348692443,2,0,14.41928047411971,50-59,4.0,162136.77355000027,1828999.9999999998,429499.9999999995,648547.0942000011,1
7.592366128519796,9,10.770452476304248,0,67,2,0,0,1,3,0,8.071218539969863,4,0,9.394576760974909,65+,8.0,47592.547595,12021.999999999995,3199.9999999999986,380740.38076,0
16.04283327427448,12,15.04071827058796,1,90,3,1,0,2,2,0,12.611541086966117,4,0,16.501655991821533,65+,8.0,3404872.2444999996,14675000.000000006,300000.0000000003,27238977.955999997,0
13.247234124673708,12,12.009446852348589,1,57,2,1,0,1,3,0,0.0,4,0,15.092408771205855,50-59,4.0,164298.59719000035,3585499.9999999935,0.0,657194.3887600014,1
6.688354713946762,9,11.190266672490848,0,50,3,0,6,1,1,0,10.098272780745283,1,1,6.688354713946762,50-59,4.0,72421.09218400005,802.0,24300.000000000004,289684.3687360002,0
11.0186455364637,12,11.496429917961311,1,81,2,0,0,2,3,0,11.60824473564232,5,0,12.996802422000108,65+,8.0,98362.9759519998,441000.00000000006,109999.99999999971,786903.8076159984,0
6.398594934535208,3,9.383539618396709,0,59,2,0,0,2,3,0,0.0,1,0,6.398594934535208,50-59,4.0,11890.03006000001,600.0,0.0,47560.12024000004,0
10.043292972227004,12,11.175229004346514,1,72,3,1,0,1,1,0,11.715874472198903,5,0,12.945628585536271,65+,8.0,71340.18036100005,418999.9999999998,122499.99999999974,570721.4428880004,0
0.6931471805599453,10,11.367598443988374,0,47,1,0,0,2,1,1,8.476579508530941,4,0,8.007034012193408,40-49,2.0,86472.94589200003,3001.0000000000023,4800.000000000003,172945.89178400006,0
5.707110264748875,12,10.31779779558084,1,67,3,0,0,2,3,0,10.021315031649332,4,0,5.707110264748875,65+,8.0,30265.531061999973,299.9999999999999,22500.000000000015,242124.24849599978,0
10.239995502805316,9,10.030126736355644,1,65,3,1,0,2,3,0,6.398594934535208,2,0,11.362114203075018,65+,8.0,22699.14829700001,86000.00000000001,600.0,181593.18637600009,0
15.385375903351772,13,15.289560445011698,1,57,3,1,4,1,2,0,14.272936037914342,4,0,17.373654735247342,50-59,4.0,4366883.767500003,35098000.00000006,1579999.9999999998,17467535.07000001,1
10.987172311286548,8,11.190266672490848,1,45,3,1,0,1,2,0,11.974777207691876,5,0,11.752028975863166,40-49,2.0,72421.09218400005,127009.99999999997,158700.00000000003,144842.1843680001,0
4.51085950651685,12,10.386788464403516,0,80,2,0,0,1,3,0,0.0,5,0,4.51085950651685,65+,8.0,32427.35470899998,89.99999999999997,0.0,259418.83767199985,0
15.867581031316623,12,14.805598606077885,1,67,3,0,1,1,1,0,0.0,4,0,16.929381403963955,65+,8.0,2691470.4409,22508000.000000037,0.0,21531763.5272,1
9.105090961257083,8,10.814221753204103,1,70,3,1,1,2,3,0,6.803505257608338,5,0,9.105090961257083,65+,8.0,49721.943887999936,8999.999999999984,899.9999999999998,397775.5511039995,0
11.082157933374816,13,12.712411006152932,1,39,3,1,3,1,4,0,13.733216401013184,1,0,13.98862401671546,30-39,0.75,331839.92986,1189000.0000000028,920999.9999999997,248879.94739499997,1
8.699681400989514,13,10.792243293398966,1,80,3,0,0,1,3,0,11.58989576532275,5,0,12.235636302128867,65+,8.0,48641.03206399999,205999.99999999988,108000.00000000001,389128.25651199993,0
11.951193299043943,13,14.6208645782352,1,79,3,1,0,1,2,0,0.0,4,0,15.476592083417188,65+,8.0,2237487.4748999984,5265001.000000004,0.0,17899899.799199987,0
6.2166061010848646,9,10.540934738927314,1,60,2,1,0,2,1,0,11.086762629082946,5,0,6.2166061010848646,60-64,6.0,37831.91382800001,499.9999999999999,65299.99999999995,226991.48296800005,0
16.133476851470277,13,14.998572661771988,1,87,3,1,0,2,2,0,14.953343880298434,3,0,18.94727144920289,65+,8.0,3264353.7073999974,169315000.00000015,3119999.9999999977,26114829.65919998,1
7.065613363597717,11,9.98133877479715,1,53,2,0,0,2,1,0,10.778977123006351,4,0,7.065613363597717,50-59,4.0,21618.236473000004,1169.9999999999998,48000.00000000004,86472.94589200002,0
4.61512051684126,12,10.16365262239305,0,27,3,0,0,2,4,0,9.148571345578551,5,1,7.378383712996715,Under 30,0.25,25941.88376800001,1600.0000000000011,9400.000000000002,6485.470942000003,0
8.77971129020447,12,10.792243293398966,1,79,2,1,0,2,3,0,0.0,4,0,11.456365695436428,65+,8.0,48641.03206399999,94500.00000000012,0.0,389128.25651199993,0
11.002116507732016,8,13.671422347121611,1,65,3,1,0,1,3,0,0.0,5,0,13.974223102361051,65+,8.0,865810.3707400006,1171999.9999999995,0.0,6926482.965920005,0
6.398594934535208,14,10.674462827538376,0,79,3,0,0,1,1,0,0.0,5,0,6.398594934535208,65+,8.0,43236.47294599996,600.0,0.0,345891.78356799966,0
7.719129840906732,7,10.31779779558084,0,38,1,0,0,2,1,0,9.60245002503719,4,1,8.055475141757274,30-39,0.75,30265.531061999973,3149.9999999999977,14800.00000000001,22699.14829649998,0
11.38510345703214,9,12.232589186385791,1,52,3,1,2,1,1,0,11.053283962966008,5,0,14.643189068544666,50-59,4.0,205373.24649000014,2287999.999999998,63150.00000000003,821492.9859600005,1
12.206077645517674,13,15.011730742361484,1,57,3,1,1,1,2,0,0.0,1,0,16.283610174181653,50-59,4.0,3307590.180400004,11800000.000000013,0.0,13230360.721600017,0
6.90875477931522,5,10.386788464403516,1,52,3,0,2,2,1,0,6.90875477931522,4,0,6.90875477931522,50-59,4.0,32427.35470899998,999.9999999999999,999.9999999999999,129709.41883599992,0
6.985641817639208,8,10.64914561257346,1,44,2,0,1,1,1,0,11.970356641103,4,0,8.83651926920248,40-49,2.0,42155.561122000014,6880.0,158000.00000000023,84311.12224400003,0
11.119897691565695,12,13.811021285824332,1,49,3,1,3,1,2,0,13.45883704259595,4,0,14.36102800106219,40-49,2.0,995519.7895799999,1725500.0000000012,700000.0000000006,1991039.5791599997,0
5.303304908059076,13,10.482095840823945,0,65,2,0,2,1,3,0,8.101980731853192,1,1,5.303304908059076,65+,8.0,35670.09018000006,200.0,3299.999999999998,285360.72144000046,0
5.707110264748875,12,11.629960039799675,1,69,3,1,0,1,1,0,12.022756594390604,4,0,11.49782197939291,65+,8.0,112414.82966000008,98499.99999999999,166499.99999999968,899318.6372800006,0
8.274357006756292,13,11.507358877993518,0,27,3,0,0,2,2,0,11.25507400247712,4,0,8.274357006756292,Under 30,0.25,99443.88777600005,3921.0000000000005,77269.99999999984,24860.97194400001,0
9.66147968357552,12,10.623170750425082,1,48,2,0,2,2,1,0,12.07254696717504,5,1,9.66147968357552,40-49,2.0,41074.649299000004,15699.999999999969,175000.00000000012,82149.29859800001,0
14.385360087790426,13,15.425872591966474,1,63,3,1,0,1,2,0,16.285219048603903,2,0,16.430714281853017,60-64,6.0,5004621.743499999,13669999.999999976,11819000.00000002,30027730.460999995,0
12.165255859329688,13,13.474766582387955,0,36,3,1,1,1,1,0,10.819798284210286,2,0,13.95091606833254,30-39,0.75,711239.9799600001,1144999.9999999998,50000.000000000015,533429.9849700001,1
12.936036208848488,13,12.989449596486995,1,74,3,1,0,1,3,0,0.0,3,0,15.537384078459157,65+,8.0,437769.2885799993,5595000.000000002,0.0,3502154.3086399944,1
10.21833478806055,12,11.813881383532228,1,39,2,1,3,1,1,0,12.921961756849388,2,0,12.003962581340351,30-39,0.75,135113.97795999993,163399.9999999997,409199.9999999997,101335.48346999995,1
5.087596335232384,11,11.570537163972045,1,42,2,0,0,2,1,0,13.248116346376763,5,1,10.649274620420252,40-49,2.0,105929.35871999999,42160.99999999998,566999.9999999995,211858.71743999998,0
11.07907631432006,8,11.234068703381135,1,73,2,1,0,2,3,0,0.0,4,0,11.883115664987256,65+,8.0,75663.82765499984,144800.00000000032,0.0,605310.6212399987,0
9.358846580275406,12,10.897601753215405,0,24,3,0,0,1,1,0,11.156264806643742,5,0,9.417435838868784,Under 30,0.25,54045.59118200007,12299.999999999982,70000.00000000001,13511.397795500017,0
9.210440366976515,12,10.996539958075727,1,79,3,0,0,1,3,0,5.993961427306569,5,0,11.338583982516496,65+,8.0,59666.332664999965,84000.00000000017,400.00000000000006,477330.6613199997,0
10.721966979398362,8,11.912820634128884,1,46,3,0,2,1,1,0,12.604852121186608,5,0,13.374430189240396,40-49,2.0,149165.83166000003,643340.0,297999.9999999998,298331.66332000005,1
7.518064181233078,12,10.030126736355644,0,71,2,0,0,2,3,0,8.594339400592892,5,0,7.878912912297133,65+,8.0,22699.14829700001,2640.000000000001,5400.000000000005,181593.18637600009,0
12.90669432231532,12,9.75820678716859,1,63,3,0,0,1,3,0,12.292254928916668,3,0,12.90669432231532,60-64,6.0,17294.589178000006,402999.9999999999,217999.99999999988,103767.53506800003,1
9.259225769705994,8,12.346856754184904,1,64,3,0,0,1,1,0,12.774792578965013,4,0,13.54370314700388,60-64,6.0,230234.21844000008,761999.9999999999,353200.0000000001,1381405.3106400005,0
8.366602832783736,12,10.35288797609956,0,49,2,0,3,2,1,0,8.952993499320474,4,1,10.138599199626192,40-49,2.0,31346.442886000004,25300.000000000015,7729.9999999999945,62692.88577200001,0
5.303304908059076,2,9.6246836542707,0,65,2,0,0,2,3,0,0.0,4,0,5.303304908059076,65+,8.0,15132.765531000001,200.0,0.0,121062.12424800001,0
10.351405324899678,5,10.243692364956797,1,46,2,0,1,1,1,0,11.388506711556236,2,0,10.351405324899678,40-49,2.0,28103.707415000037,31299.99999999998,88299.99999999996,56207.414830000074,0
7.550135342488429,9,11.30306069379871,1,75,3,1,0,1,3,0,10.085850775128716,4,0,12.210567528391437,65+,8.0,81068.38677399996,200900.00000000052,23999.999999999945,648547.0941919996,0
13.204866440535003,13,13.506182735141644,1,68,3,0,0,1,3,0,11.51293546492023,4,0,15.12842771831352,65+,8.0,733939.1282599996,3716999.999999996,100000.00000000004,5871513.0260799965,0
7.030857476116121,9,9.69367212060944,0,67,2,0,0,2,3,0,0.0,4,0,8.197263371414335,65+,8.0,16213.677355,3629.999999999998,0.0,129709.41884,0
13.92436585973694,14,13.67764513539699,1,52,3,1,1,1,1,0,0.0,1,0,14.077875591662238,50-59,4.0,871214.9298600006,1299999.9999999993,0.0,3484859.7194400025,0
12.899222326086994,12,11.392290774522229,1,81,1,0,0,1,2,1,0.0,2,0,13.017005083966255,65+,8.0,88634.76953900007,449999.99999999994,0.0,709078.1563120006,0
13.901689171636098,14,13.697301765606367,1,56,0,1,0,2,2,0,0.0,4,0,15.685773242763466,50-59,4.0,888509.5190399996,6489999.999999998,0.0,3554038.0761599983,1
5.081404364984463,8,11.342280932513091,1,58,3,0,0,2,1,0,10.725049935309642,5,0,5.351858133476067,50-59,4.0,84311.12224399998,210.00000000000003,45479.99999999998,337244.48897599994,0
9.546884034617923,11,10.936821754744528,0,40,3,0,0,2,1,0,0.0,3,0,10.150386692204734,40-49,2.0,56207.41482999999,25599.999999999985,0.0,112414.82965999997,0
13.654755953482312,14,14.37574224436672,1,69,3,1,0,1,2,0,0.0,2,0,15.88306940422654,65+,8.0,1751077.1542999987,7905499.9999999795,0.0,14008617.23439999,0
11.674031897363491,12,12.164536066067402,1,73,3,1,0,1,3,0,0.0,4,0,14.78836345929335,65+,8.0,191861.84869999991,2645479.999999999,0.0,1534894.7895999993,1
11.05723491317159,14,11.20508155522288,1,42,2,0,1,2,1,0,12.259618151783464,2,0,11.723194494148304,40-49,2.0,73502.00400800005,123399.99999999997,210999.99999999956,147004.0080160001,0
5.5254529391317835,8,9.550580764956187,0,58,1,0,0,2,4,0,0.0,2,0,5.5254529391317835,50-59,4.0,14051.853706999998,249.9999999999999,0.0,56207.41482799999,0
8.64135583403666,11,11.620298215285262,1,41,3,1,1,1,1,0,12.40410759774362,5,0,10.905240128159791,40-49,2.0,111333.91784000008,54459.999999999876,243800.0,222667.83568000016,0
8.497194544909547,12,11.20508155522288,1,28,1,0,1,1,1,0,12.876465396508989,5,0,10.073272520325904,Under 30,0.25,73502.00400800005,23700.00000000001,390999.99999999977,18375.50100200001,1
11.846543632608537,14,13.260324008583469,1,59,3,1,1,1,2,0,13.815511557963774,1,0,15.308324987201114,50-59,4.0,573964.1783600013,4449599.999999999,999999.9999999997,2295856.713440005,1
12.923914877701906,12,12.775523245143145,1,53,3,0,0,1,1,0,13.251637470576169,4,0,13.845070331079134,50-59,4.0,353458.16632999975,1030000.0,569000.0000000005,1413832.665319999,0
9.546884034617923,13,11.649008066953392,1,59,3,1,2,1,3,0,0.0,1,1,13.224921770781943,50-59,4.0,114576.65330999994,554000.0,0.0,458306.61323999974,1
0.0,9,10.386788464403516,0,29,2,0,1,2,1,0,0.0,5,0,0.0,Under 30,0.25,32427.35470899998,0.0,0.0,8106.838677249995,0
5.993961427306569,9,10.35288797609956,1,68,3,0,0,2,1,0,12.199556461239876,4,0,5.993961427306569,65+,8.0,31346.442886000004,400.00000000000006,198699.99999999994,250771.54308800003,0
8.412054873292933,12,10.540934738927314,0,23,3,1,0,2,1,0,10.373522431293592,4,0,9.539716058977092,Under 30,0.25,37831.91382800001,13899.99999999999,31999.999999999993,9457.978457000003,1
12.637858308703688,12,15.07810579187094,1,64,3,1,0,1,1,0,0.0,2,0,17.665615626854933,60-64,6.0,3534581.663299992,46998000.000000075,0.0,21207489.979799952,1
8.853808274977197,8,10.21244095101202,1,83,1,0,0,2,3,0,3.9318256327243257,2,0,11.863589378812122,65+,8.0,27238.97795600001,142000.0,50.0,217911.82364800008,0
7.123672785204607,8,9.550580764956187,1,64,2,0,1,1,3,0,10.563620718477312,5,0,7.123672785204607,60-64,6.0,14051.853706999998,1239.9999999999998,38699.99999999994,84311.12224199998,0
15.2682948942711,14,12.956058847601993,1,69,3,0,0,1,1,0,0.0,5,0,16.42359315695578,65+,8.0,423393.16132000106,13572999.99999999,0.0,3387145.2905600085,1
10.2328272702548,9,11.773059697378924,1,34,2,1,2,1,1,0,11.81303746480054,3,0,12.318512543125223,30-39,0.75,129709.41884000013,223799.9999999996,135000.0000000002,97282.0641300001,1
9.160834952072344,11,11.128709656194046,0,38,3,0,3,2,1,0,9.528866827722943,2,0,10.38951830848386,30-39,0.75,68097.44488999996,32516.0,13749.999999999982,51073.08366749997,0
8.665957964681349,12,11.392290774522229,0,45,3,0,0,1,1,0,12.07596965492776,5,0,11.371384941857643,40-49,2.0,88634.76953900007,86800.99999999984,175600.0000000004,177269.53907800015,0
5.25227342804663,9,11.248253152234346,0,43,1,0,0,1,1,0,10.86858749601736,2,0,10.49656574811856,40-49,2.0,76744.73947899997,36190.00000000003,52500.00000000006,153489.47895799993,0
7.0909098220799835,2,9.818828007928497,1,65,2,0,1,2,1,0,9.433563920090563,1,0,7.0909098220799835,65+,8.0,18375.50100200004,1200.0,12500.0,147004.00801600033,0
7.603897968521881,12,11.439918298765717,0,86,3,1,0,2,3,0,0.0,5,0,13.975080242712044,65+,8.0,92958.41683399999,1173004.9999999998,0.0,743667.3346719999,1
9.15915233520675,12,12.478625495596154,1,43,3,0,2,1,1,0,12.013706813470414,5,0,13.363851238284166,40-49,2.0,262661.5731500002,636570.0000000001,165000.00000000015,525323.1463000004,1
14.520586803460516,13,13.765483203841368,1,52,2,1,2,1,4,0,0.0,1,0,16.93363748397183,50-59,4.0,951202.4048099992,22604000.00000003,0.0,3804809.6192399967,1
5.14166355650266,10,10.243692364956797,1,39,3,0,1,1,1,0,10.897128138837616,4,1,9.353661191420406,30-39,0.75,28103.707415000037,11540.00000000001,54020.00000000002,21077.780561250027,0
6.68586094706836,9,9.26803702884847,0,42,2,0,3,2,1,0,0.0,3,0,11.015361515187424,40-49,2.0,10592.935872000005,60800.00000000005,0.0,21185.87174400001,1
5.5254529391317835,6,9.98133877479715,0,73,2,0,0,2,3,0,0.0,4,0,5.5254529391317835,65+,8.0,21618.236473000004,249.9999999999999,0.0,172945.89178400004,0
7.601402334583733,9,10.121094683881877,1,64,2,0,0,1,4,0,10.819798284210286,5,0,7.601402334583733,60-64,6.0,24860.97194400006,2000.0,50000.000000000015,149165.83166400035,0
4.394449154672439,8,10.386788464403516,0,39,2,0,1,2,1,0,5.5254529391317835,1,1,4.394449154672439,30-39,0.75,32427.35470899998,80.00000000000003,249.9999999999999,24320.516031749987,0
8.412054873292933,12,10.674462827538376,0,23,2,0,0,2,1,0,11.8745153109659,1,0,10.448743588106623,Under 30,0.25,43236.47294599996,34499.99999999991,143560.00000000035,10809.11823649999,1
10.167427498042906,9,11.853101811967846,1,30,2,0,1,1,1,0,12.928781055513184,5,0,10.167427498042906,30-39,0.75,140518.53706999996,26039.999999999978,412000.0000000001,105388.90280249997,0
8.006700845440367,12,10.35288797609956,0,62,2,0,1,1,3,0,0.0,4,0,8.006700845440367,60-64,6.0,31346.442886000004,2999.9999999999995,0.0,188078.65731600003,0
6.878326468291325,6,9.470543987306163,0,57,0,0,0,2,3,0,0.0,2,0,6.878326468291325,50-59,4.0,12970.941883999983,970.0000000000003,0.0,51883.767535999934,0
14.45841704784969,12,16.77699834554734,1,49,3,0,3,1,2,0,0.0,5,0,18.3849292166092,40-49,2.0,19326703.407000028,96488000.00000022,0.0,38653406.814000055,1
11.951186847493476,12,11.99620170679576,1,40,3,1,2,1,4,0,12.154784614286667,4,0,12.807655372286902,40-49,2.0,162136.77355000027,364999.99999999977,189999.9999999999,324273.54710000055,1
14.220976332738882,14,14.49215253344101,1,72,2,1,0,1,2,0,0.0,3,0,16.468752592994022,65+,8.0,1967259.5189999985,14200000.000000004,0.0,15738076.151999988,0
11.730461322518734,12,13.89331644915111,1,59,3,1,0,1,2,0,12.310887512348744,2,0,15.403418556200704,50-59,4.0,1080911.8236000005,4893500.000000002,222099.99999999985,4323647.294400002,1
0.6931471805599453,8,10.41957729248823,0,35,2,0,0,2,1,0,0.0,5,0,9.071308163280625,30-39,0.75,33508.26653300001,8700.999999999995,0.0,25131.199899750005,0
9.99884318585288,12,11.128709656194046,1,82,3,1,0,1,3,0,13.662360543970586,2,0,14.845130332288226,65+,8.0,68097.44488999996,2800000.000000002,857999.9999999999,544779.5591199996,1
5.564520407322694,1,10.41957729248823,0,50,2,0,2,2,1,0,0.0,5,0,5.564520407322694,50-59,4.0,33508.26653300001,260.00000000000006,0.0,134033.06613200004,0
14.305929984322288,12,13.227785310406071,1,73,3,1,1,1,3,0,0.0,4,0,16.981955641797686,65+,8.0,555588.67735,23723000.00000002,0.0,4444709.4188,1
9.39274525863144,2,11.159961747859198,0,42,2,0,4,1,2,1,9.05963375455148,2,1,9.39274525863144,40-49,2.0,70259.268537,11999.999999999978,8600.00000000001,140518.537074,0
9.105090961257083,8,11.392290774522229,0,47,1,0,0,2,1,0,9.367429587218956,3,1,10.778977123006351,40-49,2.0,88634.76953900007,48000.00000000004,11699.999999999975,177269.53907800015,0
8.648396877031582,12,10.723251890363157,0,43,2,0,4,1,1,0,8.987321812850125,5,1,9.367429587218956,40-49,2.0,45398.29659299996,11699.999999999975,8000.0000000000055,90796.59318599993,0
7.901377353792616,13,11.898221933343832,1,36,3,0,0,2,1,1,12.267642702634728,4,0,11.868506811148851,30-39,0.75,147004.00802,142699.9999999997,212699.99999999983,110253.006015,1
11.160541302448651,9,11.667700038278326,1,53,3,0,0,1,1,0,11.95697646939348,1,0,14.252151929744231,50-59,4.0,116738.47695000008,1547499.9999999967,155899.99999999985,466953.90780000034,1
12.959846800844964,10,12.4016647590165,1,72,3,1,0,1,2,0,0.0,4,0,13.581054510971494,65+,8.0,243205.16031999962,790999.9999999995,0.0,1945641.282559997,0
4.61512051684126,6,10.16365262239305,0,20,2,0,0,1,1,1,0.0,2,0,4.61512051684126,Under 30,0.25,25941.88376800001,100.00000000000003,0.0,6485.470942000003,0
10.211009016314168,10,11.367598443988374,1,37,3,1,3,1,2,0,9.510519035757246,5,0,10.410335274932896,30-39,0.75,86472.94589200003,33200.00000000003,13500.000000000004,64854.70941900002,0
8.764209507142004,8,10.814221753204103,1,64,2,0,0,1,3,0,10.102379394048045,5,0,11.719134432217524,60-64,6.0,49721.943887999936,122899.99999999996,24399.99999999998,298331.66332799965,0
11.010415172807951,13,13.179967524227235,1,54,3,0,2,1,1,0,15.11950994780138,2,0,15.361391014525529,50-59,4.0,529646.7935899992,4692100.0000000065,3683999.999999997,2118587.174359997,1
5.303304908059076,7,10.171951106615891,1,83,3,1,0,2,3,0,0.0,4,0,12.712682394973402,65+,8.0,26158.066131999978,331930.00000000023,0.0,209264.52905599982,1
7.844240718141811,9,10.386788464403516,1,87,1,1,1,2,3,0,9.210440366976515,5,0,7.844240718141811,65+,8.0,32427.35470899998,2549.999999999999,9999.99999999999,259418.83767199985,0
8.716207971151853,9,12.156049496587327,1,59,2,0,2,1,1,0,11.684784142914062,5,1,13.033927713872728,50-59,4.0,190240.48095999993,457680.00000000035,118749.9999999999,760961.9238399997,0
6.133398042996649,8,10.030126736355644,0,22,1,0,1,2,1,0,0.0,2,0,6.133398042996649,Under 30,0.25,22699.14829700001,460.00000000000006,0.0,5674.787074250003,0
7.601402334583733,13,7.941427451750959,0,71,3,0,0,2,3,0,0.0,4,0,10.524090921620362,65+,8.0,2810.3707414999994,37200.000000000015,0.0,22482.965931999996,1
8.46821300919452,8,11.549918073413814,0,47,1,0,2,1,1,0,9.908524844053396,2,0,8.586905803827538,40-49,2.0,103767.53506999994,5360.0,20099.999999999996,207535.07013999988,0
6.90875477931522,12,10.540934738927314,1,50,3,0,2,1,2,0,6.2166061010848646,5,0,10.839600519357369,50-59,4.0,37831.91382800001,50999.999999999985,499.9999999999999,151327.65531200005,0
10.22560728293294,12,11.112709551691127,1,72,2,1,0,1,3,0,0.0,4,0,13.937375030989845,65+,8.0,67016.53306600003,1129600.0000000002,0.0,536132.2645280003,1
5.707110264748875,8,10.91740401772286,0,30,1,0,1,1,2,0,9.735128070758227,2,1,5.707110264748875,30-39,0.75,55126.503006,299.9999999999999,16899.999999999985,41344.877254499996,0
16.82109419707849,14,17.295845381732246,1,79,2,1,0,1,2,0,0.0,3,0,19.68443452303049,65+,8.0,32470591.181999944,353868000.00000006,0.0,259764729.45599955,1
11.098939154318382,14,13.001719661225357,1,49,3,1,3,1,1,0,13.266465452978318,4,0,13.96660027209806,40-49,2.0,443173.8476999999,1163099.9999999977,577500.0000000001,886347.6953999999,1
11.656168298529856,11,11.686049021222916,1,48,3,1,1,1,1,0,11.748005492256809,2,0,13.23104018807215,40-49,2.0,118900.30059999996,557399.9999999999,126500.00000000028,237800.60119999992,1
12.76597696326544,14,13.248960269830526,1,75,3,1,0,1,3,0,12.524530013005734,3,0,15.236713704995756,65+,8.0,567478.7074100004,4142099.9999999963,275000.0000000002,4539829.659280003,0
9.179984251961285,13,12.56529356217316,0,39,3,1,2,1,1,0,10.404293143019792,2,0,9.179984251961285,30-39,0.75,286441.6332700001,9700.000000000013,32999.99999999999,214831.22495250008,0
10.308985993422082,13,10.41957729248823,0,80,1,0,0,2,3,0,8.071218539969863,5,0,10.600651654454008,65+,8.0,33508.26653300001,40160.00000000004,3199.9999999999986,268066.1322640001,0
16.912074602876515,14,16.536293794208248,1,64,3,1,0,1,3,0,0.0,5,0,18.294712801901092,60-64,6.0,15192215.680999994,88164309.99999985,0.0,91153294.08599997,0
2.3978952727983707,9,11.079920226254767,1,49,2,0,3,2,1,0,11.383966460172834,5,0,10.463417576808428,40-49,2.0,64854.70941899998,35010.00000000005,87900.00000000007,129709.41883799995,0
6.68586094706836,8,10.897601753215405,0,54,1,0,0,2,1,0,9.39607277189222,4,0,10.457401400981889,50-59,4.0,54045.59118200007,34799.99999999998,12040.000000000007,216182.36472800028,0
6.447305862541213,8,0.0,1,59,2,0,1,1,4,0,0.0,5,0,6.447305862541213,50-59,4.0,0.0,629.9999999999998,0.0,0.0,1
0.6931471805599453,8,10.674462827538376,0,23,1,0,0,2,1,0,9.61587214452889,3,1,8.007034012193408,Under 30,0.25,43236.47294599996,3001.0000000000023,14999.99999999999,10809.11823649999,0
11.52288569676448,12,11.989512759998888,1,30,3,0,0,1,1,0,12.54254845357358,3,0,12.010063844310778,30-39,0.75,161055.86172000002,164400.0000000001,280000.0,120791.89629,1
8.294299608857235,-1,9.182887610990472,1,75,3,0,1,2,3,0,4.61512051684126,4,0,8.294299608857235,65+,8.0,9728.206412799984,4000.0000000000014,100.00000000000003,77825.65130239987,0
11.426288563310504,14,11.128709656194046,1,66,2,0,0,2,1,0,0.0,4,0,13.44690906030109,65+,8.0,68097.44488999996,691699.9999999997,0.0,544779.5591199996,1
6.90875477931522,9,10.897601753215405,1,49,3,0,0,2,2,0,0.0,1,0,10.736418414365376,40-49,2.0,54045.59118200007,46000.000000000044,0.0,108091.18236400014,0
6.90875477931522,2,10.540934738927314,1,63,3,0,1,1,2,0,0.0,3,0,6.90875477931522,60-64,6.0,37831.91382800001,999.9999999999999,0.0,226991.48296800005,0
3.9318256327243257,4,9.288237848223762,0,48,2,0,0,2,2,0,0.0,1,0,3.9318256327243257,40-49,2.0,10809.118235999998,50.0,0.0,21618.236471999997,0
13.842153462620056,13,15.406242739888492,1,61,3,1,0,1,2,0,0.0,1,0,20.507985044219875,60-64,6.0,4907339.679399996,806315000.0000002,0.0,29444038.076399975,1
0.0,5,9.00058661065466,0,32,1,0,0,2,1,0,0.0,4,0,0.0,30-39,0.75,8106.838677400006,0.0,0.0,6080.129008050005,0
11.002116507732016,14,13.248960269830526,1,49,0,1,3,1,2,0,0.0,4,0,16.47310928568678,40-49,2.0,567478.7074100004,14262000.000000022,0.0,1134957.4148200008,1
7.741099090035366,8,10.451325058234776,0,64,1,1,0,1,1,0,6.2166061010848646,4,1,8.101980731853192,60-64,6.0,34589.17835700002,3299.999999999998,499.9999999999999,207535.0701420001,0
7.065613363597717,3,10.204473075038807,0,32,1,0,1,1,1,0,9.367429587218956,3,0,7.065613363597717,30-39,0.75,27022.79559099997,1169.9999999999998,11699.999999999975,20267.096693249976,0
13.017005083966255,12,14.4239443193151,1,67,3,1,0,2,2,1,0.0,5,0,16.32103657658766,65+,8.0,1837550.1001999967,12249999.999999987,0.0,14700400.801599974,0
11.264476926102368,12,11.570537163972045,1,48,3,1,3,1,2,0,11.185823192802378,2,0,13.727772735358728,40-49,2.0,105929.35871999999,916000.0000000002,72099.99999999997,211858.71743999998,1
0.6931471805599453,13,9.98133877479715,0,33,1,0,0,2,1,0,9.53249633228804,4,1,0.6931471805599453,30-39,0.75,21618.236473000004,1.0,13800.000000000011,16213.677354750003,0
1.791759469228055,6,9.98133877479715,0,50,1,0,0,2,3,1,0.0,3,0,1.791759469228055,50-59,4.0,21618.236473000004,5.0,0.0,86472.94589200002,0
5.602118820879701,4,10.674462827538376,0,41,3,0,3,1,2,0,9.463508636396089,2,1,5.916202062607435,40-49,2.0,43236.47294599996,369.99999999999994,12880.000000000011,86472.94589199992,0
7.00397413672268,13,11.32807815199392,1,74,2,1,0,1,3,0,0.0,2,0,12.979418675419067,65+,8.0,83122.119238,433400.0000000003,0.0,664976.953904,0
12.366919427768636,12,16.90147036329566,0,37,2,0,0,2,2,1,0.0,1,0,16.061832236486925,30-39,0.75,21888464.429000027,9452900.000000013,0.0,16416348.32175002,0
7.650168700845001,8,10.386788464403516,0,30,2,0,0,2,1,0,6.90875477931522,3,0,11.00378175931998,30-39,0.75,32427.35470899998,60099.99999999987,999.9999999999999,24320.516031749987,1
12.273735966890268,14,13.517604721126183,1,32,3,1,0,1,1,0,13.122365377402328,2,0,14.912121177962993,30-39,0.75,742370.2404799997,2994000.0000000056,499999.99999999977,556777.6803599998,1
4.110873864173311,13,10.728239322289022,0,31,3,0,0,2,1,0,11.992142767665069,5,0,8.912069097970134,30-39,0.75,45625.288076,7420.000000000004,161480.00000000032,34218.966057,0
11.820417517632333,14,11.756252709710797,1,64,3,1,0,1,1,0,10.757924157061597,4,0,14.700930038712512,60-64,6.0,127547.59519000025,2424000.000000002,46999.99999999999,765285.5711400015,1
8.648396877031582,10,11.046019206267973,1,69,3,1,2,2,3,0,7.601402334583733,2,0,12.849769569107352,65+,8.0,62692.88577200012,380699.999999999,2000.0,501543.08617600094,0
8.131824785007195,10,11.342280932513091,1,71,3,1,1,1,3,0,13.453106376097134,2,1,8.131824785007195,65+,8.0,84311.12224399998,3399.999999999999,696000.0000000001,674488.9779519999,0
9.312987208936326,8,11.439918298765717,1,42,2,0,5,1,1,0,12.457224282783562,4,1,10.344351978996151,40-49,2.0,92958.41683399999,31079.99999999993,257100.00000000006,185916.83366799998,0
0.0,8,10.121094683881877,0,39,2,0,4,1,1,0,0.0,4,0,0.0,30-39,0.75,24860.97194400006,0.0,0.0,18645.728958000043,0
5.739792912179234,8,7.774438037411996,0,21,0,0,0,2,1,1,8.016647877057803,1,0,5.739792912179234,Under 30,0.25,2378.006011999999,309.99999999999994,3030.0,594.5015029999997,0
7.937731775260109,8,11.59073968241829,1,34,1,0,4,1,1,0,11.78296023574194,2,1,10.5815464756746,30-39,0.75,108091.18236000005,39399.99999999997,131000.0000000002,81068.38677000004,0
7.02197642307216,10,10.030126736355644,0,80,2,0,0,2,3,0,8.699681400989514,4,0,9.31659049181884,65+,8.0,22699.14829700001,11119.999999999973,6000.000000000005,181593.18637600009,0
13.219491903015438,12,13.883266122676138,0,56,3,1,0,1,2,0,13.805461232211272,3,0,15.261723644755705,50-59,4.0,1070102.7054000006,4246999.999999997,989999.9999999992,4280410.821600002,0
7.462214939768189,7,10.31779779558084,1,48,3,0,0,1,3,0,6.175867270105761,4,1,7.462214939768189,40-49,2.0,30265.531061999973,1739.9999999999998,479.99999999999994,60531.062123999945,0
6.78105762593618,11,10.936821754744528,0,50,3,0,0,2,1,0,10.87806606028079,4,0,6.78105762593618,50-59,4.0,56207.41482999999,880.0000000000003,53000.00000000002,224829.65931999995,0
8.517393171418904,12,10.540934738927314,1,38,3,0,0,2,1,0,12.201065128819632,2,0,10.985309671896765,30-39,0.75,37831.91382800001,59000.00000000007,199000.0000000001,28373.935371000007,1
10.887455624298198,12,11.982778769792814,1,56,3,1,0,1,3,0,11.984808576881369,5,0,12.223426197857629,50-59,4.0,159974.9499,203500.00000000038,160300.00000000015,639899.7996,0
8.517393171418904,8,10.87739942351305,1,62,2,0,0,2,3,0,10.373522431293592,2,0,14.028200459781736,60-64,6.0,52964.67935899999,1237000.000000001,31999.999999999993,317788.0761539999,1
8.294299608857235,8,10.204473075038807,0,26,2,0,0,2,4,0,5.198497031265826,2,1,8.294299608857235,Under 30,0.25,27022.79559099997,4000.0000000000014,180.00000000000006,6755.698897749992,0
6.311734809152915,9,10.85678052964002,1,53,1,0,0,1,1,0,5.303304908059076,2,1,6.580639137284949,50-59,4.0,51883.76753500001,720.0000000000002,200.0,207535.07014000005,0
12.509877789891933,12,12.133060100630724,1,67,3,1,0,2,3,0,0.0,2,0,13.75257182315256,65+,8.0,185916.83366999976,939000.0000000016,0.0,1487334.669359998,0
11.662215780913316,12,0.0,1,70,2,1,0,2,2,0,12.429220196836384,2,0,16.287424922343227,65+,8.0,0.0,11845099.999999981,250000.00000000023,0.0,1
13.356646255406224,14,11.28963784015293,1,68,3,1,0,2,3,0,9.581972891547895,3,0,15.470304363250651,65+,8.0,79987.47494999996,5231999.999999997,14500.000000000004,639899.7995999997,1
6.792344427470809,9,11.112709551691127,1,40,2,0,2,2,1,0,11.701071692055445,5,1,11.57355949850708,40-49,2.0,67016.53306600003,106250.00000000017,120699.99999999997,134033.06613200007,0
8.882114044208821,13,11.53944687502236,0,40,3,0,3,1,1,0,11.184435286790633,3,1,12.161085739795777,40-49,2.0,102686.62324999995,191201.00000000012,72000.00000000009,205373.2464999999,0
8.556606193773073,9,11.010928456106528,1,59,3,0,1,2,3,0,9.798182590890704,1,0,8.556606193773073,50-59,4.0,60531.06212399997,5200.000000000001,17999.999999999993,242124.24849599987,0
8.867990898182093,8,10.936821754744528,0,49,1,0,0,1,1,0,10.453947265542192,4,0,8.867990898182093,40-49,2.0,56207.41482999999,7099.999999999995,34679.99999999998,112414.82965999997,0
6.55250788703459,8,9.69367212060944,0,72,2,0,0,2,3,0,0.0,5,0,12.862817736881576,65+,8.0,16213.677355,385699.9999999999,0.0,129709.41884,1
10.043292972227004,13,12.195051453346125,1,63,3,1,0,1,4,0,12.900471542366336,3,0,13.286183160425152,60-64,6.0,197806.86373000027,589000.0,400500.00000000047,1186841.1823800015,0
7.576097340623111,12,10.31779779558084,0,75,2,0,0,2,2,0,7.8636512654486515,5,0,7.576097340623111,65+,8.0,30265.531061999973,1949.9999999999993,2599.9999999999995,242124.24849599978,0
5.351858133476067,8,9.470543987306163,0,71,1,1,2,1,3,0,5.916202062607435,4,0,6.698268054115413,65+,8.0,12970.941883999983,810.0000000000002,369.99999999999994,103767.53507199987,0
13.203945207713025,13,14.837221782945573,1,60,3,1,1,1,2,0,0.0,5,0,16.12392870556916,60-64,6.0,2777943.3868000014,10058499.999999989,0.0,16667660.320800008,0
10.896757843893464,14,11.59073968241829,1,44,3,1,3,1,1,0,0.0,4,0,11.678448377988165,40-49,2.0,108091.18236000005,118000.00000000009,0.0,216182.3647200001,0
6.3818160174060985,8,10.204473075038807,0,30,2,0,1,2,1,0,9.574358290170174,1,1,6.3818160174060985,30-39,0.75,27022.79559099997,590.0000000000002,14390.00000000001,20267.096693249976,0
8.895766604056085,12,11.42468676927484,1,87,2,1,0,2,3,0,9.852246888342531,5,0,12.473810905719647,65+,8.0,91553.23146300003,261400.00000000012,18999.999999999985,732425.8517040003,0
10.495183233934965,8,11.30306069379871,1,61,1,0,1,1,3,0,11.2922912626048,2,0,12.101495156560253,60-64,6.0,81068.38677399996,180140.00000000015,80199.99999999999,486410.32064399973,0
14.498607907721096,14,15.0002269213561,1,81,2,1,0,1,2,0,0.0,5,0,14.763300344494624,65+,8.0,3269758.2665000036,2579999.9999999995,0.0,26158066.13200003,0
8.071218539969863,7,11.53944687502236,1,53,2,0,2,1,1,0,11.843602369619807,5,1,8.071218539969863,50-59,4.0,102686.62324999995,3199.9999999999986,139190.0000000001,410746.4929999998,0
9.093918908958932,12,11.063113369269184,0,46,3,0,1,2,1,1,10.362525022649812,4,0,12.390895238790057,40-49,2.0,63773.79759499985,240600.00000000038,31650.000000000022,127547.5951899997,1
15.543264874899414,13,17.67409026396798,1,67,3,1,0,1,2,1,0.0,5,0,17.937373022437402,65+,8.0,47397983.46700003,61674000.000000015,0.0,379183867.73600024,0
2.3978952727983707,3,9.875983398597374,0,30,1,0,2,1,4,0,10.239995502805316,1,1,2.3978952727983707,30-39,0.75,19456.412826000007,10.000000000000002,28000.00000000002,14592.309619500005,0
7.741099090035366,9,9.930047914868677,1,70,2,0,0,1,3,0,11.286789942169964,1,0,7.741099090035366,65+,8.0,20537.32464900002,2300.0000000000005,79760.00000000006,164298.59719200016,0
4.709530201312334,6,9.6246836542707,0,37,0,0,4,2,4,0,10.819798284210286,4,0,4.709530201312334,30-39,0.75,15132.765531000001,109.99999999999997,50000.000000000015,11349.574148250002,0
6.710523109452428,1,11.28963784015293,1,57,3,0,1,1,1,0,12.21066707495691,4,1,11.716853576559888,50-59,4.0,79987.47494999996,122619.99999999994,200920.0,319949.89979999984,0
11.41112527050716,12,12.655444358205663,1,48,3,1,3,1,2,0,12.745488641595722,5,0,13.60518574444028,40-49,2.0,313464.42886000016,810320.0,343000.00000000006,626928.8577200003,1
13.53314897324916,12,13.267828721203268,1,49,3,1,4,1,1,0,14.403853179405024,3,0,14.984270917286436,40-49,2.0,578287.8256499998,3217999.9999999953,1801000.0,1156575.6512999996,1
9.61587214452889,12,10.623170750425082,1,61,2,0,0,1,2,0,13.043322334563696,5,0,10.292179440058462,60-64,6.0,41074.649299000004,29500.000000000007,461999.999999999,246447.895794,0
15.13699996245581,14,15.045152866347186,1,80,3,1,0,1,1,0,0.0,2,0,17.799910055971605,65+,8.0,3420005.0100000016,53752999.9999999,0.0,27360040.080000013,1
6.803505257608338,9,10.076644749570695,0,22,1,0,2,1,4,0,9.15915233520675,4,1,6.803505257608338,Under 30,0.25,23780.060119999976,899.9999999999998,9500.000000000005,5945.015029999994,0
6.918695219020472,8,9.550580764956187,0,60,3,0,0,2,3,0,7.696667081526462,4,1,6.918695219020472,60-64,6.0,14051.853706999998,1010.0000000000001,2200.0,84311.12224199998,0
13.79224295456585,13,15.05019701176901,1,52,3,1,3,1,2,0,0.0,3,0,15.37428676598956,50-59,4.0,3437299.599200003,4752999.999999997,0.0,13749198.396800011,0
9.741027444837728,9,11.47420700963637,0,32,3,0,1,1,1,0,11.049317340813348,3,0,10.094149233605084,30-39,0.75,96201.15230500007,24199.99999999999,62899.99999999995,72150.86422875006,0
12.206577518060588,13,15.201648593740996,1,58,0,1,1,1,1,0,0.0,5,0,18.34274191573822,50-59,4.0,3999373.747500006,92502100.00000004,0.0,15997494.990000024,1
7.601402334583733,12,12.92573393238728,1,46,3,1,3,1,1,0,12.055255569732177,5,0,11.837910547573127,40-49,2.0,410746.4929900003,138399.99999999977,171999.99999999988,821492.9859800006,0
11.6172944892629,9,11.329377681719818,1,74,3,1,2,1,3,0,0.0,5,0,11.628047184686986,65+,8.0,83230.21042100004,112199.99999999991,0.0,665841.6833680003,0
4.61512051684126,7,9.470543987306163,0,47,1,0,0,2,1,0,0.0,1,0,4.61512051684126,40-49,2.0,12970.941883999983,100.00000000000003,0.0,25941.883767999967,0
10.375083663110118,3,11.046019206267973,0,63,2,1,0,2,1,0,0.0,1,0,10.704389879336146,60-64,6.0,62692.88577200012,44550.00000000002,0.0,376157.3146320007,0
9.933094897288786,11,11.712956250852091,1,43,3,1,1,1,1,0,12.141806087407309,4,0,13.433958734459054,40-49,2.0,122143.03607000002,682800.0000000002,187549.99999999994,244286.07214000003,1
9.37339415841248,12,11.560280761065794,1,35,3,1,1,1,1,0,11.57544006435923,2,0,11.968899893572036,30-39,0.75,104848.44688999999,157770.00000000023,106449.99999999996,78636.33516749999,1
6.90875477931522,8,9.75820678716859,1,29,2,0,0,1,4,0,11.51293546492023,2,0,6.90875477931522,Under 30,0.25,17294.589178000006,999.9999999999999,100000.00000000004,4323.647294500001,0
8.013343181386672,8,10.897601753215405,1,64,3,0,0,1,3,0,11.050429581934749,5,0,10.680998859207012,60-64,6.0,54045.59118200007,43520.00000000001,62970.000000000146,324273.54709200043,0
11.678448377988165,8,11.219680157476482,1,69,3,1,0,2,3,0,11.251573687764475,4,0,13.173058392858724,65+,8.0,74582.91583199994,526000.0000000001,76999.99999999983,596663.3266559995,0
10.348205424565991,8,10.723251890363157,1,71,3,1,0,1,2,0,10.434145214930489,4,0,13.339409980042882,65+,8.0,45398.29659299996,621200.0000000006,34000.00000000006,363186.3727439997,1
13.981025843899117,11,14.452931840649038,1,76,3,1,0,1,3,0,0.0,5,0,17.56444979204858,65+,8.0,1891595.6913999994,42476000.000000075,0.0,15132765.531199995,1
10.480129006333248,13,11.30306069379871,0,45,3,1,2,1,1,0,9.62251624577579,2,0,11.16479958768697,40-49,2.0,81068.38677399996,70600.0,15100.000000000013,162136.7735479999,0
16.12933238176693,14,15.59806378450372,1,82,3,1,0,1,2,0,0.0,4,0,16.9183917919549,65+,8.0,5945015.0301,22261999.999999966,0.0,47560120.2408,0
11.860062063178267,8,12.28886975581316,1,60,2,1,0,2,1,0,9.741027444837728,1,0,14.754541167814684,60-64,6.0,217263.27654999957,2557499.999999999,16999.99999999999,1303579.6592999974,1
7.696667081526462,12,10.540934738927314,1,57,3,0,0,2,2,0,13.144909297253816,5,0,7.696667081526462,50-59,4.0,37831.91382800001,2200.0,511400.00000000064,151327.65531200005,0
0.6931471805599453,8,9.257781501750618,0,26,2,1,0,2,4,0,0.0,5,0,1.0986122886681098,Under 30,0.25,10484.844688999998,2.0000000000000004,0.0,2621.2111722499994,0
8.922791623969637,9,10.99291025098136,1,37,1,1,1,2,1,0,11.472113887062386,5,0,11.402005077384883,30-39,0.75,59450.15030100008,89499.99999999987,95999.99999999996,44587.61272575006,1
10.16972890675306,12,11.53944687502236,0,69,2,1,0,1,3,0,10.203629181337648,5,0,10.207325906555994,65+,8.0,102686.62324999995,27099.999999999993,26999.999999999978,821492.9859999996,0
12.351691316780958,13,11.6251407963537,1,73,3,1,0,1,3,0,0.0,3,0,13.822834671047191,65+,8.0,111874.37375000006,1007350.0000000003,0.0,894994.9900000005,1
5.303304908059076,8,10.482095840823945,0,42,2,0,2,2,1,0,10.167811434160654,2,1,10.016860879703811,40-49,2.0,35670.09018000006,22400.0,26050.000000000004,71340.18036000011,0
0.0,9,10.540934738927314,0,32,2,0,0,1,1,0,9.957075711706056,5,0,7.937731775260109,30-39,0.75,37831.91382800001,2800.000000000001,21099.999999999975,28373.935371000007,0
11.927026509139932,9,11.890841876391685,1,68,3,1,0,1,3,0,0.0,2,0,14.015427241958484,65+,8.0,145923.09619000013,1221299.9999999998,0.0,1167384.769520001,1
12.25486757159303,7,11.73915841150484,1,70,3,0,0,2,2,0,0.0,5,0,12.25486757159303,65+,8.0,125385.7715399999,210000.0,0.0,1003086.1723199992,0
11.72400453218338,12,11.234068703381135,1,31,3,0,1,1,2,0,13.32219899701495,4,0,11.748005492256809,30-39,0.75,75663.82765499984,126500.00000000028,610600.0000000002,56747.87074124988,1
6.329720905522696,12,10.835727530509162,0,63,3,0,1,2,3,0,11.177466714598282,5,1,6.329720905522696,60-64,6.0,50802.85571100001,559.9999999999998,71500.00000000001,304817.13426600007,0
8.59062950948942,3,11.262239213240829,1,59,3,0,0,1,4,0,12.378474329340447,3,0,11.243489253126375,50-59,4.0,77825.65130300017,76379.99999999994,237629.9999999998,311302.60521200066,0
10.205479252168017,6,11.712956250852091,1,59,1,1,0,1,2,0,11.904974309480185,5,0,12.364148469034994,50-59,4.0,122143.03607000002,234250.0000000002,148000.0000000004,488572.14428000007,0
11.289794413577894,8,12.283882237332367,1,60,3,0,0,1,2,0,0.0,2,0,13.267330877756825,60-64,6.0,216182.3647299995,578000.0000000005,0.0,1297094.188379997,0
9.305741456739437,8,10.85678052964002,1,77,1,0,0,2,3,0,11.002116507732016,2,0,9.332646496360152,65+,8.0,51883.76753500001,11300.00000000001,59999.99999999991,415070.1402800001,0
13.19189130572284,13,11.046019206267973,1,69,3,1,0,1,3,0,10.275085591132717,5,0,15.391805458544814,65+,8.0,62692.88577200012,4837000.000000004,29000.000000000047,501543.08617600094,1
10.554535882074736,13,10.936821754744528,0,45,3,0,0,2,1,0,9.305741456739437,4,0,12.496317680785069,40-49,2.0,56207.41482999999,267350.00000000006,11000.000000000011,112414.82965999997,1
9.91348738711446,12,11.639529406064158,1,41,3,0,1,1,1,0,12.839207048308944,4,0,11.272139700982676,40-49,2.0,113495.74147999997,78599.99999999996,376700.0000000008,226991.48295999994,0
8.989818381366925,9,10.64914561257346,1,65,3,0,0,2,3,0,8.229777750081887,5,0,8.989818381366925,65+,8.0,42155.561122000014,8020.0000000000055,3749.9999999999977,337244.4889760001,0
9.798182590890704,12,12.189572015326258,1,55,3,1,1,1,1,0,12.34104487465108,1,0,14.113391197782724,50-59,4.0,196725.95189999993,1347000.000000001,228900.00000000006,786903.8075999997,1
13.937729075643883,14,12.829107343679846,1,72,3,1,0,1,3,0,0.0,4,1,16.551824289148154,65+,8.0,372914.57916,15429999.99999998,0.0,2983316.63328,1
12.314931534737134,9,13.25843899716391,1,66,3,1,0,2,3,0,0.0,5,1,16.42646238806752,65+,8.0,572883.2665299996,13611999.999999993,0.0,4583066.132239996,1
10.16203685698089,12,12.121364124132038,1,41,2,1,2,1,1,0,12.256770512686108,4,0,10.33854382482173,40-49,2.0,183755.01001999993,30899.999999999996,210400.0,367510.02003999986,0
10.819998260213833,6,9.818828007928497,1,62,2,1,0,2,3,0,0.0,5,0,10.819998260213833,60-64,6.0,18375.50100200004,50010.000000000044,0.0,110253.00601200025,0
14.471994272824691,12,13.108055083400629,1,49,2,1,2,1,2,0,8.006700845440367,2,0,16.60360352827848,40-49,2.0,492895.7915800013,16250000.0,2999.9999999999995,985791.5831600026,1
11.80932691294063,9,10.974561423798535,1,60,3,1,0,2,1,0,12.095146671399466,2,0,11.80932691294063,60-64,6.0,58369.23847699994,134500.00000000006,178999.99999999994,350215.43086199963,0
8.824824939175638,13,11.890841876391685,1,61,3,0,1,1,1,0,12.25486757159303,4,0,13.64922099915854,60-64,6.0,145923.09619000013,846799.9999999995,210000.0,875538.5771400008,0
14.006131744018864,13,14.44720116894457,1,72,3,1,0,1,3,0,0.0,1,0,15.321807933208326,65+,8.0,1880786.5731000009,4509999.999999999,0.0,15046292.584800007,0
13.960477193265987,13,16.57185458528696,1,76,3,0,0,1,2,0,15.693447876338569,5,0,16.39890422998422,65+,8.0,15742183.616999974,13241999.999999989,6540000.000000002,125937468.9359998,0
11.05407540279458,11,11.046019206267973,1,61,3,1,1,2,3,0,0.0,4,0,13.326448056767768,60-64,6.0,62692.88577200012,613200.0,0.0,376157.3146320007,1
8.007034012193408,10,11.528864869228295,0,46,2,0,1,1,1,0,9.9045370016717,1,0,11.782967869242318,40-49,2.0,101605.71141999982,131000.99999999991,20020.000000000022,203211.42283999964,0
12.067333429991589,12,16.41262367506648,1,44,3,1,2,1,1,0,13.664688831019712,2,0,17.54380520151206,40-49,2.0,13424924.849999988,41608089.99999998,859999.9999999997,26849849.699999977,1
10.318935994253192,12,10.674462827538376,1,34,3,0,3,1,4,0,12.388398368982116,5,0,10.902297921958713,30-39,0.75,43236.47294599996,54300.000000000044,240000.00000000047,32427.354709499967,1
11.242441323346558,12,11.704067376563522,1,71,3,1,0,2,3,1,12.19602736016897,5,0,15.090258923840585,65+,8.0,121062.12424999992,3577800.0000000075,198000.00000000006,968496.9939999994,1
7.0909098220799835,8,10.91740401772286,1,61,1,0,0,1,1,0,11.19822841866684,1,1,11.524863917209606,60-64,6.0,55126.503006,101199.99999999997,73000.00000000003,330759.01803599996,0
10.635879484421974,14,12.553908279925931,1,47,3,1,2,1,1,0,12.609539090975447,4,0,14.220709630688164,40-49,2.0,283198.8978000002,1499600.000000001,299400.00000000006,566397.7956000004,1
10.463131911491969,12,12.82037368723624,1,77,3,1,0,2,3,0,10.463131911491969,2,0,14.836521960839317,65+,8.0,369671.84368999966,2776000.0000000056,35000.00000000007,2957374.7495199973,0
12.449022745701502,12,13.101454412807064,1,79,2,1,0,1,2,0,0.0,5,0,15.832677813191392,65+,8.0,489653.05610999966,7517000.000000002,0.0,3917224.4488799972,1
16.04391086046953,13,14.06726960857491,1,67,3,1,0,1,3,0,0.0,2,0,16.835203517779313,65+,8.0,1286285.070099999,20484999.999999966,0.0,10290280.560799992,1
16.812651888331285,14,16.374883349939974,1,65,3,1,4,1,2,1,16.253500375300764,5,0,19.13049918851758,65+,8.0,12927705.410999995,203362199.99999982,11450000.000000002,103421643.28799996,1
13.586161542522282,14,13.922875224529346,1,49,3,1,3,1,2,0,7.601402334583733,3,0,15.411873565142823,40-49,2.0,1113339.1783999996,4935049.999999993,2000.0,2226678.3567999993,1
6.55250788703459,10,10.91740401772286,0,28,2,0,2,1,1,0,9.97025795616998,3,0,13.459836541501891,Under 30,0.25,55126.503006,700700.0000000002,21380.000000000007,13781.6257515,1
16.863693003964265,13,16.083851216718923,1,61,3,1,0,1,3,0,0.0,2,0,19.250524307641165,60-64,6.0,9663351.703399995,229295999.9999999,0.0,57980110.220399976,1
11.671901626269191,12,10.85678052964002,1,59,2,1,1,2,4,0,0.0,4,0,11.95138037590405,50-59,4.0,51883.76753500001,155029.99999999994,0.0,207535.07014000005,0
0.0,1,10.386788464403516,0,43,2,0,3,2,1,0,0.0,5,0,0.0,40-49,2.0,32427.35470899998,0.0,0.0,64854.70941799996,0
7.601402334583733,7,10.204473075038807,1,45,0,0,3,1,1,0,4.110873864173311,4,0,7.601402334583733,40-49,2.0,27022.79559099997,2000.0,60.00000000000001,54045.59118199994,0
13.326121846238388,12,12.392736165137526,1,64,3,0,0,1,3,0,9.798182590890704,5,0,15.414494214596354,60-64,6.0,241043.33667000016,4947999.999999999,17999.999999999993,1446260.020020001,1
8.630700432209832,8,11.686049021222916,0,46,3,1,0,1,1,0,10.716216150693835,2,0,10.069044362997351,40-49,2.0,118900.30059999996,23599.999999999975,45079.99999999996,237800.60119999992,0
3.4339872044851463,9,9.6246836542707,0,69,1,0,1,1,2,0,10.664316745782925,2,0,7.396948602621014,65+,8.0,15132.765531000001,1629.9999999999995,42800.00000000002,121062.12424800001,0
7.438971592395862,8,10.723251890363157,0,76,1,1,0,1,3,1,0.0,5,0,7.438971592395862,65+,8.0,45398.29659299996,1700.0,0.0,363186.3727439997,0
8.221747728346623,8,11.667700038278326,1,59,3,1,0,1,1,0,12.03344990281318,4,0,12.344620808094302,50-59,4.0,116738.47695000008,229719.99999999988,168290.00000000003,466953.90780000034,0
11.581527593460413,12,11.600689921732425,1,52,1,1,1,1,1,0,12.377505973448748,5,0,11.581527593460413,50-59,4.0,109172.09419000008,107100.00000000023,237399.99999999994,436688.3767600003,0
7.313886831633462,9,11.392290774522229,1,54,2,1,3,1,1,0,12.429220196836384,3,0,11.231901180182517,50-59,4.0,88634.76953900007,75500.0000000002,250000.00000000023,354539.0781560003,0
8.366602832783736,12,11.079920226254767,0,35,3,0,1,2,1,0,0.0,1,0,11.071330462204312,30-39,0.75,64854.70941899998,64300.000000000015,0.0,48641.03206424999,1
12.319405795112926,10,10.569104881654322,1,65,3,1,0,2,1,0,0.0,3,0,12.749852272189257,65+,8.0,38912.825651000036,344499.9999999999,0.0,311302.6052080003,1
9.05963375455148,8,11.686049021222916,0,45,3,0,0,1,1,0,11.958898918415883,2,0,12.702599527794307,40-49,2.0,118900.30059999996,328599.99999999977,156199.9999999997,237800.60119999992,1
9.23024103368252,8,10.897601753215405,0,39,1,0,1,2,1,0,9.367429587218956,5,0,9.23024103368252,30-39,0.75,54045.59118200007,10200.000000000005,11699.999999999975,40534.193386500054,0
9.741027444837728,12,11.890841876391685,1,40,3,1,1,1,1,0,11.628047184686986,5,0,12.329179263520874,40-49,2.0,145923.09619000013,226199.99999999985,112199.99999999991,291846.19238000026,0
10.609081944147828,14,12.946567969094232,1,45,3,1,0,1,2,0,13.42246945133505,5,0,14.711394888307264,40-49,2.0,419393.78758000024,2449500.000000001,674999.9999999998,838787.5751600005,1
9.28461261635077,10,12.216673809199175,1,34,3,0,2,1,2,0,13.108266481420335,1,0,11.42049214303914,30-39,0.75,202130.51101999995,91169.99999999996,492999.99999999965,151597.88326499995,0
4.709530201312334,8,10.386788464403516,1,77,2,0,0,1,3,0,0.0,3,0,4.709530201312334,65+,8.0,32427.35470899998,109.99999999999997,0.0,259418.83767199985,0
8.235095497258357,11,11.53944687502236,1,44,1,1,2,1,1,0,12.045557589289558,2,1,11.549941827249432,40-49,2.0,102686.62324999995,103770.00000000003,170340.0000000001,205373.2464999999,0
8.366835309827675,12,10.674462827538376,0,48,2,0,3,1,1,0,0.0,2,0,10.785228246650878,40-49,2.0,43236.47294599996,48301.00000000004,0.0,86472.94589199992,0
7.496097345175956,8,11.620298215285262,0,47,2,0,0,2,1,0,11.002116507732016,4,0,10.85516473308054,40-49,2.0,111333.91784000008,51800.00000000003,59999.99999999991,222667.83568000016,0
4.2626798770413155,9,10.030126736355644,0,34,3,0,1,1,1,0,0.0,5,0,4.2626798770413155,30-39,0.75,22699.14829700001,70.0,0.0,17024.36122275001,0
7.650168700845001,8,10.769770904774589,1,37,3,0,1,1,4,0,12.15425816271595,4,0,7.650168700845001,30-39,0.75,47560.12024000005,2100.0000000000005,189900.00000000015,35670.090180000036,0
7.00397413672268,2,10.281431375093115,1,51,2,0,2,1,1,0,9.62911649414402,4,0,7.00397413672268,50-59,4.0,29184.61923800001,1099.9999999999998,15200.000000000004,116738.47695200004,0
0.6931471805599453,8,9.98133877479715,1,57,2,0,0,1,3,0,11.118415133585586,4,0,0.6931471805599453,50-59,4.0,21618.236473000004,1.0,67399.99999999996,86472.94589200002,0
9.15915233520675,8,12.95682444491998,1,24,2,1,0,2,2,1,14.220976332738882,3,0,15.205423613703868,Under 30,0.25,423717.4348699998,4014499.9999999995,1499999.9999999986,105929.35871749996,1
9.210440366976515,8,10.030126736355644,1,80,1,1,0,2,3,0,0.0,4,0,11.93164237875414,65+,8.0,22699.14829700001,151999.99999999977,0.0,181593.18637600009,0
5.993961427306569,7,10.121094683881877,0,59,2,0,3,2,2,0,0.0,3,0,5.993961427306569,50-59,4.0,24860.97194400006,400.00000000000006,0.0,99443.88777600024,0
14.991701289729283,13,17.001036340909398,1,77,3,1,0,2,2,0,16.913348099602146,2,0,16.52222660280902,65+,8.0,24179997.49500002,14980000.000000011,22150000.000000034,193439979.96000016,0
10.789339695269716,12,11.868369176293063,1,25,3,1,0,1,1,0,12.709876675502672,4,0,11.706030338921243,Under 30,0.25,142680.36071999965,121300.00000000003,330999.9999999998,35670.09017999991,1
7.601402334583733,11,10.41957729248823,0,23,0,0,0,2,4,0,10.298935994257638,4,0,7.601402334583733,Under 30,0.25,33508.26653300001,2000.0,29700.0,8377.066633250002,0
8.294299608857235,10,9.818828007928497,0,77,0,0,0,2,3,0,0.0,4,0,11.635151947212842,65+,8.0,18375.50100200004,112999.99999999993,0.0,147004.00801600033,0
11.881041706925902,13,12.041811943026104,1,65,3,1,0,1,2,0,13.550895061374236,2,0,15.608186440490696,65+,8.0,169703.15631000017,6005499.999999995,767499.9999999997,1357625.2504800013,1
6.7464121285733745,8,11.219680157476482,1,61,1,0,0,1,3,0,12.138869243416009,5,0,10.796530128090472,60-64,6.0,74582.91583199994,48849.99999999997,187000.00000000012,447497.49499199964,0
14.647114917021598,9,14.163343367496264,1,62,3,0,0,1,2,0,12.793862088206213,3,0,15.11760803224421,60-64,6.0,1415994.4889999994,3677000.0,360000.0000000001,8495966.933999997,0
10.59665973278358,9,11.355019808159389,1,75,3,1,0,1,3,0,8.412054873292933,2,0,14.010255457801716,65+,8.0,85392.03406799996,1215000.0000000012,4499.999999999999,683136.2725439997,1
13.25339339419516,13,0.0,1,59,3,1,0,1,2,0,9.305741456739437,4,0,15.2902737959047,50-59,4.0,0.0,4370000.000000004,11000.000000000011,0.0,1
7.824445930877619,12,10.674462827538376,1,64,1,1,1,2,1,0,12.832013750189883,2,0,11.344518647594766,60-64,6.0,43236.47294599996,84499.99999999994,373999.9999999991,259418.83767599973,0
9.985113621416073,12,11.658397725704075,1,37,3,1,4,1,1,0,12.577639650232571,5,0,10.30229722897745,30-39,0.75,115657.56512999976,29799.999999999975,289999.99999999936,86743.17384749981,0
9.961803629358965,13,12.109529731255831,1,58,3,0,1,1,1,0,12.899222326086994,1,0,14.58709962710878,50-59,4.0,181593.18636999957,2163199.999999995,399999.9999999999,726372.7454799983,1
10.308985993422082,13,11.721766808769676,1,77,3,1,0,2,3,0,0.0,5,0,15.07680871219556,65+,8.0,123223.9479000001,3530000.000000003,0.0,985791.5832000008,1
9.472781556562168,12,11.079920226254767,1,45,3,1,1,2,3,0,11.878269721588795,3,0,9.741027444837728,40-49,2.0,64854.70941899998,16999.99999999999,144100.00000000012,129709.41883799995,0
6.90875477931522,8,10.482095840823945,1,69,3,0,0,1,3,0,7.601402334583733,5,0,6.90875477931522,65+,8.0,35670.09018000006,999.9999999999999,2000.0,285360.72144000046,0
11.60869917369206,12,11.485380194730258,0,53,2,0,0,1,4,0,11.8515453936489,3,1,13.38172467594114,50-59,4.0,97282.06412800006,648049.9999999988,140299.99999999994,389128.2565120002,1
11.002116507732016,13,14.912163178235945,1,82,2,1,0,1,2,0,11.849404844423074,2,0,17.42966649282193,65+,8.0,2994125.751500004,37120000.000000045,139999.9999999999,23953006.01200003,1
6.293419278846481,8,10.386788464403516,0,21,2,0,0,1,4,0,0.0,5,0,6.293419278846481,Under 30,0.25,32427.35470899998,539.9999999999998,0.0,8106.838677249995,0
11.630717389475995,9,13.177924626446464,1,64,3,1,0,1,1,0,11.245581823958364,2,0,15.846615089035092,60-64,6.0,528565.8817599989,7622499.999999996,76539.99999999996,3171395.290559993,1
11.561725152903833,8,13.140420303301076,1,63,3,1,0,1,2,0,14.346139397261563,4,0,14.77294361704669,60-64,6.0,509109.4689399992,2605000.0000000023,1699999.9999999958,3054656.813639995,0
11.06665398721974,8,12.507024863496335,1,65,3,1,0,1,1,0,11.798111925972618,5,0,13.032003126463398,65+,8.0,270227.95590999984,456799.9999999999,133000.00000000012,2161823.6472799988,0
7.523481312573497,8,10.897601753215405,0,26,1,1,0,1,1,0,0.0,4,0,8.832149906002899,Under 30,0.25,54045.59118200007,6849.999999999998,0.0,13511.397795500017,0
12.310437165348777,8,11.079920226254767,1,53,3,0,0,2,2,0,11.918397239722838,4,0,14.921429752721451,50-59,4.0,64854.70941899998,3021999.999999999,150000.00000000006,259418.8376759999,1
5.707110264748875,4,9.383539618396709,0,61,2,0,0,2,3,0,0.0,2,0,6.2166061010848646,60-64,6.0,11890.03006000001,499.9999999999999,0.0,71340.18036000006,0
9.83633227734872,11,11.686049021222916,1,67,3,1,1,2,3,0,12.319405795112926,4,0,10.1145990076265,65+,8.0,118900.30059999996,24700.000000000036,224000.0,951202.4047999997,0
8.006700845440367,9,10.204473075038807,0,26,2,0,0,2,1,0,4.61512051684126,4,0,8.517393171418904,Under 30,0.25,27022.79559099997,5000.000000000003,100.00000000000003,6755.698897749992,0
9.908524844053396,8,10.897601753215405,1,20,1,0,0,1,1,0,11.70272730786727,4,0,9.908524844053396,Under 30,0.25,54045.59118200007,20099.999999999996,120899.99999999997,13511.397795500017,1
8.699681400989514,12,10.792243293398966,0,48,2,1,0,2,1,0,10.988693712621323,4,0,9.580592724328602,40-49,2.0,48641.03206399999,14479.999999999987,59200.000000000044,97282.06412799998,0
10.626703114218108,12,12.1035595972642,1,56,3,1,0,1,1,0,12.3018418108936,2,0,12.457690916535093,50-59,4.0,180512.27455,257219.99999999997,220100.0000000001,722049.0982,0
11.60824473564232,8,11.59073968241829,1,69,3,0,0,2,1,0,0.0,4,0,14.729398806184347,65+,8.0,108091.18236000005,2493999.9999999986,0.0,864729.4588800004,1
9.61587214452889,11,11.258063895593375,1,67,3,1,0,2,3,0,9.952325334619427,2,0,12.180759965737863,65+,8.0,77501.37775600002,195000.00000000006,20999.99999999998,620011.0220480001,0
9.517898598432753,9,11.695098780943722,0,33,3,1,1,1,1,0,10.526775414924009,4,0,9.517898598432753,30-39,0.75,119981.21241999997,13599.999999999993,37299.999999999985,89985.90931499997,0
9.503084610020228,12,11.451478997511789,1,80,3,1,0,2,3,0,0.0,5,0,12.8437097588625,65+,8.0,94039.3286570002,378400.0000000004,0.0,752314.6292560016,0
5.303304908059076,10,10.121094683881877,1,68,3,1,0,2,3,0,11.8350162104899,5,0,10.315630315397533,65+,8.0,24860.97194400006,30199.99999999999,138000.0000000003,198887.77555200047,0
9.546884034617923,14,12.546245434332969,1,59,1,0,1,1,1,0,12.0639386420412,5,0,13.947416505268018,50-59,4.0,281037.07415000035,1141000.0000000002,173499.99999999953,1124148.2966000014,1
10.66897865021924,10,12.009446852348589,1,47,3,1,1,1,1,0,11.296024885689746,3,0,12.829068247847417,40-49,2.0,164298.59719000035,372900.000000001,80500.00000000001,328597.1943800007,1
13.49446609880608,12,14.4239443193151,1,67,3,1,0,1,3,0,13.415034483903348,5,0,15.171188740517254,65+,8.0,1837550.1001999967,3879389.999999999,669999.9999999998,14700400.801599974,0
16.31033461727146,14,15.185299459865798,1,64,3,1,0,1,3,0,0.0,2,0,18.64970776168517,60-64,6.0,3934519.038100001,125737600.0000002,0.0,23607114.228600007,1
7.313886831633462,11,10.623170750425082,0,43,2,0,1,2,1,0,7.00397413672268,5,0,7.824445930877619,40-49,2.0,41074.649299000004,2500.0000000000005,1099.9999999999998,82149.29859800001,0
8.31898612539206,9,10.540934738927314,1,75,1,0,0,1,3,0,9.364005219520331,4,0,8.31898612539206,65+,8.0,37831.91382800001,4100.000000000004,11659.999999999984,302655.3106240001,0
3.713572066704308,10,9.69367212060944,0,52,2,0,1,2,1,0,7.601402334583733,1,0,3.713572066704308,50-59,4.0,16213.677355,40.00000000000001,2000.0,64854.70942,0
9.27902652976463,8,10.85678052964002,0,23,2,0,0,1,1,0,0.0,4,0,9.27902652976463,Under 30,0.25,51883.76753500001,10710.000000000007,0.0,12970.941883750003,0
12.100717685412471,12,13.353749018292673,1,47,3,1,2,2,1,0,13.530492932718326,5,0,14.51860856442677,40-49,2.0,630171.5931900009,2020000.0000000014,751999.9999999997,1260343.1863800017,1
12.345838935721968,14,11.41638805747596,1,70,3,1,0,2,3,0,0.0,4,0,15.182877163975684,65+,8.0,90796.59318599998,3925000.0000000023,0.0,726372.7454879999,1
11.289794413577894,14,11.262239213240829,0,47,3,0,0,2,2,0,10.795506083434564,4,0,12.847929163278051,40-49,2.0,77825.65130300017,379999.99999999924,48800.00000000003,155651.30260600033,1
8.31898612539206,8,11.234068703381135,1,72,3,1,0,1,3,0,0.0,3,0,9.55400099583723,65+,8.0,75663.82765499984,14099.999999999996,0.0,605310.6212399987,0
13.570889252111332,14,14.053733033514025,1,59,3,1,2,1,2,0,13.541075028051122,3,0,16.920590433174485,50-59,4.0,1268990.4810000022,22310999.99999998,759999.9999999999,5075961.924000009,1
4.394449154672439,10,10.769770904774589,0,42,2,1,2,1,1,0,0.0,2,0,4.394449154672439,40-49,2.0,47560.12024000005,80.00000000000003,0.0,95120.2404800001,0
9.105090961257083,9,10.974561423798535,1,88,2,1,1,2,3,0,0.0,1,0,12.724869415131389,65+,8.0,58369.23847699994,336000.00000000006,0.0,466953.9078159995,0
8.732465848349879,12,11.41638805747596,1,64,3,0,1,2,1,0,12.456835254920373,1,0,9.409273194575334,60-64,6.0,90796.59318599998,12200.0,257000.00000000058,544779.5591159998,0
10.428245666832275,9,11.74774208708152,1,48,2,1,2,1,1,0,11.719947764402807,4,0,13.527829818844936,40-49,2.0,126466.68337000003,749999.9999999984,123000.00000000009,252933.36674000006,1
7.601402334583733,12,12.232589186385791,1,41,3,1,2,1,1,0,13.106236027992704,4,0,13.317931805683791,40-49,2.0,205373.24649000014,607999.9999999987,491999.99999999965,410746.4929800003,1
11.982935344196433,8,11.721766808769676,1,81,2,1,0,1,3,0,0.0,5,0,12.644330802262578,65+,8.0,123223.9479000001,310000.0000000002,0.0,985791.5832000008,0
5.993961427306569,6,9.383539618396709,0,69,2,0,0,2,3,0,8.987321812850125,5,0,5.993961427306569,65+,8.0,11890.03006000001,400.00000000000006,8000.0000000000055,95120.24048000008,0
7.762596048540069,9,10.482095840823945,1,56,3,1,0,2,1,0,11.010415172807951,2,0,11.594053737051604,50-59,4.0,35670.09018000006,108449.99999999991,60499.99999999998,142680.36072000023,0
11.824087219587645,11,12.949141966951167,1,58,3,1,1,1,1,0,12.013706813470414,4,0,15.165270853658631,50-59,4.0,420474.69939999963,3856499.999999991,165000.00000000015,1681898.7975999985,1
8.517393171418904,8,11.367598443988374,1,49,3,0,0,1,1,0,11.6262630788088,5,0,12.100717685412471,40-49,2.0,86472.94589200003,180000.00000000003,111999.99999999984,172945.89178400006,1
8.429672593886743,9,11.355019808159389,1,63,1,0,0,2,3,0,12.079721130074526,5,0,8.429672593886743,60-64,6.0,85392.03406799996,4580.000000000002,176260.00000000012,512352.20440799976,0
9.980031840175911,12,11.969173203349216,1,58,3,0,1,1,1,0,13.08673827229789,2,0,12.058679912587117,50-59,4.0,157813.12625000012,172590.0000000003,482499.99999999977,631252.5050000005,0
3.9318256327243257,8,10.386788464403516,0,67,1,0,1,2,3,0,0.0,4,0,3.9318256327243257,65+,8.0,32427.35470899998,50.0,0.0,259418.83767199985,0
6.985641817639208,8,8.84200277886267,1,25,1,0,0,1,2,0,0.0,4,0,6.985641817639208,Under 30,0.25,6917.835671299999,1079.9999999999998,0.0,1729.4589178249998,0
9.200391041122517,11,11.112709551691127,1,52,3,1,0,2,1,0,10.318935994253192,5,0,13.237299698343833,50-59,4.0,67016.53306600003,560900.0000000006,30299.999999999938,268066.13226400013,1
15.163583966004191,12,17.805538527987835,1,72,2,1,0,1,2,0,0.0,2,0,17.522377291646936,65+,8.0,54056400.30100004,40726000.00000003,0.0,432451202.4080003,0
14.907098567378478,13,13.822894052359102,1,63,0,1,0,1,2,0,5.916202062607435,2,0,16.351110401281986,60-64,6.0,1007409.8196000002,12624000.000000013,369.99999999999994,6044458.917600001,1
9.472781556562168,12,9.98133877479715,1,55,3,1,0,2,4,0,7.601402334583733,5,0,13.975075980150168,50-59,4.0,21618.236473000004,1172999.9999999993,2000.0,86472.94589200002,1
9.90353755128617,12,12.48273226193178,1,69,3,1,0,1,3,0,12.940843898859598,5,0,14.888463441849012,65+,8.0,263742.4849699999,2924000.0000000014,416999.9999999998,2109939.879759999,1
8.987321812850125,14,14.452931840649038,1,55,3,1,2,1,2,0,13.275944180597024,2,0,15.477730845554648,50-59,4.0,1891595.6913999994,5271000.000000004,582999.9999999999,7566382.765599998,0
8.294299608857235,11,11.962300367785083,1,50,2,0,0,1,1,0,11.919396733395958,5,1,13.79224295456585,50-59,4.0,156732.2144299997,977000.0000000008,150149.9999999999,626928.8577199988,1
5.198497031265826,13,12.138857187204596,0,31,1,0,0,2,1,0,12.963651310249436,5,0,9.37424334324612,30-39,0.75,186997.74549000023,11780.000000000002,426619.99999999924,140248.30911750018,0
6.660575149839686,9,10.936821754744528,1,56,3,0,0,2,1,0,11.08446293162936,3,1,11.645540187581142,50-59,4.0,56207.41482999999,114180.00000000003,65149.999999999985,224829.65931999995,0
0.0,8,10.569104881654322,0,40,2,0,2,2,3,0,0.0,1,0,0.0,40-49,2.0,38912.825651000036,0.0,0.0,77825.65130200007,0
